 +-----------------------------------------------------------------+
 +                         Program ANPHON                          +
 +                             Ver.  1.5.0                         +
 +-----------------------------------------------------------------+

 Job started at Wed Apr 17 11:34:15 2024

 The number of MPI processes: 1
 The number of OpenMP threads: 80


 Input variables:
 -----------------------------------------------------------------
 General:
  PREFIX = lj444
  MODE = PHONONS
  FCSXML = /home/emeitz/ALM_Test/lj444.xml

  NKD = 1; KD =   Ar
  MASS =      39.95
  NSYM = 0; TOLERANCE = 0.001; PRINTSYM = 0

  NONANALYTIC = 0

  TMIN = 0; TMAX = 1000; DT = 10
  EMIN = 0; EMAX = 1000; DELTA_E = 0.5

  ISMEAR = -1; EPSILON = 10

  CLASSICAL = 0
  BCONNECT = 0


 Kpoint:
  KPMODE (1st entry for &kpoint) = 2


 Analysis:
  PRINTVEL = 0
  PRINTVEC = 0
  PRINTXSF = 0

  PDOS = 0; TDOS = 0
  PRINTMSD = 0
  SPS = 0

  GRUNEISEN = 0
  NEWFCS = 0


 -----------------------------------------------------------------

                      MODE = phonons                         
                                                             
      Phonon calculation within harmonic approximation       
      Harmonic force constants will be used.                 

 -----------------------------------------------------------------

 Crystal structure
 =================

 Lattice Vectors:

 * Supercell (from /home/emeitz/ALM_Test/lj444.xml )

    3.966006e+01   0.000000e+00   0.000000e+00 : a1
    0.000000e+00   3.966006e+01   0.000000e+00 : a2
    0.000000e+00   0.000000e+00   3.966006e+01 : a3

    1.584260e-01   0.000000e+00   0.000000e+00 : b1
    0.000000e+00   1.584260e-01   0.000000e+00 : b2
    0.000000e+00   0.000000e+00   1.584260e-01 : b3

 * Primitive cell 

    0.000000e+00   4.957507e+00   4.957507e+00 : a1
    4.957507e+00   0.000000e+00   4.957507e+00 : a2
    4.957507e+00   4.957507e+00   0.000000e+00 : a3

   -6.337041e-01   6.337041e-01   6.337041e-01 : b1
    6.337041e-01  -6.337041e-01   6.337041e-01 : b2
    6.337041e-01   6.337041e-01  -6.337041e-01 : b3


  Volume of the primitive cell : 2.436801e+02 (a.u.)^3

  Number of atoms in the supercell     : 256
  Number of atoms in the primitive cell: 1

  Atomic positions in the primitive cell (fractional):
   1:   0.000000e+00   0.000000e+00   0.000000e+00  Ar

  Mass of atomic species (u):
  Ar:   39.950000


 Symmetry
 ========

  NSYM = 0 is given: Trying to find symmetry operations.

  Number of symmetry operations : 48
 k points
 ========

  KPMODE = 2: Uniform grid
  Gamma-centered uniform grid with the following mesh density: 
  nk1:  30
  nk2:  30
  nk3:  30

  Number of k points : 27000
  Number of irreducible k points : 752

  List of irreducible k points (reciprocal coordinate, weight) : 
      1:   0.00000e+00   0.00000e+00   0.00000e+00   0.000037
      2:   0.00000e+00   0.00000e+00   3.33333e-02   0.000296
      3:   0.00000e+00   0.00000e+00   6.66667e-02   0.000296
      4:   0.00000e+00   0.00000e+00   1.00000e-01   0.000296
      5:   0.00000e+00   0.00000e+00   1.33333e-01   0.000296
      6:   0.00000e+00   0.00000e+00   1.66667e-01   0.000296
      7:   0.00000e+00   0.00000e+00   2.00000e-01   0.000296
      8:   0.00000e+00   0.00000e+00   2.33333e-01   0.000296
      9:   0.00000e+00   0.00000e+00   2.66667e-01   0.000296
     10:   0.00000e+00   0.00000e+00   3.00000e-01   0.000296
     11:   0.00000e+00   0.00000e+00   3.33333e-01   0.000296
     12:   0.00000e+00   0.00000e+00   3.66667e-01   0.000296
     13:   0.00000e+00   0.00000e+00   4.00000e-01   0.000296
     14:   0.00000e+00   0.00000e+00   4.33333e-01   0.000296
     15:   0.00000e+00   0.00000e+00   4.66667e-01   0.000296
     16:   0.00000e+00   0.00000e+00  -5.00000e-01   0.000148
     17:   0.00000e+00   3.33333e-02   3.33333e-02   0.000222
     18:   0.00000e+00   3.33333e-02   6.66667e-02   0.000889
     19:   0.00000e+00   3.33333e-02   1.00000e-01   0.000889
     20:   0.00000e+00   3.33333e-02   1.33333e-01   0.000889
     21:   0.00000e+00   3.33333e-02   1.66667e-01   0.000889
     22:   0.00000e+00   3.33333e-02   2.00000e-01   0.000889
     23:   0.00000e+00   3.33333e-02   2.33333e-01   0.000889
     24:   0.00000e+00   3.33333e-02   2.66667e-01   0.000889
     25:   0.00000e+00   3.33333e-02   3.00000e-01   0.000889
     26:   0.00000e+00   3.33333e-02   3.33333e-01   0.000889
     27:   0.00000e+00   3.33333e-02   3.66667e-01   0.000889
     28:   0.00000e+00   3.33333e-02   4.00000e-01   0.000889
     29:   0.00000e+00   3.33333e-02   4.33333e-01   0.000889
     30:   0.00000e+00   3.33333e-02   4.66667e-01   0.000889
     31:   0.00000e+00   3.33333e-02  -5.00000e-01   0.000889
     32:   0.00000e+00   3.33333e-02  -4.66667e-01   0.000889
     33:   0.00000e+00   3.33333e-02  -4.33333e-01   0.000889
     34:   0.00000e+00   3.33333e-02  -4.00000e-01   0.000889
     35:   0.00000e+00   3.33333e-02  -3.66667e-01   0.000889
     36:   0.00000e+00   3.33333e-02  -3.33333e-01   0.000889
     37:   0.00000e+00   3.33333e-02  -3.00000e-01   0.000889
     38:   0.00000e+00   3.33333e-02  -2.66667e-01   0.000889
     39:   0.00000e+00   3.33333e-02  -2.33333e-01   0.000889
     40:   0.00000e+00   3.33333e-02  -2.00000e-01   0.000889
     41:   0.00000e+00   3.33333e-02  -1.66667e-01   0.000889
     42:   0.00000e+00   3.33333e-02  -1.33333e-01   0.000889
     43:   0.00000e+00   3.33333e-02  -1.00000e-01   0.000889
     44:   0.00000e+00   3.33333e-02  -6.66667e-02   0.000889
     45:   0.00000e+00   3.33333e-02  -3.33333e-02   0.000444
     46:   0.00000e+00   6.66667e-02   6.66667e-02   0.000222
     47:   0.00000e+00   6.66667e-02   1.00000e-01   0.000889
     48:   0.00000e+00   6.66667e-02   1.33333e-01   0.000889
     49:   0.00000e+00   6.66667e-02   1.66667e-01   0.000889
     50:   0.00000e+00   6.66667e-02   2.00000e-01   0.000889
     51:   0.00000e+00   6.66667e-02   2.33333e-01   0.000889
     52:   0.00000e+00   6.66667e-02   2.66667e-01   0.000889
     53:   0.00000e+00   6.66667e-02   3.00000e-01   0.000889
     54:   0.00000e+00   6.66667e-02   3.33333e-01   0.000889
     55:   0.00000e+00   6.66667e-02   3.66667e-01   0.000889
     56:   0.00000e+00   6.66667e-02   4.00000e-01   0.000889
     57:   0.00000e+00   6.66667e-02   4.33333e-01   0.000889
     58:   0.00000e+00   6.66667e-02   4.66667e-01   0.000889
     59:   0.00000e+00   6.66667e-02  -5.00000e-01   0.000889
     60:   0.00000e+00   6.66667e-02  -4.66667e-01   0.000889
     61:   0.00000e+00   6.66667e-02  -4.33333e-01   0.000889
     62:   0.00000e+00   6.66667e-02  -4.00000e-01   0.000889
     63:   0.00000e+00   6.66667e-02  -3.66667e-01   0.000889
     64:   0.00000e+00   6.66667e-02  -3.33333e-01   0.000889
     65:   0.00000e+00   6.66667e-02  -3.00000e-01   0.000889
     66:   0.00000e+00   6.66667e-02  -2.66667e-01   0.000889
     67:   0.00000e+00   6.66667e-02  -2.33333e-01   0.000889
     68:   0.00000e+00   6.66667e-02  -2.00000e-01   0.000889
     69:   0.00000e+00   6.66667e-02  -1.66667e-01   0.000889
     70:   0.00000e+00   6.66667e-02  -1.33333e-01   0.000889
     71:   0.00000e+00   6.66667e-02  -1.00000e-01   0.000889
     72:   0.00000e+00   6.66667e-02  -6.66667e-02   0.000444
     73:   0.00000e+00   1.00000e-01   1.00000e-01   0.000222
     74:   0.00000e+00   1.00000e-01   1.33333e-01   0.000889
     75:   0.00000e+00   1.00000e-01   1.66667e-01   0.000889
     76:   0.00000e+00   1.00000e-01   2.00000e-01   0.000889
     77:   0.00000e+00   1.00000e-01   2.33333e-01   0.000889
     78:   0.00000e+00   1.00000e-01   2.66667e-01   0.000889
     79:   0.00000e+00   1.00000e-01   3.00000e-01   0.000889
     80:   0.00000e+00   1.00000e-01   3.33333e-01   0.000889
     81:   0.00000e+00   1.00000e-01   3.66667e-01   0.000889
     82:   0.00000e+00   1.00000e-01   4.00000e-01   0.000889
     83:   0.00000e+00   1.00000e-01   4.33333e-01   0.000889
     84:   0.00000e+00   1.00000e-01   4.66667e-01   0.000889
     85:   0.00000e+00   1.00000e-01  -5.00000e-01   0.000889
     86:   0.00000e+00   1.00000e-01  -4.66667e-01   0.000889
     87:   0.00000e+00   1.00000e-01  -4.33333e-01   0.000889
     88:   0.00000e+00   1.00000e-01  -4.00000e-01   0.000889
     89:   0.00000e+00   1.00000e-01  -3.66667e-01   0.000889
     90:   0.00000e+00   1.00000e-01  -3.33333e-01   0.000889
     91:   0.00000e+00   1.00000e-01  -3.00000e-01   0.000889
     92:   0.00000e+00   1.00000e-01  -2.66667e-01   0.000889
     93:   0.00000e+00   1.00000e-01  -2.33333e-01   0.000889
     94:   0.00000e+00   1.00000e-01  -2.00000e-01   0.000889
     95:   0.00000e+00   1.00000e-01  -1.66667e-01   0.000889
     96:   0.00000e+00   1.00000e-01  -1.33333e-01   0.000889
     97:   0.00000e+00   1.00000e-01  -1.00000e-01   0.000444
     98:   0.00000e+00   1.33333e-01   1.33333e-01   0.000222
     99:   0.00000e+00   1.33333e-01   1.66667e-01   0.000889
    100:   0.00000e+00   1.33333e-01   2.00000e-01   0.000889
    101:   0.00000e+00   1.33333e-01   2.33333e-01   0.000889
    102:   0.00000e+00   1.33333e-01   2.66667e-01   0.000889
    103:   0.00000e+00   1.33333e-01   3.00000e-01   0.000889
    104:   0.00000e+00   1.33333e-01   3.33333e-01   0.000889
    105:   0.00000e+00   1.33333e-01   3.66667e-01   0.000889
    106:   0.00000e+00   1.33333e-01   4.00000e-01   0.000889
    107:   0.00000e+00   1.33333e-01   4.33333e-01   0.000889
    108:   0.00000e+00   1.33333e-01   4.66667e-01   0.000889
    109:   0.00000e+00   1.33333e-01  -5.00000e-01   0.000889
    110:   0.00000e+00   1.33333e-01  -4.66667e-01   0.000889
    111:   0.00000e+00   1.33333e-01  -4.33333e-01   0.000889
    112:   0.00000e+00   1.33333e-01  -4.00000e-01   0.000889
    113:   0.00000e+00   1.33333e-01  -3.66667e-01   0.000889
    114:   0.00000e+00   1.33333e-01  -3.33333e-01   0.000889
    115:   0.00000e+00   1.33333e-01  -3.00000e-01   0.000889
    116:   0.00000e+00   1.33333e-01  -2.66667e-01   0.000889
    117:   0.00000e+00   1.33333e-01  -2.33333e-01   0.000889
    118:   0.00000e+00   1.33333e-01  -2.00000e-01   0.000889
    119:   0.00000e+00   1.33333e-01  -1.66667e-01   0.000889
    120:   0.00000e+00   1.33333e-01  -1.33333e-01   0.000444
    121:   0.00000e+00   1.66667e-01   1.66667e-01   0.000222
    122:   0.00000e+00   1.66667e-01   2.00000e-01   0.000889
    123:   0.00000e+00   1.66667e-01   2.33333e-01   0.000889
    124:   0.00000e+00   1.66667e-01   2.66667e-01   0.000889
    125:   0.00000e+00   1.66667e-01   3.00000e-01   0.000889
    126:   0.00000e+00   1.66667e-01   3.33333e-01   0.000889
    127:   0.00000e+00   1.66667e-01   3.66667e-01   0.000889
    128:   0.00000e+00   1.66667e-01   4.00000e-01   0.000889
    129:   0.00000e+00   1.66667e-01   4.33333e-01   0.000889
    130:   0.00000e+00   1.66667e-01   4.66667e-01   0.000889
    131:   0.00000e+00   1.66667e-01  -5.00000e-01   0.000889
    132:   0.00000e+00   1.66667e-01  -4.66667e-01   0.000889
    133:   0.00000e+00   1.66667e-01  -4.33333e-01   0.000889
    134:   0.00000e+00   1.66667e-01  -4.00000e-01   0.000889
    135:   0.00000e+00   1.66667e-01  -3.66667e-01   0.000889
    136:   0.00000e+00   1.66667e-01  -3.33333e-01   0.000889
    137:   0.00000e+00   1.66667e-01  -3.00000e-01   0.000889
    138:   0.00000e+00   1.66667e-01  -2.66667e-01   0.000889
    139:   0.00000e+00   1.66667e-01  -2.33333e-01   0.000889
    140:   0.00000e+00   1.66667e-01  -2.00000e-01   0.000889
    141:   0.00000e+00   1.66667e-01  -1.66667e-01   0.000444
    142:   0.00000e+00   2.00000e-01   2.00000e-01   0.000222
    143:   0.00000e+00   2.00000e-01   2.33333e-01   0.000889
    144:   0.00000e+00   2.00000e-01   2.66667e-01   0.000889
    145:   0.00000e+00   2.00000e-01   3.00000e-01   0.000889
    146:   0.00000e+00   2.00000e-01   3.33333e-01   0.000889
    147:   0.00000e+00   2.00000e-01   3.66667e-01   0.000889
    148:   0.00000e+00   2.00000e-01   4.00000e-01   0.000889
    149:   0.00000e+00   2.00000e-01   4.33333e-01   0.000889
    150:   0.00000e+00   2.00000e-01   4.66667e-01   0.000889
    151:   0.00000e+00   2.00000e-01  -5.00000e-01   0.000889
    152:   0.00000e+00   2.00000e-01  -4.66667e-01   0.000889
    153:   0.00000e+00   2.00000e-01  -4.33333e-01   0.000889
    154:   0.00000e+00   2.00000e-01  -4.00000e-01   0.000889
    155:   0.00000e+00   2.00000e-01  -3.66667e-01   0.000889
    156:   0.00000e+00   2.00000e-01  -3.33333e-01   0.000889
    157:   0.00000e+00   2.00000e-01  -3.00000e-01   0.000889
    158:   0.00000e+00   2.00000e-01  -2.66667e-01   0.000889
    159:   0.00000e+00   2.00000e-01  -2.33333e-01   0.000889
    160:   0.00000e+00   2.00000e-01  -2.00000e-01   0.000444
    161:   0.00000e+00   2.33333e-01   2.33333e-01   0.000222
    162:   0.00000e+00   2.33333e-01   2.66667e-01   0.000889
    163:   0.00000e+00   2.33333e-01   3.00000e-01   0.000889
    164:   0.00000e+00   2.33333e-01   3.33333e-01   0.000889
    165:   0.00000e+00   2.33333e-01   3.66667e-01   0.000889
    166:   0.00000e+00   2.33333e-01   4.00000e-01   0.000889
    167:   0.00000e+00   2.33333e-01   4.33333e-01   0.000889
    168:   0.00000e+00   2.33333e-01   4.66667e-01   0.000889
    169:   0.00000e+00   2.33333e-01  -5.00000e-01   0.000889
    170:   0.00000e+00   2.33333e-01  -4.66667e-01   0.000889
    171:   0.00000e+00   2.33333e-01  -4.33333e-01   0.000889
    172:   0.00000e+00   2.33333e-01  -4.00000e-01   0.000889
    173:   0.00000e+00   2.33333e-01  -3.66667e-01   0.000889
    174:   0.00000e+00   2.33333e-01  -3.33333e-01   0.000889
    175:   0.00000e+00   2.33333e-01  -3.00000e-01   0.000889
    176:   0.00000e+00   2.33333e-01  -2.66667e-01   0.000889
    177:   0.00000e+00   2.33333e-01  -2.33333e-01   0.000444
    178:   0.00000e+00   2.66667e-01   2.66667e-01   0.000222
    179:   0.00000e+00   2.66667e-01   3.00000e-01   0.000889
    180:   0.00000e+00   2.66667e-01   3.33333e-01   0.000889
    181:   0.00000e+00   2.66667e-01   3.66667e-01   0.000889
    182:   0.00000e+00   2.66667e-01   4.00000e-01   0.000889
    183:   0.00000e+00   2.66667e-01   4.33333e-01   0.000889
    184:   0.00000e+00   2.66667e-01   4.66667e-01   0.000889
    185:   0.00000e+00   2.66667e-01  -5.00000e-01   0.000889
    186:   0.00000e+00   2.66667e-01  -4.66667e-01   0.000889
    187:   0.00000e+00   2.66667e-01  -4.33333e-01   0.000889
    188:   0.00000e+00   2.66667e-01  -4.00000e-01   0.000889
    189:   0.00000e+00   2.66667e-01  -3.66667e-01   0.000889
    190:   0.00000e+00   2.66667e-01  -3.33333e-01   0.000889
    191:   0.00000e+00   2.66667e-01  -3.00000e-01   0.000889
    192:   0.00000e+00   2.66667e-01  -2.66667e-01   0.000444
    193:   0.00000e+00   3.00000e-01   3.00000e-01   0.000222
    194:   0.00000e+00   3.00000e-01   3.33333e-01   0.000889
    195:   0.00000e+00   3.00000e-01   3.66667e-01   0.000889
    196:   0.00000e+00   3.00000e-01   4.00000e-01   0.000889
    197:   0.00000e+00   3.00000e-01   4.33333e-01   0.000889
    198:   0.00000e+00   3.00000e-01   4.66667e-01   0.000889
    199:   0.00000e+00   3.00000e-01  -5.00000e-01   0.000889
    200:   0.00000e+00   3.00000e-01  -4.66667e-01   0.000889
    201:   0.00000e+00   3.00000e-01  -4.33333e-01   0.000889
    202:   0.00000e+00   3.00000e-01  -4.00000e-01   0.000889
    203:   0.00000e+00   3.00000e-01  -3.66667e-01   0.000889
    204:   0.00000e+00   3.00000e-01  -3.33333e-01   0.000889
    205:   0.00000e+00   3.00000e-01  -3.00000e-01   0.000444
    206:   0.00000e+00   3.33333e-01   3.33333e-01   0.000222
    207:   0.00000e+00   3.33333e-01   3.66667e-01   0.000889
    208:   0.00000e+00   3.33333e-01   4.00000e-01   0.000889
    209:   0.00000e+00   3.33333e-01   4.33333e-01   0.000889
    210:   0.00000e+00   3.33333e-01   4.66667e-01   0.000889
    211:   0.00000e+00   3.33333e-01  -5.00000e-01   0.000889
    212:   0.00000e+00   3.33333e-01  -4.66667e-01   0.000889
    213:   0.00000e+00   3.33333e-01  -4.33333e-01   0.000889
    214:   0.00000e+00   3.33333e-01  -4.00000e-01   0.000889
    215:   0.00000e+00   3.33333e-01  -3.66667e-01   0.000889
    216:   0.00000e+00   3.33333e-01  -3.33333e-01   0.000444
    217:   0.00000e+00   3.66667e-01   3.66667e-01   0.000222
    218:   0.00000e+00   3.66667e-01   4.00000e-01   0.000889
    219:   0.00000e+00   3.66667e-01   4.33333e-01   0.000889
    220:   0.00000e+00   3.66667e-01   4.66667e-01   0.000889
    221:   0.00000e+00   3.66667e-01  -5.00000e-01   0.000889
    222:   0.00000e+00   3.66667e-01  -4.66667e-01   0.000889
    223:   0.00000e+00   3.66667e-01  -4.33333e-01   0.000889
    224:   0.00000e+00   3.66667e-01  -4.00000e-01   0.000889
    225:   0.00000e+00   3.66667e-01  -3.66667e-01   0.000444
    226:   0.00000e+00   4.00000e-01   4.00000e-01   0.000222
    227:   0.00000e+00   4.00000e-01   4.33333e-01   0.000889
    228:   0.00000e+00   4.00000e-01   4.66667e-01   0.000889
    229:   0.00000e+00   4.00000e-01  -5.00000e-01   0.000889
    230:   0.00000e+00   4.00000e-01  -4.66667e-01   0.000889
    231:   0.00000e+00   4.00000e-01  -4.33333e-01   0.000889
    232:   0.00000e+00   4.00000e-01  -4.00000e-01   0.000444
    233:   0.00000e+00   4.33333e-01   4.33333e-01   0.000222
    234:   0.00000e+00   4.33333e-01   4.66667e-01   0.000889
    235:   0.00000e+00   4.33333e-01  -5.00000e-01   0.000889
    236:   0.00000e+00   4.33333e-01  -4.66667e-01   0.000889
    237:   0.00000e+00   4.33333e-01  -4.33333e-01   0.000444
    238:   0.00000e+00   4.66667e-01   4.66667e-01   0.000222
    239:   0.00000e+00   4.66667e-01  -5.00000e-01   0.000889
    240:   0.00000e+00   4.66667e-01  -4.66667e-01   0.000444
    241:   0.00000e+00  -5.00000e-01  -5.00000e-01   0.000111
    242:   3.33333e-02   6.66667e-02   1.00000e-01   0.000889
    243:   3.33333e-02   6.66667e-02   1.33333e-01   0.001778
    244:   3.33333e-02   6.66667e-02   1.66667e-01   0.001778
    245:   3.33333e-02   6.66667e-02   2.00000e-01   0.001778
    246:   3.33333e-02   6.66667e-02   2.33333e-01   0.001778
    247:   3.33333e-02   6.66667e-02   2.66667e-01   0.001778
    248:   3.33333e-02   6.66667e-02   3.00000e-01   0.001778
    249:   3.33333e-02   6.66667e-02   3.33333e-01   0.001778
    250:   3.33333e-02   6.66667e-02   3.66667e-01   0.001778
    251:   3.33333e-02   6.66667e-02   4.00000e-01   0.001778
    252:   3.33333e-02   6.66667e-02   4.33333e-01   0.001778
    253:   3.33333e-02   6.66667e-02   4.66667e-01   0.001778
    254:   3.33333e-02   6.66667e-02  -5.00000e-01   0.001778
    255:   3.33333e-02   6.66667e-02  -4.66667e-01   0.000889
    256:   3.33333e-02   1.00000e-01   1.33333e-01   0.000889
    257:   3.33333e-02   1.00000e-01   1.66667e-01   0.001778
    258:   3.33333e-02   1.00000e-01   2.00000e-01   0.001778
    259:   3.33333e-02   1.00000e-01   2.33333e-01   0.001778
    260:   3.33333e-02   1.00000e-01   2.66667e-01   0.001778
    261:   3.33333e-02   1.00000e-01   3.00000e-01   0.001778
    262:   3.33333e-02   1.00000e-01   3.33333e-01   0.001778
    263:   3.33333e-02   1.00000e-01   3.66667e-01   0.001778
    264:   3.33333e-02   1.00000e-01   4.00000e-01   0.001778
    265:   3.33333e-02   1.00000e-01   4.33333e-01   0.001778
    266:   3.33333e-02   1.00000e-01   4.66667e-01   0.001778
    267:   3.33333e-02   1.00000e-01  -5.00000e-01   0.001778
    268:   3.33333e-02   1.00000e-01  -4.66667e-01   0.001778
    269:   3.33333e-02   1.00000e-01  -4.33333e-01   0.001778
    270:   3.33333e-02   1.00000e-01  -4.00000e-01   0.001778
    271:   3.33333e-02   1.00000e-01  -3.66667e-01   0.001778
    272:   3.33333e-02   1.00000e-01  -3.33333e-01   0.001778
    273:   3.33333e-02   1.00000e-01  -3.00000e-01   0.001778
    274:   3.33333e-02   1.00000e-01  -2.66667e-01   0.001778
    275:   3.33333e-02   1.00000e-01  -2.33333e-01   0.001778
    276:   3.33333e-02   1.00000e-01  -2.00000e-01   0.001778
    277:   3.33333e-02   1.00000e-01  -1.66667e-01   0.001778
    278:   3.33333e-02   1.00000e-01  -1.33333e-01   0.001778
    279:   3.33333e-02   1.00000e-01  -1.00000e-01   0.001778
    280:   3.33333e-02   1.00000e-01  -6.66667e-02   0.000889
    281:   3.33333e-02   1.33333e-01   1.66667e-01   0.000889
    282:   3.33333e-02   1.33333e-01   2.00000e-01   0.001778
    283:   3.33333e-02   1.33333e-01   2.33333e-01   0.001778
    284:   3.33333e-02   1.33333e-01   2.66667e-01   0.001778
    285:   3.33333e-02   1.33333e-01   3.00000e-01   0.001778
    286:   3.33333e-02   1.33333e-01   3.33333e-01   0.001778
    287:   3.33333e-02   1.33333e-01   3.66667e-01   0.001778
    288:   3.33333e-02   1.33333e-01   4.00000e-01   0.001778
    289:   3.33333e-02   1.33333e-01   4.33333e-01   0.001778
    290:   3.33333e-02   1.33333e-01   4.66667e-01   0.001778
    291:   3.33333e-02   1.33333e-01  -5.00000e-01   0.001778
    292:   3.33333e-02   1.33333e-01  -4.66667e-01   0.001778
    293:   3.33333e-02   1.33333e-01  -4.33333e-01   0.001778
    294:   3.33333e-02   1.33333e-01  -4.00000e-01   0.001778
    295:   3.33333e-02   1.33333e-01  -3.66667e-01   0.001778
    296:   3.33333e-02   1.33333e-01  -3.33333e-01   0.001778
    297:   3.33333e-02   1.33333e-01  -3.00000e-01   0.001778
    298:   3.33333e-02   1.33333e-01  -2.66667e-01   0.001778
    299:   3.33333e-02   1.33333e-01  -2.33333e-01   0.001778
    300:   3.33333e-02   1.33333e-01  -2.00000e-01   0.001778
    301:   3.33333e-02   1.33333e-01  -1.66667e-01   0.001778
    302:   3.33333e-02   1.33333e-01  -1.33333e-01   0.001778
    303:   3.33333e-02   1.33333e-01  -1.00000e-01   0.000889
    304:   3.33333e-02   1.66667e-01   2.00000e-01   0.000889
    305:   3.33333e-02   1.66667e-01   2.33333e-01   0.001778
    306:   3.33333e-02   1.66667e-01   2.66667e-01   0.001778
    307:   3.33333e-02   1.66667e-01   3.00000e-01   0.001778
    308:   3.33333e-02   1.66667e-01   3.33333e-01   0.001778
    309:   3.33333e-02   1.66667e-01   3.66667e-01   0.001778
    310:   3.33333e-02   1.66667e-01   4.00000e-01   0.001778
    311:   3.33333e-02   1.66667e-01   4.33333e-01   0.001778
    312:   3.33333e-02   1.66667e-01   4.66667e-01   0.001778
    313:   3.33333e-02   1.66667e-01  -5.00000e-01   0.001778
    314:   3.33333e-02   1.66667e-01  -4.66667e-01   0.001778
    315:   3.33333e-02   1.66667e-01  -4.33333e-01   0.001778
    316:   3.33333e-02   1.66667e-01  -4.00000e-01   0.001778
    317:   3.33333e-02   1.66667e-01  -3.66667e-01   0.001778
    318:   3.33333e-02   1.66667e-01  -3.33333e-01   0.001778
    319:   3.33333e-02   1.66667e-01  -3.00000e-01   0.001778
    320:   3.33333e-02   1.66667e-01  -2.66667e-01   0.001778
    321:   3.33333e-02   1.66667e-01  -2.33333e-01   0.001778
    322:   3.33333e-02   1.66667e-01  -2.00000e-01   0.001778
    323:   3.33333e-02   1.66667e-01  -1.66667e-01   0.001778
    324:   3.33333e-02   1.66667e-01  -1.33333e-01   0.000889
    325:   3.33333e-02   2.00000e-01   2.33333e-01   0.000889
    326:   3.33333e-02   2.00000e-01   2.66667e-01   0.001778
    327:   3.33333e-02   2.00000e-01   3.00000e-01   0.001778
    328:   3.33333e-02   2.00000e-01   3.33333e-01   0.001778
    329:   3.33333e-02   2.00000e-01   3.66667e-01   0.001778
    330:   3.33333e-02   2.00000e-01   4.00000e-01   0.001778
    331:   3.33333e-02   2.00000e-01   4.33333e-01   0.001778
    332:   3.33333e-02   2.00000e-01   4.66667e-01   0.001778
    333:   3.33333e-02   2.00000e-01  -5.00000e-01   0.001778
    334:   3.33333e-02   2.00000e-01  -4.66667e-01   0.001778
    335:   3.33333e-02   2.00000e-01  -4.33333e-01   0.001778
    336:   3.33333e-02   2.00000e-01  -4.00000e-01   0.001778
    337:   3.33333e-02   2.00000e-01  -3.66667e-01   0.001778
    338:   3.33333e-02   2.00000e-01  -3.33333e-01   0.001778
    339:   3.33333e-02   2.00000e-01  -3.00000e-01   0.001778
    340:   3.33333e-02   2.00000e-01  -2.66667e-01   0.001778
    341:   3.33333e-02   2.00000e-01  -2.33333e-01   0.001778
    342:   3.33333e-02   2.00000e-01  -2.00000e-01   0.001778
    343:   3.33333e-02   2.00000e-01  -1.66667e-01   0.000889
    344:   3.33333e-02   2.33333e-01   2.66667e-01   0.000889
    345:   3.33333e-02   2.33333e-01   3.00000e-01   0.001778
    346:   3.33333e-02   2.33333e-01   3.33333e-01   0.001778
    347:   3.33333e-02   2.33333e-01   3.66667e-01   0.001778
    348:   3.33333e-02   2.33333e-01   4.00000e-01   0.001778
    349:   3.33333e-02   2.33333e-01   4.33333e-01   0.001778
    350:   3.33333e-02   2.33333e-01   4.66667e-01   0.001778
    351:   3.33333e-02   2.33333e-01  -5.00000e-01   0.001778
    352:   3.33333e-02   2.33333e-01  -4.66667e-01   0.001778
    353:   3.33333e-02   2.33333e-01  -4.33333e-01   0.001778
    354:   3.33333e-02   2.33333e-01  -4.00000e-01   0.001778
    355:   3.33333e-02   2.33333e-01  -3.66667e-01   0.001778
    356:   3.33333e-02   2.33333e-01  -3.33333e-01   0.001778
    357:   3.33333e-02   2.33333e-01  -3.00000e-01   0.001778
    358:   3.33333e-02   2.33333e-01  -2.66667e-01   0.001778
    359:   3.33333e-02   2.33333e-01  -2.33333e-01   0.001778
    360:   3.33333e-02   2.33333e-01  -2.00000e-01   0.000889
    361:   3.33333e-02   2.66667e-01   3.00000e-01   0.000889
    362:   3.33333e-02   2.66667e-01   3.33333e-01   0.001778
    363:   3.33333e-02   2.66667e-01   3.66667e-01   0.001778
    364:   3.33333e-02   2.66667e-01   4.00000e-01   0.001778
    365:   3.33333e-02   2.66667e-01   4.33333e-01   0.001778
    366:   3.33333e-02   2.66667e-01   4.66667e-01   0.001778
    367:   3.33333e-02   2.66667e-01  -5.00000e-01   0.001778
    368:   3.33333e-02   2.66667e-01  -4.66667e-01   0.001778
    369:   3.33333e-02   2.66667e-01  -4.33333e-01   0.001778
    370:   3.33333e-02   2.66667e-01  -4.00000e-01   0.001778
    371:   3.33333e-02   2.66667e-01  -3.66667e-01   0.001778
    372:   3.33333e-02   2.66667e-01  -3.33333e-01   0.001778
    373:   3.33333e-02   2.66667e-01  -3.00000e-01   0.001778
    374:   3.33333e-02   2.66667e-01  -2.66667e-01   0.001778
    375:   3.33333e-02   2.66667e-01  -2.33333e-01   0.000889
    376:   3.33333e-02   3.00000e-01   3.33333e-01   0.000889
    377:   3.33333e-02   3.00000e-01   3.66667e-01   0.001778
    378:   3.33333e-02   3.00000e-01   4.00000e-01   0.001778
    379:   3.33333e-02   3.00000e-01   4.33333e-01   0.001778
    380:   3.33333e-02   3.00000e-01   4.66667e-01   0.001778
    381:   3.33333e-02   3.00000e-01  -5.00000e-01   0.001778
    382:   3.33333e-02   3.00000e-01  -4.66667e-01   0.001778
    383:   3.33333e-02   3.00000e-01  -4.33333e-01   0.001778
    384:   3.33333e-02   3.00000e-01  -4.00000e-01   0.001778
    385:   3.33333e-02   3.00000e-01  -3.66667e-01   0.001778
    386:   3.33333e-02   3.00000e-01  -3.33333e-01   0.001778
    387:   3.33333e-02   3.00000e-01  -3.00000e-01   0.001778
    388:   3.33333e-02   3.00000e-01  -2.66667e-01   0.000889
    389:   3.33333e-02   3.33333e-01   3.66667e-01   0.000889
    390:   3.33333e-02   3.33333e-01   4.00000e-01   0.001778
    391:   3.33333e-02   3.33333e-01   4.33333e-01   0.001778
    392:   3.33333e-02   3.33333e-01   4.66667e-01   0.001778
    393:   3.33333e-02   3.33333e-01  -5.00000e-01   0.001778
    394:   3.33333e-02   3.33333e-01  -4.66667e-01   0.001778
    395:   3.33333e-02   3.33333e-01  -4.33333e-01   0.001778
    396:   3.33333e-02   3.33333e-01  -4.00000e-01   0.001778
    397:   3.33333e-02   3.33333e-01  -3.66667e-01   0.001778
    398:   3.33333e-02   3.33333e-01  -3.33333e-01   0.001778
    399:   3.33333e-02   3.33333e-01  -3.00000e-01   0.000889
    400:   3.33333e-02   3.66667e-01   4.00000e-01   0.000889
    401:   3.33333e-02   3.66667e-01   4.33333e-01   0.001778
    402:   3.33333e-02   3.66667e-01   4.66667e-01   0.001778
    403:   3.33333e-02   3.66667e-01  -5.00000e-01   0.001778
    404:   3.33333e-02   3.66667e-01  -4.66667e-01   0.001778
    405:   3.33333e-02   3.66667e-01  -4.33333e-01   0.001778
    406:   3.33333e-02   3.66667e-01  -4.00000e-01   0.001778
    407:   3.33333e-02   3.66667e-01  -3.66667e-01   0.001778
    408:   3.33333e-02   3.66667e-01  -3.33333e-01   0.000889
    409:   3.33333e-02   4.00000e-01   4.33333e-01   0.000889
    410:   3.33333e-02   4.00000e-01   4.66667e-01   0.001778
    411:   3.33333e-02   4.00000e-01  -5.00000e-01   0.001778
    412:   3.33333e-02   4.00000e-01  -4.66667e-01   0.001778
    413:   3.33333e-02   4.00000e-01  -4.33333e-01   0.001778
    414:   3.33333e-02   4.00000e-01  -4.00000e-01   0.001778
    415:   3.33333e-02   4.00000e-01  -3.66667e-01   0.000889
    416:   3.33333e-02   4.33333e-01   4.66667e-01   0.000889
    417:   3.33333e-02   4.33333e-01  -5.00000e-01   0.001778
    418:   3.33333e-02   4.33333e-01  -4.66667e-01   0.001778
    419:   3.33333e-02   4.33333e-01  -4.33333e-01   0.001778
    420:   3.33333e-02   4.33333e-01  -4.00000e-01   0.000889
    421:   3.33333e-02   4.66667e-01  -5.00000e-01   0.000889
    422:   3.33333e-02   4.66667e-01  -4.66667e-01   0.001778
    423:   3.33333e-02   4.66667e-01  -4.33333e-01   0.000889
    424:   3.33333e-02  -5.00000e-01  -4.66667e-01   0.000444
    425:   6.66667e-02   1.33333e-01   2.00000e-01   0.000889
    426:   6.66667e-02   1.33333e-01   2.33333e-01   0.001778
    427:   6.66667e-02   1.33333e-01   2.66667e-01   0.001778
    428:   6.66667e-02   1.33333e-01   3.00000e-01   0.001778
    429:   6.66667e-02   1.33333e-01   3.33333e-01   0.001778
    430:   6.66667e-02   1.33333e-01   3.66667e-01   0.001778
    431:   6.66667e-02   1.33333e-01   4.00000e-01   0.001778
    432:   6.66667e-02   1.33333e-01   4.33333e-01   0.001778
    433:   6.66667e-02   1.33333e-01   4.66667e-01   0.001778
    434:   6.66667e-02   1.33333e-01  -5.00000e-01   0.001778
    435:   6.66667e-02   1.33333e-01  -4.66667e-01   0.001778
    436:   6.66667e-02   1.33333e-01  -4.33333e-01   0.000889
    437:   6.66667e-02   1.66667e-01   2.33333e-01   0.000889
    438:   6.66667e-02   1.66667e-01   2.66667e-01   0.001778
    439:   6.66667e-02   1.66667e-01   3.00000e-01   0.001778
    440:   6.66667e-02   1.66667e-01   3.33333e-01   0.001778
    441:   6.66667e-02   1.66667e-01   3.66667e-01   0.001778
    442:   6.66667e-02   1.66667e-01   4.00000e-01   0.001778
    443:   6.66667e-02   1.66667e-01   4.33333e-01   0.001778
    444:   6.66667e-02   1.66667e-01   4.66667e-01   0.001778
    445:   6.66667e-02   1.66667e-01  -5.00000e-01   0.001778
    446:   6.66667e-02   1.66667e-01  -4.66667e-01   0.001778
    447:   6.66667e-02   1.66667e-01  -4.33333e-01   0.001778
    448:   6.66667e-02   1.66667e-01  -4.00000e-01   0.001778
    449:   6.66667e-02   1.66667e-01  -3.66667e-01   0.001778
    450:   6.66667e-02   1.66667e-01  -3.33333e-01   0.001778
    451:   6.66667e-02   1.66667e-01  -3.00000e-01   0.001778
    452:   6.66667e-02   1.66667e-01  -2.66667e-01   0.001778
    453:   6.66667e-02   1.66667e-01  -2.33333e-01   0.001778
    454:   6.66667e-02   1.66667e-01  -2.00000e-01   0.001778
    455:   6.66667e-02   1.66667e-01  -1.66667e-01   0.001778
    456:   6.66667e-02   1.66667e-01  -1.33333e-01   0.001778
    457:   6.66667e-02   1.66667e-01  -1.00000e-01   0.000889
    458:   6.66667e-02   2.00000e-01   2.66667e-01   0.000889
    459:   6.66667e-02   2.00000e-01   3.00000e-01   0.001778
    460:   6.66667e-02   2.00000e-01   3.33333e-01   0.001778
    461:   6.66667e-02   2.00000e-01   3.66667e-01   0.001778
    462:   6.66667e-02   2.00000e-01   4.00000e-01   0.001778
    463:   6.66667e-02   2.00000e-01   4.33333e-01   0.001778
    464:   6.66667e-02   2.00000e-01   4.66667e-01   0.001778
    465:   6.66667e-02   2.00000e-01  -5.00000e-01   0.001778
    466:   6.66667e-02   2.00000e-01  -4.66667e-01   0.001778
    467:   6.66667e-02   2.00000e-01  -4.33333e-01   0.001778
    468:   6.66667e-02   2.00000e-01  -4.00000e-01   0.001778
    469:   6.66667e-02   2.00000e-01  -3.66667e-01   0.001778
    470:   6.66667e-02   2.00000e-01  -3.33333e-01   0.001778
    471:   6.66667e-02   2.00000e-01  -3.00000e-01   0.001778
    472:   6.66667e-02   2.00000e-01  -2.66667e-01   0.001778
    473:   6.66667e-02   2.00000e-01  -2.33333e-01   0.001778
    474:   6.66667e-02   2.00000e-01  -2.00000e-01   0.001778
    475:   6.66667e-02   2.00000e-01  -1.66667e-01   0.001778
    476:   6.66667e-02   2.00000e-01  -1.33333e-01   0.000889
    477:   6.66667e-02   2.33333e-01   3.00000e-01   0.000889
    478:   6.66667e-02   2.33333e-01   3.33333e-01   0.001778
    479:   6.66667e-02   2.33333e-01   3.66667e-01   0.001778
    480:   6.66667e-02   2.33333e-01   4.00000e-01   0.001778
    481:   6.66667e-02   2.33333e-01   4.33333e-01   0.001778
    482:   6.66667e-02   2.33333e-01   4.66667e-01   0.001778
    483:   6.66667e-02   2.33333e-01  -5.00000e-01   0.001778
    484:   6.66667e-02   2.33333e-01  -4.66667e-01   0.001778
    485:   6.66667e-02   2.33333e-01  -4.33333e-01   0.001778
    486:   6.66667e-02   2.33333e-01  -4.00000e-01   0.001778
    487:   6.66667e-02   2.33333e-01  -3.66667e-01   0.001778
    488:   6.66667e-02   2.33333e-01  -3.33333e-01   0.001778
    489:   6.66667e-02   2.33333e-01  -3.00000e-01   0.001778
    490:   6.66667e-02   2.33333e-01  -2.66667e-01   0.001778
    491:   6.66667e-02   2.33333e-01  -2.33333e-01   0.001778
    492:   6.66667e-02   2.33333e-01  -2.00000e-01   0.001778
    493:   6.66667e-02   2.33333e-01  -1.66667e-01   0.000889
    494:   6.66667e-02   2.66667e-01   3.33333e-01   0.000889
    495:   6.66667e-02   2.66667e-01   3.66667e-01   0.001778
    496:   6.66667e-02   2.66667e-01   4.00000e-01   0.001778
    497:   6.66667e-02   2.66667e-01   4.33333e-01   0.001778
    498:   6.66667e-02   2.66667e-01   4.66667e-01   0.001778
    499:   6.66667e-02   2.66667e-01  -5.00000e-01   0.001778
    500:   6.66667e-02   2.66667e-01  -4.66667e-01   0.001778
    501:   6.66667e-02   2.66667e-01  -4.33333e-01   0.001778
    502:   6.66667e-02   2.66667e-01  -4.00000e-01   0.001778
    503:   6.66667e-02   2.66667e-01  -3.66667e-01   0.001778
    504:   6.66667e-02   2.66667e-01  -3.33333e-01   0.001778
    505:   6.66667e-02   2.66667e-01  -3.00000e-01   0.001778
    506:   6.66667e-02   2.66667e-01  -2.66667e-01   0.001778
    507:   6.66667e-02   2.66667e-01  -2.33333e-01   0.001778
    508:   6.66667e-02   2.66667e-01  -2.00000e-01   0.000889
    509:   6.66667e-02   3.00000e-01   3.66667e-01   0.000889
    510:   6.66667e-02   3.00000e-01   4.00000e-01   0.001778
    511:   6.66667e-02   3.00000e-01   4.33333e-01   0.001778
    512:   6.66667e-02   3.00000e-01   4.66667e-01   0.001778
    513:   6.66667e-02   3.00000e-01  -5.00000e-01   0.001778
    514:   6.66667e-02   3.00000e-01  -4.66667e-01   0.001778
    515:   6.66667e-02   3.00000e-01  -4.33333e-01   0.001778
    516:   6.66667e-02   3.00000e-01  -4.00000e-01   0.001778
    517:   6.66667e-02   3.00000e-01  -3.66667e-01   0.001778
    518:   6.66667e-02   3.00000e-01  -3.33333e-01   0.001778
    519:   6.66667e-02   3.00000e-01  -3.00000e-01   0.001778
    520:   6.66667e-02   3.00000e-01  -2.66667e-01   0.001778
    521:   6.66667e-02   3.00000e-01  -2.33333e-01   0.000889
    522:   6.66667e-02   3.33333e-01   4.00000e-01   0.000889
    523:   6.66667e-02   3.33333e-01   4.33333e-01   0.001778
    524:   6.66667e-02   3.33333e-01   4.66667e-01   0.001778
    525:   6.66667e-02   3.33333e-01  -5.00000e-01   0.001778
    526:   6.66667e-02   3.33333e-01  -4.66667e-01   0.001778
    527:   6.66667e-02   3.33333e-01  -4.33333e-01   0.001778
    528:   6.66667e-02   3.33333e-01  -4.00000e-01   0.001778
    529:   6.66667e-02   3.33333e-01  -3.66667e-01   0.001778
    530:   6.66667e-02   3.33333e-01  -3.33333e-01   0.001778
    531:   6.66667e-02   3.33333e-01  -3.00000e-01   0.001778
    532:   6.66667e-02   3.33333e-01  -2.66667e-01   0.000889
    533:   6.66667e-02   3.66667e-01   4.33333e-01   0.000889
    534:   6.66667e-02   3.66667e-01   4.66667e-01   0.001778
    535:   6.66667e-02   3.66667e-01  -5.00000e-01   0.001778
    536:   6.66667e-02   3.66667e-01  -4.66667e-01   0.001778
    537:   6.66667e-02   3.66667e-01  -4.33333e-01   0.001778
    538:   6.66667e-02   3.66667e-01  -4.00000e-01   0.001778
    539:   6.66667e-02   3.66667e-01  -3.66667e-01   0.001778
    540:   6.66667e-02   3.66667e-01  -3.33333e-01   0.001778
    541:   6.66667e-02   3.66667e-01  -3.00000e-01   0.000889
    542:   6.66667e-02   4.00000e-01   4.66667e-01   0.000889
    543:   6.66667e-02   4.00000e-01  -5.00000e-01   0.001778
    544:   6.66667e-02   4.00000e-01  -4.66667e-01   0.001778
    545:   6.66667e-02   4.00000e-01  -4.33333e-01   0.001778
    546:   6.66667e-02   4.00000e-01  -4.00000e-01   0.001778
    547:   6.66667e-02   4.00000e-01  -3.66667e-01   0.001778
    548:   6.66667e-02   4.00000e-01  -3.33333e-01   0.000889
    549:   6.66667e-02   4.33333e-01  -5.00000e-01   0.000889
    550:   6.66667e-02   4.33333e-01  -4.66667e-01   0.001778
    551:   6.66667e-02   4.33333e-01  -4.33333e-01   0.001778
    552:   6.66667e-02   4.33333e-01  -4.00000e-01   0.001778
    553:   6.66667e-02   4.33333e-01  -3.66667e-01   0.000889
    554:   6.66667e-02   4.66667e-01  -4.66667e-01   0.000889
    555:   6.66667e-02   4.66667e-01  -4.33333e-01   0.001778
    556:   6.66667e-02   4.66667e-01  -4.00000e-01   0.000889
    557:   6.66667e-02  -5.00000e-01  -4.33333e-01   0.000444
    558:   1.00000e-01   2.00000e-01   3.00000e-01   0.000889
    559:   1.00000e-01   2.00000e-01   3.33333e-01   0.001778
    560:   1.00000e-01   2.00000e-01   3.66667e-01   0.001778
    561:   1.00000e-01   2.00000e-01   4.00000e-01   0.001778
    562:   1.00000e-01   2.00000e-01   4.33333e-01   0.001778
    563:   1.00000e-01   2.00000e-01   4.66667e-01   0.001778
    564:   1.00000e-01   2.00000e-01  -5.00000e-01   0.001778
    565:   1.00000e-01   2.00000e-01  -4.66667e-01   0.001778
    566:   1.00000e-01   2.00000e-01  -4.33333e-01   0.001778
    567:   1.00000e-01   2.00000e-01  -4.00000e-01   0.000889
    568:   1.00000e-01   2.33333e-01   3.33333e-01   0.000889
    569:   1.00000e-01   2.33333e-01   3.66667e-01   0.001778
    570:   1.00000e-01   2.33333e-01   4.00000e-01   0.001778
    571:   1.00000e-01   2.33333e-01   4.33333e-01   0.001778
    572:   1.00000e-01   2.33333e-01   4.66667e-01   0.001778
    573:   1.00000e-01   2.33333e-01  -5.00000e-01   0.001778
    574:   1.00000e-01   2.33333e-01  -4.66667e-01   0.001778
    575:   1.00000e-01   2.33333e-01  -4.33333e-01   0.001778
    576:   1.00000e-01   2.33333e-01  -4.00000e-01   0.001778
    577:   1.00000e-01   2.33333e-01  -3.66667e-01   0.001778
    578:   1.00000e-01   2.33333e-01  -3.33333e-01   0.001778
    579:   1.00000e-01   2.33333e-01  -3.00000e-01   0.001778
    580:   1.00000e-01   2.33333e-01  -2.66667e-01   0.001778
    581:   1.00000e-01   2.33333e-01  -2.33333e-01   0.001778
    582:   1.00000e-01   2.33333e-01  -2.00000e-01   0.001778
    583:   1.00000e-01   2.33333e-01  -1.66667e-01   0.001778
    584:   1.00000e-01   2.33333e-01  -1.33333e-01   0.000889
    585:   1.00000e-01   2.66667e-01   3.66667e-01   0.000889
    586:   1.00000e-01   2.66667e-01   4.00000e-01   0.001778
    587:   1.00000e-01   2.66667e-01   4.33333e-01   0.001778
    588:   1.00000e-01   2.66667e-01   4.66667e-01   0.001778
    589:   1.00000e-01   2.66667e-01  -5.00000e-01   0.001778
    590:   1.00000e-01   2.66667e-01  -4.66667e-01   0.001778
    591:   1.00000e-01   2.66667e-01  -4.33333e-01   0.001778
    592:   1.00000e-01   2.66667e-01  -4.00000e-01   0.001778
    593:   1.00000e-01   2.66667e-01  -3.66667e-01   0.001778
    594:   1.00000e-01   2.66667e-01  -3.33333e-01   0.001778
    595:   1.00000e-01   2.66667e-01  -3.00000e-01   0.001778
    596:   1.00000e-01   2.66667e-01  -2.66667e-01   0.001778
    597:   1.00000e-01   2.66667e-01  -2.33333e-01   0.001778
    598:   1.00000e-01   2.66667e-01  -2.00000e-01   0.001778
    599:   1.00000e-01   2.66667e-01  -1.66667e-01   0.000889
    600:   1.00000e-01   3.00000e-01   4.00000e-01   0.000889
    601:   1.00000e-01   3.00000e-01   4.33333e-01   0.001778
    602:   1.00000e-01   3.00000e-01   4.66667e-01   0.001778
    603:   1.00000e-01   3.00000e-01  -5.00000e-01   0.001778
    604:   1.00000e-01   3.00000e-01  -4.66667e-01   0.001778
    605:   1.00000e-01   3.00000e-01  -4.33333e-01   0.001778
    606:   1.00000e-01   3.00000e-01  -4.00000e-01   0.001778
    607:   1.00000e-01   3.00000e-01  -3.66667e-01   0.001778
    608:   1.00000e-01   3.00000e-01  -3.33333e-01   0.001778
    609:   1.00000e-01   3.00000e-01  -3.00000e-01   0.001778
    610:   1.00000e-01   3.00000e-01  -2.66667e-01   0.001778
    611:   1.00000e-01   3.00000e-01  -2.33333e-01   0.001778
    612:   1.00000e-01   3.00000e-01  -2.00000e-01   0.000889
    613:   1.00000e-01   3.33333e-01   4.33333e-01   0.000889
    614:   1.00000e-01   3.33333e-01   4.66667e-01   0.001778
    615:   1.00000e-01   3.33333e-01  -5.00000e-01   0.001778
    616:   1.00000e-01   3.33333e-01  -4.66667e-01   0.001778
    617:   1.00000e-01   3.33333e-01  -4.33333e-01   0.001778
    618:   1.00000e-01   3.33333e-01  -4.00000e-01   0.001778
    619:   1.00000e-01   3.33333e-01  -3.66667e-01   0.001778
    620:   1.00000e-01   3.33333e-01  -3.33333e-01   0.001778
    621:   1.00000e-01   3.33333e-01  -3.00000e-01   0.001778
    622:   1.00000e-01   3.33333e-01  -2.66667e-01   0.001778
    623:   1.00000e-01   3.33333e-01  -2.33333e-01   0.000889
    624:   1.00000e-01   3.66667e-01   4.66667e-01   0.000889
    625:   1.00000e-01   3.66667e-01  -5.00000e-01   0.001778
    626:   1.00000e-01   3.66667e-01  -4.66667e-01   0.001778
    627:   1.00000e-01   3.66667e-01  -4.33333e-01   0.001778
    628:   1.00000e-01   3.66667e-01  -4.00000e-01   0.001778
    629:   1.00000e-01   3.66667e-01  -3.66667e-01   0.001778
    630:   1.00000e-01   3.66667e-01  -3.33333e-01   0.001778
    631:   1.00000e-01   3.66667e-01  -3.00000e-01   0.001778
    632:   1.00000e-01   3.66667e-01  -2.66667e-01   0.000889
    633:   1.00000e-01   4.00000e-01  -5.00000e-01   0.000889
    634:   1.00000e-01   4.00000e-01  -4.66667e-01   0.001778
    635:   1.00000e-01   4.00000e-01  -4.33333e-01   0.001778
    636:   1.00000e-01   4.00000e-01  -4.00000e-01   0.001778
    637:   1.00000e-01   4.00000e-01  -3.66667e-01   0.001778
    638:   1.00000e-01   4.00000e-01  -3.33333e-01   0.001778
    639:   1.00000e-01   4.00000e-01  -3.00000e-01   0.000889
    640:   1.00000e-01   4.33333e-01  -4.66667e-01   0.000889
    641:   1.00000e-01   4.33333e-01  -4.33333e-01   0.001778
    642:   1.00000e-01   4.33333e-01  -4.00000e-01   0.001778
    643:   1.00000e-01   4.33333e-01  -3.66667e-01   0.001778
    644:   1.00000e-01   4.33333e-01  -3.33333e-01   0.000889
    645:   1.00000e-01   4.66667e-01  -4.33333e-01   0.000889
    646:   1.00000e-01   4.66667e-01  -4.00000e-01   0.001778
    647:   1.00000e-01   4.66667e-01  -3.66667e-01   0.000889
    648:   1.00000e-01  -5.00000e-01  -4.00000e-01   0.000444
    649:   1.33333e-01   2.66667e-01   4.00000e-01   0.000889
    650:   1.33333e-01   2.66667e-01   4.33333e-01   0.001778
    651:   1.33333e-01   2.66667e-01   4.66667e-01   0.001778
    652:   1.33333e-01   2.66667e-01  -5.00000e-01   0.001778
    653:   1.33333e-01   2.66667e-01  -4.66667e-01   0.001778
    654:   1.33333e-01   2.66667e-01  -4.33333e-01   0.001778
    655:   1.33333e-01   2.66667e-01  -4.00000e-01   0.001778
    656:   1.33333e-01   2.66667e-01  -3.66667e-01   0.000889
    657:   1.33333e-01   3.00000e-01   4.33333e-01   0.000889
    658:   1.33333e-01   3.00000e-01   4.66667e-01   0.001778
    659:   1.33333e-01   3.00000e-01  -5.00000e-01   0.001778
    660:   1.33333e-01   3.00000e-01  -4.66667e-01   0.001778
    661:   1.33333e-01   3.00000e-01  -4.33333e-01   0.001778
    662:   1.33333e-01   3.00000e-01  -4.00000e-01   0.001778
    663:   1.33333e-01   3.00000e-01  -3.66667e-01   0.001778
    664:   1.33333e-01   3.00000e-01  -3.33333e-01   0.001778
    665:   1.33333e-01   3.00000e-01  -3.00000e-01   0.001778
    666:   1.33333e-01   3.00000e-01  -2.66667e-01   0.001778
    667:   1.33333e-01   3.00000e-01  -2.33333e-01   0.001778
    668:   1.33333e-01   3.00000e-01  -2.00000e-01   0.001778
    669:   1.33333e-01   3.00000e-01  -1.66667e-01   0.000889
    670:   1.33333e-01   3.33333e-01   4.66667e-01   0.000889
    671:   1.33333e-01   3.33333e-01  -5.00000e-01   0.001778
    672:   1.33333e-01   3.33333e-01  -4.66667e-01   0.001778
    673:   1.33333e-01   3.33333e-01  -4.33333e-01   0.001778
    674:   1.33333e-01   3.33333e-01  -4.00000e-01   0.001778
    675:   1.33333e-01   3.33333e-01  -3.66667e-01   0.001778
    676:   1.33333e-01   3.33333e-01  -3.33333e-01   0.001778
    677:   1.33333e-01   3.33333e-01  -3.00000e-01   0.001778
    678:   1.33333e-01   3.33333e-01  -2.66667e-01   0.001778
    679:   1.33333e-01   3.33333e-01  -2.33333e-01   0.001778
    680:   1.33333e-01   3.33333e-01  -2.00000e-01   0.000889
    681:   1.33333e-01   3.66667e-01  -5.00000e-01   0.000889
    682:   1.33333e-01   3.66667e-01  -4.66667e-01   0.001778
    683:   1.33333e-01   3.66667e-01  -4.33333e-01   0.001778
    684:   1.33333e-01   3.66667e-01  -4.00000e-01   0.001778
    685:   1.33333e-01   3.66667e-01  -3.66667e-01   0.001778
    686:   1.33333e-01   3.66667e-01  -3.33333e-01   0.001778
    687:   1.33333e-01   3.66667e-01  -3.00000e-01   0.001778
    688:   1.33333e-01   3.66667e-01  -2.66667e-01   0.001778
    689:   1.33333e-01   3.66667e-01  -2.33333e-01   0.000889
    690:   1.33333e-01   4.00000e-01  -4.66667e-01   0.000889
    691:   1.33333e-01   4.00000e-01  -4.33333e-01   0.001778
    692:   1.33333e-01   4.00000e-01  -4.00000e-01   0.001778
    693:   1.33333e-01   4.00000e-01  -3.66667e-01   0.001778
    694:   1.33333e-01   4.00000e-01  -3.33333e-01   0.001778
    695:   1.33333e-01   4.00000e-01  -3.00000e-01   0.001778
    696:   1.33333e-01   4.00000e-01  -2.66667e-01   0.000889
    697:   1.33333e-01   4.33333e-01  -4.33333e-01   0.000889
    698:   1.33333e-01   4.33333e-01  -4.00000e-01   0.001778
    699:   1.33333e-01   4.33333e-01  -3.66667e-01   0.001778
    700:   1.33333e-01   4.33333e-01  -3.33333e-01   0.001778
    701:   1.33333e-01   4.33333e-01  -3.00000e-01   0.000889
    702:   1.33333e-01   4.66667e-01  -4.00000e-01   0.000889
    703:   1.33333e-01   4.66667e-01  -3.66667e-01   0.001778
    704:   1.33333e-01   4.66667e-01  -3.33333e-01   0.000889
    705:   1.33333e-01  -5.00000e-01  -3.66667e-01   0.000444
    706:   1.66667e-01   3.33333e-01  -5.00000e-01   0.000889
    707:   1.66667e-01   3.33333e-01  -4.66667e-01   0.001778
    708:   1.66667e-01   3.33333e-01  -4.33333e-01   0.001778
    709:   1.66667e-01   3.33333e-01  -4.00000e-01   0.001778
    710:   1.66667e-01   3.33333e-01  -3.66667e-01   0.001778
    711:   1.66667e-01   3.33333e-01  -3.33333e-01   0.000889
    712:   1.66667e-01   3.66667e-01  -4.66667e-01   0.000889
    713:   1.66667e-01   3.66667e-01  -4.33333e-01   0.001778
    714:   1.66667e-01   3.66667e-01  -4.00000e-01   0.001778
    715:   1.66667e-01   3.66667e-01  -3.66667e-01   0.001778
    716:   1.66667e-01   3.66667e-01  -3.33333e-01   0.001778
    717:   1.66667e-01   3.66667e-01  -3.00000e-01   0.001778
    718:   1.66667e-01   3.66667e-01  -2.66667e-01   0.001778
    719:   1.66667e-01   3.66667e-01  -2.33333e-01   0.001778
    720:   1.66667e-01   3.66667e-01  -2.00000e-01   0.000889
    721:   1.66667e-01   4.00000e-01  -4.33333e-01   0.000889
    722:   1.66667e-01   4.00000e-01  -4.00000e-01   0.001778
    723:   1.66667e-01   4.00000e-01  -3.66667e-01   0.001778
    724:   1.66667e-01   4.00000e-01  -3.33333e-01   0.001778
    725:   1.66667e-01   4.00000e-01  -3.00000e-01   0.001778
    726:   1.66667e-01   4.00000e-01  -2.66667e-01   0.001778
    727:   1.66667e-01   4.00000e-01  -2.33333e-01   0.000889
    728:   1.66667e-01   4.33333e-01  -4.00000e-01   0.000889
    729:   1.66667e-01   4.33333e-01  -3.66667e-01   0.001778
    730:   1.66667e-01   4.33333e-01  -3.33333e-01   0.001778
    731:   1.66667e-01   4.33333e-01  -3.00000e-01   0.001778
    732:   1.66667e-01   4.33333e-01  -2.66667e-01   0.000889
    733:   1.66667e-01   4.66667e-01  -3.66667e-01   0.000889
    734:   1.66667e-01   4.66667e-01  -3.33333e-01   0.001778
    735:   1.66667e-01   4.66667e-01  -3.00000e-01   0.000889
    736:   1.66667e-01  -5.00000e-01  -3.33333e-01   0.000444
    737:   2.00000e-01   4.00000e-01  -4.00000e-01   0.000889
    738:   2.00000e-01   4.00000e-01  -3.66667e-01   0.001778
    739:   2.00000e-01   4.00000e-01  -3.33333e-01   0.001778
    740:   2.00000e-01   4.00000e-01  -3.00000e-01   0.000889
    741:   2.00000e-01   4.33333e-01  -3.66667e-01   0.000889
    742:   2.00000e-01   4.33333e-01  -3.33333e-01   0.001778
    743:   2.00000e-01   4.33333e-01  -3.00000e-01   0.001778
    744:   2.00000e-01   4.33333e-01  -2.66667e-01   0.001778
    745:   2.00000e-01   4.33333e-01  -2.33333e-01   0.000889
    746:   2.00000e-01   4.66667e-01  -3.33333e-01   0.000889
    747:   2.00000e-01   4.66667e-01  -3.00000e-01   0.001778
    748:   2.00000e-01   4.66667e-01  -2.66667e-01   0.000889
    749:   2.00000e-01  -5.00000e-01  -3.00000e-01   0.000444
    750:   2.33333e-01   4.66667e-01  -3.00000e-01   0.000889
    751:   2.33333e-01   4.66667e-01  -2.66667e-01   0.000889
    752:   2.33333e-01  -5.00000e-01  -2.66667e-01   0.000444

 Force constant
 ==============

  Reading force constants from the XML file ... done !
  Number of non-zero IFCs for 2 order: 981

  Maximum deviation from the translational invariance: 
   Order 2 : 4.519768e-18


 Dynamical matrix
 ================

  NONANALYTIC = 0 : No non-analytic correction. 


 -----------------------------------------------------------------


 ISMEAR = -1: Tetrahedron method will be used.

 Now, move on to phonon calculations.

 Diagonalizing dynamical matrices for all k points ... done!

 -----------------------------------------------------------------

 Phonon frequencies below:

 # Irred. k point    1 : (  0.0000,  0.0000,  0.0000)
   Mode, Frequency 
      1      0.0000 cm^-1  (      0.0000 THz )
      2      0.0000 cm^-1  (      0.0000 THz )
      3      0.0000 cm^-1  (      0.0000 THz )

 # Irred. k point    2 : (  0.0000,  0.0000,  0.0333)
   Mode, Frequency 
      1      3.1704 cm^-1  (      0.0950 THz )
      2      3.1704 cm^-1  (      0.0950 THz )
      3      7.1187 cm^-1  (      0.2134 THz )

 # Irred. k point    3 : (  0.0000,  0.0000,  0.0667)
   Mode, Frequency 
      1      6.3126 cm^-1  (      0.1892 THz )
      2      6.3126 cm^-1  (      0.1892 THz )
      3     14.2142 cm^-1  (      0.4261 THz )

 # Irred. k point    4 : (  0.0000,  0.0000,  0.1000)
   Mode, Frequency 
      1      9.3977 cm^-1  (      0.2817 THz )
      2      9.3977 cm^-1  (      0.2817 THz )
      3     21.2560 cm^-1  (      0.6372 THz )

 # Irred. k point    5 : (  0.0000,  0.0000,  0.1333)
   Mode, Frequency 
      1     12.3959 cm^-1  (      0.3716 THz )
      2     12.3959 cm^-1  (      0.3716 THz )
      3     28.2002 cm^-1  (      0.8454 THz )

 # Irred. k point    6 : (  0.0000,  0.0000,  0.1667)
   Mode, Frequency 
      1     15.2762 cm^-1  (      0.4580 THz )
      2     15.2762 cm^-1  (      0.4580 THz )
      3     34.9863 cm^-1  (      1.0489 THz )

 # Irred. k point    7 : (  0.0000,  0.0000,  0.2000)
   Mode, Frequency 
      1     18.0067 cm^-1  (      0.5398 THz )
      2     18.0067 cm^-1  (      0.5398 THz )
      3     41.5374 cm^-1  (      1.2453 THz )

 # Irred. k point    8 : (  0.0000,  0.0000,  0.2333)
   Mode, Frequency 
      1     20.5551 cm^-1  (      0.6162 THz )
      2     20.5551 cm^-1  (      0.6162 THz )
      3     47.7628 cm^-1  (      1.4319 THz )

 # Irred. k point    9 : (  0.0000,  0.0000,  0.2667)
   Mode, Frequency 
      1     22.8899 cm^-1  (      0.6862 THz )
      2     22.8899 cm^-1  (      0.6862 THz )
      3     53.5633 cm^-1  (      1.6058 THz )

 # Irred. k point   10 : (  0.0000,  0.0000,  0.3000)
   Mode, Frequency 
      1     24.9808 cm^-1  (      0.7489 THz )
      2     24.9808 cm^-1  (      0.7489 THz )
      3     58.8371 cm^-1  (      1.7639 THz )

 # Irred. k point   11 : (  0.0000,  0.0000,  0.3333)
   Mode, Frequency 
      1     26.7999 cm^-1  (      0.8034 THz )
      2     26.7999 cm^-1  (      0.8034 THz )
      3     63.4856 cm^-1  (      1.9033 THz )

 # Irred. k point   12 : (  0.0000,  0.0000,  0.3667)
   Mode, Frequency 
      1     28.3229 cm^-1  (      0.8491 THz )
      2     28.3229 cm^-1  (      0.8491 THz )
      3     67.4192 cm^-1  (      2.0212 THz )

 # Irred. k point   13 : (  0.0000,  0.0000,  0.4000)
   Mode, Frequency 
      1     29.5291 cm^-1  (      0.8853 THz )
      2     29.5291 cm^-1  (      0.8853 THz )
      3     70.5610 cm^-1  (      2.1154 THz )

 # Irred. k point   14 : (  0.0000,  0.0000,  0.4333)
   Mode, Frequency 
      1     30.4024 cm^-1  (      0.9114 THz )
      2     30.4024 cm^-1  (      0.9114 THz )
      3     72.8496 cm^-1  (      2.1840 THz )

 # Irred. k point   15 : (  0.0000,  0.0000,  0.4667)
   Mode, Frequency 
      1     30.9310 cm^-1  (      0.9273 THz )
      2     30.9310 cm^-1  (      0.9273 THz )
      3     74.2407 cm^-1  (      2.2257 THz )

 # Irred. k point   16 : (  0.0000,  0.0000, -0.5000)
   Mode, Frequency 
      1     31.1080 cm^-1  (      0.9326 THz )
      2     31.1080 cm^-1  (      0.9326 THz )
      3     74.7073 cm^-1  (      2.2397 THz )

 # Irred. k point   17 : (  0.0000,  0.0333,  0.0333)
   Mode, Frequency 
      1      4.9529 cm^-1  (      0.1485 THz )
      2      4.9529 cm^-1  (      0.1485 THz )
      3      6.7347 cm^-1  (      0.2019 THz )

 # Irred. k point   18 : (  0.0000,  0.0333,  0.0667)
   Mode, Frequency 
      1      6.4308 cm^-1  (      0.1928 THz )
      2      7.6584 cm^-1  (      0.2296 THz )
      3     12.6013 cm^-1  (      0.3778 THz )

 # Irred. k point   19 : (  0.0000,  0.0333,  0.1000)
   Mode, Frequency 
      1      8.5777 cm^-1  (      0.2572 THz )
      2     10.5401 cm^-1  (      0.3160 THz )
      3     19.3867 cm^-1  (      0.5812 THz )

 # Irred. k point   20 : (  0.0000,  0.0333,  0.1333)
   Mode, Frequency 
      1     11.1746 cm^-1  (      0.3350 THz )
      2     13.4114 cm^-1  (      0.4021 THz )
      3     26.2258 cm^-1  (      0.7862 THz )

 # Irred. k point   21 : (  0.0000,  0.0333,  0.1667)
   Mode, Frequency 
      1     13.9044 cm^-1  (      0.4168 THz )
      2     16.1961 cm^-1  (      0.4855 THz )
      3     32.9781 cm^-1  (      0.9887 THz )

 # Irred. k point   22 : (  0.0000,  0.0333,  0.2000)
   Mode, Frequency 
      1     16.6193 cm^-1  (      0.4982 THz )
      2     18.8459 cm^-1  (      0.5650 THz )
      3     39.5459 cm^-1  (      1.1856 THz )

 # Irred. k point   23 : (  0.0000,  0.0333,  0.2333)
   Mode, Frequency 
      1     19.2362 cm^-1  (      0.5767 THz )
      2     21.3216 cm^-1  (      0.6392 THz )
      3     45.8325 cm^-1  (      1.3740 THz )

 # Irred. k point   24 : (  0.0000,  0.0333,  0.2667)
   Mode, Frequency 
      1     21.6980 cm^-1  (      0.6505 THz )
      2     23.5883 cm^-1  (      0.7072 THz )
      3     51.7362 cm^-1  (      1.5510 THz )

 # Irred. k point   25 : (  0.0000,  0.0333,  0.3000)
   Mode, Frequency 
      1     23.9603 cm^-1  (      0.7183 THz )
      2     25.6135 cm^-1  (      0.7679 THz )
      3     57.1532 cm^-1  (      1.7134 THz )

 # Irred. k point   26 : (  0.0000,  0.0333,  0.3333)
   Mode, Frequency 
      1     25.9861 cm^-1  (      0.7790 THz )
      2     27.3683 cm^-1  (      0.8205 THz )
      3     61.9824 cm^-1  (      1.8582 THz )

 # Irred. k point   27 : (  0.0000,  0.0333,  0.3667)
   Mode, Frequency 
      1     27.7442 cm^-1  (      0.8318 THz )
      2     28.8270 cm^-1  (      0.8642 THz )
      3     66.1307 cm^-1  (      1.9825 THz )

 # Irred. k point   28 : (  0.0000,  0.0333,  0.4000)
   Mode, Frequency 
      1     29.2085 cm^-1  (      0.8756 THz )
      2     29.9684 cm^-1  (      0.8984 THz )
      3     69.5170 cm^-1  (      2.0841 THz )

 # Irred. k point   29 : (  0.0000,  0.0333,  0.4333)
   Mode, Frequency 
      1     30.3576 cm^-1  (      0.9101 THz )
      2     30.7760 cm^-1  (      0.9226 THz )
      3     72.0748 cm^-1  (      2.1607 THz )

 # Irred. k point   30 : (  0.0000,  0.0333,  0.4667)
   Mode, Frequency 
      1     31.1748 cm^-1  (      0.9346 THz )
      2     31.2384 cm^-1  (      0.9365 THz )
      3     73.7545 cm^-1  (      2.2111 THz )

 # Irred. k point   31 : (  0.0000,  0.0333, -0.5000)
   Mode, Frequency 
      1     31.3492 cm^-1  (      0.9398 THz )
      2     31.6483 cm^-1  (      0.9488 THz )
      3     74.5238 cm^-1  (      2.2342 THz )

 # Irred. k point   32 : (  0.0000,  0.0333, -0.4667)
   Mode, Frequency 
      1     31.1072 cm^-1  (      0.9326 THz )
      2     31.7710 cm^-1  (      0.9525 THz )
      3     74.3681 cm^-1  (      2.2295 THz )

 # Irred. k point   33 : (  0.0000,  0.0333, -0.4333)
   Mode, Frequency 
      1     30.5157 cm^-1  (      0.9148 THz )
      2     31.5408 cm^-1  (      0.9456 THz )
      3     73.2904 cm^-1  (      2.1972 THz )

 # Irred. k point   34 : (  0.0000,  0.0333, -0.4000)
   Mode, Frequency 
      1     29.5830 cm^-1  (      0.8869 THz )
      2     30.9610 cm^-1  (      0.9282 THz )
      3     71.3115 cm^-1  (      2.1379 THz )

 # Irred. k point   35 : (  0.0000,  0.0333, -0.3667)
   Mode, Frequency 
      1     28.3215 cm^-1  (      0.8491 THz )
      2     30.0400 cm^-1  (      0.9006 THz )
      3     68.4696 cm^-1  (      2.0527 THz )

 # Irred. k point   36 : (  0.0000,  0.0333, -0.3333)
   Mode, Frequency 
      1     26.7480 cm^-1  (      0.8019 THz )
      2     28.7917 cm^-1  (      0.8632 THz )
      3     64.8205 cm^-1  (      1.9433 THz )

 # Irred. k point   37 : (  0.0000,  0.0333, -0.3000)
   Mode, Frequency 
      1     24.8838 cm^-1  (      0.7460 THz )
      2     27.2350 cm^-1  (      0.8165 THz )
      3     60.4359 cm^-1  (      1.8118 THz )

 # Irred. k point   38 : (  0.0000,  0.0333, -0.2667)
   Mode, Frequency 
      1     22.7542 cm^-1  (      0.6822 THz )
      2     25.3936 cm^-1  (      0.7613 THz )
      3     55.4018 cm^-1  (      1.6609 THz )

 # Irred. k point   39 : (  0.0000,  0.0333, -0.2333)
   Mode, Frequency 
      1     20.3885 cm^-1  (      0.6112 THz )
      2     23.2955 cm^-1  (      0.6984 THz )
      3     49.8150 cm^-1  (      1.4934 THz )

 # Irred. k point   40 : (  0.0000,  0.0333, -0.2000)
   Mode, Frequency 
      1     17.8201 cm^-1  (      0.5342 THz )
      2     20.9724 cm^-1  (      0.6287 THz )
      3     43.7794 cm^-1  (      1.3125 THz )

 # Irred. k point   41 : (  0.0000,  0.0333, -0.1667)
   Mode, Frequency 
      1     15.0872 cm^-1  (      0.4523 THz )
      2     18.4590 cm^-1  (      0.5534 THz )
      3     37.4007 cm^-1  (      1.1212 THz )

 # Irred. k point   42 : (  0.0000,  0.0333, -0.1333)
   Mode, Frequency 
      1     12.2345 cm^-1  (      0.3668 THz )
      2     15.7926 cm^-1  (      0.4735 THz )
      3     30.7845 cm^-1  (      0.9229 THz )

 # Irred. k point   43 : (  0.0000,  0.0333, -0.1000)
   Mode, Frequency 
      1      9.3225 cm^-1  (      0.2795 THz )
      2     13.0115 cm^-1  (      0.3901 THz )
      3     24.0413 cm^-1  (      0.7207 THz )

 # Irred. k point   44 : (  0.0000,  0.0333, -0.0667)
   Mode, Frequency 
      1      6.4604 cm^-1  (      0.1937 THz )
      2     10.1369 cm^-1  (      0.3039 THz )
      3     17.3269 cm^-1  (      0.5194 THz )

 # Irred. k point   45 : (  0.0000,  0.0333, -0.0333)
   Mode, Frequency 
      1      3.9780 cm^-1  (      0.1193 THz )
      2      7.0086 cm^-1  (      0.2101 THz )
      3     11.1082 cm^-1  (      0.3330 THz )

 # Irred. k point   46 : (  0.0000,  0.0667,  0.0667)
   Mode, Frequency 
      1      9.8631 cm^-1  (      0.2957 THz )
      2      9.8631 cm^-1  (      0.2957 THz )
      3     13.4849 cm^-1  (      0.4043 THz )

 # Irred. k point   47 : (  0.0000,  0.0667,  0.1000)
   Mode, Frequency 
      1     11.3797 cm^-1  (      0.3412 THz )
      2     12.4164 cm^-1  (      0.3722 THz )
      3     18.6655 cm^-1  (      0.5596 THz )

 # Irred. k point   48 : (  0.0000,  0.0667,  0.1333)
   Mode, Frequency 
      1     12.9331 cm^-1  (      0.3877 THz )
      2     15.0689 cm^-1  (      0.4518 THz )
      3     25.0092 cm^-1  (      0.7498 THz )

 # Irred. k point   49 : (  0.0000,  0.0667,  0.1667)
   Mode, Frequency 
      1     14.9443 cm^-1  (      0.4480 THz )
      2     17.6958 cm^-1  (      0.5305 THz )
      3     31.5089 cm^-1  (      0.9446 THz )

 # Irred. k point   50 : (  0.0000,  0.0667,  0.2000)
   Mode, Frequency 
      1     17.2307 cm^-1  (      0.5166 THz )
      2     20.2227 cm^-1  (      0.6063 THz )
      3     37.9348 cm^-1  (      1.1373 THz )

 # Irred. k point   51 : (  0.0000,  0.0667,  0.2333)
   Mode, Frequency 
      1     19.6246 cm^-1  (      0.5883 THz )
      2     22.5967 cm^-1  (      0.6774 THz )
      3     44.1522 cm^-1  (      1.3237 THz )

 # Irred. k point   52 : (  0.0000,  0.0667,  0.2667)
   Mode, Frequency 
      1     22.0064 cm^-1  (      0.6597 THz )
      2     24.7750 cm^-1  (      0.7427 THz )
      3     50.0448 cm^-1  (      1.5003 THz )

 # Irred. k point   53 : (  0.0000,  0.0667,  0.3000)
   Mode, Frequency 
      1     24.2908 cm^-1  (      0.7282 THz )
      2     26.7207 cm^-1  (      0.8011 THz )
      3     55.5021 cm^-1  (      1.6639 THz )

 # Irred. k point   54 : (  0.0000,  0.0667,  0.3333)
   Mode, Frequency 
      1     26.4143 cm^-1  (      0.7919 THz )
      2     28.4018 cm^-1  (      0.8515 THz )
      3     60.4190 cm^-1  (      1.8113 THz )

 # Irred. k point   55 : (  0.0000,  0.0667,  0.3667)
   Mode, Frequency 
      1     28.3275 cm^-1  (      0.8492 THz )
      2     29.7906 cm^-1  (      0.8931 THz )
      3     64.6990 cm^-1  (      1.9396 THz )

 # Irred. k point   56 : (  0.0000,  0.0667,  0.4000)
   Mode, Frequency 
      1     29.9907 cm^-1  (      0.8991 THz )
      2     30.8644 cm^-1  (      0.9253 THz )
      3     68.2575 cm^-1  (      2.0463 THz )

 # Irred. k point   57 : (  0.0000,  0.0667,  0.4333)
   Mode, Frequency 
      1     31.3718 cm^-1  (      0.9405 THz )
      2     31.6061 cm^-1  (      0.9475 THz )
      3     71.0246 cm^-1  (      2.1293 THz )

 # Irred. k point   58 : (  0.0000,  0.0667,  0.4667)
   Mode, Frequency 
      1     32.0041 cm^-1  (      0.9595 THz )
      2     32.4452 cm^-1  (      0.9727 THz )
      3     72.9469 cm^-1  (      2.1869 THz )

 # Irred. k point   59 : (  0.0000,  0.0667, -0.5000)
   Mode, Frequency 
      1     32.0526 cm^-1  (      0.9609 THz )
      2     33.1910 cm^-1  (      0.9950 THz )
      3     73.9878 cm^-1  (      2.2181 THz )

 # Irred. k point   60 : (  0.0000,  0.0667, -0.4667)
   Mode, Frequency 
      1     31.7512 cm^-1  (      0.9519 THz )
      2     33.5951 cm^-1  (      1.0072 THz )
      3     74.1282 cm^-1  (      2.2223 THz )

 # Irred. k point   61 : (  0.0000,  0.0667, -0.4333)
   Mode, Frequency 
      1     31.1048 cm^-1  (      0.9325 THz )
      2     33.6495 cm^-1  (      1.0088 THz )
      3     73.3661 cm^-1  (      2.1995 THz )

 # Irred. k point   62 : (  0.0000,  0.0667, -0.4000)
   Mode, Frequency 
      1     30.1231 cm^-1  (      0.9031 THz )
      2     33.3524 cm^-1  (      0.9999 THz )
      3     71.7167 cm^-1  (      2.1500 THz )

 # Irred. k point   63 : (  0.0000,  0.0667, -0.3667)
   Mode, Frequency 
      1     28.8202 cm^-1  (      0.8640 THz )
      2     32.7082 cm^-1  (      0.9806 THz )
      3     69.2123 cm^-1  (      2.0749 THz )

 # Irred. k point   64 : (  0.0000,  0.0667, -0.3333)
   Mode, Frequency 
      1     27.2148 cm^-1  (      0.8159 THz )
      2     31.7277 cm^-1  (      0.9512 THz )
      3     65.9028 cm^-1  (      1.9757 THz )

 # Irred. k point   65 : (  0.0000,  0.0667, -0.3000)
   Mode, Frequency 
      1     25.3301 cm^-1  (      0.7594 THz )
      2     30.4271 cm^-1  (      0.9122 THz )
      3     61.8550 cm^-1  (      1.8544 THz )

 # Irred. k point   66 : (  0.0000,  0.0667, -0.2667)
   Mode, Frequency 
      1     23.1945 cm^-1  (      0.6954 THz )
      2     28.8280 cm^-1  (      0.8642 THz )
      3     57.1517 cm^-1  (      1.7134 THz )

 # Irred. k point   67 : (  0.0000,  0.0667, -0.2333)
   Mode, Frequency 
      1     20.8421 cm^-1  (      0.6248 THz )
      2     26.9553 cm^-1  (      0.8081 THz )
      3     51.8904 cm^-1  (      1.5556 THz )

 # Irred. k point   68 : (  0.0000,  0.0667, -0.2000)
   Mode, Frequency 
      1     18.3149 cm^-1  (      0.5491 THz )
      2     24.8360 cm^-1  (      0.7446 THz )
      3     46.1816 cm^-1  (      1.3845 THz )

 # Irred. k point   69 : (  0.0000,  0.0667, -0.1667)
   Mode, Frequency 
      1     15.6666 cm^-1  (      0.4697 THz )
      2     22.4946 cm^-1  (      0.6744 THz )
      3     40.1501 cm^-1  (      1.2037 THz )

 # Irred. k point   70 : (  0.0000,  0.0667, -0.1333)
   Mode, Frequency 
      1     12.9717 cm^-1  (      0.3889 THz )
      2     19.9437 cm^-1  (      0.5979 THz )
      3     33.9438 cm^-1  (      1.0176 THz )

 # Irred. k point   71 : (  0.0000,  0.0667, -0.1000)
   Mode, Frequency 
      1     10.3493 cm^-1  (      0.3103 THz )
      2     17.1549 cm^-1  (      0.5143 THz )
      3     27.7702 cm^-1  (      0.8325 THz )

 # Irred. k point   72 : (  0.0000,  0.0667, -0.0667)
   Mode, Frequency 
      1      8.0250 cm^-1  (      0.2406 THz )
      2     13.9798 cm^-1  (      0.4191 THz )
      3     22.0061 cm^-1  (      0.6597 THz )

 # Irred. k point   73 : (  0.0000,  0.1000,  0.1000)
   Mode, Frequency 
      1     14.6871 cm^-1  (      0.4403 THz )
      2     14.6871 cm^-1  (      0.4403 THz )
      3     20.2518 cm^-1  (      0.6071 THz )

 # Irred. k point   74 : (  0.0000,  0.1000,  0.1333)
   Mode, Frequency 
      1     16.3636 cm^-1  (      0.4906 THz )
      2     17.1239 cm^-1  (      0.5134 THz )
      3     24.9587 cm^-1  (      0.7482 THz )

 # Irred. k point   75 : (  0.0000,  0.1000,  0.1667)
   Mode, Frequency 
      1     17.7957 cm^-1  (      0.5335 THz )
      2     19.5863 cm^-1  (      0.5872 THz )
      3     30.8160 cm^-1  (      0.9238 THz )

 # Irred. k point   76 : (  0.0000,  0.1000,  0.2000)
   Mode, Frequency 
      1     19.5238 cm^-1  (      0.5853 THz )
      2     21.9836 cm^-1  (      0.6591 THz )
      3     36.8897 cm^-1  (      1.1059 THz )

 # Irred. k point   77 : (  0.0000,  0.1000,  0.2333)
   Mode, Frequency 
      1     21.5122 cm^-1  (      0.6449 THz )
      2     24.2511 cm^-1  (      0.7270 THz )
      3     42.8867 cm^-1  (      1.2857 THz )

 # Irred. k point   78 : (  0.0000,  0.1000,  0.2667)
   Mode, Frequency 
      1     23.6440 cm^-1  (      0.7088 THz )
      2     26.3385 cm^-1  (      0.7896 THz )
      3     48.6426 cm^-1  (      1.4583 THz )

 # Irred. k point   79 : (  0.0000,  0.1000,  0.3000)
   Mode, Frequency 
      1     25.8094 cm^-1  (      0.7737 THz )
      2     28.2044 cm^-1  (      0.8455 THz )
      3     54.0280 cm^-1  (      1.6197 THz )

 # Irred. k point   80 : (  0.0000,  0.1000,  0.3333)
   Mode, Frequency 
      1     27.9186 cm^-1  (      0.8370 THz )
      2     29.8132 cm^-1  (      0.8938 THz )
      3     58.9294 cm^-1  (      1.7667 THz )

 # Irred. k point   81 : (  0.0000,  0.1000,  0.3667)
   Mode, Frequency 
      1     29.8996 cm^-1  (      0.8964 THz )
      2     31.1351 cm^-1  (      0.9334 THz )
      3     63.2454 cm^-1  (      1.8961 THz )

 # Irred. k point   82 : (  0.0000,  0.1000,  0.4000)
   Mode, Frequency 
      1     31.6947 cm^-1  (      0.9502 THz )
      2     32.1460 cm^-1  (      0.9637 THz )
      3     66.8888 cm^-1  (      2.0053 THz )

 # Irred. k point   83 : (  0.0000,  0.1000,  0.4333)
   Mode, Frequency 
      1     32.8275 cm^-1  (      0.9841 THz )
      2     33.2565 cm^-1  (      0.9970 THz )
      3     69.7872 cm^-1  (      2.0922 THz )

 # Irred. k point   84 : (  0.0000,  0.1000,  0.4667)
   Mode, Frequency 
      1     33.1681 cm^-1  (      0.9944 THz )
      2     34.5461 cm^-1  (      1.0357 THz )
      3     71.8851 cm^-1  (      2.1551 THz )

 # Irred. k point   85 : (  0.0000,  0.1000, -0.5000)
   Mode, Frequency 
      1     33.1622 cm^-1  (      0.9942 THz )
      2     35.5323 cm^-1  (      1.0652 THz )
      3     73.1438 cm^-1  (      2.1928 THz )

 # Irred. k point   86 : (  0.0000,  0.1000, -0.4667)
   Mode, Frequency 
      1     32.8106 cm^-1  (      0.9836 THz )
      2     36.1909 cm^-1  (      1.0850 THz )
      3     73.5417 cm^-1  (      2.2047 THz )

 # Irred. k point   87 : (  0.0000,  0.1000, -0.4333)
   Mode, Frequency 
      1     32.1197 cm^-1  (      0.9629 THz )
      2     36.5050 cm^-1  (      1.0944 THz )
      3     73.0735 cm^-1  (      2.1907 THz )

 # Irred. k point   88 : (  0.0000,  0.1000, -0.4000)
   Mode, Frequency 
      1     31.1013 cm^-1  (      0.9324 THz )
      2     36.4651 cm^-1  (      1.0932 THz )
      3     71.7506 cm^-1  (      2.1510 THz )

 # Irred. k point   89 : (  0.0000,  0.1000, -0.3667)
   Mode, Frequency 
      1     29.7720 cm^-1  (      0.8925 THz )
      2     36.0690 cm^-1  (      1.0813 THz )
      3     69.6011 cm^-1  (      2.0866 THz )

 # Irred. k point   90 : (  0.0000,  0.1000, -0.3333)
   Mode, Frequency 
      1     28.1531 cm^-1  (      0.8440 THz )
      2     35.3213 cm^-1  (      1.0589 THz )
      3     66.6701 cm^-1  (      1.9987 THz )

 # Irred. k point   91 : (  0.0000,  0.1000, -0.3000)
   Mode, Frequency 
      1     26.2712 cm^-1  (      0.7876 THz )
      2     34.2323 cm^-1  (      1.0263 THz )
      3     63.0210 cm^-1  (      1.8893 THz )

 # Irred. k point   92 : (  0.0000,  0.1000, -0.2667)
   Mode, Frequency 
      1     24.1590 cm^-1  (      0.7243 THz )
      2     32.8159 cm^-1  (      0.9838 THz )
      3     58.7356 cm^-1  (      1.7608 THz )

 # Irred. k point   93 : (  0.0000,  0.1000, -0.2333)
   Mode, Frequency 
      1     21.8574 cm^-1  (      0.6553 THz )
      2     31.0864 cm^-1  (      0.9319 THz )
      3     53.9159 cm^-1  (      1.6164 THz )

 # Irred. k point   94 : (  0.0000,  0.1000, -0.2000)
   Mode, Frequency 
      1     19.4192 cm^-1  (      0.5822 THz )
      2     29.0531 cm^-1  (      0.8710 THz )
      3     48.6872 cm^-1  (      1.4596 THz )

 # Irred. k point   95 : (  0.0000,  0.1000, -0.1667)
   Mode, Frequency 
      1     16.9153 cm^-1  (      0.5071 THz )
      2     26.7099 cm^-1  (      0.8007 THz )
      3     43.2065 cm^-1  (      1.2953 THz )

 # Irred. k point   96 : (  0.0000,  0.1000, -0.1333)
   Mode, Frequency 
      1     14.4481 cm^-1  (      0.4331 THz )
      2     24.0157 cm^-1  (      0.7200 THz )
      3     37.6832 cm^-1  (      1.1297 THz )

 # Irred. k point   97 : (  0.0000,  0.1000, -0.1000)
   Mode, Frequency 
      1     12.1758 cm^-1  (      0.3650 THz )
      2     20.8706 cm^-1  (      0.6257 THz )
      3     32.4124 cm^-1  (      0.9717 THz )

 # Irred. k point   98 : (  0.0000,  0.1333,  0.1333)
   Mode, Frequency 
      1     19.3800 cm^-1  (      0.5810 THz )
      2     19.3800 cm^-1  (      0.5810 THz )
      3     27.0119 cm^-1  (      0.8098 THz )

 # Irred. k point   99 : (  0.0000,  0.1333,  0.1667)
   Mode, Frequency 
      1     21.1762 cm^-1  (      0.6348 THz )
      2     21.6975 cm^-1  (      0.6505 THz )
      3     31.3511 cm^-1  (      0.9399 THz )

 # Irred. k point  100 : (  0.0000,  0.1333,  0.2000)
   Mode, Frequency 
      1     22.6625 cm^-1  (      0.6794 THz )
      2     23.9781 cm^-1  (      0.7188 THz )
      3     36.6896 cm^-1  (      1.0999 THz )

 # Irred. k point  101 : (  0.0000,  0.1333,  0.2333)
   Mode, Frequency 
      1     24.3081 cm^-1  (      0.7287 THz )
      2     26.1498 cm^-1  (      0.7839 THz )
      3     42.2525 cm^-1  (      1.2667 THz )

 # Irred. k point  102 : (  0.0000,  0.1333,  0.2667)
   Mode, Frequency 
      1     26.1560 cm^-1  (      0.7841 THz )
      2     28.1563 cm^-1  (      0.8441 THz )
      3     47.7188 cm^-1  (      1.4306 THz )

 # Irred. k point  103 : (  0.0000,  0.1333,  0.3000)
   Mode, Frequency 
      1     28.1369 cm^-1  (      0.8435 THz )
      2     29.9518 cm^-1  (      0.8979 THz )
      3     52.9052 cm^-1  (      1.5861 THz )

 # Irred. k point  104 : (  0.0000,  0.1333,  0.3333)
   Mode, Frequency 
      1     30.1625 cm^-1  (      0.9042 THz )
      2     31.4981 cm^-1  (      0.9443 THz )
      3     57.6762 cm^-1  (      1.7291 THz )

 # Irred. k point  105 : (  0.0000,  0.1333,  0.3667)
   Mode, Frequency 
      1     32.1496 cm^-1  (      0.9638 THz )
      2     32.7630 cm^-1  (      0.9822 THz )
      3     61.9209 cm^-1  (      1.8563 THz )

 # Irred. k point  106 : (  0.0000,  0.1333,  0.4000)
   Mode, Frequency 
      1     33.7209 cm^-1  (      1.0109 THz )
      2     34.0256 cm^-1  (      1.0201 THz )
      3     65.5475 cm^-1  (      1.9651 THz )

 # Irred. k point  107 : (  0.0000,  0.1333,  0.4333)
   Mode, Frequency 
      1     34.3528 cm^-1  (      1.0299 THz )
      2     35.7279 cm^-1  (      1.0711 THz )
      3     68.4820 cm^-1  (      2.0530 THz )

 # Irred. k point  108 : (  0.0000,  0.1333,  0.4667)
   Mode, Frequency 
      1     34.6466 cm^-1  (      1.0387 THz )
      2     37.2032 cm^-1  (      1.1153 THz )
      3     70.6683 cm^-1  (      2.1186 THz )

 # Irred. k point  109 : (  0.0000,  0.1333, -0.5000)
   Mode, Frequency 
      1     34.5973 cm^-1  (      1.0372 THz )
      2     38.4060 cm^-1  (      1.1514 THz )
      3     72.0678 cm^-1  (      2.1605 THz )

 # Irred. k point  110 : (  0.0000,  0.1333, -0.4667)
   Mode, Frequency 
      1     34.2066 cm^-1  (      1.0255 THz )
      2     39.2989 cm^-1  (      1.1782 THz )
      3     72.6591 cm^-1  (      2.1783 THz )

 # Irred. k point  111 : (  0.0000,  0.1333, -0.4333)
   Mode, Frequency 
      1     33.4828 cm^-1  (      1.0038 THz )
      2     39.8529 cm^-1  (      1.1948 THz )
      3     72.4370 cm^-1  (      2.1716 THz )

 # Irred. k point  112 : (  0.0000,  0.1333, -0.4000)
   Mode, Frequency 
      1     32.4399 cm^-1  (      0.9725 THz )
      2     40.0471 cm^-1  (      1.2006 THz )
      3     71.4124 cm^-1  (      2.1409 THz )

 # Irred. k point  113 : (  0.0000,  0.1333, -0.3667)
   Mode, Frequency 
      1     31.0973 cm^-1  (      0.9323 THz )
      2     39.8686 cm^-1  (      1.1952 THz )
      3     69.6120 cm^-1  (      2.0869 THz )

 # Irred. k point  114 : (  0.0000,  0.1333, -0.3333)
   Mode, Frequency 
      1     29.4797 cm^-1  (      0.8838 THz )
      2     39.3116 cm^-1  (      1.1785 THz )
      3     67.0801 cm^-1  (      2.0110 THz )

 # Irred. k point  115 : (  0.0000,  0.1333, -0.3000)
   Mode, Frequency 
      1     27.6175 cm^-1  (      0.8280 THz )
      2     38.3747 cm^-1  (      1.1504 THz )
      3     63.8800 cm^-1  (      1.9151 THz )

 # Irred. k point  116 : (  0.0000,  0.1333, -0.2667)
   Mode, Frequency 
      1     25.5483 cm^-1  (      0.7659 THz )
      2     37.0575 cm^-1  (      1.1110 THz )
      3     60.0974 cm^-1  (      1.8017 THz )

 # Irred. k point  117 : (  0.0000,  0.1333, -0.2333)
   Mode, Frequency 
      1     23.3197 cm^-1  (      0.6991 THz )
      2     35.3546 cm^-1  (      1.0599 THz )
      3     55.8448 cm^-1  (      1.6742 THz )

 # Irred. k point  118 : (  0.0000,  0.1333, -0.2000)
   Mode, Frequency 
      1     20.9936 cm^-1  (      0.6294 THz )
      2     33.2471 cm^-1  (      0.9967 THz )
      3     51.2686 cm^-1  (      1.5370 THz )

 # Irred. k point  119 : (  0.0000,  0.1333, -0.1667)
   Mode, Frequency 
      1     18.6535 cm^-1  (      0.5592 THz )
      2     30.6937 cm^-1  (      0.9202 THz )
      3     46.5580 cm^-1  (      1.3958 THz )

 # Irred. k point  120 : (  0.0000,  0.1333, -0.1333)
   Mode, Frequency 
      1     16.4165 cm^-1  (      0.4922 THz )
      2     27.6306 cm^-1  (      0.8283 THz )
      3     41.9471 cm^-1  (      1.2575 THz )

 # Irred. k point  121 : (  0.0000,  0.1667,  0.1667)
   Mode, Frequency 
      1     23.8954 cm^-1  (      0.7164 THz )
      2     23.8954 cm^-1  (      0.7164 THz )
      3     33.7110 cm^-1  (      1.0106 THz )

 # Irred. k point  122 : (  0.0000,  0.1667,  0.2000)
   Mode, Frequency 
      1     25.7504 cm^-1  (      0.7720 THz )
      2     26.0792 cm^-1  (      0.7818 THz )
      3     37.7289 cm^-1  (      1.1311 THz )

 # Irred. k point  123 : (  0.0000,  0.1667,  0.2333)
   Mode, Frequency 
      1     27.3374 cm^-1  (      0.8196 THz )
      2     28.1718 cm^-1  (      0.8446 THz )
      3     42.5270 cm^-1  (      1.2749 THz )

 # Irred. k point  124 : (  0.0000,  0.1667,  0.2667)
   Mode, Frequency 
      1     29.0052 cm^-1  (      0.8696 THz )
      2     30.1128 cm^-1  (      0.9028 THz )
      3     47.5002 cm^-1  (      1.4240 THz )

 # Irred. k point  125 : (  0.0000,  0.1667,  0.3000)
   Mode, Frequency 
      1     30.8218 cm^-1  (      0.9240 THz )
      2     31.8526 cm^-1  (      0.9549 THz )
      3     52.3372 cm^-1  (      1.5690 THz )

 # Irred. k point  126 : (  0.0000,  0.1667,  0.3333)
   Mode, Frequency 
      1     32.7483 cm^-1  (      0.9818 THz )
      2     33.3503 cm^-1  (      0.9998 THz )
      3     56.8503 cm^-1  (      1.7043 THz )

 # Irred. k point  127 : (  0.0000,  0.1667,  0.3667)
   Mode, Frequency 
      1     34.5720 cm^-1  (      1.0364 THz )
      2     34.7145 cm^-1  (      1.0407 THz )
      3     60.9062 cm^-1  (      1.8259 THz )

 # Irred. k point  128 : (  0.0000,  0.1667,  0.4000)
   Mode, Frequency 
      1     35.4905 cm^-1  (      1.0640 THz )
      2     36.6450 cm^-1  (      1.0986 THz )
      3     64.4033 cm^-1  (      1.9308 THz )

 # Irred. k point  129 : (  0.0000,  0.1667,  0.4333)
   Mode, Frequency 
      1     36.0860 cm^-1  (      1.0818 THz )
      2     38.4675 cm^-1  (      1.1532 THz )
      3     67.2640 cm^-1  (      2.0165 THz )

 # Irred. k point  130 : (  0.0000,  0.1667,  0.4667)
   Mode, Frequency 
      1     36.3460 cm^-1  (      1.0896 THz )
      2     40.1154 cm^-1  (      1.2026 THz )
      3     69.4323 cm^-1  (      2.0815 THz )

 # Irred. k point  131 : (  0.0000,  0.1667, -0.5000)
   Mode, Frequency 
      1     36.2657 cm^-1  (      1.0872 THz )
      2     41.5287 cm^-1  (      1.2450 THz )
      3     70.8720 cm^-1  (      2.1247 THz )

 # Irred. k point  132 : (  0.0000,  0.1667, -0.4667)
   Mode, Frequency 
      1     35.8479 cm^-1  (      1.0747 THz )
      2     42.6542 cm^-1  (      1.2787 THz )
      3     71.5653 cm^-1  (      2.1455 THz )

 # Irred. k point  133 : (  0.0000,  0.1667, -0.4333)
   Mode, Frequency 
      1     35.1025 cm^-1  (      1.0523 THz )
      2     43.4465 cm^-1  (      1.3025 THz )
      3     71.5116 cm^-1  (      2.1439 THz )

 # Irred. k point  134 : (  0.0000,  0.1667, -0.4000)
   Mode, Frequency 
      1     34.0459 cm^-1  (      1.0207 THz )
      2     43.8681 cm^-1  (      1.3151 THz )
      3     70.7266 cm^-1  (      2.1203 THz )

 # Irred. k point  135 : (  0.0000,  0.1667, -0.3667)
   Mode, Frequency 
      1     32.7002 cm^-1  (      0.9803 THz )
      2     43.8895 cm^-1  (      1.3158 THz )
      3     69.2423 cm^-1  (      2.0758 THz )

 # Irred. k point  136 : (  0.0000,  0.1667, -0.3333)
   Mode, Frequency 
      1     31.0935 cm^-1  (      0.9322 THz )
      2     43.4869 cm^-1  (      1.3037 THz )
      3     67.1087 cm^-1  (      2.0119 THz )

 # Irred. k point  137 : (  0.0000,  0.1667, -0.3000)
   Mode, Frequency 
      1     29.2603 cm^-1  (      0.8772 THz )
      2     42.6391 cm^-1  (      1.2783 THz )
      3     64.3970 cm^-1  (      1.9306 THz )

 # Irred. k point  138 : (  0.0000,  0.1667, -0.2667)
   Mode, Frequency 
      1     27.2427 cm^-1  (      0.8167 THz )
      2     41.3223 cm^-1  (      1.2388 THz )
      3     61.2042 cm^-1  (      1.8349 THz )

 # Irred. k point  139 : (  0.0000,  0.1667, -0.2333)
   Mode, Frequency 
      1     25.0936 cm^-1  (      0.7523 THz )
      2     39.5049 cm^-1  (      1.1843 THz )
      3     57.6581 cm^-1  (      1.7285 THz )

 # Irred. k point  140 : (  0.0000,  0.1667, -0.2000)
   Mode, Frequency 
      1     22.8808 cm^-1  (      0.6859 THz )
      2     37.1454 cm^-1  (      1.1136 THz )
      3     53.9184 cm^-1  (      1.6164 THz )

 # Irred. k point  141 : (  0.0000,  0.1667, -0.1667)
   Mode, Frequency 
      1     20.6941 cm^-1  (      0.6204 THz )
      2     34.2065 cm^-1  (      1.0255 THz )
      3     50.1638 cm^-1  (      1.5039 THz )

 # Irred. k point  142 : (  0.0000,  0.2000,  0.2000)
   Mode, Frequency 
      1     28.1853 cm^-1  (      0.8450 THz )
      2     28.1853 cm^-1  (      0.8450 THz )
      3     40.2658 cm^-1  (      1.2071 THz )

 # Irred. k point  143 : (  0.0000,  0.2000,  0.2333)
   Mode, Frequency 
      1     30.0403 cm^-1  (      0.9006 THz )
      2     30.2162 cm^-1  (      0.9059 THz )
      3     43.9697 cm^-1  (      1.3182 THz )

 # Irred. k point  144 : (  0.0000,  0.2000,  0.2667)
   Mode, Frequency 
      1     31.7149 cm^-1  (      0.9508 THz )
      2     32.1078 cm^-1  (      0.9626 THz )
      3     48.2119 cm^-1  (      1.4454 THz )

 # Irred. k point  145 : (  0.0000,  0.2000,  0.3000)
   Mode, Frequency 
      1     33.4472 cm^-1  (      1.0027 THz )
      2     33.8075 cm^-1  (      1.0135 THz )
      3     52.5319 cm^-1  (      1.5749 THz )

 # Irred. k point  146 : (  0.0000,  0.2000,  0.3333)
   Mode, Frequency 
      1     35.2720 cm^-1  (      1.0574 THz )
      2     35.2975 cm^-1  (      1.0582 THz )
      3     56.6540 cm^-1  (      1.6984 THz )

 # Irred. k point  147 : (  0.0000,  0.2000,  0.3667)
   Mode, Frequency 
      1     36.4653 cm^-1  (      1.0932 THz )
      2     37.2401 cm^-1  (      1.1164 THz )
      3     60.4021 cm^-1  (      1.8108 THz )

 # Irred. k point  148 : (  0.0000,  0.2000,  0.4000)
   Mode, Frequency 
      1     37.3591 cm^-1  (      1.1200 THz )
      2     39.2153 cm^-1  (      1.1756 THz )
      3     63.6545 cm^-1  (      1.9083 THz )

 # Irred. k point  149 : (  0.0000,  0.2000,  0.4333)
   Mode, Frequency 
      1     37.9324 cm^-1  (      1.1372 THz )
      2     41.1516 cm^-1  (      1.2337 THz )
      3     66.3251 cm^-1  (      1.9884 THz )

 # Irred. k point  150 : (  0.0000,  0.2000,  0.4667)
   Mode, Frequency 
      1     38.1723 cm^-1  (      1.1444 THz )
      2     42.9747 cm^-1  (      1.2884 THz )
      3     68.3563 cm^-1  (      2.0493 THz )

 # Irred. k point  151 : (  0.0000,  0.2000, -0.5000)
   Mode, Frequency 
      1     38.0741 cm^-1  (      1.1414 THz )
      2     44.6115 cm^-1  (      1.3374 THz )
      3     69.7148 cm^-1  (      2.0900 THz )

 # Irred. k point  152 : (  0.0000,  0.2000, -0.4667)
   Mode, Frequency 
      1     37.6412 cm^-1  (      1.1285 THz )
      2     45.9915 cm^-1  (      1.3788 THz )
      3     70.3898 cm^-1  (      2.1102 THz )

 # Irred. k point  153 : (  0.0000,  0.2000, -0.4333)
   Mode, Frequency 
      1     36.8849 cm^-1  (      1.1058 THz )
      2     47.0483 cm^-1  (      1.4105 THz )
      3     70.3913 cm^-1  (      2.1103 THz )

 # Irred. k point  154 : (  0.0000,  0.2000, -0.4000)
   Mode, Frequency 
      1     35.8235 cm^-1  (      1.0740 THz )
      2     47.7202 cm^-1  (      1.4306 THz )
      3     69.7485 cm^-1  (      2.0910 THz )

 # Irred. k point  155 : (  0.0000,  0.2000, -0.3667)
   Mode, Frequency 
      1     34.4820 cm^-1  (      1.0337 THz )
      2     47.9493 cm^-1  (      1.4375 THz )
      3     68.5107 cm^-1  (      2.0539 THz )

 # Irred. k point  156 : (  0.0000,  0.2000, -0.3333)
   Mode, Frequency 
      1     32.8917 cm^-1  (      0.9861 THz )
      2     47.6799 cm^-1  (      1.4294 THz )
      3     66.7483 cm^-1  (      2.0011 THz )

 # Irred. k point  157 : (  0.0000,  0.2000, -0.3000)
   Mode, Frequency 
      1     31.0905 cm^-1  (      0.9321 THz )
      2     46.8554 cm^-1  (      1.4047 THz )
      3     64.5560 cm^-1  (      1.9353 THz )

 # Irred. k point  158 : (  0.0000,  0.2000, -0.2667)
   Mode, Frequency 
      1     29.1244 cm^-1  (      0.8731 THz )
      2     45.4185 cm^-1  (      1.3616 THz )
      3     62.0522 cm^-1  (      1.8603 THz )

 # Irred. k point  159 : (  0.0000,  0.2000, -0.2333)
   Mode, Frequency 
      1     27.0499 cm^-1  (      0.8109 THz )
      2     43.3205 cm^-1  (      1.2987 THz )
      3     59.3694 cm^-1  (      1.7798 THz )

 # Irred. k point  160 : (  0.0000,  0.2000, -0.2000)
   Mode, Frequency 
      1     24.9383 cm^-1  (      0.7476 THz )
      2     40.5463 cm^-1  (      1.2155 THz )
      3     56.6303 cm^-1  (      1.6977 THz )

 # Irred. k point  161 : (  0.0000,  0.2333,  0.2333)
   Mode, Frequency 
      1     32.2003 cm^-1  (      0.9653 THz )
      2     32.2003 cm^-1  (      0.9653 THz )
      3     46.5694 cm^-1  (      1.3961 THz )

 # Irred. k point  162 : (  0.0000,  0.2333,  0.2667)
   Mode, Frequency 
      1     34.0029 cm^-1  (      1.0194 THz )
      2     34.0571 cm^-1  (      1.0210 THz )
      3     49.9416 cm^-1  (      1.4972 THz )

 # Irred. k point  163 : (  0.0000,  0.2333,  0.3000)
   Mode, Frequency 
      1     35.7248 cm^-1  (      1.0710 THz )
      2     35.7312 cm^-1  (      1.0712 THz )
      3     53.6151 cm^-1  (      1.6073 THz )

 # Irred. k point  164 : (  0.0000,  0.2333,  0.3333)
   Mode, Frequency 
      1     37.1769 cm^-1  (      1.1145 THz )
      2     37.5218 cm^-1  (      1.1249 THz )
      3     57.2392 cm^-1  (      1.7160 THz )

 # Irred. k point  165 : (  0.0000,  0.2333,  0.3667)
   Mode, Frequency 
      1     38.3562 cm^-1  (      1.1499 THz )
      2     39.4340 cm^-1  (      1.1822 THz )
      3     60.5843 cm^-1  (      1.8163 THz )

 # Irred. k point  166 : (  0.0000,  0.2333,  0.4000)
   Mode, Frequency 
      1     39.2395 cm^-1  (      1.1764 THz )
      2     41.4364 cm^-1  (      1.2422 THz )
      3     63.4980 cm^-1  (      1.9036 THz )

 # Irred. k point  167 : (  0.0000,  0.2333,  0.4333)
   Mode, Frequency 
      1     39.8046 cm^-1  (      1.1933 THz )
      2     43.4722 cm^-1  (      1.3033 THz )
      3     65.8783 cm^-1  (      1.9750 THz )

 # Irred. k point  168 : (  0.0000,  0.2333,  0.4667)
   Mode, Frequency 
      1     40.0379 cm^-1  (      1.2003 THz )
      2     45.4693 cm^-1  (      1.3631 THz )
      3     67.6604 cm^-1  (      2.0284 THz )

 # Irred. k point  169 : (  0.0000,  0.2333, -0.5000)
   Mode, Frequency 
      1     39.9344 cm^-1  (      1.1972 THz )
      2     47.3476 cm^-1  (      1.4194 THz )
      3     68.8111 cm^-1  (      2.0629 THz )

 # Irred. k point  170 : (  0.0000,  0.2333, -0.4667)
   Mode, Frequency 
      1     39.4979 cm^-1  (      1.1841 THz )
      2     49.0220 cm^-1  (      1.4696 THz )
      3     69.3266 cm^-1  (      2.0784 THz )

 # Irred. k point  171 : (  0.0000,  0.2333, -0.4333)
   Mode, Frequency 
      1     38.7406 cm^-1  (      1.1614 THz )
      2     50.4028 cm^-1  (      1.5110 THz )
      3     69.2313 cm^-1  (      2.0755 THz )

 # Irred. k point  172 : (  0.0000,  0.2333, -0.4000)
   Mode, Frequency 
      1     37.6824 cm^-1  (      1.1297 THz )
      2     51.3932 cm^-1  (      1.5407 THz )
      3     68.5803 cm^-1  (      2.0560 THz )

 # Irred. k point  173 : (  0.0000,  0.2333, -0.3667)
   Mode, Frequency 
      1     36.3505 cm^-1  (      1.0898 THz )
      2     51.8853 cm^-1  (      1.5555 THz )
      3     67.4629 cm^-1  (      2.0225 THz )

 # Irred. k point  174 : (  0.0000,  0.2333, -0.3333)
   Mode, Frequency 
      1     34.7790 cm^-1  (      1.0426 THz )
      2     51.7564 cm^-1  (      1.5516 THz )
      3     66.0063 cm^-1  (      1.9788 THz )

 # Irred. k point  175 : (  0.0000,  0.2333, -0.3000)
   Mode, Frequency 
      1     33.0089 cm^-1  (      0.9896 THz )
      2     50.8778 cm^-1  (      1.5253 THz )
      3     64.3656 cm^-1  (      1.9296 THz )

 # Irred. k point  176 : (  0.0000,  0.2333, -0.2667)
   Mode, Frequency 
      1     31.0889 cm^-1  (      0.9320 THz )
      2     49.1570 cm^-1  (      1.4737 THz )
      3     62.6826 cm^-1  (      1.8792 THz )

 # Irred. k point  177 : (  0.0000,  0.2333, -0.2333)
   Mode, Frequency 
      1     29.0784 cm^-1  (      0.8717 THz )
      2     46.5988 cm^-1  (      1.3970 THz )
      3     61.0244 cm^-1  (      1.8295 THz )

 # Irred. k point  178 : (  0.0000,  0.2667,  0.2667)
   Mode, Frequency 
      1     35.8911 cm^-1  (      1.0760 THz )
      2     35.8911 cm^-1  (      1.0760 THz )
      3     52.5003 cm^-1  (      1.5739 THz )

 # Irred. k point  179 : (  0.0000,  0.2667,  0.3000)
   Mode, Frequency 
      1     37.5518 cm^-1  (      1.1258 THz )
      2     37.5951 cm^-1  (      1.1271 THz )
      3     55.5094 cm^-1  (      1.6641 THz )

 # Irred. k point  180 : (  0.0000,  0.2667,  0.3333)
   Mode, Frequency 
      1     38.9911 cm^-1  (      1.1689 THz )
      2     39.3137 cm^-1  (      1.1786 THz )
      3     58.6031 cm^-1  (      1.7569 THz )

 # Irred. k point  181 : (  0.0000,  0.2667,  0.3667)
   Mode, Frequency 
      1     40.1693 cm^-1  (      1.2042 THz )
      2     41.1479 cm^-1  (      1.2336 THz )
      3     61.5110 cm^-1  (      1.8441 THz )

 # Irred. k point  182 : (  0.0000,  0.2667,  0.4000)
   Mode, Frequency 
      1     41.0549 cm^-1  (      1.2308 THz )
      2     43.1179 cm^-1  (      1.2926 THz )
      3     64.0485 cm^-1  (      1.9201 THz )

 # Irred. k point  183 : (  0.0000,  0.2667,  0.4333)
   Mode, Frequency 
      1     41.6246 cm^-1  (      1.2479 THz )
      2     45.1942 cm^-1  (      1.3549 THz )
      3     66.0917 cm^-1  (      1.9814 THz )

 # Irred. k point  184 : (  0.0000,  0.2667,  0.4667)
   Mode, Frequency 
      1     41.8638 cm^-1  (      1.2550 THz )
      2     47.3197 cm^-1  (      1.4186 THz )
      3     67.5620 cm^-1  (      2.0255 THz )

 # Irred. k point  185 : (  0.0000,  0.2667, -0.5000)
   Mode, Frequency 
      1     41.7669 cm^-1  (      1.2521 THz )
      2     49.4198 cm^-1  (      1.4816 THz )
      3     68.4175 cm^-1  (      2.0511 THz )

 # Irred. k point  186 : (  0.0000,  0.2667, -0.4667)
   Mode, Frequency 
      1     41.3376 cm^-1  (      1.2393 THz )
      2     51.4078 cm^-1  (      1.5412 THz )
      3     68.6511 cm^-1  (      2.0581 THz )

 # Irred. k point  187 : (  0.0000,  0.2667, -0.4333)
   Mode, Frequency 
      1     40.5885 cm^-1  (      1.2168 THz )
      2     53.1818 cm^-1  (      1.5943 THz )
      3     68.2929 cm^-1  (      2.0474 THz )

 # Irred. k point  188 : (  0.0000,  0.2667, -0.4000)
   Mode, Frequency 
      1     39.5406 cm^-1  (      1.1854 THz )
      2     54.6135 cm^-1  (      1.6373 THz )
      3     67.4223 cm^-1  (      2.0213 THz )

 # Irred. k point  189 : (  0.0000,  0.2667, -0.3667)
   Mode, Frequency 
      1     38.2228 cm^-1  (      1.1459 THz )
      2     55.5169 cm^-1  (      1.6644 THz )
      3     66.1982 cm^-1  (      1.9846 THz )

 # Irred. k point  190 : (  0.0000,  0.2667, -0.3333)
   Mode, Frequency 
      1     36.6713 cm^-1  (      1.0994 THz )
      2     55.6045 cm^-1  (      1.6670 THz )
      3     64.9034 cm^-1  (      1.9458 THz )

 # Irred. k point  191 : (  0.0000,  0.2667, -0.3000)
   Mode, Frequency 
      1     34.9293 cm^-1  (      1.0472 THz )
      2     54.5509 cm^-1  (      1.6354 THz )
      3     63.8797 cm^-1  (      1.9151 THz )

 # Irred. k point  192 : (  0.0000,  0.2667, -0.2667)
   Mode, Frequency 
      1     33.0482 cm^-1  (      0.9908 THz )
      2     52.3061 cm^-1  (      1.5681 THz )
      3     63.2150 cm^-1  (      1.8951 THz )

 # Irred. k point  193 : (  0.0000,  0.3000,  0.3000)
   Mode, Frequency 
      1     39.2090 cm^-1  (      1.1755 THz )
      2     39.2090 cm^-1  (      1.1755 THz )
      3     57.9331 cm^-1  (      1.7368 THz )

 # Irred. k point  194 : (  0.0000,  0.3000,  0.3333)
   Mode, Frequency 
      1     40.6522 cm^-1  (      1.2187 THz )
      2     40.7738 cm^-1  (      1.2224 THz )
      3     60.5426 cm^-1  (      1.8150 THz )

 # Irred. k point  195 : (  0.0000,  0.3000,  0.3667)
   Mode, Frequency 
      1     41.8398 cm^-1  (      1.2543 THz )
      2     42.4365 cm^-1  (      1.2722 THz )
      3     63.0488 cm^-1  (      1.8902 THz )

 # Irred. k point  196 : (  0.0000,  0.3000,  0.4000)
   Mode, Frequency 
      1     42.7388 cm^-1  (      1.2813 THz )
      2     44.2629 cm^-1  (      1.3270 THz )
      3     65.2415 cm^-1  (      1.9559 THz )

 # Irred. k point  197 : (  0.0000,  0.3000,  0.4333)
   Mode, Frequency 
      1     43.3243 cm^-1  (      1.2988 THz )
      2     46.2583 cm^-1  (      1.3868 THz )
      3     66.9758 cm^-1  (      2.0079 THz )

 # Irred. k point  198 : (  0.0000,  0.3000,  0.4667)
   Mode, Frequency 
      1     43.5805 cm^-1  (      1.3065 THz )
      2     48.3891 cm^-1  (      1.4507 THz )
      3     68.1558 cm^-1  (      2.0433 THz )

 # Irred. k point  199 : (  0.0000,  0.3000, -0.5000)
   Mode, Frequency 
      1     43.5010 cm^-1  (      1.3041 THz )
      2     50.5984 cm^-1  (      1.5169 THz )
      3     68.7245 cm^-1  (      2.0603 THz )

 # Irred. k point  200 : (  0.0000,  0.3000, -0.4667)
   Mode, Frequency 
      1     43.0889 cm^-1  (      1.2918 THz )
      2     52.8145 cm^-1  (      1.5833 THz )
      3     68.6584 cm^-1  (      2.0583 THz )

 # Irred. k point  201 : (  0.0000,  0.3000, -0.4333)
   Mode, Frequency 
      1     42.3566 cm^-1  (      1.2698 THz )
      2     54.9536 cm^-1  (      1.6475 THz )
      3     67.9659 cm^-1  (      2.0376 THz )

 # Irred. k point  202 : (  0.0000,  0.3000, -0.4000)
   Mode, Frequency 
      1     41.3258 cm^-1  (      1.2389 THz )
      2     56.9103 cm^-1  (      1.7061 THz )
      3     66.6982 cm^-1  (      1.9996 THz )

 # Irred. k point  203 : (  0.0000,  0.3000, -0.3667)
   Mode, Frequency 
      1     40.0263 cm^-1  (      1.2000 THz )
      2     58.4996 cm^-1  (      1.7538 THz )
      3     65.0070 cm^-1  (      1.9489 THz )

 # Irred. k point  204 : (  0.0000,  0.3000, -0.3333)
   Mode, Frequency 
      1     38.4956 cm^-1  (      1.1541 THz )
      2     59.1250 cm^-1  (      1.7725 THz )
      3     63.4760 cm^-1  (      1.9030 THz )

 # Irred. k point  205 : (  0.0000,  0.3000, -0.3000)
   Mode, Frequency 
      1     36.7790 cm^-1  (      1.1026 THz )
      2     57.5935 cm^-1  (      1.7266 THz )
      3     63.3061 cm^-1  (      1.8979 THz )

 # Irred. k point  206 : (  0.0000,  0.3333,  0.3333)
   Mode, Frequency 
      1     42.1074 cm^-1  (      1.2623 THz )
      2     42.1074 cm^-1  (      1.2623 THz )
      3     62.7474 cm^-1  (      1.8811 THz )

 # Irred. k point  207 : (  0.0000,  0.3333,  0.3667)
   Mode, Frequency 
      1     43.3132 cm^-1  (      1.2985 THz )
      2     43.4974 cm^-1  (      1.3040 THz )
      3     64.9223 cm^-1  (      1.9463 THz )

 # Irred. k point  208 : (  0.0000,  0.3333,  0.4000)
   Mode, Frequency 
      1     44.2345 cm^-1  (      1.3261 THz )
      2     45.0533 cm^-1  (      1.3507 THz )
      3     66.8396 cm^-1  (      2.0038 THz )

 # Irred. k point  209 : (  0.0000,  0.3333,  0.4333)
   Mode, Frequency 
      1     44.8452 cm^-1  (      1.3444 THz )
      2     46.8170 cm^-1  (      1.4035 THz )
      3     68.3378 cm^-1  (      2.0487 THz )

 # Irred. k point  210 : (  0.0000,  0.3333,  0.4667)
   Mode, Frequency 
      1     45.1280 cm^-1  (      1.3529 THz )
      2     48.7815 cm^-1  (      1.4624 THz )
      3     69.3082 cm^-1  (      2.0778 THz )

 # Irred. k point  211 : (  0.0000,  0.3333, -0.5000)
   Mode, Frequency 
      1     45.0753 cm^-1  (      1.3513 THz )
      2     50.9087 cm^-1  (      1.5262 THz )
      3     69.6831 cm^-1  (      2.0890 THz )

 # Irred. k point  212 : (  0.0000,  0.3333, -0.4667)
   Mode, Frequency 
      1     44.6893 cm^-1  (      1.3398 THz )
      2     53.1412 cm^-1  (      1.5931 THz )
      3     69.4277 cm^-1  (      2.0814 THz )

 # Irred. k point  213 : (  0.0000,  0.3333, -0.4333)
   Mode, Frequency 
      1     43.9819 cm^-1  (      1.3185 THz )
      2     55.4109 cm^-1  (      1.6612 THz )
      3     68.5347 cm^-1  (      2.0546 THz )

 # Irred. k point  214 : (  0.0000,  0.3333, -0.4000)
   Mode, Frequency 
      1     42.9745 cm^-1  (      1.2883 THz )
      2     57.6453 cm^-1  (      1.7282 THz )
      3     67.0198 cm^-1  (      2.0092 THz )

 # Irred. k point  215 : (  0.0000,  0.3333, -0.3667)
   Mode, Frequency 
      1     41.6974 cm^-1  (      1.2501 THz )
      2     59.7701 cm^-1  (      1.7919 THz )
      3     64.9198 cm^-1  (      1.9462 THz )

 # Irred. k point  216 : (  0.0000,  0.3333, -0.3333)
   Mode, Frequency 
      1     40.1891 cm^-1  (      1.2048 THz )
      2     61.6385 cm^-1  (      1.8479 THz )
      3     62.3631 cm^-1  (      1.8696 THz )

 # Irred. k point  217 : (  0.0000,  0.3667,  0.3667)
   Mode, Frequency 
      1     44.5437 cm^-1  (      1.3354 THz )
      2     44.5437 cm^-1  (      1.3354 THz )
      3     66.8355 cm^-1  (      2.0037 THz )

 # Irred. k point  218 : (  0.0000,  0.3667,  0.4000)
   Mode, Frequency 
      1     45.4947 cm^-1  (      1.3639 THz )
      2     45.7277 cm^-1  (      1.3709 THz )
      3     68.5469 cm^-1  (      2.0550 THz )

 # Irred. k point  219 : (  0.0000,  0.3667,  0.4333)
   Mode, Frequency 
      1     46.1381 cm^-1  (      1.3832 THz )
      2     47.1292 cm^-1  (      1.4129 THz )
      3     69.8822 cm^-1  (      2.0950 THz )

 # Irred. k point  220 : (  0.0000,  0.3667,  0.4667)
   Mode, Frequency 
      1     46.4553 cm^-1  (      1.3927 THz )
      2     48.7697 cm^-1  (      1.4621 THz )
      3     70.7245 cm^-1  (      2.1203 THz )

 # Irred. k point  221 : (  0.0000,  0.3667, -0.5000)
   Mode, Frequency 
      1     46.4373 cm^-1  (      1.3922 THz )
      2     50.6284 cm^-1  (      1.5178 THz )
      3     71.0026 cm^-1  (      2.1286 THz )

 # Irred. k point  222 : (  0.0000,  0.3667, -0.4667)
   Mode, Frequency 
      1     46.0851 cm^-1  (      1.3816 THz )
      2     52.6544 cm^-1  (      1.5785 THz )
      3     70.6841 cm^-1  (      2.1191 THz )

 # Irred. k point  223 : (  0.0000,  0.3667, -0.4333)
   Mode, Frequency 
      1     45.4097 cm^-1  (      1.3613 THz )
      2     54.7719 cm^-1  (      1.6420 THz )
      3     69.7738 cm^-1  (      2.0918 THz )

 # Irred. k point  224 : (  0.0000,  0.3667, -0.4000)
   Mode, Frequency 
      1     44.4318 cm^-1  (      1.3320 THz )
      2     56.8725 cm^-1  (      1.7050 THz )
      3     68.3239 cm^-1  (      2.0483 THz )

 # Irred. k point  225 : (  0.0000,  0.3667, -0.3667)
   Mode, Frequency 
      1     43.1815 cm^-1  (      1.2945 THz )
      2     58.7544 cm^-1  (      1.7614 THz )
      3     66.4974 cm^-1  (      1.9935 THz )

 # Irred. k point  226 : (  0.0000,  0.4000,  0.4000)
   Mode, Frequency 
      1     46.4805 cm^-1  (      1.3935 THz )
      2     46.4805 cm^-1  (      1.3935 THz )
      3     70.1076 cm^-1  (      2.1018 THz )

 # Irred. k point  227 : (  0.0000,  0.4000,  0.4333)
   Mode, Frequency 
      1     47.1625 cm^-1  (      1.4139 THz )
      2     47.4318 cm^-1  (      1.4220 THz )
      3     71.3350 cm^-1  (      2.1386 THz )

 # Irred. k point  228 : (  0.0000,  0.4000,  0.4667)
   Mode, Frequency 
      1     47.5203 cm^-1  (      1.4246 THz )
      2     48.6347 cm^-1  (      1.4580 THz )
      3     72.1050 cm^-1  (      2.1617 THz )

 # Irred. k point  229 : (  0.0000,  0.4000, -0.5000)
   Mode, Frequency 
      1     47.5433 cm^-1  (      1.4253 THz )
      2     50.0897 cm^-1  (      1.5017 THz )
      3     72.3457 cm^-1  (      2.1689 THz )

 # Irred. k point  230 : (  0.0000,  0.4000, -0.4667)
   Mode, Frequency 
      1     47.2313 cm^-1  (      1.4160 THz )
      2     51.7550 cm^-1  (      1.5516 THz )
      3     72.0299 cm^-1  (      2.1594 THz )

 # Irred. k point  231 : (  0.0000,  0.4000, -0.4333)
   Mode, Frequency 
      1     46.5939 cm^-1  (      1.3969 THz )
      2     53.5490 cm^-1  (      1.6054 THz )
      3     71.1774 cm^-1  (      2.1338 THz )

 # Irred. k point  232 : (  0.0000,  0.4000, -0.4000)
   Mode, Frequency 
      1     45.6510 cm^-1  (      1.3686 THz )
      2     55.3370 cm^-1  (      1.6590 THz )
      3     69.8724 cm^-1  (      2.0947 THz )

 # Irred. k point  233 : (  0.0000,  0.4333,  0.4333)
   Mode, Frequency 
      1     47.8871 cm^-1  (      1.4356 THz )
      2     47.8871 cm^-1  (      1.4356 THz )
      3     72.4938 cm^-1  (      2.1733 THz )

 # Irred. k point  234 : (  0.0000,  0.4333,  0.4667)
   Mode, Frequency 
      1     48.2898 cm^-1  (      1.4477 THz )
      2     48.5833 cm^-1  (      1.4565 THz )
      3     73.2263 cm^-1  (      2.1953 THz )

 # Irred. k point  235 : (  0.0000,  0.4333, -0.5000)
   Mode, Frequency 
      1     48.3587 cm^-1  (      1.4498 THz )
      2     49.5475 cm^-1  (      1.4854 THz )
      3     73.4582 cm^-1  (      2.2022 THz )

 # Irred. k point  236 : (  0.0000,  0.4333, -0.4667)
   Mode, Frequency 
      1     48.0918 cm^-1  (      1.4418 THz )
      2     50.7554 cm^-1  (      1.5216 THz )
      3     73.1651 cm^-1  (      2.1934 THz )

 # Irred. k point  237 : (  0.0000,  0.4333, -0.4333)
   Mode, Frequency 
      1     47.4974 cm^-1  (      1.4239 THz )
      2     52.1336 cm^-1  (      1.5629 THz )
      3     72.3740 cm^-1  (      2.1697 THz )

 # Irred. k point  238 : (  0.0000,  0.4667,  0.4667)
   Mode, Frequency 
      1     48.7404 cm^-1  (      1.4612 THz )
      2     48.7404 cm^-1  (      1.4612 THz )
      3     73.9448 cm^-1  (      2.2168 THz )

 # Irred. k point  239 : (  0.0000,  0.4667, -0.5000)
   Mode, Frequency 
      1     48.8582 cm^-1  (      1.4647 THz )
      2     49.1637 cm^-1  (      1.4739 THz )
      3     74.1817 cm^-1  (      2.2239 THz )

 # Irred. k point  240 : (  0.0000,  0.4667, -0.4667)
   Mode, Frequency 
      1     48.6398 cm^-1  (      1.4582 THz )
      2     49.8533 cm^-1  (      1.4946 THz )
      3     73.9125 cm^-1  (      2.2158 THz )

 # Irred. k point  241 : (  0.0000, -0.5000, -0.5000)
   Mode, Frequency 
      1     49.0264 cm^-1  (      1.4698 THz )
      2     49.0264 cm^-1  (      1.4698 THz )
      3     74.4316 cm^-1  (      2.2314 THz )

 # Irred. k point  242 : (  0.0333,  0.0667,  0.1000)
   Mode, Frequency 
      1      7.8982 cm^-1  (      0.2368 THz )
      2     11.0470 cm^-1  (      0.3312 THz )
      3     16.8615 cm^-1  (      0.5055 THz )

 # Irred. k point  243 : (  0.0333,  0.0667,  0.1333)
   Mode, Frequency 
      1      9.7904 cm^-1  (      0.2935 THz )
      2     14.0777 cm^-1  (      0.4220 THz )
      3     22.7907 cm^-1  (      0.6832 THz )

 # Irred. k point  244 : (  0.0333,  0.0667,  0.1667)
   Mode, Frequency 
      1     12.1579 cm^-1  (      0.3645 THz )
      2     16.8369 cm^-1  (      0.5048 THz )
      3     29.2063 cm^-1  (      0.8756 THz )

 # Irred. k point  245 : (  0.0333,  0.0667,  0.2000)
   Mode, Frequency 
      1     14.7299 cm^-1  (      0.4416 THz )
      2     19.4529 cm^-1  (      0.5832 THz )
      3     35.6688 cm^-1  (      1.0693 THz )

 # Irred. k point  246 : (  0.0333,  0.0667,  0.2333)
   Mode, Frequency 
      1     17.3405 cm^-1  (      0.5199 THz )
      2     21.9193 cm^-1  (      0.6571 THz )
      3     41.9874 cm^-1  (      1.2588 THz )

 # Irred. k point  247 : (  0.0333,  0.0667,  0.2667)
   Mode, Frequency 
      1     19.8870 cm^-1  (      0.5962 THz )
      2     24.2047 cm^-1  (      0.7256 THz )
      3     48.0290 cm^-1  (      1.4399 THz )

 # Irred. k point  248 : (  0.0333,  0.0667,  0.3000)
   Mode, Frequency 
      1     22.2992 cm^-1  (      0.6685 THz )
      2     26.2754 cm^-1  (      0.7877 THz )
      3     53.6761 cm^-1  (      1.6092 THz )

 # Irred. k point  249 : (  0.0333,  0.0667,  0.3333)
   Mode, Frequency 
      1     24.5239 cm^-1  (      0.7352 THz )
      2     28.0995 cm^-1  (      0.8424 THz )
      3     58.8188 cm^-1  (      1.7633 THz )

 # Irred. k point  250 : (  0.0333,  0.0667,  0.3667)
   Mode, Frequency 
      1     26.5178 cm^-1  (      0.7950 THz )
      2     29.6494 cm^-1  (      0.8889 THz )
      3     63.3556 cm^-1  (      1.8994 THz )

 # Irred. k point  251 : (  0.0333,  0.0667,  0.4000)
   Mode, Frequency 
      1     28.2437 cm^-1  (      0.8467 THz )
      2     30.9031 cm^-1  (      0.9265 THz )
      3     67.1961 cm^-1  (      2.0145 THz )

 # Irred. k point  252 : (  0.0333,  0.0667,  0.4333)
   Mode, Frequency 
      1     29.6677 cm^-1  (      0.8894 THz )
      2     31.8465 cm^-1  (      0.9547 THz )
      3     70.2638 cm^-1  (      2.1065 THz )

 # Irred. k point  253 : (  0.0333,  0.0667,  0.4667)
   Mode, Frequency 
      1     30.7537 cm^-1  (      0.9220 THz )
      2     32.4781 cm^-1  (      0.9737 THz )
      3     72.4984 cm^-1  (      2.1734 THz )

 # Irred. k point  254 : (  0.0333,  0.0667, -0.5000)
   Mode, Frequency 
      1     31.4543 cm^-1  (      0.9430 THz )
      2     32.8187 cm^-1  (      0.9839 THz )
      3     73.8566 cm^-1  (      2.2142 THz )

 # Irred. k point  255 : (  0.0333,  0.0667, -0.4667)
   Mode, Frequency 
      1     31.7021 cm^-1  (      0.9504 THz )
      2     32.9198 cm^-1  (      0.9869 THz )
      3     74.3122 cm^-1  (      2.2278 THz )

 # Irred. k point  256 : (  0.0333,  0.1000,  0.1333)
   Mode, Frequency 
      1     12.9047 cm^-1  (      0.3869 THz )
      2     15.5154 cm^-1  (      0.4651 THz )
      3     22.8847 cm^-1  (      0.6861 THz )

 # Irred. k point  257 : (  0.0333,  0.1000,  0.1667)
   Mode, Frequency 
      1     14.4509 cm^-1  (      0.4332 THz )
      2     18.3739 cm^-1  (      0.5508 THz )
      3     28.4853 cm^-1  (      0.8540 THz )

 # Irred. k point  258 : (  0.0333,  0.1000,  0.2000)
   Mode, Frequency 
      1     16.3752 cm^-1  (      0.4909 THz )
      2     20.9697 cm^-1  (      0.6287 THz )
      3     34.5330 cm^-1  (      1.0353 THz )

 # Irred. k point  259 : (  0.0333,  0.1000,  0.2333)
   Mode, Frequency 
      1     18.5521 cm^-1  (      0.5562 THz )
      2     23.3890 cm^-1  (      0.7012 THz )
      3     40.6160 cm^-1  (      1.2176 THz )

 # Irred. k point  260 : (  0.0333,  0.1000,  0.2667)
   Mode, Frequency 
      1     20.8403 cm^-1  (      0.6248 THz )
      2     25.6274 cm^-1  (      0.7683 THz )
      3     46.5254 cm^-1  (      1.3948 THz )

 # Irred. k point  261 : (  0.0333,  0.1000,  0.3000)
   Mode, Frequency 
      1     23.1244 cm^-1  (      0.6933 THz )
      2     27.6592 cm^-1  (      0.8292 THz )
      3     52.1142 cm^-1  (      1.5623 THz )

 # Irred. k point  262 : (  0.0333,  0.1000,  0.3333)
   Mode, Frequency 
      1     25.3145 cm^-1  (      0.7589 THz )
      2     29.4570 cm^-1  (      0.8831 THz )
      3     57.2593 cm^-1  (      1.7166 THz )

 # Irred. k point  263 : (  0.0333,  0.1000,  0.3667)
   Mode, Frequency 
      1     27.3373 cm^-1  (      0.8196 THz )
      2     30.9980 cm^-1  (      0.9293 THz )
      3     61.8520 cm^-1  (      1.8543 THz )

 # Irred. k point  264 : (  0.0333,  0.1000,  0.4000)
   Mode, Frequency 
      1     29.1277 cm^-1  (      0.8732 THz )
      2     32.2696 cm^-1  (      0.9674 THz )
      3     65.7973 cm^-1  (      1.9726 THz )

 # Irred. k point  265 : (  0.0333,  0.1000,  0.4333)
   Mode, Frequency 
      1     30.6184 cm^-1  (      0.9179 THz )
      2     33.2758 cm^-1  (      0.9976 THz )
      3     69.0152 cm^-1  (      2.0690 THz )

 # Irred. k point  266 : (  0.0333,  0.1000,  0.4667)
   Mode, Frequency 
      1     31.7301 cm^-1  (      0.9512 THz )
      2     34.0469 cm^-1  (      1.0207 THz )
      3     71.4417 cm^-1  (      2.1418 THz )

 # Irred. k point  267 : (  0.0333,  0.1000, -0.5000)
   Mode, Frequency 
      1     32.3778 cm^-1  (      0.9707 THz )
      2     34.6314 cm^-1  (      1.0382 THz )
      3     73.0302 cm^-1  (      2.1894 THz )

 # Irred. k point  268 : (  0.0333,  0.1000, -0.4667)
   Mode, Frequency 
      1     32.5216 cm^-1  (      0.9750 THz )
      2     35.0450 cm^-1  (      1.0506 THz )
      3     73.7509 cm^-1  (      2.2110 THz )

 # Irred. k point  269 : (  0.0333,  0.1000, -0.4333)
   Mode, Frequency 
      1     32.1960 cm^-1  (      0.9652 THz )
      2     35.2419 cm^-1  (      1.0565 THz )
      3     73.5909 cm^-1  (      2.2062 THz )

 # Irred. k point  270 : (  0.0333,  0.1000, -0.4000)
   Mode, Frequency 
      1     31.4591 cm^-1  (      0.9431 THz )
      2     35.1642 cm^-1  (      1.0542 THz )
      3     72.5541 cm^-1  (      2.1751 THz )

 # Irred. k point  271 : (  0.0333,  0.1000, -0.3667)
   Mode, Frequency 
      1     30.3586 cm^-1  (      0.9101 THz )
      2     34.7767 cm^-1  (      1.0426 THz )
      3     70.6612 cm^-1  (      2.1184 THz )

 # Irred. k point  272 : (  0.0333,  0.1000, -0.3333)
   Mode, Frequency 
      1     28.9318 cm^-1  (      0.8674 THz )
      2     34.0663 cm^-1  (      1.0213 THz )
      3     67.9500 cm^-1  (      2.0371 THz )

 # Irred. k point  273 : (  0.0333,  0.1000, -0.3000)
   Mode, Frequency 
      1     27.2131 cm^-1  (      0.8158 THz )
      2     33.0343 cm^-1  (      0.9903 THz )
      3     64.4756 cm^-1  (      1.9329 THz )

 # Irred. k point  274 : (  0.0333,  0.1000, -0.2667)
   Mode, Frequency 
      1     25.2384 cm^-1  (      0.7566 THz )
      2     31.6917 cm^-1  (      0.9501 THz )
      3     60.3105 cm^-1  (      1.8081 THz )

 # Irred. k point  275 : (  0.0333,  0.1000, -0.2333)
   Mode, Frequency 
      1     23.0488 cm^-1  (      0.6910 THz )
      2     30.0554 cm^-1  (      0.9010 THz )
      3     55.5443 cm^-1  (      1.6652 THz )

 # Irred. k point  276 : (  0.0333,  0.1000, -0.2000)
   Mode, Frequency 
      1     20.6941 cm^-1  (      0.6204 THz )
      2     28.1451 cm^-1  (      0.8438 THz )
      3     50.2840 cm^-1  (      1.5075 THz )

 # Irred. k point  277 : (  0.0333,  0.1000, -0.1667)
   Mode, Frequency 
      1     18.2375 cm^-1  (      0.5467 THz )
      2     25.9776 cm^-1  (      0.7788 THz )
      3     44.6557 cm^-1  (      1.3387 THz )

 # Irred. k point  278 : (  0.0333,  0.1000, -0.1333)
   Mode, Frequency 
      1     15.7650 cm^-1  (      0.4726 THz )
      2     23.5572 cm^-1  (      0.7062 THz )
      3     38.8141 cm^-1  (      1.1636 THz )

 # Irred. k point  279 : (  0.0333,  0.1000, -0.1000)
   Mode, Frequency 
      1     13.4006 cm^-1  (      0.4017 THz )
      2     20.8512 cm^-1  (      0.6251 THz )
      3     32.9704 cm^-1  (      0.9884 THz )

 # Irred. k point  280 : (  0.0333,  0.1000, -0.0667)
   Mode, Frequency 
      1     11.3294 cm^-1  (      0.3396 THz )
      2     17.7453 cm^-1  (      0.5320 THz )
      3     27.4596 cm^-1  (      0.8232 THz )

 # Irred. k point  281 : (  0.0333,  0.1333,  0.1667)
   Mode, Frequency 
      1     17.9161 cm^-1  (      0.5371 THz )
      2     20.0234 cm^-1  (      0.6003 THz )
      3     29.0476 cm^-1  (      0.8708 THz )

 # Irred. k point  282 : (  0.0333,  0.1333,  0.2000)
   Mode, Frequency 
      1     19.3549 cm^-1  (      0.5802 THz )
      2     22.7123 cm^-1  (      0.6809 THz )
      3     34.2719 cm^-1  (      1.0274 THz )

 # Irred. k point  283 : (  0.0333,  0.1333,  0.2333)
   Mode, Frequency 
      1     21.0556 cm^-1  (      0.6312 THz )
      2     25.1356 cm^-1  (      0.7535 THz )
      3     39.8801 cm^-1  (      1.1956 THz )

 # Irred. k point  284 : (  0.0333,  0.1333,  0.2667)
   Mode, Frequency 
      1     22.9736 cm^-1  (      0.6887 THz )
      2     27.3532 cm^-1  (      0.8200 THz )
      3     45.4897 cm^-1  (      1.3637 THz )

 # Irred. k point  285 : (  0.0333,  0.1333,  0.3000)
   Mode, Frequency 
      1     25.0066 cm^-1  (      0.7497 THz )
      2     29.3647 cm^-1  (      0.8803 THz )
      3     50.8850 cm^-1  (      1.5255 THz )

 # Irred. k point  286 : (  0.0333,  0.1333,  0.3333)
   Mode, Frequency 
      1     27.0471 cm^-1  (      0.8109 THz )
      2     31.1552 cm^-1  (      0.9340 THz )
      3     55.9137 cm^-1  (      1.6763 THz )

 # Irred. k point  287 : (  0.0333,  0.1333,  0.3667)
   Mode, Frequency 
      1     28.9929 cm^-1  (      0.8692 THz )
      2     32.7140 cm^-1  (      0.9807 THz )
      3     60.4538 cm^-1  (      1.8124 THz )

 # Irred. k point  288 : (  0.0333,  0.1333,  0.4000)
   Mode, Frequency 
      1     30.7418 cm^-1  (      0.9216 THz )
      2     34.0475 cm^-1  (      1.0207 THz )
      3     64.4034 cm^-1  (      1.9308 THz )

 # Irred. k point  289 : (  0.0333,  0.1333,  0.4333)
   Mode, Frequency 
      1     32.1808 cm^-1  (      0.9648 THz )
      2     35.1889 cm^-1  (      1.0549 THz )
      3     67.6788 cm^-1  (      2.0290 THz )

 # Irred. k point  290 : (  0.0333,  0.1333,  0.4667)
   Mode, Frequency 
      1     33.1936 cm^-1  (      0.9951 THz )
      2     36.1904 cm^-1  (      1.0850 THz )
      3     70.2139 cm^-1  (      2.1050 THz )

 # Irred. k point  291 : (  0.0333,  0.1333, -0.5000)
   Mode, Frequency 
      1     33.7117 cm^-1  (      1.0107 THz )
      2     37.0713 cm^-1  (      1.1114 THz )
      3     71.9605 cm^-1  (      2.1573 THz )

 # Irred. k point  292 : (  0.0333,  0.1333, -0.4667)
   Mode, Frequency 
      1     33.7481 cm^-1  (      1.0117 THz )
      2     37.7832 cm^-1  (      1.1327 THz )
      3     72.8874 cm^-1  (      2.1851 THz )

 # Irred. k point  293 : (  0.0333,  0.1333, -0.4333)
   Mode, Frequency 
      1     33.3540 cm^-1  (      0.9999 THz )
      2     38.2539 cm^-1  (      1.1468 THz )
      3     72.9798 cm^-1  (      2.1879 THz )

 # Irred. k point  294 : (  0.0333,  0.1333, -0.4000)
   Mode, Frequency 
      1     32.5769 cm^-1  (      0.9766 THz )
      2     38.4287 cm^-1  (      1.1521 THz )
      3     72.2396 cm^-1  (      2.1657 THz )

 # Irred. k point  295 : (  0.0333,  0.1333, -0.3667)
   Mode, Frequency 
      1     31.4548 cm^-1  (      0.9430 THz )
      2     38.2756 cm^-1  (      1.1475 THz )
      3     70.6842 cm^-1  (      2.1191 THz )

 # Irred. k point  296 : (  0.0333,  0.1333, -0.3333)
   Mode, Frequency 
      1     30.0219 cm^-1  (      0.9000 THz )
      2     37.7792 cm^-1  (      1.1326 THz )
      3     68.3480 cm^-1  (      2.0490 THz )

 # Irred. k point  297 : (  0.0333,  0.1333, -0.3000)
   Mode, Frequency 
      1     28.3128 cm^-1  (      0.8488 THz )
      2     36.9357 cm^-1  (      1.1073 THz )
      3     65.2831 cm^-1  (      1.9571 THz )

 # Irred. k point  298 : (  0.0333,  0.1333, -0.2667)
   Mode, Frequency 
      1     26.3661 cm^-1  (      0.7904 THz )
      2     35.7481 cm^-1  (      1.0717 THz )
      3     61.5609 cm^-1  (      1.8456 THz )

 # Irred. k point  299 : (  0.0333,  0.1333, -0.2333)
   Mode, Frequency 
      1     24.2272 cm^-1  (      0.7263 THz )
      2     34.2214 cm^-1  (      1.0259 THz )
      3     57.2745 cm^-1  (      1.7170 THz )

 # Irred. k point  300 : (  0.0333,  0.1333, -0.2000)
   Mode, Frequency 
      1     21.9523 cm^-1  (      0.6581 THz )
      2     32.3567 cm^-1  (      0.9700 THz )
      3     52.5424 cm^-1  (      1.5752 THz )

 # Irred. k point  301 : (  0.0333,  0.1333, -0.1667)
   Mode, Frequency 
      1     19.6143 cm^-1  (      0.5880 THz )
      2     30.1416 cm^-1  (      0.9036 THz )
      3     47.5168 cm^-1  (      1.4245 THz )

 # Irred. k point  302 : (  0.0333,  0.1333, -0.1333)
   Mode, Frequency 
      1     17.3116 cm^-1  (      0.5190 THz )
      2     27.5359 cm^-1  (      0.8255 THz )
      3     42.3973 cm^-1  (      1.2710 THz )

 # Irred. k point  303 : (  0.0333,  0.1333, -0.1000)
   Mode, Frequency 
      1     15.1800 cm^-1  (      0.4551 THz )
      2     24.4626 cm^-1  (      0.7334 THz )
      3     37.4465 cm^-1  (      1.1226 THz )

 # Irred. k point  304 : (  0.0333,  0.1667,  0.2000)
   Mode, Frequency 
      1     22.7364 cm^-1  (      0.6816 THz )
      2     24.4281 cm^-1  (      0.7323 THz )
      3     35.2590 cm^-1  (      1.0570 THz )

 # Irred. k point  305 : (  0.0333,  0.1667,  0.2333)
   Mode, Frequency 
      1     24.1614 cm^-1  (      0.7243 THz )
      2     26.9509 cm^-1  (      0.8080 THz )
      3     40.0574 cm^-1  (      1.2009 THz )

 # Irred. k point  306 : (  0.0333,  0.1667,  0.2667)
   Mode, Frequency 
      1     25.7618 cm^-1  (      0.7723 THz )
      2     29.2043 cm^-1  (      0.8755 THz )
      3     45.1495 cm^-1  (      1.3535 THz )

 # Irred. k point  307 : (  0.0333,  0.1667,  0.3000)
   Mode, Frequency 
      1     27.5224 cm^-1  (      0.8251 THz )
      2     31.2339 cm^-1  (      0.9364 THz )
      3     50.1904 cm^-1  (      1.5047 THz )

 # Irred. k point  308 : (  0.0333,  0.1667,  0.3333)
   Mode, Frequency 
      1     29.3583 cm^-1  (      0.8801 THz )
      2     33.0512 cm^-1  (      0.9908 THz )
      3     54.9686 cm^-1  (      1.6479 THz )

 # Irred. k point  309 : (  0.0333,  0.1667,  0.3667)
   Mode, Frequency 
      1     31.1556 cm^-1  (      0.9340 THz )
      2     34.6680 cm^-1  (      1.0393 THz )
      3     59.3352 cm^-1  (      1.7788 THz )

 # Irred. k point  310 : (  0.0333,  0.1667,  0.4000)
   Mode, Frequency 
      1     32.7791 cm^-1  (      0.9827 THz )
      2     36.1179 cm^-1  (      1.0828 THz )
      3     63.1758 cm^-1  (      1.8940 THz )

 # Irred. k point  311 : (  0.0333,  0.1667,  0.4333)
   Mode, Frequency 
      1     34.0796 cm^-1  (      1.0217 THz )
      2     37.4588 cm^-1  (      1.1230 THz )
      3     66.4010 cm^-1  (      1.9907 THz )

 # Irred. k point  312 : (  0.0333,  0.1667,  0.4667)
   Mode, Frequency 
      1     34.9408 cm^-1  (      1.0475 THz )
      2     38.7294 cm^-1  (      1.1611 THz )
      3     68.9428 cm^-1  (      2.0669 THz )

 # Irred. k point  313 : (  0.0333,  0.1667, -0.5000)
   Mode, Frequency 
      1     35.3312 cm^-1  (      1.0592 THz )
      2     39.8978 cm^-1  (      1.1961 THz )
      3     70.7531 cm^-1  (      2.1211 THz )

 # Irred. k point  314 : (  0.0333,  0.1667, -0.4667)
   Mode, Frequency 
      1     35.2809 cm^-1  (      1.0577 THz )
      2     40.8851 cm^-1  (      1.2257 THz )
      3     71.8018 cm^-1  (      2.1526 THz )

 # Irred. k point  315 : (  0.0333,  0.1667, -0.4333)
   Mode, Frequency 
      1     34.8320 cm^-1  (      1.0442 THz )
      2     41.6153 cm^-1  (      1.2476 THz )
      3     72.0763 cm^-1  (      2.1608 THz )

 # Irred. k point  316 : (  0.0333,  0.1667, -0.4000)
   Mode, Frequency 
      1     34.0214 cm^-1  (      1.0199 THz )
      2     42.0325 cm^-1  (      1.2601 THz )
      3     71.5796 cm^-1  (      2.1459 THz )

 # Irred. k point  317 : (  0.0333,  0.1667, -0.3667)
   Mode, Frequency 
      1     32.8825 cm^-1  (      0.9858 THz )
      2     42.0988 cm^-1  (      1.2621 THz )
      3     70.3309 cm^-1  (      2.1085 THz )

 # Irred. k point  318 : (  0.0333,  0.1667, -0.3333)
   Mode, Frequency 
      1     31.4485 cm^-1  (      0.9428 THz )
      2     41.7896 cm^-1  (      1.2528 THz )
      3     68.3657 cm^-1  (      2.0496 THz )

 # Irred. k point  319 : (  0.0333,  0.1667, -0.3000)
   Mode, Frequency 
      1     29.7556 cm^-1  (      0.8921 THz )
      2     41.0891 cm^-1  (      1.2318 THz )
      3     65.7379 cm^-1  (      1.9708 THz )

 # Irred. k point  320 : (  0.0333,  0.1667, -0.2667)
   Mode, Frequency 
      1     27.8451 cm^-1  (      0.8348 THz )
      2     39.9850 cm^-1  (      1.1987 THz )
      3     62.5235 cm^-1  (      1.8744 THz )

 # Irred. k point  321 : (  0.0333,  0.1667, -0.2333)
   Mode, Frequency 
      1     25.7667 cm^-1  (      0.7725 THz )
      2     38.4624 cm^-1  (      1.1531 THz )
      3     58.8249 cm^-1  (      1.7635 THz )

 # Irred. k point  322 : (  0.0333,  0.1667, -0.2000)
   Mode, Frequency 
      1     23.5817 cm^-1  (      0.7070 THz )
      2     36.4965 cm^-1  (      1.0941 THz )
      3     54.7774 cm^-1  (      1.6422 THz )

 # Irred. k point  323 : (  0.0333,  0.1667, -0.1667)
   Mode, Frequency 
      1     21.3696 cm^-1  (      0.6406 THz )
      2     34.0469 cm^-1  (      1.0207 THz )
      3     50.5538 cm^-1  (      1.5156 THz )

 # Irred. k point  324 : (  0.0333,  0.1667, -0.1333)
   Mode, Frequency 
      1     19.2343 cm^-1  (      0.5766 THz )
      2     31.0654 cm^-1  (      0.9313 THz )
      3     46.3590 cm^-1  (      1.3898 THz )

 # Irred. k point  325 : (  0.0333,  0.2000,  0.2333)
   Mode, Frequency 
      1     27.2862 cm^-1  (      0.8180 THz )
      2     28.6457 cm^-1  (      0.8588 THz )
      3     41.4135 cm^-1  (      1.2415 THz )

 # Irred. k point  326 : (  0.0333,  0.2000,  0.2667)
   Mode, Frequency 
      1     28.7159 cm^-1  (      0.8609 THz )
      2     31.0014 cm^-1  (      0.9294 THz )
      3     45.7419 cm^-1  (      1.3713 THz )

 # Irred. k point  327 : (  0.0333,  0.2000,  0.3000)
   Mode, Frequency 
      1     30.2594 cm^-1  (      0.9072 THz )
      2     33.0974 cm^-1  (      0.9922 THz )
      3     50.2468 cm^-1  (      1.5064 THz )

 # Irred. k point  328 : (  0.0333,  0.2000,  0.3333)
   Mode, Frequency 
      1     31.8927 cm^-1  (      0.9561 THz )
      2     34.9798 cm^-1  (      1.0487 THz )
      3     54.6294 cm^-1  (      1.6377 THz )

 # Irred. k point  329 : (  0.0333,  0.2000,  0.3667)
   Mode, Frequency 
      1     33.5145 cm^-1  (      1.0047 THz )
      2     36.6916 cm^-1  (      1.1000 THz )
      3     58.6949 cm^-1  (      1.7596 THz )

 # Irred. k point  330 : (  0.0333,  0.2000,  0.4000)
   Mode, Frequency 
      1     34.9746 cm^-1  (      1.0485 THz )
      2     38.2957 cm^-1  (      1.1481 THz )
      3     62.3062 cm^-1  (      1.8679 THz )

 # Irred. k point  331 : (  0.0333,  0.2000,  0.4333)
   Mode, Frequency 
      1     36.1149 cm^-1  (      1.0827 THz )
      2     39.8584 cm^-1  (      1.1949 THz )
      3     65.3636 cm^-1  (      1.9596 THz )

 # Irred. k point  332 : (  0.0333,  0.2000,  0.4667)
   Mode, Frequency 
      1     36.8387 cm^-1  (      1.1044 THz )
      2     41.3903 cm^-1  (      1.2408 THz )
      3     67.7954 cm^-1  (      2.0325 THz )

 # Irred. k point  333 : (  0.0333,  0.2000, -0.5000)
   Mode, Frequency 
      1     37.1317 cm^-1  (      1.1132 THz )
      2     42.8298 cm^-1  (      1.2840 THz )
      3     69.5543 cm^-1  (      2.0852 THz )

 # Irred. k point  334 : (  0.0333,  0.2000, -0.4667)
   Mode, Frequency 
      1     37.0183 cm^-1  (      1.1098 THz )
      2     44.0888 cm^-1  (      1.3217 THz )
      3     70.6144 cm^-1  (      2.1170 THz )

 # Irred. k point  335 : (  0.0333,  0.2000, -0.4333)
   Mode, Frequency 
      1     36.5293 cm^-1  (      1.0951 THz )
      2     45.0864 cm^-1  (      1.3517 THz )
      3     70.9691 cm^-1  (      2.1276 THz )

 # Irred. k point  336 : (  0.0333,  0.2000, -0.4000)
   Mode, Frequency 
      1     35.6947 cm^-1  (      1.0701 THz )
      2     45.7561 cm^-1  (      1.3717 THz )
      3     70.6295 cm^-1  (      2.1174 THz )

 # Irred. k point  337 : (  0.0333,  0.2000, -0.3667)
   Mode, Frequency 
      1     34.5456 cm^-1  (      1.0357 THz )
      2     46.0444 cm^-1  (      1.3804 THz )
      3     69.6236 cm^-1  (      2.0873 THz )

 # Irred. k point  338 : (  0.0333,  0.2000, -0.3333)
   Mode, Frequency 
      1     33.1156 cm^-1  (      0.9928 THz )
      2     45.9072 cm^-1  (      1.3763 THz )
      3     67.9975 cm^-1  (      2.0385 THz )

 # Irred. k point  339 : (  0.0333,  0.2000, -0.3000)
   Mode, Frequency 
      1     31.4427 cm^-1  (      0.9426 THz )
      2     45.3059 cm^-1  (      1.3582 THz )
      3     65.8172 cm^-1  (      1.9732 THz )

 # Irred. k point  340 : (  0.0333,  0.2000, -0.2667)
   Mode, Frequency 
      1     29.5711 cm^-1  (      0.8865 THz )
      2     44.2024 cm^-1  (      1.3252 THz )
      3     63.1732 cm^-1  (      1.8939 THz )

 # Irred. k point  341 : (  0.0333,  0.2000, -0.2333)
   Mode, Frequency 
      1     27.5539 cm^-1  (      0.8260 THz )
      2     42.5551 cm^-1  (      1.2758 THz )
      3     60.1826 cm^-1  (      1.8042 THz )

 # Irred. k point  342 : (  0.0333,  0.2000, -0.2000)
   Mode, Frequency 
      1     25.4560 cm^-1  (      0.7632 THz )
      2     40.3220 cm^-1  (      1.2088 THz )
      3     56.9871 cm^-1  (      1.7084 THz )

 # Irred. k point  343 : (  0.0333,  0.2000, -0.1667)
   Mode, Frequency 
      1     23.3598 cm^-1  (      0.7003 THz )
      2     37.4775 cm^-1  (      1.1235 THz )
      3     53.7357 cm^-1  (      1.6110 THz )

 # Irred. k point  344 : (  0.0333,  0.2333,  0.2667)
   Mode, Frequency 
      1     31.5131 cm^-1  (      0.9447 THz )
      2     32.6108 cm^-1  (      0.9776 THz )
      3     47.3878 cm^-1  (      1.4206 THz )

 # Irred. k point  345 : (  0.0333,  0.2333,  0.3000)
   Mode, Frequency 
      1     32.9244 cm^-1  (      0.9870 THz )
      2     34.7966 cm^-1  (      1.0432 THz )
      3     51.2096 cm^-1  (      1.5352 THz )

 # Irred. k point  346 : (  0.0333,  0.2333,  0.3333)
   Mode, Frequency 
      1     34.3924 cm^-1  (      1.0311 THz )
      2     36.7617 cm^-1  (      1.1021 THz )
      3     55.0707 cm^-1  (      1.6510 THz )

 # Irred. k point  347 : (  0.0333,  0.2333,  0.3667)
   Mode, Frequency 
      1     35.8514 cm^-1  (      1.0748 THz )
      2     38.5769 cm^-1  (      1.1565 THz )
      3     58.7223 cm^-1  (      1.7605 THz )

 # Irred. k point  348 : (  0.0333,  0.2333,  0.4000)
   Mode, Frequency 
      1     37.1593 cm^-1  (      1.1140 THz )
      2     40.3305 cm^-1  (      1.2091 THz )
      3     61.9958 cm^-1  (      1.8586 THz )

 # Irred. k point  349 : (  0.0333,  0.2333,  0.4333)
   Mode, Frequency 
      1     38.1669 cm^-1  (      1.1442 THz )
      2     42.0930 cm^-1  (      1.2619 THz )
      3     64.7741 cm^-1  (      1.9419 THz )

 # Irred. k point  350 : (  0.0333,  0.2333,  0.4667)
   Mode, Frequency 
      1     38.7916 cm^-1  (      1.1629 THz )
      2     43.8612 cm^-1  (      1.3149 THz )
      3     66.9784 cm^-1  (      2.0080 THz )

 # Irred. k point  351 : (  0.0333,  0.2333, -0.5000)
   Mode, Frequency 
      1     39.0191 cm^-1  (      1.1698 THz )
      2     45.5659 cm^-1  (      1.3660 THz )
      3     68.5605 cm^-1  (      2.0554 THz )

 # Irred. k point  352 : (  0.0333,  0.2333, -0.4667)
   Mode, Frequency 
      1     38.8642 cm^-1  (      1.1651 THz )
      2     47.1149 cm^-1  (      1.4125 THz )
      3     69.4993 cm^-1  (      2.0835 THz )

 # Irred. k point  353 : (  0.0333,  0.2333, -0.4333)
   Mode, Frequency 
      1     38.3493 cm^-1  (      1.1497 THz )
      2     48.4164 cm^-1  (      1.4515 THz )
      3     69.7989 cm^-1  (      2.0925 THz )

 # Irred. k point  354 : (  0.0333,  0.2333, -0.4000)
   Mode, Frequency 
      1     37.5004 cm^-1  (      1.1242 THz )
      2     49.3832 cm^-1  (      1.4805 THz )
      3     69.4866 cm^-1  (      2.0832 THz )

 # Irred. k point  355 : (  0.0333,  0.2333, -0.3667)
   Mode, Frequency 
      1     36.3475 cm^-1  (      1.0897 THz )
      2     49.9317 cm^-1  (      1.4969 THz )
      3     68.6135 cm^-1  (      2.0570 THz )

 # Irred. k point  356 : (  0.0333,  0.2333, -0.3333)
   Mode, Frequency 
      1     34.9251 cm^-1  (      1.0470 THz )
      2     49.9787 cm^-1  (      1.4983 THz )
      3     67.2557 cm^-1  (      2.0163 THz )

 # Irred. k point  357 : (  0.0333,  0.2333, -0.3000)
   Mode, Frequency 
      1     33.2732 cm^-1  (      0.9975 THz )
      2     49.4397 cm^-1  (      1.4822 THz )
      3     65.5148 cm^-1  (      1.9641 THz )

 # Irred. k point  358 : (  0.0333,  0.2333, -0.2667)
   Mode, Frequency 
      1     31.4386 cm^-1  (      0.9425 THz )
      2     48.2333 cm^-1  (      1.4460 THz )
      3     63.5127 cm^-1  (      1.9041 THz )

 # Irred. k point  359 : (  0.0333,  0.2333, -0.2333)
   Mode, Frequency 
      1     29.4767 cm^-1  (      0.8837 THz )
      2     46.3007 cm^-1  (      1.3881 THz )
      3     61.3722 cm^-1  (      1.8399 THz )

 # Irred. k point  360 : (  0.0333,  0.2333, -0.2000)
   Mode, Frequency 
      1     27.4550 cm^-1  (      0.8231 THz )
      2     43.6386 cm^-1  (      1.3083 THz )
      3     59.1843 cm^-1  (      1.7743 THz )

 # Irred. k point  361 : (  0.0333,  0.2667,  0.3000)
   Mode, Frequency 
      1     35.3730 cm^-1  (      1.0605 THz )
      2     36.2658 cm^-1  (      1.0872 THz )
      3     53.0472 cm^-1  (      1.5903 THz )

 # Irred. k point  362 : (  0.0333,  0.2667,  0.3333)
   Mode, Frequency 
      1     36.7198 cm^-1  (      1.1008 THz )
      2     38.2789 cm^-1  (      1.1476 THz )
      3     56.3335 cm^-1  (      1.6888 THz )

 # Irred. k point  363 : (  0.0333,  0.2667,  0.3667)
   Mode, Frequency 
      1     38.0486 cm^-1  (      1.1407 THz )
      2     40.1525 cm^-1  (      1.2037 THz )
      3     59.5142 cm^-1  (      1.7842 THz )

 # Irred. k point  364 : (  0.0333,  0.2667,  0.4000)
   Mode, Frequency 
      1     39.2406 cm^-1  (      1.1764 THz )
      2     41.9946 cm^-1  (      1.2590 THz )
      3     62.3883 cm^-1  (      1.8704 THz )

 # Irred. k point  365 : (  0.0333,  0.2667,  0.4333)
   Mode, Frequency 
      1     40.1572 cm^-1  (      1.2039 THz )
      2     43.8901 cm^-1  (      1.3158 THz )
      3     64.8174 cm^-1  (      1.9432 THz )

 # Irred. k point  366 : (  0.0333,  0.2667,  0.4667)
   Mode, Frequency 
      1     40.7198 cm^-1  (      1.2207 THz )
      2     45.8439 cm^-1  (      1.3744 THz )
      3     66.7095 cm^-1  (      1.9999 THz )

 # Irred. k point  367 : (  0.0333,  0.2667, -0.5000)
   Mode, Frequency 
      1     40.9087 cm^-1  (      1.2264 THz )
      2     47.7937 cm^-1  (      1.4328 THz )
      3     68.0103 cm^-1  (      2.0389 THz )

 # Irred. k point  368 : (  0.0333,  0.2667, -0.4667)
   Mode, Frequency 
      1     40.7308 cm^-1  (      1.2211 THz )
      2     49.6489 cm^-1  (      1.4884 THz )
      3     68.6989 cm^-1  (      2.0595 THz )

 # Irred. k point  369 : (  0.0333,  0.2667, -0.4333)
   Mode, Frequency 
      1     40.2033 cm^-1  (      1.2053 THz )
      2     51.3082 cm^-1  (      1.5382 THz )
      3     68.7875 cm^-1  (      2.0622 THz )

 # Irred. k point  370 : (  0.0333,  0.2667, -0.4000)
   Mode, Frequency 
      1     39.3495 cm^-1  (      1.1797 THz )
      2     52.6591 cm^-1  (      1.5787 THz )
      3     68.3242 cm^-1  (      2.0483 THz )

 # Irred. k point  371 : (  0.0333,  0.2667, -0.3667)
   Mode, Frequency 
      1     38.1989 cm^-1  (      1.1452 THz )
      2     53.5689 cm^-1  (      1.6060 THz )
      3     67.4025 cm^-1  (      2.0207 THz )

 # Irred. k point  372 : (  0.0333,  0.2667, -0.3333)
   Mode, Frequency 
      1     36.7868 cm^-1  (      1.1028 THz )
      2     53.8710 cm^-1  (      1.6150 THz )
      3     66.1736 cm^-1  (      1.9838 THz )

 # Irred. k point  373 : (  0.0333,  0.2667, -0.3000)
   Mode, Frequency 
      1     35.1552 cm^-1  (      1.0539 THz )
      2     53.3680 cm^-1  (      1.5999 THz )
      3     64.8421 cm^-1  (      1.9439 THz )

 # Irred. k point  374 : (  0.0333,  0.2667, -0.2667)
   Mode, Frequency 
      1     33.3528 cm^-1  (      0.9999 THz )
      2     51.9052 cm^-1  (      1.5561 THz )
      3     63.5926 cm^-1  (      1.9065 THz )

 # Irred. k point  375 : (  0.0333,  0.2667, -0.2333)
   Mode, Frequency 
      1     31.4371 cm^-1  (      0.9425 THz )
      2     49.4916 cm^-1  (      1.4837 THz )
      3     62.4686 cm^-1  (      1.8728 THz )

 # Irred. k point  376 : (  0.0333,  0.3000,  0.3333)
   Mode, Frequency 
      1     38.8243 cm^-1  (      1.1639 THz )
      2     39.5575 cm^-1  (      1.1859 THz )
      3     58.2564 cm^-1  (      1.7465 THz )

 # Irred. k point  377 : (  0.0333,  0.3000,  0.3667)
   Mode, Frequency 
      1     40.0504 cm^-1  (      1.2007 THz )
      2     41.3956 cm^-1  (      1.2410 THz )
      3     60.9859 cm^-1  (      1.8283 THz )

 # Irred. k point  378 : (  0.0333,  0.3000,  0.4000)
   Mode, Frequency 
      1     41.1611 cm^-1  (      1.2340 THz )
      2     43.2114 cm^-1  (      1.2954 THz )
      3     63.4716 cm^-1  (      1.9028 THz )

 # Irred. k point  379 : (  0.0333,  0.3000,  0.4333)
   Mode, Frequency 
      1     42.0232 cm^-1  (      1.2598 THz )
      2     45.1179 cm^-1  (      1.3526 THz )
      3     65.5537 cm^-1  (      1.9653 THz )

 # Irred. k point  380 : (  0.0333,  0.3000,  0.4667)
   Mode, Frequency 
      1     42.5532 cm^-1  (      1.2757 THz )
      2     47.1461 cm^-1  (      1.4134 THz )
      3     67.1236 cm^-1  (      2.0123 THz )

 # Irred. k point  381 : (  0.0333,  0.3000, -0.5000)
   Mode, Frequency 
      1     42.7251 cm^-1  (      1.2809 THz )
      2     49.2542 cm^-1  (      1.4766 THz )
      3     68.1135 cm^-1  (      2.0420 THz )

 # Irred. k point  382 : (  0.0333,  0.3000, -0.4667)
   Mode, Frequency 
      1     42.5404 cm^-1  (      1.2753 THz )
      2     51.3658 cm^-1  (      1.5399 THz )
      3     68.4914 cm^-1  (      2.0533 THz )

 # Irred. k point  383 : (  0.0333,  0.3000, -0.4333)
   Mode, Frequency 
      1     42.0123 cm^-1  (      1.2595 THz )
      2     53.3882 cm^-1  (      1.6005 THz )
      3     68.2599 cm^-1  (      2.0464 THz )

 # Irred. k point  384 : (  0.0333,  0.3000, -0.4000)
   Mode, Frequency 
      1     41.1625 cm^-1  (      1.2340 THz )
      2     55.2081 cm^-1  (      1.6551 THz )
      3     67.4646 cm^-1  (      2.0225 THz )

 # Irred. k point  385 : (  0.0333,  0.3000, -0.3667)
   Mode, Frequency 
      1     40.0198 cm^-1  (      1.1998 THz )
      2     56.6620 cm^-1  (      1.6987 THz )
      3     66.2242 cm^-1  (      1.9854 THz )

 # Irred. k point  386 : (  0.0333,  0.3000, -0.3333)
   Mode, Frequency 
      1     38.6206 cm^-1  (      1.1578 THz )
      2     57.4392 cm^-1  (      1.7220 THz )
      3     64.8268 cm^-1  (      1.9435 THz )

 # Irred. k point  387 : (  0.0333,  0.3000, -0.3000)
   Mode, Frequency 
      1     37.0078 cm^-1  (      1.1095 THz )
      2     56.9708 cm^-1  (      1.7079 THz )
      3     63.8401 cm^-1  (      1.9139 THz )

 # Irred. k point  388 : (  0.0333,  0.3000, -0.2667)
   Mode, Frequency 
      1     35.2322 cm^-1  (      1.0562 THz )
      2     54.9696 cm^-1  (      1.6479 THz )
      3     63.5713 cm^-1  (      1.9058 THz )

 # Irred. k point  389 : (  0.0333,  0.3333,  0.3667)
   Mode, Frequency 
      1     41.8272 cm^-1  (      1.2539 THz )
      2     42.4368 cm^-1  (      1.2722 THz )
      3     62.8881 cm^-1  (      1.8853 THz )

 # Irred. k point  390 : (  0.0333,  0.3333,  0.4000)
   Mode, Frequency 
      1     42.8761 cm^-1  (      1.2854 THz )
      2     44.0956 cm^-1  (      1.3220 THz )
      3     65.0485 cm^-1  (      1.9501 THz )

 # Irred. k point  391 : (  0.0333,  0.3333,  0.4333)
   Mode, Frequency 
      1     43.7100 cm^-1  (      1.3104 THz )
      2     45.8558 cm^-1  (      1.3747 THz )
      3     66.8457 cm^-1  (      2.0040 THz )

 # Irred. k point  392 : (  0.0333,  0.3333,  0.4667)
   Mode, Frequency 
      1     44.2301 cm^-1  (      1.3260 THz )
      2     47.7911 cm^-1  (      1.4327 THz )
      3     68.1560 cm^-1  (      2.0433 THz )

 # Irred. k point  393 : (  0.0333,  0.3333, -0.5000)
   Mode, Frequency 
      1     44.4027 cm^-1  (      1.3312 THz )
      2     49.8870 cm^-1  (      1.4956 THz )
      3     68.8983 cm^-1  (      2.0655 THz )

 # Irred. k point  394 : (  0.0333,  0.3333, -0.4667)
   Mode, Frequency 
      1     44.2247 cm^-1  (      1.3258 THz )
      2     52.0878 cm^-1  (      1.5616 THz )
      3     69.0260 cm^-1  (      2.0693 THz )

 # Irred. k point  395 : (  0.0333,  0.3333, -0.4333)
   Mode, Frequency 
      1     43.7069 cm^-1  (      1.3103 THz )
      2     54.3219 cm^-1  (      1.6285 THz )
      3     68.5221 cm^-1  (      2.0542 THz )

 # Irred. k point  396 : (  0.0333,  0.3333, -0.4000)
   Mode, Frequency 
      1     42.8692 cm^-1  (      1.2852 THz )
      2     56.5101 cm^-1  (      1.6941 THz )
      3     67.3963 cm^-1  (      2.0205 THz )

 # Irred. k point  397 : (  0.0333,  0.3333, -0.3667)
   Mode, Frequency 
      1     41.7402 cm^-1  (      1.2513 THz )
      2     58.5621 cm^-1  (      1.7556 THz )
      3     65.6903 cm^-1  (      1.9693 THz )

 # Irred. k point  398 : (  0.0333,  0.3333, -0.3333)
   Mode, Frequency 
      1     40.3563 cm^-1  (      1.2099 THz )
      2     60.2962 cm^-1  (      1.8076 THz )
      3     63.5578 cm^-1  (      1.9054 THz )

 # Irred. k point  399 : (  0.0333,  0.3333, -0.3000)
   Mode, Frequency 
      1     38.7616 cm^-1  (      1.1620 THz )
      2     59.9858 cm^-1  (      1.7983 THz )
      3     62.7170 cm^-1  (      1.8802 THz )

 # Irred. k point  400 : (  0.0333,  0.3667,  0.4000)
   Mode, Frequency 
      1     44.3438 cm^-1  (      1.3294 THz )
      2     44.8591 cm^-1  (      1.3448 THz )
      3     66.8304 cm^-1  (      2.0035 THz )

 # Irred. k point  401 : (  0.0333,  0.3667,  0.4333)
   Mode, Frequency 
      1     45.1676 cm^-1  (      1.3541 THz )
      2     46.3289 cm^-1  (      1.3889 THz )
      3     68.4194 cm^-1  (      2.0512 THz )

 # Irred. k point  402 : (  0.0333,  0.3667,  0.4667)
   Mode, Frequency 
      1     45.6967 cm^-1  (      1.3700 THz )
      2     47.9996 cm^-1  (      1.4390 THz )
      3     69.5543 cm^-1  (      2.0852 THz )

 # Irred. k point  403 : (  0.0333,  0.3667, -0.5000)
   Mode, Frequency 
      1     45.8844 cm^-1  (      1.3756 THz )
      2     49.8899 cm^-1  (      1.4957 THz )
      3     70.1465 cm^-1  (      2.1029 THz )

 # Irred. k point  404 : (  0.0333,  0.3667, -0.4667)
   Mode, Frequency 
      1     45.7247 cm^-1  (      1.3708 THz )
      2     51.9584 cm^-1  (      1.5577 THz )
      3     70.1448 cm^-1  (      2.1029 THz )

 # Irred. k point  405 : (  0.0333,  0.3667, -0.4333)
   Mode, Frequency 
      1     45.2266 cm^-1  (      1.3559 THz )
      2     54.1403 cm^-1  (      1.6231 THz )
      3     69.5303 cm^-1  (      2.0845 THz )

 # Irred. k point  406 : (  0.0333,  0.3667, -0.4000)
   Mode, Frequency 
      1     44.4087 cm^-1  (      1.3313 THz )
      2     56.3560 cm^-1  (      1.6895 THz )
      3     68.3143 cm^-1  (      2.0480 THz )

 # Irred. k point  407 : (  0.0333,  0.3667, -0.3667)
   Mode, Frequency 
      1     43.2988 cm^-1  (      1.2981 THz )
      2     58.5035 cm^-1  (      1.7539 THz )
      3     66.5486 cm^-1  (      1.9951 THz )

 # Irred. k point  408 : (  0.0333,  0.3667, -0.3333)
   Mode, Frequency 
      1     41.9332 cm^-1  (      1.2571 THz )
      2     60.3529 cm^-1  (      1.8093 THz )
      3     64.4315 cm^-1  (      1.9316 THz )

 # Irred. k point  409 : (  0.0333,  0.4000,  0.4333)
   Mode, Frequency 
      1     46.3404 cm^-1  (      1.3893 THz )
      2     46.7860 cm^-1  (      1.4026 THz )
      3     69.9906 cm^-1  (      2.0983 THz )

 # Irred. k point  410 : (  0.0333,  0.4000,  0.4667)
   Mode, Frequency 
      1     46.9040 cm^-1  (      1.4061 THz )
      2     48.0491 cm^-1  (      1.4405 THz )
      3     71.0169 cm^-1  (      2.1290 THz )

 # Irred. k point  411 : (  0.0333,  0.4000, -0.5000)
   Mode, Frequency 
      1     47.1214 cm^-1  (      1.4127 THz )
      2     49.5754 cm^-1  (      1.4862 THz )
      3     71.5334 cm^-1  (      2.1445 THz )

 # Irred. k point  412 : (  0.0333,  0.4000, -0.4667)
   Mode, Frequency 
      1     46.9903 cm^-1  (      1.4087 THz )
      2     51.3313 cm^-1  (      1.5389 THz )
      3     71.4907 cm^-1  (      2.1432 THz )

 # Irred. k point  413 : (  0.0333,  0.4000, -0.4333)
   Mode, Frequency 
      1     46.5202 cm^-1  (      1.3946 THz )
      2     53.2491 cm^-1  (      1.5964 THz )
      3     70.8798 cm^-1  (      2.1249 THz )

 # Irred. k point  414 : (  0.0333,  0.4000, -0.4000)
   Mode, Frequency 
      1     45.7288 cm^-1  (      1.3709 THz )
      2     55.2277 cm^-1  (      1.6557 THz )
      3     69.7384 cm^-1  (      2.0907 THz )

 # Irred. k point  415 : (  0.0333,  0.4000, -0.3667)
   Mode, Frequency 
      1     44.6432 cm^-1  (      1.3384 THz )
      2     57.1007 cm^-1  (      1.7118 THz )
      3     68.1840 cm^-1  (      2.0441 THz )

 # Irred. k point  416 : (  0.0333,  0.4333,  0.4667)
   Mode, Frequency 
      1     47.7884 cm^-1  (      1.4327 THz )
      2     48.1860 cm^-1  (      1.4446 THz )
      3     72.2974 cm^-1  (      2.1674 THz )

 # Irred. k point  417 : (  0.0333,  0.4333, -0.5000)
   Mode, Frequency 
      1     48.0704 cm^-1  (      1.4411 THz )
      2     49.2180 cm^-1  (      1.4755 THz )
      3     72.7810 cm^-1  (      2.1819 THz )

 # Irred. k point  418 : (  0.0333,  0.4333, -0.4667)
   Mode, Frequency 
      1     47.9796 cm^-1  (      1.4384 THz )
      2     50.5378 cm^-1  (      1.5151 THz )
      3     72.7383 cm^-1  (      2.1806 THz )

 # Irred. k point  419 : (  0.0333,  0.4333, -0.4333)
   Mode, Frequency 
      1     47.5449 cm^-1  (      1.4254 THz )
      2     52.0643 cm^-1  (      1.5608 THz )
      3     72.1677 cm^-1  (      2.1635 THz )

 # Irred. k point  420 : (  0.0333,  0.4333, -0.4000)
   Mode, Frequency 
      1     46.7859 cm^-1  (      1.4026 THz )
      2     53.6877 cm^-1  (      1.6095 THz )
      3     71.1222 cm^-1  (      2.1322 THz )

 # Irred. k point  421 : (  0.0333,  0.4667, -0.5000)
   Mode, Frequency 
      1     48.6662 cm^-1  (      1.4590 THz )
      2     49.0356 cm^-1  (      1.4700 THz )
      3     73.7009 cm^-1  (      2.2095 THz )

 # Irred. k point  422 : (  0.0333,  0.4667, -0.4667)
   Mode, Frequency 
      1     48.6563 cm^-1  (      1.4587 THz )
      2     49.8092 cm^-1  (      1.4932 THz )
      3     73.6726 cm^-1  (      2.2087 THz )

 # Irred. k point  423 : (  0.0333,  0.4667, -0.4333)
   Mode, Frequency 
      1     48.2664 cm^-1  (      1.4470 THz )
      2     50.8614 cm^-1  (      1.5248 THz )
      3     73.1427 cm^-1  (      2.1928 THz )

 # Irred. k point  424 : (  0.0333, -0.5000, -0.4667)
   Mode, Frequency 
      1     48.9604 cm^-1  (      1.4678 THz )
      2     49.3204 cm^-1  (      1.4786 THz )
      3     74.1720 cm^-1  (      2.2236 THz )

 # Irred. k point  425 : (  0.0667,  0.1333,  0.2000)
   Mode, Frequency 
      1     15.8678 cm^-1  (      0.4757 THz )
      2     21.8198 cm^-1  (      0.6541 THz )
      3     33.0181 cm^-1  (      0.9899 THz )

 # Irred. k point  426 : (  0.0667,  0.1333,  0.2333)
   Mode, Frequency 
      1     17.6528 cm^-1  (      0.5292 THz )
      2     24.7863 cm^-1  (      0.7431 THz )
      3     38.2114 cm^-1  (      1.1455 THz )

 # Irred. k point  427 : (  0.0667,  0.1333,  0.2667)
   Mode, Frequency 
      1     19.7049 cm^-1  (      0.5907 THz )
      2     27.3582 cm^-1  (      0.8202 THz )
      3     43.6489 cm^-1  (      1.3086 THz )

 # Irred. k point  428 : (  0.0667,  0.1333,  0.3000)
   Mode, Frequency 
      1     21.8875 cm^-1  (      0.6562 THz )
      2     29.6175 cm^-1  (      0.8879 THz )
      3     49.0315 cm^-1  (      1.4699 THz )

 # Irred. k point  429 : (  0.0667,  0.1333,  0.3333)
   Mode, Frequency 
      1     24.0835 cm^-1  (      0.7220 THz )
      2     31.5945 cm^-1  (      0.9472 THz )
      3     54.1542 cm^-1  (      1.6235 THz )

 # Irred. k point  430 : (  0.0667,  0.1333,  0.3667)
   Mode, Frequency 
      1     26.1988 cm^-1  (      0.7854 THz )
      2     33.2922 cm^-1  (      0.9981 THz )
      3     58.8644 cm^-1  (      1.7647 THz )

 # Irred. k point  431 : (  0.0667,  0.1333,  0.4000)
   Mode, Frequency 
      1     28.1566 cm^-1  (      0.8441 THz )
      2     34.7044 cm^-1  (      1.0404 THz )
      3     63.0410 cm^-1  (      1.8899 THz )

 # Irred. k point  432 : (  0.0667,  0.1333,  0.4333)
   Mode, Frequency 
      1     29.8911 cm^-1  (      0.8961 THz )
      2     35.8259 cm^-1  (      1.0740 THz )
      3     66.5860 cm^-1  (      1.9962 THz )

 # Irred. k point  433 : (  0.0667,  0.1333,  0.4667)
   Mode, Frequency 
      1     31.3411 cm^-1  (      0.9396 THz )
      2     36.6589 cm^-1  (      1.0990 THz )
      3     69.4214 cm^-1  (      2.0812 THz )

 # Irred. k point  434 : (  0.0667,  0.1333, -0.5000)
   Mode, Frequency 
      1     32.4459 cm^-1  (      0.9727 THz )
      2     37.2181 cm^-1  (      1.1158 THz )
      3     71.4879 cm^-1  (      2.1432 THz )

 # Irred. k point  435 : (  0.0667,  0.1333, -0.4667)
   Mode, Frequency 
      1     33.1444 cm^-1  (      0.9936 THz )
      2     37.5314 cm^-1  (      1.1252 THz )
      3     72.7440 cm^-1  (      2.1808 THz )

 # Irred. k point  436 : (  0.0667,  0.1333, -0.4333)
   Mode, Frequency 
      1     33.3844 cm^-1  (      1.0008 THz )
      2     37.6309 cm^-1  (      1.1281 THz )
      3     73.1654 cm^-1  (      2.1934 THz )

 # Irred. k point  437 : (  0.0667,  0.1667,  0.2333)
   Mode, Frequency 
      1     20.6858 cm^-1  (      0.6201 THz )
      2     25.9436 cm^-1  (      0.7778 THz )
      3     38.5855 cm^-1  (      1.1568 THz )

 # Irred. k point  438 : (  0.0667,  0.1667,  0.2667)
   Mode, Frequency 
      1     22.2835 cm^-1  (      0.6680 THz )
      2     28.7473 cm^-1  (      0.8618 THz )
      3     43.3916 cm^-1  (      1.3008 THz )

 # Irred. k point  439 : (  0.0667,  0.1667,  0.3000)
   Mode, Frequency 
      1     24.1014 cm^-1  (      0.7225 THz )
      2     31.1677 cm^-1  (      0.9344 THz )
      3     48.3414 cm^-1  (      1.4492 THz )

 # Irred. k point  440 : (  0.0667,  0.1667,  0.3333)
   Mode, Frequency 
      1     26.0350 cm^-1  (      0.7805 THz )
      2     33.2641 cm^-1  (      0.9972 THz )
      3     53.1713 cm^-1  (      1.5940 THz )

 # Irred. k point  441 : (  0.0667,  0.1667,  0.3667)
   Mode, Frequency 
      1     27.9765 cm^-1  (      0.8387 THz )
      2     35.0669 cm^-1  (      1.0513 THz )
      3     57.6909 cm^-1  (      1.7295 THz )

 # Irred. k point  442 : (  0.0667,  0.1667,  0.4000)
   Mode, Frequency 
      1     29.8257 cm^-1  (      0.8942 THz )
      2     36.5909 cm^-1  (      1.0970 THz )
      3     61.7576 cm^-1  (      1.8514 THz )

 # Irred. k point  443 : (  0.0667,  0.1667,  0.4333)
   Mode, Frequency 
      1     31.4895 cm^-1  (      0.9440 THz )
      2     37.8489 cm^-1  (      1.1347 THz )
      3     65.2619 cm^-1  (      1.9565 THz )

 # Irred. k point  444 : (  0.0667,  0.1667,  0.4667)
   Mode, Frequency 
      1     32.8782 cm^-1  (      0.9857 THz )
      2     38.8597 cm^-1  (      1.1650 THz )
      3     68.1194 cm^-1  (      2.0422 THz )

 # Irred. k point  445 : (  0.0667,  0.1667, -0.5000)
   Mode, Frequency 
      1     33.9077 cm^-1  (      1.0165 THz )
      2     39.6497 cm^-1  (      1.1887 THz )
      3     70.2676 cm^-1  (      2.1066 THz )

 # Irred. k point  446 : (  0.0667,  0.1667, -0.4667)
   Mode, Frequency 
      1     34.5088 cm^-1  (      1.0345 THz )
      2     40.2430 cm^-1  (      1.2065 THz )
      3     71.6633 cm^-1  (      2.1484 THz )

 # Irred. k point  447 : (  0.0667,  0.1667, -0.4333)
   Mode, Frequency 
      1     34.6451 cm^-1  (      1.0386 THz )
      2     40.6451 cm^-1  (      1.2185 THz )
      3     72.2810 cm^-1  (      2.1669 THz )

 # Irred. k point  448 : (  0.0667,  0.1667, -0.4000)
   Mode, Frequency 
      1     34.3220 cm^-1  (      1.0289 THz )
      2     40.8346 cm^-1  (      1.2242 THz )
      3     72.1112 cm^-1  (      2.1618 THz )

 # Irred. k point  449 : (  0.0667,  0.1667, -0.3667)
   Mode, Frequency 
      1     33.5755 cm^-1  (      1.0066 THz )
      2     40.7737 cm^-1  (      1.2224 THz )
      3     71.1604 cm^-1  (      2.1333 THz )

 # Irred. k point  450 : (  0.0667,  0.1667, -0.3333)
   Mode, Frequency 
      1     32.4558 cm^-1  (      0.9730 THz )
      2     40.4252 cm^-1  (      1.2119 THz )
      3     69.4507 cm^-1  (      2.0821 THz )

 # Irred. k point  451 : (  0.0667,  0.1667, -0.3000)
   Mode, Frequency 
      1     31.0166 cm^-1  (      0.9299 THz )
      2     39.7614 cm^-1  (      1.1920 THz )
      3     67.0212 cm^-1  (      2.0092 THz )

 # Irred. k point  452 : (  0.0667,  0.1667, -0.2667)
   Mode, Frequency 
      1     29.3135 cm^-1  (      0.8788 THz )
      2     38.7650 cm^-1  (      1.1621 THz )
      3     63.9300 cm^-1  (      1.9166 THz )

 # Irred. k point  453 : (  0.0667,  0.1667, -0.2333)
   Mode, Frequency 
      1     27.4059 cm^-1  (      0.8216 THz )
      2     37.4252 cm^-1  (      1.1220 THz )
      3     60.2574 cm^-1  (      1.8065 THz )

 # Irred. k point  454 : (  0.0667,  0.1667, -0.2000)
   Mode, Frequency 
      1     25.3606 cm^-1  (      0.7603 THz )
      2     35.7311 cm^-1  (      1.0712 THz )
      3     56.1100 cm^-1  (      1.6821 THz )

 # Irred. k point  455 : (  0.0667,  0.1667, -0.1667)
   Mode, Frequency 
      1     23.2569 cm^-1  (      0.6972 THz )
      2     33.6633 cm^-1  (      1.0092 THz )
      3     51.6276 cm^-1  (      1.5478 THz )

 # Irred. k point  456 : (  0.0667,  0.1667, -0.1333)
   Mode, Frequency 
      1     21.1913 cm^-1  (      0.6353 THz )
      2     31.1842 cm^-1  (      0.9349 THz )
      3     46.9925 cm^-1  (      1.4088 THz )

 # Irred. k point  457 : (  0.0667,  0.1667, -0.1000)
   Mode, Frequency 
      1     19.2808 cm^-1  (      0.5780 THz )
      2     28.2370 cm^-1  (      0.8465 THz )
      3     42.4350 cm^-1  (      1.2722 THz )

 # Irred. k point  458 : (  0.0667,  0.2000,  0.2667)
   Mode, Frequency 
      1     25.4315 cm^-1  (      0.7624 THz )
      2     29.9699 cm^-1  (      0.8985 THz )
      3     44.0783 cm^-1  (      1.3214 THz )

 # Irred. k point  459 : (  0.0667,  0.2000,  0.3000)
   Mode, Frequency 
      1     26.9066 cm^-1  (      0.8066 THz )
      2     32.6008 cm^-1  (      0.9773 THz )
      3     48.4245 cm^-1  (      1.4517 THz )

 # Irred. k point  460 : (  0.0667,  0.2000,  0.3333)
   Mode, Frequency 
      1     28.5505 cm^-1  (      0.8559 THz )
      2     34.8710 cm^-1  (      1.0454 THz )
      3     52.8039 cm^-1  (      1.5830 THz )

 # Irred. k point  461 : (  0.0667,  0.2000,  0.3667)
   Mode, Frequency 
      1     30.2698 cm^-1  (      0.9075 THz )
      2     36.8282 cm^-1  (      1.1041 THz )
      3     56.9903 cm^-1  (      1.7085 THz )

 # Irred. k point  462 : (  0.0667,  0.2000,  0.4000)
   Mode, Frequency 
      1     31.9551 cm^-1  (      0.9580 THz )
      2     38.5102 cm^-1  (      1.1545 THz )
      3     60.8154 cm^-1  (      1.8232 THz )

 # Irred. k point  463 : (  0.0667,  0.2000,  0.4333)
   Mode, Frequency 
      1     33.4921 cm^-1  (      1.0041 THz )
      2     39.9515 cm^-1  (      1.1977 THz )
      3     64.1541 cm^-1  (      1.9233 THz )

 # Irred. k point  464 : (  0.0667,  0.2000,  0.4667)
   Mode, Frequency 
      1     34.7678 cm^-1  (      1.0423 THz )
      2     41.1877 cm^-1  (      1.2348 THz )
      3     66.9146 cm^-1  (      2.0060 THz )

 # Irred. k point  465 : (  0.0667,  0.2000, -0.5000)
   Mode, Frequency 
      1     35.6826 cm^-1  (      1.0697 THz )
      2     42.2496 cm^-1  (      1.2666 THz )
      3     69.0313 cm^-1  (      2.0695 THz )

 # Irred. k point  466 : (  0.0667,  0.2000, -0.4667)
   Mode, Frequency 
      1     36.1695 cm^-1  (      1.0843 THz )
      2     43.1464 cm^-1  (      1.2935 THz )
      3     70.4612 cm^-1  (      2.1124 THz )

 # Irred. k point  467 : (  0.0667,  0.2000, -0.4333)
   Mode, Frequency 
      1     36.2069 cm^-1  (      1.0855 THz )
      2     43.8554 cm^-1  (      1.3148 THz )
      3     71.1811 cm^-1  (      2.1340 THz )

 # Irred. k point  468 : (  0.0667,  0.2000, -0.4000)
   Mode, Frequency 
      1     35.8117 cm^-1  (      1.0736 THz )
      2     44.3300 cm^-1  (      1.3290 THz )
      3     71.1847 cm^-1  (      2.1341 THz )

 # Irred. k point  469 : (  0.0667,  0.2000, -0.3667)
   Mode, Frequency 
      1     35.0221 cm^-1  (      1.0499 THz )
      2     44.5168 cm^-1  (      1.3346 THz )
      3     70.4820 cm^-1  (      2.1130 THz )

 # Irred. k point  470 : (  0.0667,  0.2000, -0.3333)
   Mode, Frequency 
      1     33.8851 cm^-1  (      1.0158 THz )
      2     44.3688 cm^-1  (      1.3301 THz )
      3     69.0985 cm^-1  (      2.0715 THz )

 # Irred. k point  471 : (  0.0667,  0.2000, -0.3000)
   Mode, Frequency 
      1     32.4509 cm^-1  (      0.9729 THz )
      2     43.8485 cm^-1  (      1.3145 THz )
      3     67.0775 cm^-1  (      2.0109 THz )

 # Irred. k point  472 : (  0.0667,  0.2000, -0.2667)
   Mode, Frequency 
      1     30.7734 cm^-1  (      0.9226 THz )
      2     42.9255 cm^-1  (      1.2869 THz )
      3     64.4825 cm^-1  (      1.9331 THz )

 # Irred. k point  473 : (  0.0667,  0.2000, -0.2333)
   Mode, Frequency 
      1     28.9117 cm^-1  (      0.8668 THz )
      2     41.5713 cm^-1  (      1.2463 THz )
      3     61.4022 cm^-1  (      1.8408 THz )

 # Irred. k point  474 : (  0.0667,  0.2000, -0.2000)
   Mode, Frequency 
      1     26.9338 cm^-1  (      0.8075 THz )
      2     39.7534 cm^-1  (      1.1918 THz )
      3     57.9548 cm^-1  (      1.7374 THz )

 # Irred. k point  475 : (  0.0667,  0.2000, -0.1667)
   Mode, Frequency 
      1     24.9204 cm^-1  (      0.7471 THz )
      2     37.4331 cm^-1  (      1.1222 THz )
      3     54.2902 cm^-1  (      1.6276 THz )

 # Irred. k point  476 : (  0.0667,  0.2000, -0.1333)
   Mode, Frequency 
      1     22.9684 cm^-1  (      0.6886 THz )
      2     34.5757 cm^-1  (      1.0366 THz )
      3     50.5806 cm^-1  (      1.5164 THz )

 # Irred. k point  477 : (  0.0667,  0.2333,  0.3000)
   Mode, Frequency 
      1     29.9336 cm^-1  (      0.8974 THz )
      2     33.7998 cm^-1  (      1.0133 THz )
      3     49.4023 cm^-1  (      1.4810 THz )

 # Irred. k point  478 : (  0.0667,  0.2333,  0.3333)
   Mode, Frequency 
      1     31.3124 cm^-1  (      0.9387 THz )
      2     36.2522 cm^-1  (      1.0868 THz )
      3     53.2206 cm^-1  (      1.5955 THz )

 # Irred. k point  479 : (  0.0667,  0.2333,  0.3667)
   Mode, Frequency 
      1     32.8031 cm^-1  (      0.9834 THz )
      2     38.3876 cm^-1  (      1.1508 THz )
      3     56.9549 cm^-1  (      1.7075 THz )

 # Irred. k point  480 : (  0.0667,  0.2333,  0.4000)
   Mode, Frequency 
      1     34.3042 cm^-1  (      1.0284 THz )
      2     40.2558 cm^-1  (      1.2068 THz )
      3     60.4172 cm^-1  (      1.8113 THz )

 # Irred. k point  481 : (  0.0667,  0.2333,  0.4333)
   Mode, Frequency 
      1     35.6912 cm^-1  (      1.0700 THz )
      2     41.9107 cm^-1  (      1.2564 THz )
      3     63.4677 cm^-1  (      1.9027 THz )

 # Irred. k point  482 : (  0.0667,  0.2333,  0.4667)
   Mode, Frequency 
      1     36.8356 cm^-1  (      1.1043 THz )
      2     43.4029 cm^-1  (      1.3012 THz )
      3     66.0056 cm^-1  (      1.9788 THz )

 # Irred. k point  483 : (  0.0667,  0.2333, -0.5000)
   Mode, Frequency 
      1     37.6295 cm^-1  (      1.1281 THz )
      2     44.7638 cm^-1  (      1.3420 THz )
      3     67.9626 cm^-1  (      2.0375 THz )

 # Irred. k point  484 : (  0.0667,  0.2333, -0.4667)
   Mode, Frequency 
      1     38.0100 cm^-1  (      1.1395 THz )
      2     45.9864 cm^-1  (      1.3786 THz )
      3     69.2980 cm^-1  (      2.0775 THz )

 # Irred. k point  485 : (  0.0667,  0.2333, -0.4333)
   Mode, Frequency 
      1     37.9629 cm^-1  (      1.1381 THz )
      2     47.0243 cm^-1  (      1.4098 THz )
      3     69.9946 cm^-1  (      2.0984 THz )

 # Irred. k point  486 : (  0.0667,  0.2333, -0.4000)
   Mode, Frequency 
      1     37.5081 cm^-1  (      1.1245 THz )
      2     47.8084 cm^-1  (      1.4333 THz )
      3     70.0559 cm^-1  (      2.1002 THz )

 # Irred. k point  487 : (  0.0667,  0.2333, -0.3667)
   Mode, Frequency 
      1     36.6825 cm^-1  (      1.0997 THz )
      2     48.2654 cm^-1  (      1.4470 THz )
      3     69.5045 cm^-1  (      2.0837 THz )

 # Irred. k point  488 : (  0.0667,  0.2333, -0.3333)
   Mode, Frequency 
      1     35.5300 cm^-1  (      1.0652 THz )
      2     48.3269 cm^-1  (      1.4488 THz )
      3     68.3812 cm^-1  (      2.0500 THz )

 # Irred. k point  489 : (  0.0667,  0.2333, -0.3000)
   Mode, Frequency 
      1     34.0993 cm^-1  (      1.0223 THz )
      2     47.9307 cm^-1  (      1.4369 THz )
      3     66.7464 cm^-1  (      2.0010 THz )

 # Irred. k point  490 : (  0.0667,  0.2333, -0.2667)
   Mode, Frequency 
      1     32.4436 cm^-1  (      0.9726 THz )
      2     47.0194 cm^-1  (      1.4096 THz )
      3     64.6818 cm^-1  (      1.9391 THz )

 # Irred. k point  491 : (  0.0667,  0.2333, -0.2333)
   Mode, Frequency 
      1     30.6227 cm^-1  (      0.9180 THz )
      2     45.5395 cm^-1  (      1.3652 THz )
      3     62.2907 cm^-1  (      1.8674 THz )

 # Irred. k point  492 : (  0.0667,  0.2333, -0.2000)
   Mode, Frequency 
      1     28.7054 cm^-1  (      0.8606 THz )
      2     43.4484 cm^-1  (      1.3026 THz )
      3     59.6903 cm^-1  (      1.7895 THz )

 # Irred. k point  493 : (  0.0667,  0.2333, -0.1667)
   Mode, Frequency 
      1     26.7728 cm^-1  (      0.8026 THz )
      2     40.7326 cm^-1  (      1.2211 THz )
      3     56.9944 cm^-1  (      1.7087 THz )

 # Irred. k point  494 : (  0.0667,  0.2667,  0.3333)
   Mode, Frequency 
      1     34.0863 cm^-1  (      1.0219 THz )
      2     37.3567 cm^-1  (      1.1199 THz )
      3     54.4499 cm^-1  (      1.6324 THz )

 # Irred. k point  495 : (  0.0667,  0.2667,  0.3667)
   Mode, Frequency 
      1     35.3660 cm^-1  (      1.0602 THz )
      2     39.6274 cm^-1  (      1.1880 THz )
      3     57.6850 cm^-1  (      1.7294 THz )

 # Irred. k point  496 : (  0.0667,  0.2667,  0.4000)
   Mode, Frequency 
      1     36.6867 cm^-1  (      1.0998 THz )
      2     41.6551 cm^-1  (      1.2488 THz )
      3     60.7167 cm^-1  (      1.8202 THz )

 # Irred. k point  497 : (  0.0667,  0.2667,  0.4333)
   Mode, Frequency 
      1     37.9255 cm^-1  (      1.1370 THz )
      2     43.5059 cm^-1  (      1.3043 THz )
      3     63.3942 cm^-1  (      1.9005 THz )

 # Irred. k point  498 : (  0.0667,  0.2667,  0.4667)
   Mode, Frequency 
      1     38.9451 cm^-1  (      1.1675 THz )
      2     45.2448 cm^-1  (      1.3564 THz )
      3     65.6087 cm^-1  (      1.9669 THz )

 # Irred. k point  499 : (  0.0667,  0.2667, -0.5000)
   Mode, Frequency 
      1     39.6322 cm^-1  (      1.1881 THz )
      2     46.9062 cm^-1  (      1.4062 THz )
      3     67.2883 cm^-1  (      2.0173 THz )

 # Irred. k point  500 : (  0.0667,  0.2667, -0.4667)
   Mode, Frequency 
      1     39.9250 cm^-1  (      1.1969 THz )
      2     48.4728 cm^-1  (      1.4532 THz )
      3     68.3941 cm^-1  (      2.0504 THz )

 # Irred. k point  501 : (  0.0667,  0.2667, -0.4333)
   Mode, Frequency 
      1     39.8115 cm^-1  (      1.1935 THz )
      2     49.8798 cm^-1  (      1.4954 THz )
      3     68.9171 cm^-1  (      2.0661 THz )

 # Irred. k point  502 : (  0.0667,  0.2667, -0.4000)
   Mode, Frequency 
      1     39.3107 cm^-1  (      1.1785 THz )
      2     51.0344 cm^-1  (      1.5300 THz )
      3     68.8775 cm^-1  (      2.0649 THz )

 # Irred. k point  503 : (  0.0667,  0.2667, -0.3667)
   Mode, Frequency 
      1     38.4569 cm^-1  (      1.1529 THz )
      2     51.8308 cm^-1  (      1.5538 THz )
      3     68.3249 cm^-1  (      2.0483 THz )

 # Irred. k point  504 : (  0.0667,  0.2667, -0.3333)
   Mode, Frequency 
      1     37.2921 cm^-1  (      1.1180 THz )
      2     52.1544 cm^-1  (      1.5636 THz )
      3     67.3401 cm^-1  (      2.0188 THz )

 # Irred. k point  505 : (  0.0667,  0.2667, -0.3000)
   Mode, Frequency 
      1     35.8641 cm^-1  (      1.0752 THz )
      2     51.8849 cm^-1  (      1.5555 THz )
      3     66.0342 cm^-1  (      1.9797 THz )

 # Irred. k point  506 : (  0.0667,  0.2667, -0.2667)
   Mode, Frequency 
      1     34.2262 cm^-1  (      1.0261 THz )
      2     50.9088 cm^-1  (      1.5262 THz )
      3     64.5358 cm^-1  (      1.9347 THz )

 # Irred. k point  507 : (  0.0667,  0.2667, -0.2333)
   Mode, Frequency 
      1     32.4389 cm^-1  (      0.9725 THz )
      2     49.1545 cm^-1  (      1.4736 THz )
      3     62.9555 cm^-1  (      1.8874 THz )

 # Irred. k point  508 : (  0.0667,  0.2667, -0.2000)
   Mode, Frequency 
      1     30.5716 cm^-1  (      0.9165 THz )
      2     46.6341 cm^-1  (      1.3981 THz )
      3     61.3443 cm^-1  (      1.8391 THz )

 # Irred. k point  509 : (  0.0667,  0.3000,  0.3667)
   Mode, Frequency 
      1     37.8150 cm^-1  (      1.1337 THz )
      2     40.5762 cm^-1  (      1.2164 THz )
      3     59.1054 cm^-1  (      1.7719 THz )

 # Irred. k point  510 : (  0.0667,  0.3000,  0.4000)
   Mode, Frequency 
      1     38.9708 cm^-1  (      1.1683 THz )
      2     42.6635 cm^-1  (      1.2790 THz )
      3     61.7206 cm^-1  (      1.8503 THz )

 # Irred. k point  511 : (  0.0667,  0.3000,  0.4333)
   Mode, Frequency 
      1     40.0766 cm^-1  (      1.2015 THz )
      2     44.6162 cm^-1  (      1.3376 THz )
      3     64.0178 cm^-1  (      1.9192 THz )

 # Irred. k point  512 : (  0.0667,  0.3000,  0.4667)
   Mode, Frequency 
      1     40.9911 cm^-1  (      1.2289 THz )
      2     46.5171 cm^-1  (      1.3945 THz )
      3     65.8792 cm^-1  (      1.9750 THz )

 # Irred. k point  513 : (  0.0667,  0.3000, -0.5000)
   Mode, Frequency 
      1     41.5945 cm^-1  (      1.2470 THz )
      2     48.4144 cm^-1  (      1.4514 THz )
      3     67.2252 cm^-1  (      2.0154 THz )

 # Irred. k point  514 : (  0.0667,  0.3000, -0.4667)
   Mode, Frequency 
      1     41.8222 cm^-1  (      1.2538 THz )
      2     50.2948 cm^-1  (      1.5078 THz )
      3     68.0122 cm^-1  (      2.0390 THz )

 # Irred. k point  515 : (  0.0667,  0.3000, -0.4333)
   Mode, Frequency 
      1     41.6609 cm^-1  (      1.2490 THz )
      2     52.0893 cm^-1  (      1.5616 THz )
      3     68.2310 cm^-1  (      2.0455 THz )

 # Irred. k point  516 : (  0.0667,  0.3000, -0.4000)
   Mode, Frequency 
      1     41.1275 cm^-1  (      1.2330 THz )
      2     53.6915 cm^-1  (      1.6096 THz )
      3     67.9116 cm^-1  (      2.0359 THz )

 # Irred. k point  517 : (  0.0667,  0.3000, -0.3667)
   Mode, Frequency 
      1     40.2539 cm^-1  (      1.2068 THz )
      2     54.9591 cm^-1  (      1.6476 THz )
      3     67.1356 cm^-1  (      2.0127 THz )

 # Irred. k point  518 : (  0.0667,  0.3000, -0.3333)
   Mode, Frequency 
      1     39.0807 cm^-1  (      1.1716 THz )
      2     55.6920 cm^-1  (      1.6696 THz )
      3     66.0639 cm^-1  (      1.9805 THz )

 # Irred. k point  519 : (  0.0667,  0.3000, -0.3000)
   Mode, Frequency 
      1     37.6549 cm^-1  (      1.1289 THz )
      2     55.6094 cm^-1  (      1.6671 THz )
      3     64.9610 cm^-1  (      1.9475 THz )

 # Irred. k point  520 : (  0.0667,  0.3000, -0.2667)
   Mode, Frequency 
      1     36.0304 cm^-1  (      1.0802 THz )
      2     54.4480 cm^-1  (      1.6323 THz )
      3     64.0964 cm^-1  (      1.9216 THz )

 # Irred. k point  521 : (  0.0667,  0.3000, -0.2333)
   Mode, Frequency 
      1     34.2683 cm^-1  (      1.0273 THz )
      2     52.2121 cm^-1  (      1.5653 THz )
      3     63.4948 cm^-1  (      1.9035 THz )

 # Irred. k point  522 : (  0.0667,  0.3333,  0.4000)
   Mode, Frequency 
      1     41.0630 cm^-1  (      1.2310 THz )
      2     43.4023 cm^-1  (      1.3012 THz )
      3     63.2547 cm^-1  (      1.8963 THz )

 # Irred. k point  523 : (  0.0667,  0.3333,  0.4333)
   Mode, Frequency 
      1     42.0554 cm^-1  (      1.2608 THz )
      2     45.3048 cm^-1  (      1.3582 THz )
      3     65.2345 cm^-1  (      1.9557 THz )

 # Irred. k point  524 : (  0.0667,  0.3333,  0.4667)
   Mode, Frequency 
      1     42.8900 cm^-1  (      1.2858 THz )
      2     47.2057 cm^-1  (      1.4152 THz )
      3     66.7960 cm^-1  (      2.0025 THz )

 # Irred. k point  525 : (  0.0667,  0.3333, -0.5000)
   Mode, Frequency 
      1     43.4359 cm^-1  (      1.3022 THz )
      2     49.1807 cm^-1  (      1.4744 THz )
      3     67.8492 cm^-1  (      2.0341 THz )

 # Irred. k point  526 : (  0.0667,  0.3333, -0.4667)
   Mode, Frequency 
      1     43.6214 cm^-1  (      1.3077 THz )
      2     51.2367 cm^-1  (      1.5360 THz )
      3     68.3380 cm^-1  (      2.0487 THz )

 # Irred. k point  527 : (  0.0667,  0.3333, -0.4333)
   Mode, Frequency 
      1     43.4302 cm^-1  (      1.3020 THz )
      2     53.3210 cm^-1  (      1.5985 THz )
      3     68.2385 cm^-1  (      2.0457 THz )

 # Irred. k point  528 : (  0.0667,  0.3333, -0.4000)
   Mode, Frequency 
      1     42.8771 cm^-1  (      1.2854 THz )
      2     55.3462 cm^-1  (      1.6592 THz )
      3     67.5594 cm^-1  (      2.0254 THz )

 # Irred. k point  529 : (  0.0667,  0.3333, -0.3667)
   Mode, Frequency 
      1     41.9921 cm^-1  (      1.2589 THz )
      2     57.1922 cm^-1  (      1.7146 THz )
      3     66.3572 cm^-1  (      1.9893 THz )

 # Irred. k point  530 : (  0.0667,  0.3333, -0.3333)
   Mode, Frequency 
      1     40.8143 cm^-1  (      1.2236 THz )
      2     58.6371 cm^-1  (      1.7579 THz )
      3     64.8100 cm^-1  (      1.9430 THz )

 # Irred. k point  531 : (  0.0667,  0.3333, -0.3000)
   Mode, Frequency 
      1     39.3908 cm^-1  (      1.1809 THz )
      2     59.0167 cm^-1  (      1.7693 THz )
      3     63.5595 cm^-1  (      1.9055 THz )

 # Irred. k point  532 : (  0.0667,  0.3333, -0.2667)
   Mode, Frequency 
      1     37.7755 cm^-1  (      1.1325 THz )
      2     57.3878 cm^-1  (      1.7204 THz )
      3     63.5477 cm^-1  (      1.9051 THz )

 # Irred. k point  533 : (  0.0667,  0.3667,  0.4333)
   Mode, Frequency 
      1     43.7848 cm^-1  (      1.3126 THz )
      2     45.7858 cm^-1  (      1.3726 THz )
      3     66.7940 cm^-1  (      2.0024 THz )

 # Irred. k point  534 : (  0.0667,  0.3667,  0.4667)
   Mode, Frequency 
      1     44.5681 cm^-1  (      1.3361 THz )
      2     47.4998 cm^-1  (      1.4240 THz )
      3     68.1447 cm^-1  (      2.0429 THz )

 # Irred. k point  535 : (  0.0667,  0.3667, -0.5000)
   Mode, Frequency 
      1     45.0856 cm^-1  (      1.3516 THz )
      2     49.3440 cm^-1  (      1.4793 THz )
      3     69.0018 cm^-1  (      2.0686 THz )

 # Irred. k point  536 : (  0.0667,  0.3667, -0.4667)
   Mode, Frequency 
      1     45.2523 cm^-1  (      1.3566 THz )
      2     51.3536 cm^-1  (      1.5395 THz )
      3     69.3014 cm^-1  (      2.0776 THz )

 # Irred. k point  537 : (  0.0667,  0.3667, -0.4333)
   Mode, Frequency 
      1     45.0485 cm^-1  (      1.3505 THz )
      2     53.4917 cm^-1  (      1.6036 THz )
      3     69.0089 cm^-1  (      2.0688 THz )

 # Irred. k point  538 : (  0.0667,  0.3667, -0.4000)
   Mode, Frequency 
      1     44.4879 cm^-1  (      1.3337 THz )
      2     55.6894 cm^-1  (      1.6695 THz )
      3     68.1152 cm^-1  (      2.0420 THz )

 # Irred. k point  539 : (  0.0667,  0.3667, -0.3667)
   Mode, Frequency 
      1     43.5994 cm^-1  (      1.3071 THz )
      2     57.8687 cm^-1  (      1.7349 THz )
      3     66.6325 cm^-1  (      1.9976 THz )

 # Irred. k point  540 : (  0.0667,  0.3667, -0.3333)
   Mode, Frequency 
      1     42.4214 cm^-1  (      1.2718 THz )
      2     59.9525 cm^-1  (      1.7973 THz )
      3     64.5911 cm^-1  (      1.9364 THz )

 # Irred. k point  541 : (  0.0667,  0.3667, -0.3000)
   Mode, Frequency 
      1     41.0004 cm^-1  (      1.2292 THz )
      2     61.8425 cm^-1  (      1.8540 THz )
      3     62.0620 cm^-1  (      1.8606 THz )

 # Irred. k point  542 : (  0.0667,  0.4000,  0.4667)
   Mode, Frequency 
      1     45.9430 cm^-1  (      1.3773 THz )
      2     47.6853 cm^-1  (      1.4296 THz )
      3     69.6359 cm^-1  (      2.0876 THz )

 # Irred. k point  543 : (  0.0667,  0.4000, -0.5000)
   Mode, Frequency 
      1     46.4740 cm^-1  (      1.3933 THz )
      2     49.1999 cm^-1  (      1.4750 THz )
      3     70.3844 cm^-1  (      2.1101 THz )

 # Irred. k point  544 : (  0.0667,  0.4000, -0.4667)
   Mode, Frequency 
      1     46.6514 cm^-1  (      1.3986 THz )
      2     50.9464 cm^-1  (      1.5273 THz )
      3     70.5995 cm^-1  (      2.1165 THz )

 # Irred. k point  545 : (  0.0667,  0.4000, -0.4333)
   Mode, Frequency 
      1     46.4534 cm^-1  (      1.3926 THz )
      2     52.8944 cm^-1  (      1.5857 THz )
      3     70.2498 cm^-1  (      2.1060 THz )

 # Irred. k point  546 : (  0.0667,  0.4000, -0.4000)
   Mode, Frequency 
      1     45.8973 cm^-1  (      1.3760 THz )
      2     54.9629 cm^-1  (      1.6477 THz )
      3     69.3379 cm^-1  (      2.0787 THz )

 # Irred. k point  547 : (  0.0667,  0.4000, -0.3667)
   Mode, Frequency 
      1     45.0131 cm^-1  (      1.3495 THz )
      2     57.0388 cm^-1  (      1.7100 THz )
      3     67.9103 cm^-1  (      2.0359 THz )

 # Irred. k point  548 : (  0.0667,  0.4000, -0.3333)
   Mode, Frequency 
      1     43.8391 cm^-1  (      1.3143 THz )
      2     58.9224 cm^-1  (      1.7665 THz )
      3     66.1177 cm^-1  (      1.9822 THz )

 # Irred. k point  549 : (  0.0667,  0.4333, -0.5000)
   Mode, Frequency 
      1     47.5074 cm^-1  (      1.4242 THz )
      2     49.0669 cm^-1  (      1.4710 THz )
      3     71.7128 cm^-1  (      2.1499 THz )

 # Irred. k point  550 : (  0.0667,  0.4333, -0.4667)
   Mode, Frequency 
      1     47.7526 cm^-1  (      1.4316 THz )
      2     50.3618 cm^-1  (      1.5098 THz )
      3     71.9042 cm^-1  (      2.1556 THz )

 # Irred. k point  551 : (  0.0667,  0.4333, -0.4333)
   Mode, Frequency 
      1     47.5886 cm^-1  (      1.4267 THz )
      2     51.9398 cm^-1  (      1.5571 THz )
      3     71.5660 cm^-1  (      2.1455 THz )

 # Irred. k point  552 : (  0.0667,  0.4333, -0.4000)
   Mode, Frequency 
      1     47.0512 cm^-1  (      1.4106 THz )
      2     53.6945 cm^-1  (      1.6097 THz )
      3     70.7159 cm^-1  (      2.1200 THz )

 # Irred. k point  553 : (  0.0667,  0.4333, -0.3667)
   Mode, Frequency 
      1     46.1792 cm^-1  (      1.3844 THz )
      2     55.4767 cm^-1  (      1.6631 THz )
      3     69.4315 cm^-1  (      2.0815 THz )

 # Irred. k point  554 : (  0.0667,  0.4667, -0.4667)
   Mode, Frequency 
      1     48.4555 cm^-1  (      1.4527 THz )
      2     49.9061 cm^-1  (      1.4961 THz )
      3     72.9774 cm^-1  (      2.1878 THz )

 # Irred. k point  555 : (  0.0667,  0.4667, -0.4333)
   Mode, Frequency 
      1     48.3939 cm^-1  (      1.4508 THz )
      2     50.9519 cm^-1  (      1.5275 THz )
      3     72.6719 cm^-1  (      2.1786 THz )

 # Irred. k point  556 : (  0.0667,  0.4667, -0.4000)
   Mode, Frequency 
      1     47.9006 cm^-1  (      1.4360 THz )
      2     52.2764 cm^-1  (      1.5672 THz )
      3     71.8895 cm^-1  (      2.1552 THz )

 # Irred. k point  557 : (  0.0667, -0.5000, -0.4333)
   Mode, Frequency 
      1     48.7731 cm^-1  (      1.4622 THz )
      2     50.1875 cm^-1  (      1.5046 THz )
      3     73.4019 cm^-1  (      2.2005 THz )

 # Irred. k point  558 : (  0.1000,  0.2000,  0.3000)
   Mode, Frequency 
      1     23.7669 cm^-1  (      0.7125 THz )
      2     32.0098 cm^-1  (      0.9596 THz )
      3     47.2886 cm^-1  (      1.4177 THz )

 # Irred. k point  559 : (  0.1000,  0.2000,  0.3333)
   Mode, Frequency 
      1     25.4784 cm^-1  (      0.7638 THz )
      2     34.8032 cm^-1  (      1.0434 THz )
      3     51.3799 cm^-1  (      1.5403 THz )

 # Irred. k point  560 : (  0.1000,  0.2000,  0.3667)
   Mode, Frequency 
      1     27.3182 cm^-1  (      0.8190 THz )
      2     37.1429 cm^-1  (      1.1135 THz )
      3     55.4508 cm^-1  (      1.6624 THz )

 # Irred. k point  561 : (  0.1000,  0.2000,  0.4000)
   Mode, Frequency 
      1     29.1805 cm^-1  (      0.8748 THz )
      2     39.0714 cm^-1  (      1.1713 THz )
      3     59.3064 cm^-1  (      1.7780 THz )

 # Irred. k point  562 : (  0.1000,  0.2000,  0.4333)
   Mode, Frequency 
      1     30.9672 cm^-1  (      0.9284 THz )
      2     40.6260 cm^-1  (      1.2179 THz )
      3     62.7889 cm^-1  (      1.8824 THz )

 # Irred. k point  563 : (  0.1000,  0.2000,  0.4667)
   Mode, Frequency 
      1     32.5890 cm^-1  (      0.9770 THz )
      2     41.8363 cm^-1  (      1.2542 THz )
      3     65.7776 cm^-1  (      1.9720 THz )

 # Irred. k point  564 : (  0.1000,  0.2000, -0.5000)
   Mode, Frequency 
      1     33.9637 cm^-1  (      1.0182 THz )
      2     42.7292 cm^-1  (      1.2810 THz )
      3     68.1834 cm^-1  (      2.0441 THz )

 # Irred. k point  565 : (  0.1000,  0.2000, -0.4667)
   Mode, Frequency 
      1     35.0156 cm^-1  (      1.0497 THz )
      2     43.3335 cm^-1  (      1.2991 THz )
      3     69.9429 cm^-1  (      2.0968 THz )

 # Irred. k point  566 : (  0.1000,  0.2000, -0.4333)
   Mode, Frequency 
      1     35.6787 cm^-1  (      1.0696 THz )
      2     43.6791 cm^-1  (      1.3095 THz )
      3     71.0144 cm^-1  (      2.1290 THz )

 # Irred. k point  567 : (  0.1000,  0.2000, -0.4000)
   Mode, Frequency 
      1     35.9056 cm^-1  (      1.0764 THz )
      2     43.7909 cm^-1  (      1.3128 THz )
      3     71.3742 cm^-1  (      2.1397 THz )

 # Irred. k point  568 : (  0.1000,  0.2333,  0.3333)
   Mode, Frequency 
      1     28.2649 cm^-1  (      0.8474 THz )
      2     35.6538 cm^-1  (      1.0689 THz )
      3     51.9258 cm^-1  (      1.5567 THz )

 # Irred. k point  569 : (  0.1000,  0.2333,  0.3667)
   Mode, Frequency 
      1     29.8065 cm^-1  (      0.8936 THz )
      2     38.2782 cm^-1  (      1.1476 THz )
      3     55.4812 cm^-1  (      1.6633 THz )

 # Irred. k point  570 : (  0.1000,  0.2333,  0.4000)
   Mode, Frequency 
      1     31.4382 cm^-1  (      0.9425 THz )
      2     40.4839 cm^-1  (      1.2137 THz )
      3     58.9143 cm^-1  (      1.7662 THz )

 # Irred. k point  571 : (  0.1000,  0.2333,  0.4333)
   Mode, Frequency 
      1     33.0540 cm^-1  (      0.9909 THz )
      2     42.3072 cm^-1  (      1.2683 THz )
      3     62.0675 cm^-1  (      1.8607 THz )

 # Irred. k point  572 : (  0.1000,  0.2333,  0.4667)
   Mode, Frequency 
      1     34.5473 cm^-1  (      1.0357 THz )
      2     43.7892 cm^-1  (      1.3128 THz )
      3     64.8141 cm^-1  (      1.9431 THz )

 # Irred. k point  573 : (  0.1000,  0.2333, -0.5000)
   Mode, Frequency 
      1     35.8153 cm^-1  (      1.0737 THz )
      2     44.9702 cm^-1  (      1.3482 THz )
      3     67.0595 cm^-1  (      2.0104 THz )

 # Irred. k point  574 : (  0.1000,  0.2333, -0.4667)
   Mode, Frequency 
      1     36.7653 cm^-1  (      1.1022 THz )
      2     45.8858 cm^-1  (      1.3756 THz )
      3     68.7382 cm^-1  (      2.0607 THz )

 # Irred. k point  575 : (  0.1000,  0.2333, -0.4333)
   Mode, Frequency 
      1     37.3247 cm^-1  (      1.1190 THz )
      2     46.5605 cm^-1  (      1.3958 THz )
      3     69.8092 cm^-1  (      2.0928 THz )

 # Irred. k point  576 : (  0.1000,  0.2333, -0.4000)
   Mode, Frequency 
      1     37.4519 cm^-1  (      1.1228 THz )
      2     46.9995 cm^-1  (      1.4090 THz )
      3     70.2521 cm^-1  (      2.1061 THz )

 # Irred. k point  577 : (  0.1000,  0.2333, -0.3667)
   Mode, Frequency 
      1     37.1421 cm^-1  (      1.1135 THz )
      2     47.1849 cm^-1  (      1.4146 THz )
      3     70.0639 cm^-1  (      2.1005 THz )

 # Irred. k point  578 : (  0.1000,  0.2333, -0.3333)
   Mode, Frequency 
      1     36.4236 cm^-1  (      1.0920 THz )
      2     47.0814 cm^-1  (      1.4115 THz )
      3     69.2575 cm^-1  (      2.0763 THz )

 # Irred. k point  579 : (  0.1000,  0.2333, -0.3000)
   Mode, Frequency 
      1     35.3467 cm^-1  (      1.0597 THz )
      2     46.6456 cm^-1  (      1.3984 THz )
      3     67.8622 cm^-1  (      2.0345 THz )

 # Irred. k point  580 : (  0.1000,  0.2333, -0.2667)
   Mode, Frequency 
      1     33.9750 cm^-1  (      1.0185 THz )
      2     45.8335 cm^-1  (      1.3741 THz )
      3     65.9259 cm^-1  (      1.9764 THz )

 # Irred. k point  581 : (  0.1000,  0.2333, -0.2333)
   Mode, Frequency 
      1     32.3805 cm^-1  (      0.9707 THz )
      2     44.6030 cm^-1  (      1.3372 THz )
      3     63.5183 cm^-1  (      1.9042 THz )

 # Irred. k point  582 : (  0.1000,  0.2333, -0.2000)
   Mode, Frequency 
      1     30.6422 cm^-1  (      0.9186 THz )
      2     42.9135 cm^-1  (      1.2865 THz )
      3     60.7344 cm^-1  (      1.8208 THz )

 # Irred. k point  583 : (  0.1000,  0.2333, -0.1667)
   Mode, Frequency 
      1     28.8472 cm^-1  (      0.8648 THz )
      2     40.7271 cm^-1  (      1.2210 THz )
      3     57.6939 cm^-1  (      1.7296 THz )

 # Irred. k point  584 : (  0.1000,  0.2333, -0.1333)
   Mode, Frequency 
      1     27.0917 cm^-1  (      0.8122 THz )
      2     38.0193 cm^-1  (      1.1398 THz )
      3     54.5321 cm^-1  (      1.6348 THz )

 # Irred. k point  585 : (  0.1000,  0.2667,  0.3667)
   Mode, Frequency 
      1     32.5596 cm^-1  (      0.9761 THz )
      2     39.0729 cm^-1  (      1.1714 THz )
      3     56.2643 cm^-1  (      1.6868 THz )

 # Irred. k point  586 : (  0.1000,  0.2667,  0.4000)
   Mode, Frequency 
      1     33.9451 cm^-1  (      1.0176 THz )
      2     41.5203 cm^-1  (      1.2447 THz )
      3     59.2244 cm^-1  (      1.7755 THz )

 # Irred. k point  587 : (  0.1000,  0.2667,  0.4333)
   Mode, Frequency 
      1     35.3676 cm^-1  (      1.0603 THz )
      2     43.6124 cm^-1  (      1.3075 THz )
      3     61.9589 cm^-1  (      1.8575 THz )

 # Irred. k point  588 : (  0.1000,  0.2667,  0.4667)
   Mode, Frequency 
      1     36.7103 cm^-1  (      1.1005 THz )
      2     45.3895 cm^-1  (      1.3607 THz )
      3     64.3481 cm^-1  (      1.9291 THz )

 # Irred. k point  589 : (  0.1000,  0.2667, -0.5000)
   Mode, Frequency 
      1     37.8541 cm^-1  (      1.1348 THz )
      2     46.8975 cm^-1  (      1.4060 THz )
      3     66.3002 cm^-1  (      1.9876 THz )

 # Irred. k point  590 : (  0.1000,  0.2667, -0.4667)
   Mode, Frequency 
      1     38.6922 cm^-1  (      1.1600 THz )
      2     48.1735 cm^-1  (      1.4442 THz )
      3     67.7534 cm^-1  (      2.0312 THz )

 # Irred. k point  591 : (  0.1000,  0.2667, -0.4333)
   Mode, Frequency 
      1     39.1469 cm^-1  (      1.1736 THz )
      2     49.2305 cm^-1  (      1.4759 THz )
      3     68.6737 cm^-1  (      2.0588 THz )

 # Irred. k point  592 : (  0.1000,  0.2667, -0.4000)
   Mode, Frequency 
      1     39.1810 cm^-1  (      1.1746 THz )
      2     50.0487 cm^-1  (      1.5004 THz )
      3     69.0521 cm^-1  (      2.0701 THz )

 # Irred. k point  593 : (  0.1000,  0.2667, -0.3667)
   Mode, Frequency 
      1     38.7973 cm^-1  (      1.1631 THz )
      2     50.5779 cm^-1  (      1.5163 THz )
      3     68.9015 cm^-1  (      2.0656 THz )

 # Irred. k point  594 : (  0.1000,  0.2667, -0.3333)
   Mode, Frequency 
      1     38.0285 cm^-1  (      1.1401 THz )
      2     50.7488 cm^-1  (      1.5214 THz )
      3     68.2551 cm^-1  (      2.0462 THz )

 # Irred. k point  595 : (  0.1000,  0.2667, -0.3000)
   Mode, Frequency 
      1     36.9256 cm^-1  (      1.1070 THz )
      2     50.4856 cm^-1  (      1.5135 THz )
      3     67.1648 cm^-1  (      2.0136 THz )

 # Irred. k point  596 : (  0.1000,  0.2667, -0.2667)
   Mode, Frequency 
      1     35.5507 cm^-1  (      1.0658 THz )
      2     49.7146 cm^-1  (      1.4904 THz )
      3     65.7001 cm^-1  (      1.9696 THz )

 # Irred. k point  597 : (  0.1000,  0.2667, -0.2333)
   Mode, Frequency 
      1     33.9737 cm^-1  (      1.0185 THz )
      2     48.3728 cm^-1  (      1.4502 THz )
      3     63.9431 cm^-1  (      1.9170 THz )

 # Irred. k point  598 : (  0.1000,  0.2667, -0.2000)
   Mode, Frequency 
      1     32.2722 cm^-1  (      0.9675 THz )
      2     46.4199 cm^-1  (      1.3916 THz )
      3     61.9788 cm^-1  (      1.8581 THz )

 # Irred. k point  599 : (  0.1000,  0.2667, -0.1667)
   Mode, Frequency 
      1     30.5318 cm^-1  (      0.9153 THz )
      2     43.8545 cm^-1  (      1.3147 THz )
      3     59.8793 cm^-1  (      1.7951 THz )

 # Irred. k point  600 : (  0.1000,  0.3000,  0.4000)
   Mode, Frequency 
      1     36.5085 cm^-1  (      1.0945 THz )
      2     42.1900 cm^-1  (      1.2648 THz )
      3     60.2208 cm^-1  (      1.8054 THz )

 # Irred. k point  601 : (  0.1000,  0.3000,  0.4333)
   Mode, Frequency 
      1     37.7337 cm^-1  (      1.1312 THz )
      2     44.4567 cm^-1  (      1.3328 THz )
      3     62.5434 cm^-1  (      1.8750 THz )

 # Irred. k point  602 : (  0.1000,  0.3000,  0.4667)
   Mode, Frequency 
      1     38.9222 cm^-1  (      1.1669 THz )
      2     46.4667 cm^-1  (      1.3930 THz )
      3     64.5403 cm^-1  (      1.9349 THz )

 # Irred. k point  603 : (  0.1000,  0.3000, -0.5000)
   Mode, Frequency 
      1     39.9425 cm^-1  (      1.1974 THz )
      2     48.2717 cm^-1  (      1.4472 THz )
      3     66.1251 cm^-1  (      1.9824 THz )

 # Irred. k point  604 : (  0.1000,  0.3000, -0.4667)
   Mode, Frequency 
      1     40.6748 cm^-1  (      1.2194 THz )
      2     49.9116 cm^-1  (      1.4963 THz )
      3     67.2413 cm^-1  (      2.0158 THz )

 # Irred. k point  605 : (  0.1000,  0.3000, -0.4333)
   Mode, Frequency 
      1     41.0355 cm^-1  (      1.2302 THz )
      2     51.3901 cm^-1  (      1.5406 THz )
      3     67.8634 cm^-1  (      2.0345 THz )

 # Irred. k point  606 : (  0.1000,  0.3000, -0.4000)
   Mode, Frequency 
      1     40.9892 cm^-1  (      1.2288 THz )
      2     52.6618 cm^-1  (      1.5788 THz )
      3     67.9987 cm^-1  (      2.0386 THz )

 # Irred. k point  607 : (  0.1000,  0.3000, -0.3667)
   Mode, Frequency 
      1     40.5421 cm^-1  (      1.2154 THz )
      2     53.6350 cm^-1  (      1.6079 THz )
      3     67.6907 cm^-1  (      2.0293 THz )

 # Irred. k point  608 : (  0.1000,  0.3000, -0.3333)
   Mode, Frequency 
      1     39.7287 cm^-1  (      1.1910 THz )
      2     54.1805 cm^-1  (      1.6243 THz )
      3     67.0227 cm^-1  (      2.0093 THz )

 # Irred. k point  609 : (  0.1000,  0.3000, -0.3000)
   Mode, Frequency 
      1     38.6000 cm^-1  (      1.1572 THz )
      2     54.1433 cm^-1  (      1.6232 THz )
      3     66.1177 cm^-1  (      1.9822 THz )

 # Irred. k point  610 : (  0.1000,  0.3000, -0.2667)
   Mode, Frequency 
      1     37.2170 cm^-1  (      1.1157 THz )
      2     53.3738 cm^-1  (      1.6001 THz )
      3     65.1133 cm^-1  (      1.9520 THz )

 # Irred. k point  611 : (  0.1000,  0.3000, -0.2333)
   Mode, Frequency 
      1     35.6488 cm^-1  (      1.0687 THz )
      2     51.7910 cm^-1  (      1.5527 THz )
      3     64.1007 cm^-1  (      1.9217 THz )

 # Irred. k point  612 : (  0.1000,  0.3000, -0.2000)
   Mode, Frequency 
      1     33.9722 cm^-1  (      1.0185 THz )
      2     49.4311 cm^-1  (      1.4819 THz )
      3     63.0780 cm^-1  (      1.8910 THz )

 # Irred. k point  613 : (  0.1000,  0.3333,  0.4333)
   Mode, Frequency 
      1     40.0076 cm^-1  (      1.1994 THz )
      2     44.9400 cm^-1  (      1.3473 THz )
      3     63.7149 cm^-1  (      1.9101 THz )

 # Irred. k point  614 : (  0.1000,  0.3333,  0.4667)
   Mode, Frequency 
      1     41.0510 cm^-1  (      1.2307 THz )
      2     47.0252 cm^-1  (      1.4098 THz )
      3     65.3814 cm^-1  (      1.9601 THz )

 # Irred. k point  615 : (  0.1000,  0.3333, -0.5000)
   Mode, Frequency 
      1     41.9616 cm^-1  (      1.2580 THz )
      2     48.9861 cm^-1  (      1.4686 THz )
      3     66.6315 cm^-1  (      1.9976 THz )

 # Irred. k point  616 : (  0.1000,  0.3333, -0.4667)
   Mode, Frequency 
      1     42.6054 cm^-1  (      1.2773 THz )
      2     50.8807 cm^-1  (      1.5254 THz )
      3     67.4047 cm^-1  (      2.0207 THz )

 # Irred. k point  617 : (  0.1000,  0.3333, -0.4333)
   Mode, Frequency 
      1     42.8903 cm^-1  (      1.2858 THz )
      2     52.7230 cm^-1  (      1.5806 THz )
      3     67.6710 cm^-1  (      2.0287 THz )

 # Irred. k point  618 : (  0.1000,  0.3333, -0.4000)
   Mode, Frequency 
      1     42.7794 cm^-1  (      1.2825 THz )
      2     54.4667 cm^-1  (      1.6329 THz )
      3     67.4353 cm^-1  (      2.0217 THz )

 # Irred. k point  619 : (  0.1000,  0.3333, -0.3667)
   Mode, Frequency 
      1     42.2806 cm^-1  (      1.2675 THz )
      2     56.0023 cm^-1  (      1.6789 THz )
      3     66.7511 cm^-1  (      2.0011 THz )

 # Irred. k point  620 : (  0.1000,  0.3333, -0.3333)
   Mode, Frequency 
      1     41.4291 cm^-1  (      1.2420 THz )
      2     57.1347 cm^-1  (      1.7129 THz )
      3     65.7605 cm^-1  (      1.9714 THz )

 # Irred. k point  621 : (  0.1000,  0.3333, -0.3000)
   Mode, Frequency 
      1     40.2756 cm^-1  (      1.2074 THz )
      2     57.5146 cm^-1  (      1.7242 THz )
      3     64.7740 cm^-1  (      1.9419 THz )

 # Irred. k point  622 : (  0.1000,  0.3333, -0.2667)
   Mode, Frequency 
      1     38.8805 cm^-1  (      1.1656 THz )
      2     56.7025 cm^-1  (      1.6999 THz )
      3     64.2117 cm^-1  (      1.9250 THz )

 # Irred. k point  623 : (  0.1000,  0.3333, -0.2333)
   Mode, Frequency 
      1     37.3127 cm^-1  (      1.1186 THz )
      2     54.6697 cm^-1  (      1.6390 THz )
      3     64.1041 cm^-1  (      1.9218 THz )

 # Irred. k point  624 : (  0.1000,  0.3667,  0.4667)
   Mode, Frequency 
      1     42.9769 cm^-1  (      1.2884 THz )
      2     47.2680 cm^-1  (      1.4171 THz )
      3     66.6736 cm^-1  (      1.9988 THz )

 # Irred. k point  625 : (  0.1000,  0.3667, -0.5000)
   Mode, Frequency 
      1     43.8032 cm^-1  (      1.3132 THz )
      2     49.1703 cm^-1  (      1.4741 THz )
      3     67.6933 cm^-1  (      2.0294 THz )

 # Irred. k point  626 : (  0.1000,  0.3667, -0.4667)
   Mode, Frequency 
      1     44.3863 cm^-1  (      1.3307 THz )
      2     51.0977 cm^-1  (      1.5319 THz )
      3     68.2258 cm^-1  (      2.0454 THz )

 # Irred. k point  627 : (  0.1000,  0.3667, -0.4333)
   Mode, Frequency 
      1     44.6199 cm^-1  (      1.3377 THz )
      2     53.0916 cm^-1  (      1.5916 THz )
      3     68.2290 cm^-1  (      2.0455 THz )

 # Irred. k point  628 : (  0.1000,  0.3667, -0.4000)
   Mode, Frequency 
      1     44.4634 cm^-1  (      1.3330 THz )
      2     55.1295 cm^-1  (      1.6527 THz )
      3     67.6864 cm^-1  (      2.0292 THz )

 # Irred. k point  629 : (  0.1000,  0.3667, -0.3667)
   Mode, Frequency 
      1     43.9257 cm^-1  (      1.3169 THz )
      2     57.1402 cm^-1  (      1.7130 THz )
      3     66.6085 cm^-1  (      1.9969 THz )

 # Irred. k point  630 : (  0.1000,  0.3667, -0.3333)
   Mode, Frequency 
      1     43.0431 cm^-1  (      1.2904 THz )
      2     59.0081 cm^-1  (      1.7690 THz )
      3     65.0520 cm^-1  (      1.9502 THz )

 # Irred. k point  631 : (  0.1000,  0.3667, -0.3000)
   Mode, Frequency 
      1     41.8664 cm^-1  (      1.2551 THz )
      2     60.3860 cm^-1  (      1.8103 THz )
      3     63.3193 cm^-1  (      1.8983 THz )

 # Irred. k point  632 : (  0.1000,  0.3667, -0.2667)
   Mode, Frequency 
      1     40.4560 cm^-1  (      1.2128 THz )
      2     59.4795 cm^-1  (      1.7832 THz )
      3     63.1791 cm^-1  (      1.8941 THz )

 # Irred. k point  633 : (  0.1000,  0.4000, -0.5000)
   Mode, Frequency 
      1     45.3530 cm^-1  (      1.3596 THz )
      2     49.1281 cm^-1  (      1.4728 THz )
      3     69.0358 cm^-1  (      2.0696 THz )

 # Irred. k point  634 : (  0.1000,  0.4000, -0.4667)
   Mode, Frequency 
      1     45.9195 cm^-1  (      1.3766 THz )
      2     50.8405 cm^-1  (      1.5242 THz )
      3     69.4474 cm^-1  (      2.0820 THz )

 # Irred. k point  635 : (  0.1000,  0.4000, -0.4333)
   Mode, Frequency 
      1     46.1381 cm^-1  (      1.3832 THz )
      2     52.7113 cm^-1  (      1.5802 THz )
      3     69.3352 cm^-1  (      2.0786 THz )

 # Irred. k point  636 : (  0.1000,  0.4000, -0.4000)
   Mode, Frequency 
      1     45.9604 cm^-1  (      1.3779 THz )
      2     54.7307 cm^-1  (      1.6408 THz )
      3     68.6800 cm^-1  (      2.0590 THz )

 # Irred. k point  637 : (  0.1000,  0.4000, -0.3667)
   Mode, Frequency 
      1     45.3988 cm^-1  (      1.3610 THz )
      2     56.8292 cm^-1  (      1.7037 THz )
      3     67.4867 cm^-1  (      2.0232 THz )

 # Irred. k point  638 : (  0.1000,  0.4000, -0.3333)
   Mode, Frequency 
      1     44.4929 cm^-1  (      1.3339 THz )
      2     58.9063 cm^-1  (      1.7660 THz )
      3     65.7908 cm^-1  (      1.9724 THz )

 # Irred. k point  639 : (  0.1000,  0.4000, -0.3000)
   Mode, Frequency 
      1     43.2952 cm^-1  (      1.2980 THz )
      2     60.7527 cm^-1  (      1.8213 THz )
      3     63.7514 cm^-1  (      1.9112 THz )

 # Irred. k point  640 : (  0.1000,  0.4333, -0.4667)
   Mode, Frequency 
      1     47.0866 cm^-1  (      1.4116 THz )
      2     50.4837 cm^-1  (      1.5135 THz )
      3     70.7547 cm^-1  (      2.1212 THz )

 # Irred. k point  641 : (  0.1000,  0.4333, -0.4333)
   Mode, Frequency 
      1     47.3524 cm^-1  (      1.4196 THz )
      2     51.9880 cm^-1  (      1.5586 THz )
      3     70.6243 cm^-1  (      2.1173 THz )

 # Irred. k point  642 : (  0.1000,  0.4333, -0.4000)
   Mode, Frequency 
      1     47.1927 cm^-1  (      1.4148 THz )
      2     53.7308 cm^-1  (      1.6108 THz )
      3     69.9843 cm^-1  (      2.0981 THz )

 # Irred. k point  643 : (  0.1000,  0.4333, -0.3667)
   Mode, Frequency 
      1     46.6280 cm^-1  (      1.3979 THz )
      2     55.6131 cm^-1  (      1.6672 THz )
      3     68.8643 cm^-1  (      2.0645 THz )

 # Irred. k point  644 : (  0.1000,  0.4333, -0.3333)
   Mode, Frequency 
      1     45.7088 cm^-1  (      1.3703 THz )
      2     57.4600 cm^-1  (      1.7226 THz )
      3     67.3640 cm^-1  (      2.0195 THz )

 # Irred. k point  645 : (  0.1000,  0.4667, -0.4333)
   Mode, Frequency 
      1     48.1416 cm^-1  (      1.4433 THz )
      2     51.3080 cm^-1  (      1.5382 THz )
      3     71.7983 cm^-1  (      2.1525 THz )

 # Irred. k point  646 : (  0.1000,  0.4667, -0.4000)
   Mode, Frequency 
      1     48.0745 cm^-1  (      1.4412 THz )
      2     52.5733 cm^-1  (      1.5761 THz )
      3     71.2146 cm^-1  (      2.1350 THz )

 # Irred. k point  647 : (  0.1000,  0.4667, -0.3667)
   Mode, Frequency 
      1     47.5443 cm^-1  (      1.4253 THz )
      2     54.0802 cm^-1  (      1.6213 THz )
      3     70.1972 cm^-1  (      2.1045 THz )

 # Irred. k point  648 : (  0.1000, -0.5000, -0.4000)
   Mode, Frequency 
      1     48.4958 cm^-1  (      1.4539 THz )
      2     51.5846 cm^-1  (      1.5465 THz )
      3     72.1482 cm^-1  (      2.1629 THz )

 # Irred. k point  649 : (  0.1333,  0.2667,  0.4000)
   Mode, Frequency 
      1     31.2619 cm^-1  (      0.9372 THz )
      2     41.2866 cm^-1  (      1.2377 THz )
      3     58.1447 cm^-1  (      1.7431 THz )

 # Irred. k point  650 : (  0.1333,  0.2667,  0.4333)
   Mode, Frequency 
      1     32.8250 cm^-1  (      0.9841 THz )
      2     43.8301 cm^-1  (      1.3140 THz )
      3     60.7061 cm^-1  (      1.8199 THz )

 # Irred. k point  651 : (  0.1333,  0.2667,  0.4667)
   Mode, Frequency 
      1     34.3920 cm^-1  (      1.0310 THz )
      2     45.8960 cm^-1  (      1.3759 THz )
      3     63.0682 cm^-1  (      1.8907 THz )

 # Irred. k point  652 : (  0.1333,  0.2667, -0.5000)
   Mode, Frequency 
      1     35.8603 cm^-1  (      1.0751 THz )
      2     47.5038 cm^-1  (      1.4241 THz )
      3     65.1354 cm^-1  (      1.9527 THz )

 # Irred. k point  653 : (  0.1333,  0.2667, -0.4667)
   Mode, Frequency 
      1     37.1317 cm^-1  (      1.1132 THz )
      2     48.6896 cm^-1  (      1.4597 THz )
      3     66.8251 cm^-1  (      2.0034 THz )

 # Irred. k point  654 : (  0.1333,  0.2667, -0.4333)
   Mode, Frequency 
      1     38.1172 cm^-1  (      1.1427 THz )
      2     49.4951 cm^-1  (      1.4838 THz )
      3     68.0742 cm^-1  (      2.0408 THz )

 # Irred. k point  655 : (  0.1333,  0.2667, -0.4000)
   Mode, Frequency 
      1     38.7424 cm^-1  (      1.1615 THz )
      2     49.9593 cm^-1  (      1.4977 THz )
      3     68.8397 cm^-1  (      2.0638 THz )

 # Irred. k point  656 : (  0.1333,  0.2667, -0.3667)
   Mode, Frequency 
      1     38.9569 cm^-1  (      1.1679 THz )
      2     50.1105 cm^-1  (      1.5023 THz )
      3     69.0974 cm^-1  (      2.0715 THz )

 # Irred. k point  657 : (  0.1333,  0.3000,  0.4333)
   Mode, Frequency 
      1     35.2523 cm^-1  (      1.0568 THz )
      2     44.2894 cm^-1  (      1.3278 THz )
      3     61.3586 cm^-1  (      1.8395 THz )

 # Irred. k point  658 : (  0.1333,  0.3000,  0.4667)
   Mode, Frequency 
      1     36.6227 cm^-1  (      1.0979 THz )
      2     46.6613 cm^-1  (      1.3989 THz )
      3     63.2827 cm^-1  (      1.8972 THz )

 # Irred. k point  659 : (  0.1333,  0.3000, -0.5000)
   Mode, Frequency 
      1     37.9422 cm^-1  (      1.1375 THz )
      2     48.6361 cm^-1  (      1.4581 THz )
      3     64.9284 cm^-1  (      1.9465 THz )

 # Irred. k point  660 : (  0.1333,  0.3000, -0.4667)
   Mode, Frequency 
      1     39.0962 cm^-1  (      1.1721 THz )
      2     50.2349 cm^-1  (      1.5060 THz )
      3     66.2386 cm^-1  (      1.9858 THz )

 # Irred. k point  661 : (  0.1333,  0.3000, -0.4333)
   Mode, Frequency 
      1     39.9786 cm^-1  (      1.1985 THz )
      2     51.4844 cm^-1  (      1.5435 THz )
      3     67.1734 cm^-1  (      2.0138 THz )

 # Irred. k point  662 : (  0.1333,  0.3000, -0.4000)
   Mode, Frequency 
      1     40.5053 cm^-1  (      1.2143 THz )
      2     52.4016 cm^-1  (      1.5710 THz )
      3     67.7133 cm^-1  (      2.0300 THz )

 # Irred. k point  663 : (  0.1333,  0.3000, -0.3667)
   Mode, Frequency 
      1     40.6253 cm^-1  (      1.2179 THz )
      2     52.9809 cm^-1  (      1.5883 THz )
      3     67.8596 cm^-1  (      2.0344 THz )

 # Irred. k point  664 : (  0.1333,  0.3000, -0.3333)
   Mode, Frequency 
      1     40.3278 cm^-1  (      1.2090 THz )
      2     53.1882 cm^-1  (      1.5945 THz )
      3     67.6331 cm^-1  (      2.0276 THz )

 # Irred. k point  665 : (  0.1333,  0.3000, -0.3000)
   Mode, Frequency 
      1     39.6393 cm^-1  (      1.1884 THz )
      2     52.9668 cm^-1  (      1.5879 THz )
      3     67.0701 cm^-1  (      2.0107 THz )

 # Irred. k point  666 : (  0.1333,  0.3000, -0.2667)
   Mode, Frequency 
      1     38.6152 cm^-1  (      1.1577 THz )
      2     52.2519 cm^-1  (      1.5665 THz )
      3     66.2171 cm^-1  (      1.9851 THz )

 # Irred. k point  667 : (  0.1333,  0.3000, -0.2333)
   Mode, Frequency 
      1     37.3306 cm^-1  (      1.1191 THz )
      2     50.9888 cm^-1  (      1.5286 THz )
      3     65.1217 cm^-1  (      1.9523 THz )

 # Irred. k point  668 : (  0.1333,  0.3000, -0.2000)
   Mode, Frequency 
      1     35.8728 cm^-1  (      1.0754 THz )
      2     49.1502 cm^-1  (      1.4735 THz )
      3     63.8230 cm^-1  (      1.9134 THz )

 # Irred. k point  669 : (  0.1333,  0.3000, -0.1667)
   Mode, Frequency 
      1     34.3373 cm^-1  (      1.0294 THz )
      2     46.7472 cm^-1  (      1.4014 THz )
      3     62.3464 cm^-1  (      1.8691 THz )

 # Irred. k point  670 : (  0.1333,  0.3333,  0.4667)
   Mode, Frequency 
      1     38.8988 cm^-1  (      1.1662 THz )
      2     46.9544 cm^-1  (      1.4077 THz )
      3     64.1246 cm^-1  (      1.9224 THz )

 # Irred. k point  671 : (  0.1333,  0.3333, -0.5000)
   Mode, Frequency 
      1     40.0639 cm^-1  (      1.2011 THz )
      2     49.1528 cm^-1  (      1.4736 THz )
      3     65.3965 cm^-1  (      1.9605 THz )

 # Irred. k point  672 : (  0.1333,  0.3333, -0.4667)
   Mode, Frequency 
      1     41.0996 cm^-1  (      1.2321 THz )
      2     51.0770 cm^-1  (      1.5313 THz )
      3     66.3115 cm^-1  (      1.9880 THz )

 # Irred. k point  673 : (  0.1333,  0.3333, -0.4333)
   Mode, Frequency 
      1     41.8828 cm^-1  (      1.2556 THz )
      2     52.7532 cm^-1  (      1.5815 THz )
      3     66.8432 cm^-1  (      2.0039 THz )

 # Irred. k point  674 : (  0.1333,  0.3333, -0.4000)
   Mode, Frequency 
      1     42.3176 cm^-1  (      1.2687 THz )
      2     54.1831 cm^-1  (      1.6244 THz )
      3     66.9932 cm^-1  (      2.0084 THz )

 # Irred. k point  675 : (  0.1333,  0.3333, -0.3667)
   Mode, Frequency 
      1     42.3511 cm^-1  (      1.2697 THz )
      2     55.3188 cm^-1  (      1.6584 THz )
      3     66.7998 cm^-1  (      2.0026 THz )

 # Irred. k point  676 : (  0.1333,  0.3333, -0.3333)
   Mode, Frequency 
      1     41.9772 cm^-1  (      1.2584 THz )
      2     56.0468 cm^-1  (      1.6802 THz )
      3     66.3510 cm^-1  (      1.9892 THz )

 # Irred. k point  677 : (  0.1333,  0.3333, -0.3000)
   Mode, Frequency 
      1     41.2279 cm^-1  (      1.2360 THz )
      2     56.1930 cm^-1  (      1.6846 THz )
      3     65.7875 cm^-1  (      1.9723 THz )

 # Irred. k point  678 : (  0.1333,  0.3333, -0.2667)
   Mode, Frequency 
      1     40.1620 cm^-1  (      1.2040 THz )
      2     55.5790 cm^-1  (      1.6662 THz )
      3     65.2574 cm^-1  (      1.9564 THz )

 # Irred. k point  679 : (  0.1333,  0.3333, -0.2333)
   Mode, Frequency 
      1     38.8551 cm^-1  (      1.1648 THz )
      2     54.1357 cm^-1  (      1.6229 THz )
      3     64.8127 cm^-1  (      1.9430 THz )

 # Irred. k point  680 : (  0.1333,  0.3333, -0.2000)
   Mode, Frequency 
      1     37.3938 cm^-1  (      1.1210 THz )
      2     51.9438 cm^-1  (      1.5572 THz )
      3     64.3749 cm^-1  (      1.9299 THz )

 # Irred. k point  681 : (  0.1333,  0.3667, -0.5000)
   Mode, Frequency 
      1     42.0722 cm^-1  (      1.2613 THz )
      2     49.2204 cm^-1  (      1.4756 THz )
      3     66.4070 cm^-1  (      1.9908 THz )

 # Irred. k point  682 : (  0.1333,  0.3667, -0.4667)
   Mode, Frequency 
      1     43.0045 cm^-1  (      1.2892 THz )
      2     51.2458 cm^-1  (      1.5363 THz )
      3     67.0400 cm^-1  (      2.0098 THz )

 # Irred. k point  683 : (  0.1333,  0.3667, -0.4333)
   Mode, Frequency 
      1     43.7067 cm^-1  (      1.3103 THz )
      2     53.1551 cm^-1  (      1.5936 THz )
      3     67.2453 cm^-1  (      2.0160 THz )

 # Irred. k point  684 : (  0.1333,  0.3667, -0.4000)
   Mode, Frequency 
      1     44.0674 cm^-1  (      1.3211 THz )
      2     54.9761 cm^-1  (      1.6481 THz )
      3     67.0113 cm^-1  (      2.0089 THz )

 # Irred. k point  685 : (  0.1333,  0.3667, -0.3667)
   Mode, Frequency 
      1     44.0290 cm^-1  (      1.3200 THz )
      2     56.6771 cm^-1  (      1.6991 THz )
      3     66.3604 cm^-1  (      1.9894 THz )

 # Irred. k point  686 : (  0.1333,  0.3667, -0.3333)
   Mode, Frequency 
      1     43.5881 cm^-1  (      1.3067 THz )
      2     58.1308 cm^-1  (      1.7427 THz )
      3     65.3857 cm^-1  (      1.9602 THz )

 # Irred. k point  687 : (  0.1333,  0.3667, -0.3000)
   Mode, Frequency 
      1     42.7816 cm^-1  (      1.2826 THz )
      2     58.9986 cm^-1  (      1.7687 THz )
      3     64.3813 cm^-1  (      1.9301 THz )

 # Irred. k point  688 : (  0.1333,  0.3667, -0.2667)
   Mode, Frequency 
      1     41.6712 cm^-1  (      1.2493 THz )
      2     58.6007 cm^-1  (      1.7568 THz )
      3     63.9864 cm^-1  (      1.9183 THz )

 # Irred. k point  689 : (  0.1333,  0.3667, -0.2333)
   Mode, Frequency 
      1     40.3334 cm^-1  (      1.2092 THz )
      2     56.7876 cm^-1  (      1.7024 THz )
      3     64.3247 cm^-1  (      1.9284 THz )

 # Irred. k point  690 : (  0.1333,  0.4000, -0.4667)
   Mode, Frequency 
      1     44.6657 cm^-1  (      1.3390 THz )
      2     51.0367 cm^-1  (      1.5300 THz )
      3     68.1843 cm^-1  (      2.0441 THz )

 # Irred. k point  691 : (  0.1333,  0.4000, -0.4333)
   Mode, Frequency 
      1     45.3237 cm^-1  (      1.3588 THz )
      2     52.8856 cm^-1  (      1.5855 THz )
      3     68.2264 cm^-1  (      2.0454 THz )

 # Irred. k point  692 : (  0.1333,  0.4000, -0.4000)
   Mode, Frequency 
      1     45.6431 cm^-1  (      1.3683 THz )
      2     54.7826 cm^-1  (      1.6423 THz )
      3     67.7945 cm^-1  (      2.0324 THz )

 # Irred. k point  693 : (  0.1333,  0.4000, -0.3667)
   Mode, Frequency 
      1     45.5563 cm^-1  (      1.3657 THz )
      2     56.7354 cm^-1  (      1.7009 THz )
      3     66.8802 cm^-1  (      2.0050 THz )

 # Irred. k point  694 : (  0.1333,  0.4000, -0.3333)
   Mode, Frequency 
      1     45.0626 cm^-1  (      1.3509 THz )
      2     58.6957 cm^-1  (      1.7597 THz )
      3     65.4919 cm^-1  (      1.9634 THz )

 # Irred. k point  695 : (  0.1333,  0.4000, -0.3000)
   Mode, Frequency 
      1     44.2046 cm^-1  (      1.3252 THz )
      2     60.5721 cm^-1  (      1.8159 THz )
      3     63.6655 cm^-1  (      1.9086 THz )

 # Irred. k point  696 : (  0.1333,  0.4000, -0.2667)
   Mode, Frequency 
      1     43.0479 cm^-1  (      1.2905 THz )
      2     61.1776 cm^-1  (      1.8341 THz )
      3     62.5381 cm^-1  (      1.8748 THz )

 # Irred. k point  697 : (  0.1333,  0.4333, -0.4333)
   Mode, Frequency 
      1     46.5900 cm^-1  (      1.3967 THz )
      2     52.3633 cm^-1  (      1.5698 THz )
      3     69.4494 cm^-1  (      2.0820 THz )

 # Irred. k point  698 : (  0.1333,  0.4333, -0.4000)
   Mode, Frequency 
      1     46.9252 cm^-1  (      1.4068 THz )
      2     54.0202 cm^-1  (      1.6195 THz )
      3     68.9857 cm^-1  (      2.0681 THz )

 # Irred. k point  699 : (  0.1333,  0.4333, -0.3667)
   Mode, Frequency 
      1     46.8308 cm^-1  (      1.4040 THz )
      2     55.8408 cm^-1  (      1.6741 THz )
      3     68.0559 cm^-1  (      2.0403 THz )

 # Irred. k point  700 : (  0.1333,  0.4333, -0.3333)
   Mode, Frequency 
      1     46.3071 cm^-1  (      1.3883 THz )
      2     57.7538 cm^-1  (      1.7314 THz )
      3     66.6895 cm^-1  (      1.9993 THz )

 # Irred. k point  701 : (  0.1333,  0.4333, -0.3000)
   Mode, Frequency 
      1     45.4072 cm^-1  (      1.3613 THz )
      2     59.5792 cm^-1  (      1.7861 THz )
      3     64.9984 cm^-1  (      1.9486 THz )

 # Irred. k point  702 : (  0.1333,  0.4667, -0.4000)
   Mode, Frequency 
      1     47.7751 cm^-1  (      1.4323 THz )
      2     53.1711 cm^-1  (      1.5940 THz )
      3     70.2045 cm^-1  (      2.1047 THz )

 # Irred. k point  703 : (  0.1333,  0.4667, -0.3667)
   Mode, Frequency 
      1     47.7427 cm^-1  (      1.4313 THz )
      2     54.6023 cm^-1  (      1.6369 THz )
      3     69.3533 cm^-1  (      2.0792 THz )

 # Irred. k point  704 : (  0.1333,  0.4667, -0.3333)
   Mode, Frequency 
      1     47.2304 cm^-1  (      1.4159 THz )
      2     56.2109 cm^-1  (      1.6852 THz )
      3     68.1284 cm^-1  (      2.0424 THz )

 # Irred. k point  705 : (  0.1333, -0.5000, -0.3667)
   Mode, Frequency 
      1     48.1755 cm^-1  (      1.4443 THz )
      2     53.4424 cm^-1  (      1.6022 THz )
      3     70.4553 cm^-1  (      2.1122 THz )

 # Irred. k point  706 : (  0.1667,  0.3333, -0.5000)
   Mode, Frequency 
      1     37.9649 cm^-1  (      1.1382 THz )
      2     49.3304 cm^-1  (      1.4789 THz )
      3     64.3693 cm^-1  (      1.9297 THz )

 # Irred. k point  707 : (  0.1667,  0.3333, -0.4667)
   Mode, Frequency 
      1     39.2817 cm^-1  (      1.1776 THz )
      2     51.5674 cm^-1  (      1.5460 THz )
      3     65.2156 cm^-1  (      1.9551 THz )

 # Irred. k point  708 : (  0.1667,  0.3333, -0.4333)
   Mode, Frequency 
      1     40.4598 cm^-1  (      1.2130 THz )
      2     53.3362 cm^-1  (      1.5990 THz )
      3     65.8332 cm^-1  (      1.9736 THz )

 # Irred. k point  709 : (  0.1667,  0.3333, -0.4000)
   Mode, Frequency 
      1     41.3936 cm^-1  (      1.2409 THz )
      2     54.6130 cm^-1  (      1.6373 THz )
      3     66.2446 cm^-1  (      1.9860 THz )

 # Irred. k point  710 : (  0.1667,  0.3333, -0.3667)
   Mode, Frequency 
      1     41.9942 cm^-1  (      1.2590 THz )
      2     55.3839 cm^-1  (      1.6604 THz )
      3     66.4766 cm^-1  (      1.9929 THz )

 # Irred. k point  711 : (  0.1667,  0.3333, -0.3333)
   Mode, Frequency 
      1     42.2016 cm^-1  (      1.2652 THz )
      2     55.6416 cm^-1  (      1.6681 THz )
      3     66.5512 cm^-1  (      1.9952 THz )

 # Irred. k point  712 : (  0.1667,  0.3667, -0.4667)
   Mode, Frequency 
      1     41.2351 cm^-1  (      1.2362 THz )
      2     51.5369 cm^-1  (      1.5450 THz )
      3     65.9426 cm^-1  (      1.9769 THz )

 # Irred. k point  713 : (  0.1667,  0.3667, -0.4333)
   Mode, Frequency 
      1     42.3079 cm^-1  (      1.2684 THz )
      2     53.6109 cm^-1  (      1.6072 THz )
      3     66.1764 cm^-1  (      1.9839 THz )

 # Irred. k point  714 : (  0.1667,  0.3667, -0.4000)
   Mode, Frequency 
      1     43.1562 cm^-1  (      1.2938 THz )
      2     55.3688 cm^-1  (      1.6599 THz )
      3     66.1190 cm^-1  (      1.9822 THz )

 # Irred. k point  715 : (  0.1667,  0.3667, -0.3667)
   Mode, Frequency 
      1     43.6749 cm^-1  (      1.3093 THz )
      2     56.7778 cm^-1  (      1.7022 THz )
      3     65.8268 cm^-1  (      1.9734 THz )

 # Irred. k point  716 : (  0.1667,  0.3667, -0.3333)
   Mode, Frequency 
      1     43.7968 cm^-1  (      1.3130 THz )
      2     57.7349 cm^-1  (      1.7308 THz )
      3     65.4175 cm^-1  (      1.9612 THz )

 # Irred. k point  717 : (  0.1667,  0.3667, -0.3000)
   Mode, Frequency 
      1     43.5042 cm^-1  (      1.3042 THz )
      2     58.0397 cm^-1  (      1.7400 THz )
      3     65.0867 cm^-1  (      1.9512 THz )

 # Irred. k point  718 : (  0.1667,  0.3667, -0.2667)
   Mode, Frequency 
      1     42.8273 cm^-1  (      1.2839 THz )
      2     57.4988 cm^-1  (      1.7238 THz )
      3     65.0051 cm^-1  (      1.9488 THz )

 # Irred. k point  719 : (  0.1667,  0.3667, -0.2333)
   Mode, Frequency 
      1     41.8338 cm^-1  (      1.2541 THz )
      2     56.1284 cm^-1  (      1.6827 THz )
      3     65.1256 cm^-1  (      1.9524 THz )

 # Irred. k point  720 : (  0.1667,  0.3667, -0.2000)
   Mode, Frequency 
      1     40.6164 cm^-1  (      1.2176 THz )
      2     54.1000 cm^-1  (      1.6219 THz )
      3     65.2506 cm^-1  (      1.9562 THz )

 # Irred. k point  721 : (  0.1667,  0.4000, -0.4333)
   Mode, Frequency 
      1     43.9919 cm^-1  (      1.3188 THz )
      2     53.3117 cm^-1  (      1.5982 THz )
      3     67.0846 cm^-1  (      2.0111 THz )

 # Irred. k point  722 : (  0.1667,  0.4000, -0.4000)
   Mode, Frequency 
      1     44.7787 cm^-1  (      1.3424 THz )
      2     55.2255 cm^-1  (      1.6556 THz )
      3     66.7592 cm^-1  (      2.0014 THz )

 # Irred. k point  723 : (  0.1667,  0.4000, -0.3667)
   Mode, Frequency 
      1     45.2373 cm^-1  (      1.3562 THz )
      2     57.0199 cm^-1  (      1.7094 THz )
      3     66.0743 cm^-1  (      1.9809 THz )

 # Irred. k point  724 : (  0.1667,  0.4000, -0.3333)
   Mode, Frequency 
      1     45.2895 cm^-1  (      1.3577 THz )
      2     58.6708 cm^-1  (      1.7589 THz )
      3     65.0756 cm^-1  (      1.9509 THz )

 # Irred. k point  725 : (  0.1667,  0.4000, -0.3000)
   Mode, Frequency 
      1     44.9197 cm^-1  (      1.3467 THz )
      2     59.9784 cm^-1  (      1.7981 THz )
      3     63.9504 cm^-1  (      1.9172 THz )

 # Irred. k point  726 : (  0.1667,  0.4000, -0.2667)
   Mode, Frequency 
      1     44.1665 cm^-1  (      1.3241 THz )
      2     60.0936 cm^-1  (      1.8016 THz )
      3     63.5100 cm^-1  (      1.9040 THz )

 # Irred. k point  727 : (  0.1667,  0.4000, -0.2333)
   Mode, Frequency 
      1     43.1055 cm^-1  (      1.2923 THz )
      2     58.5021 cm^-1  (      1.7539 THz )
      3     64.2229 cm^-1  (      1.9254 THz )

 # Irred. k point  728 : (  0.1667,  0.4333, -0.4000)
   Mode, Frequency 
      1     46.0935 cm^-1  (      1.3818 THz )
      2     54.6110 cm^-1  (      1.6372 THz )
      3     67.8365 cm^-1  (      2.0337 THz )

 # Irred. k point  729 : (  0.1667,  0.4333, -0.3667)
   Mode, Frequency 
      1     46.5368 cm^-1  (      1.3951 THz )
      2     56.3553 cm^-1  (      1.6895 THz )
      3     67.0515 cm^-1  (      2.0102 THz )

 # Irred. k point  730 : (  0.1667,  0.4333, -0.3333)
   Mode, Frequency 
      1     46.5526 cm^-1  (      1.3956 THz )
      2     58.1583 cm^-1  (      1.7435 THz )
      3     65.8746 cm^-1  (      1.9749 THz )

 # Irred. k point  731 : (  0.1667,  0.4333, -0.3000)
   Mode, Frequency 
      1     46.1239 cm^-1  (      1.3828 THz )
      2     59.9946 cm^-1  (      1.7986 THz )
      3     64.3167 cm^-1  (      1.9282 THz )

 # Irred. k point  732 : (  0.1667,  0.4333, -0.2667)
   Mode, Frequency 
      1     45.2998 cm^-1  (      1.3581 THz )
      2     61.7598 cm^-1  (      1.8515 THz )
      3     62.4290 cm^-1  (      1.8716 THz )

 # Irred. k point  733 : (  0.1667,  0.4667, -0.3667)
   Mode, Frequency 
      1     47.4153 cm^-1  (      1.4215 THz )
      2     55.4035 cm^-1  (      1.6610 THz )
      3     68.2538 cm^-1  (      2.0462 THz )

 # Irred. k point  734 : (  0.1667,  0.4667, -0.3333)
   Mode, Frequency 
      1     47.4532 cm^-1  (      1.4226 THz )
      2     56.9420 cm^-1  (      1.7071 THz )
      3     67.1588 cm^-1  (      2.0134 THz )

 # Irred. k point  735 : (  0.1667,  0.4667, -0.3000)
   Mode, Frequency 
      1     47.0025 cm^-1  (      1.4091 THz )
      2     58.5784 cm^-1  (      1.7561 THz )
      3     65.7627 cm^-1  (      1.9715 THz )

 # Irred. k point  736 : (  0.1667, -0.5000, -0.3333)
   Mode, Frequency 
      1     47.8671 cm^-1  (      1.4350 THz )
      2     55.6698 cm^-1  (      1.6689 THz )
      3     68.3861 cm^-1  (      2.0502 THz )

 # Irred. k point  737 : (  0.2000,  0.4000, -0.4000)
   Mode, Frequency 
      1     43.4411 cm^-1  (      1.3023 THz )
      2     55.8401 cm^-1  (      1.6740 THz )
      3     65.7534 cm^-1  (      1.9712 THz )

 # Irred. k point  738 : (  0.2000,  0.4000, -0.3667)
   Mode, Frequency 
      1     44.3708 cm^-1  (      1.3302 THz )
      2     57.7207 cm^-1  (      1.7304 THz )
      3     65.1150 cm^-1  (      1.9521 THz )

 # Irred. k point  739 : (  0.2000,  0.4000, -0.3333)
   Mode, Frequency 
      1     44.9825 cm^-1  (      1.3485 THz )
      2     59.1277 cm^-1  (      1.7726 THz )
      3     64.4284 cm^-1  (      1.9315 THz )

 # Irred. k point  740 : (  0.2000,  0.4000, -0.3000)
   Mode, Frequency 
      1     45.1961 cm^-1  (      1.3549 THz )
      2     59.7068 cm^-1  (      1.7900 THz )
      3     64.0846 cm^-1  (      1.9212 THz )

 # Irred. k point  741 : (  0.2000,  0.4333, -0.3667)
   Mode, Frequency 
      1     45.6734 cm^-1  (      1.3693 THz )
      2     57.1171 cm^-1  (      1.7123 THz )
      3     65.9702 cm^-1  (      1.9777 THz )

 # Irred. k point  742 : (  0.2000,  0.4333, -0.3333)
   Mode, Frequency 
      1     46.2477 cm^-1  (      1.3865 THz )
      2     58.8626 cm^-1  (      1.7647 THz )
      3     64.9144 cm^-1  (      1.9461 THz )

 # Irred. k point  743 : (  0.2000,  0.4333, -0.3000)
   Mode, Frequency 
      1     46.4011 cm^-1  (      1.3911 THz )
      2     60.4342 cm^-1  (      1.8118 THz )
      3     63.6719 cm^-1  (      1.9088 THz )

 # Irred. k point  744 : (  0.2000,  0.4333, -0.2667)
   Mode, Frequency 
      1     46.1028 cm^-1  (      1.3821 THz )
      2     61.1622 cm^-1  (      1.8336 THz )
      3     62.9232 cm^-1  (      1.8864 THz )

 # Irred. k point  745 : (  0.2000,  0.4333, -0.2333)
   Mode, Frequency 
      1     45.3943 cm^-1  (      1.3609 THz )
      2     59.7632 cm^-1  (      1.7917 THz )
      3     63.9184 cm^-1  (      1.9162 THz )

 # Irred. k point  746 : (  0.2000,  0.4667, -0.3333)
   Mode, Frequency 
      1     47.1208 cm^-1  (      1.4126 THz )
      2     57.8971 cm^-1  (      1.7357 THz )
      3     66.0204 cm^-1  (      1.9792 THz )

 # Irred. k point  747 : (  0.2000,  0.4667, -0.3000)
   Mode, Frequency 
      1     47.2560 cm^-1  (      1.4167 THz )
      2     59.4781 cm^-1  (      1.7831 THz )
      3     64.7211 cm^-1  (      1.9403 THz )

 # Irred. k point  748 : (  0.2000,  0.4667, -0.2667)
   Mode, Frequency 
      1     46.8987 cm^-1  (      1.4060 THz )
      2     61.0767 cm^-1  (      1.8310 THz )
      3     63.1954 cm^-1  (      1.8946 THz )

 # Irred. k point  749 : (  0.2000, -0.5000, -0.3000)
   Mode, Frequency 
      1     47.6248 cm^-1  (      1.4278 THz )
      2     58.1594 cm^-1  (      1.7436 THz )
      3     66.0202 cm^-1  (      1.9792 THz )

 # Irred. k point  750 : (  0.2333,  0.4667, -0.3000)
   Mode, Frequency 
      1     46.9393 cm^-1  (      1.4072 THz )
      2     60.5346 cm^-1  (      1.8148 THz )
      3     63.5940 cm^-1  (      1.9065 THz )

 # Irred. k point  751 : (  0.2333,  0.4667, -0.2667)
   Mode, Frequency 
      1     47.1861 cm^-1  (      1.4146 THz )
      2     61.8543 cm^-1  (      1.8543 THz )
      3     62.3798 cm^-1  (      1.8701 THz )

 # Irred. k point  752 : (  0.2333, -0.5000, -0.2667)
   Mode, Frequency 
      1     47.4917 cm^-1  (      1.4238 THz )
      2     60.7941 cm^-1  (      1.8226 THz )
      3     63.4534 cm^-1  (      1.9023 THz )



 -----------------------------------------------------------------

 The following files are created: 
  lj444.dos         : Phonon DOS
  lj444.thermo      : Thermodynamic quantities

 Job finished at Wed Apr 17 11:34:18 2024

