 +-----------------------------------------------------------------+
 +                         Program ANPHON                          +
 +                             Ver.  1.5.0                         +
 +-----------------------------------------------------------------+

 Job started at Wed Apr 17 11:44:22 2024

 The number of MPI processes: 1
 The number of OpenMP threads: 80


 Input variables:
 -----------------------------------------------------------------
 General:
  PREFIX = lj444
  MODE = PHONONS
  FCSXML = /home/emeitz/ALM_Test/lj444.xml

  NKD = 1; KD =   Ar
  MASS =      39.95
  NSYM = 0; TOLERANCE = 0.001; PRINTSYM = 0

  NONANALYTIC = 0

  TMIN = 0; TMAX = 1000; DT = 10
  EMIN = 0; EMAX = 1000; DELTA_E = 0.5

  ISMEAR = -1; EPSILON = 10

  CLASSICAL = 0
  BCONNECT = 0


 Kpoint:
  KPMODE (1st entry for &kpoint) = 2


 Analysis:
  PRINTVEL = 0
  PRINTVEC = 0
  PRINTXSF = 0

  PDOS = 0; TDOS = 0
  PRINTMSD = 0
  SPS = 0

  GRUNEISEN = 0
  NEWFCS = 0


 -----------------------------------------------------------------

                      MODE = phonons                         
                                                             
      Phonon calculation within harmonic approximation       
      Harmonic force constants will be used.                 

 -----------------------------------------------------------------

 Crystal structure
 =================

 Lattice Vectors:

 * Supercell (from /home/emeitz/ALM_Test/lj444.xml )

    3.966006e+01   0.000000e+00   0.000000e+00 : a1
    0.000000e+00   3.966006e+01   0.000000e+00 : a2
    0.000000e+00   0.000000e+00   3.966006e+01 : a3

    1.584260e-01   0.000000e+00   0.000000e+00 : b1
    0.000000e+00   1.584260e-01   0.000000e+00 : b2
    0.000000e+00   0.000000e+00   1.584260e-01 : b3

 * Primitive cell 

    0.000000e+00   4.957507e+00   4.957507e+00 : a1
    4.957507e+00   0.000000e+00   4.957507e+00 : a2
    4.957507e+00   4.957507e+00   0.000000e+00 : a3

   -6.337041e-01   6.337041e-01   6.337041e-01 : b1
    6.337041e-01  -6.337041e-01   6.337041e-01 : b2
    6.337041e-01   6.337041e-01  -6.337041e-01 : b3


  Volume of the primitive cell : 2.436801e+02 (a.u.)^3

  Number of atoms in the supercell     : 256
  Number of atoms in the primitive cell: 1

  Atomic positions in the primitive cell (fractional):
   1:   0.000000e+00   0.000000e+00   0.000000e+00  Ar

  Mass of atomic species (u):
  Ar:   39.950000


 Symmetry
 ========

  NSYM = 0 is given: Trying to find symmetry operations.

  Number of symmetry operations : 48
 k points
 ========

  KPMODE = 2: Uniform grid
  Gamma-centered uniform grid with the following mesh density: 
  nk1:  30
  nk2:  30
  nk3:  30

  Number of k points : 27000
  Number of irreducible k points : 752

  List of irreducible k points (reciprocal coordinate, weight) : 
      1:   0.00000e+00   0.00000e+00   0.00000e+00   0.000037
      2:   0.00000e+00   0.00000e+00   3.33333e-02   0.000296
      3:   0.00000e+00   0.00000e+00   6.66667e-02   0.000296
      4:   0.00000e+00   0.00000e+00   1.00000e-01   0.000296
      5:   0.00000e+00   0.00000e+00   1.33333e-01   0.000296
      6:   0.00000e+00   0.00000e+00   1.66667e-01   0.000296
      7:   0.00000e+00   0.00000e+00   2.00000e-01   0.000296
      8:   0.00000e+00   0.00000e+00   2.33333e-01   0.000296
      9:   0.00000e+00   0.00000e+00   2.66667e-01   0.000296
     10:   0.00000e+00   0.00000e+00   3.00000e-01   0.000296
     11:   0.00000e+00   0.00000e+00   3.33333e-01   0.000296
     12:   0.00000e+00   0.00000e+00   3.66667e-01   0.000296
     13:   0.00000e+00   0.00000e+00   4.00000e-01   0.000296
     14:   0.00000e+00   0.00000e+00   4.33333e-01   0.000296
     15:   0.00000e+00   0.00000e+00   4.66667e-01   0.000296
     16:   0.00000e+00   0.00000e+00  -5.00000e-01   0.000148
     17:   0.00000e+00   3.33333e-02   3.33333e-02   0.000222
     18:   0.00000e+00   3.33333e-02   6.66667e-02   0.000889
     19:   0.00000e+00   3.33333e-02   1.00000e-01   0.000889
     20:   0.00000e+00   3.33333e-02   1.33333e-01   0.000889
     21:   0.00000e+00   3.33333e-02   1.66667e-01   0.000889
     22:   0.00000e+00   3.33333e-02   2.00000e-01   0.000889
     23:   0.00000e+00   3.33333e-02   2.33333e-01   0.000889
     24:   0.00000e+00   3.33333e-02   2.66667e-01   0.000889
     25:   0.00000e+00   3.33333e-02   3.00000e-01   0.000889
     26:   0.00000e+00   3.33333e-02   3.33333e-01   0.000889
     27:   0.00000e+00   3.33333e-02   3.66667e-01   0.000889
     28:   0.00000e+00   3.33333e-02   4.00000e-01   0.000889
     29:   0.00000e+00   3.33333e-02   4.33333e-01   0.000889
     30:   0.00000e+00   3.33333e-02   4.66667e-01   0.000889
     31:   0.00000e+00   3.33333e-02  -5.00000e-01   0.000889
     32:   0.00000e+00   3.33333e-02  -4.66667e-01   0.000889
     33:   0.00000e+00   3.33333e-02  -4.33333e-01   0.000889
     34:   0.00000e+00   3.33333e-02  -4.00000e-01   0.000889
     35:   0.00000e+00   3.33333e-02  -3.66667e-01   0.000889
     36:   0.00000e+00   3.33333e-02  -3.33333e-01   0.000889
     37:   0.00000e+00   3.33333e-02  -3.00000e-01   0.000889
     38:   0.00000e+00   3.33333e-02  -2.66667e-01   0.000889
     39:   0.00000e+00   3.33333e-02  -2.33333e-01   0.000889
     40:   0.00000e+00   3.33333e-02  -2.00000e-01   0.000889
     41:   0.00000e+00   3.33333e-02  -1.66667e-01   0.000889
     42:   0.00000e+00   3.33333e-02  -1.33333e-01   0.000889
     43:   0.00000e+00   3.33333e-02  -1.00000e-01   0.000889
     44:   0.00000e+00   3.33333e-02  -6.66667e-02   0.000889
     45:   0.00000e+00   3.33333e-02  -3.33333e-02   0.000444
     46:   0.00000e+00   6.66667e-02   6.66667e-02   0.000222
     47:   0.00000e+00   6.66667e-02   1.00000e-01   0.000889
     48:   0.00000e+00   6.66667e-02   1.33333e-01   0.000889
     49:   0.00000e+00   6.66667e-02   1.66667e-01   0.000889
     50:   0.00000e+00   6.66667e-02   2.00000e-01   0.000889
     51:   0.00000e+00   6.66667e-02   2.33333e-01   0.000889
     52:   0.00000e+00   6.66667e-02   2.66667e-01   0.000889
     53:   0.00000e+00   6.66667e-02   3.00000e-01   0.000889
     54:   0.00000e+00   6.66667e-02   3.33333e-01   0.000889
     55:   0.00000e+00   6.66667e-02   3.66667e-01   0.000889
     56:   0.00000e+00   6.66667e-02   4.00000e-01   0.000889
     57:   0.00000e+00   6.66667e-02   4.33333e-01   0.000889
     58:   0.00000e+00   6.66667e-02   4.66667e-01   0.000889
     59:   0.00000e+00   6.66667e-02  -5.00000e-01   0.000889
     60:   0.00000e+00   6.66667e-02  -4.66667e-01   0.000889
     61:   0.00000e+00   6.66667e-02  -4.33333e-01   0.000889
     62:   0.00000e+00   6.66667e-02  -4.00000e-01   0.000889
     63:   0.00000e+00   6.66667e-02  -3.66667e-01   0.000889
     64:   0.00000e+00   6.66667e-02  -3.33333e-01   0.000889
     65:   0.00000e+00   6.66667e-02  -3.00000e-01   0.000889
     66:   0.00000e+00   6.66667e-02  -2.66667e-01   0.000889
     67:   0.00000e+00   6.66667e-02  -2.33333e-01   0.000889
     68:   0.00000e+00   6.66667e-02  -2.00000e-01   0.000889
     69:   0.00000e+00   6.66667e-02  -1.66667e-01   0.000889
     70:   0.00000e+00   6.66667e-02  -1.33333e-01   0.000889
     71:   0.00000e+00   6.66667e-02  -1.00000e-01   0.000889
     72:   0.00000e+00   6.66667e-02  -6.66667e-02   0.000444
     73:   0.00000e+00   1.00000e-01   1.00000e-01   0.000222
     74:   0.00000e+00   1.00000e-01   1.33333e-01   0.000889
     75:   0.00000e+00   1.00000e-01   1.66667e-01   0.000889
     76:   0.00000e+00   1.00000e-01   2.00000e-01   0.000889
     77:   0.00000e+00   1.00000e-01   2.33333e-01   0.000889
     78:   0.00000e+00   1.00000e-01   2.66667e-01   0.000889
     79:   0.00000e+00   1.00000e-01   3.00000e-01   0.000889
     80:   0.00000e+00   1.00000e-01   3.33333e-01   0.000889
     81:   0.00000e+00   1.00000e-01   3.66667e-01   0.000889
     82:   0.00000e+00   1.00000e-01   4.00000e-01   0.000889
     83:   0.00000e+00   1.00000e-01   4.33333e-01   0.000889
     84:   0.00000e+00   1.00000e-01   4.66667e-01   0.000889
     85:   0.00000e+00   1.00000e-01  -5.00000e-01   0.000889
     86:   0.00000e+00   1.00000e-01  -4.66667e-01   0.000889
     87:   0.00000e+00   1.00000e-01  -4.33333e-01   0.000889
     88:   0.00000e+00   1.00000e-01  -4.00000e-01   0.000889
     89:   0.00000e+00   1.00000e-01  -3.66667e-01   0.000889
     90:   0.00000e+00   1.00000e-01  -3.33333e-01   0.000889
     91:   0.00000e+00   1.00000e-01  -3.00000e-01   0.000889
     92:   0.00000e+00   1.00000e-01  -2.66667e-01   0.000889
     93:   0.00000e+00   1.00000e-01  -2.33333e-01   0.000889
     94:   0.00000e+00   1.00000e-01  -2.00000e-01   0.000889
     95:   0.00000e+00   1.00000e-01  -1.66667e-01   0.000889
     96:   0.00000e+00   1.00000e-01  -1.33333e-01   0.000889
     97:   0.00000e+00   1.00000e-01  -1.00000e-01   0.000444
     98:   0.00000e+00   1.33333e-01   1.33333e-01   0.000222
     99:   0.00000e+00   1.33333e-01   1.66667e-01   0.000889
    100:   0.00000e+00   1.33333e-01   2.00000e-01   0.000889
    101:   0.00000e+00   1.33333e-01   2.33333e-01   0.000889
    102:   0.00000e+00   1.33333e-01   2.66667e-01   0.000889
    103:   0.00000e+00   1.33333e-01   3.00000e-01   0.000889
    104:   0.00000e+00   1.33333e-01   3.33333e-01   0.000889
    105:   0.00000e+00   1.33333e-01   3.66667e-01   0.000889
    106:   0.00000e+00   1.33333e-01   4.00000e-01   0.000889
    107:   0.00000e+00   1.33333e-01   4.33333e-01   0.000889
    108:   0.00000e+00   1.33333e-01   4.66667e-01   0.000889
    109:   0.00000e+00   1.33333e-01  -5.00000e-01   0.000889
    110:   0.00000e+00   1.33333e-01  -4.66667e-01   0.000889
    111:   0.00000e+00   1.33333e-01  -4.33333e-01   0.000889
    112:   0.00000e+00   1.33333e-01  -4.00000e-01   0.000889
    113:   0.00000e+00   1.33333e-01  -3.66667e-01   0.000889
    114:   0.00000e+00   1.33333e-01  -3.33333e-01   0.000889
    115:   0.00000e+00   1.33333e-01  -3.00000e-01   0.000889
    116:   0.00000e+00   1.33333e-01  -2.66667e-01   0.000889
    117:   0.00000e+00   1.33333e-01  -2.33333e-01   0.000889
    118:   0.00000e+00   1.33333e-01  -2.00000e-01   0.000889
    119:   0.00000e+00   1.33333e-01  -1.66667e-01   0.000889
    120:   0.00000e+00   1.33333e-01  -1.33333e-01   0.000444
    121:   0.00000e+00   1.66667e-01   1.66667e-01   0.000222
    122:   0.00000e+00   1.66667e-01   2.00000e-01   0.000889
    123:   0.00000e+00   1.66667e-01   2.33333e-01   0.000889
    124:   0.00000e+00   1.66667e-01   2.66667e-01   0.000889
    125:   0.00000e+00   1.66667e-01   3.00000e-01   0.000889
    126:   0.00000e+00   1.66667e-01   3.33333e-01   0.000889
    127:   0.00000e+00   1.66667e-01   3.66667e-01   0.000889
    128:   0.00000e+00   1.66667e-01   4.00000e-01   0.000889
    129:   0.00000e+00   1.66667e-01   4.33333e-01   0.000889
    130:   0.00000e+00   1.66667e-01   4.66667e-01   0.000889
    131:   0.00000e+00   1.66667e-01  -5.00000e-01   0.000889
    132:   0.00000e+00   1.66667e-01  -4.66667e-01   0.000889
    133:   0.00000e+00   1.66667e-01  -4.33333e-01   0.000889
    134:   0.00000e+00   1.66667e-01  -4.00000e-01   0.000889
    135:   0.00000e+00   1.66667e-01  -3.66667e-01   0.000889
    136:   0.00000e+00   1.66667e-01  -3.33333e-01   0.000889
    137:   0.00000e+00   1.66667e-01  -3.00000e-01   0.000889
    138:   0.00000e+00   1.66667e-01  -2.66667e-01   0.000889
    139:   0.00000e+00   1.66667e-01  -2.33333e-01   0.000889
    140:   0.00000e+00   1.66667e-01  -2.00000e-01   0.000889
    141:   0.00000e+00   1.66667e-01  -1.66667e-01   0.000444
    142:   0.00000e+00   2.00000e-01   2.00000e-01   0.000222
    143:   0.00000e+00   2.00000e-01   2.33333e-01   0.000889
    144:   0.00000e+00   2.00000e-01   2.66667e-01   0.000889
    145:   0.00000e+00   2.00000e-01   3.00000e-01   0.000889
    146:   0.00000e+00   2.00000e-01   3.33333e-01   0.000889
    147:   0.00000e+00   2.00000e-01   3.66667e-01   0.000889
    148:   0.00000e+00   2.00000e-01   4.00000e-01   0.000889
    149:   0.00000e+00   2.00000e-01   4.33333e-01   0.000889
    150:   0.00000e+00   2.00000e-01   4.66667e-01   0.000889
    151:   0.00000e+00   2.00000e-01  -5.00000e-01   0.000889
    152:   0.00000e+00   2.00000e-01  -4.66667e-01   0.000889
    153:   0.00000e+00   2.00000e-01  -4.33333e-01   0.000889
    154:   0.00000e+00   2.00000e-01  -4.00000e-01   0.000889
    155:   0.00000e+00   2.00000e-01  -3.66667e-01   0.000889
    156:   0.00000e+00   2.00000e-01  -3.33333e-01   0.000889
    157:   0.00000e+00   2.00000e-01  -3.00000e-01   0.000889
    158:   0.00000e+00   2.00000e-01  -2.66667e-01   0.000889
    159:   0.00000e+00   2.00000e-01  -2.33333e-01   0.000889
    160:   0.00000e+00   2.00000e-01  -2.00000e-01   0.000444
    161:   0.00000e+00   2.33333e-01   2.33333e-01   0.000222
    162:   0.00000e+00   2.33333e-01   2.66667e-01   0.000889
    163:   0.00000e+00   2.33333e-01   3.00000e-01   0.000889
    164:   0.00000e+00   2.33333e-01   3.33333e-01   0.000889
    165:   0.00000e+00   2.33333e-01   3.66667e-01   0.000889
    166:   0.00000e+00   2.33333e-01   4.00000e-01   0.000889
    167:   0.00000e+00   2.33333e-01   4.33333e-01   0.000889
    168:   0.00000e+00   2.33333e-01   4.66667e-01   0.000889
    169:   0.00000e+00   2.33333e-01  -5.00000e-01   0.000889
    170:   0.00000e+00   2.33333e-01  -4.66667e-01   0.000889
    171:   0.00000e+00   2.33333e-01  -4.33333e-01   0.000889
    172:   0.00000e+00   2.33333e-01  -4.00000e-01   0.000889
    173:   0.00000e+00   2.33333e-01  -3.66667e-01   0.000889
    174:   0.00000e+00   2.33333e-01  -3.33333e-01   0.000889
    175:   0.00000e+00   2.33333e-01  -3.00000e-01   0.000889
    176:   0.00000e+00   2.33333e-01  -2.66667e-01   0.000889
    177:   0.00000e+00   2.33333e-01  -2.33333e-01   0.000444
    178:   0.00000e+00   2.66667e-01   2.66667e-01   0.000222
    179:   0.00000e+00   2.66667e-01   3.00000e-01   0.000889
    180:   0.00000e+00   2.66667e-01   3.33333e-01   0.000889
    181:   0.00000e+00   2.66667e-01   3.66667e-01   0.000889
    182:   0.00000e+00   2.66667e-01   4.00000e-01   0.000889
    183:   0.00000e+00   2.66667e-01   4.33333e-01   0.000889
    184:   0.00000e+00   2.66667e-01   4.66667e-01   0.000889
    185:   0.00000e+00   2.66667e-01  -5.00000e-01   0.000889
    186:   0.00000e+00   2.66667e-01  -4.66667e-01   0.000889
    187:   0.00000e+00   2.66667e-01  -4.33333e-01   0.000889
    188:   0.00000e+00   2.66667e-01  -4.00000e-01   0.000889
    189:   0.00000e+00   2.66667e-01  -3.66667e-01   0.000889
    190:   0.00000e+00   2.66667e-01  -3.33333e-01   0.000889
    191:   0.00000e+00   2.66667e-01  -3.00000e-01   0.000889
    192:   0.00000e+00   2.66667e-01  -2.66667e-01   0.000444
    193:   0.00000e+00   3.00000e-01   3.00000e-01   0.000222
    194:   0.00000e+00   3.00000e-01   3.33333e-01   0.000889
    195:   0.00000e+00   3.00000e-01   3.66667e-01   0.000889
    196:   0.00000e+00   3.00000e-01   4.00000e-01   0.000889
    197:   0.00000e+00   3.00000e-01   4.33333e-01   0.000889
    198:   0.00000e+00   3.00000e-01   4.66667e-01   0.000889
    199:   0.00000e+00   3.00000e-01  -5.00000e-01   0.000889
    200:   0.00000e+00   3.00000e-01  -4.66667e-01   0.000889
    201:   0.00000e+00   3.00000e-01  -4.33333e-01   0.000889
    202:   0.00000e+00   3.00000e-01  -4.00000e-01   0.000889
    203:   0.00000e+00   3.00000e-01  -3.66667e-01   0.000889
    204:   0.00000e+00   3.00000e-01  -3.33333e-01   0.000889
    205:   0.00000e+00   3.00000e-01  -3.00000e-01   0.000444
    206:   0.00000e+00   3.33333e-01   3.33333e-01   0.000222
    207:   0.00000e+00   3.33333e-01   3.66667e-01   0.000889
    208:   0.00000e+00   3.33333e-01   4.00000e-01   0.000889
    209:   0.00000e+00   3.33333e-01   4.33333e-01   0.000889
    210:   0.00000e+00   3.33333e-01   4.66667e-01   0.000889
    211:   0.00000e+00   3.33333e-01  -5.00000e-01   0.000889
    212:   0.00000e+00   3.33333e-01  -4.66667e-01   0.000889
    213:   0.00000e+00   3.33333e-01  -4.33333e-01   0.000889
    214:   0.00000e+00   3.33333e-01  -4.00000e-01   0.000889
    215:   0.00000e+00   3.33333e-01  -3.66667e-01   0.000889
    216:   0.00000e+00   3.33333e-01  -3.33333e-01   0.000444
    217:   0.00000e+00   3.66667e-01   3.66667e-01   0.000222
    218:   0.00000e+00   3.66667e-01   4.00000e-01   0.000889
    219:   0.00000e+00   3.66667e-01   4.33333e-01   0.000889
    220:   0.00000e+00   3.66667e-01   4.66667e-01   0.000889
    221:   0.00000e+00   3.66667e-01  -5.00000e-01   0.000889
    222:   0.00000e+00   3.66667e-01  -4.66667e-01   0.000889
    223:   0.00000e+00   3.66667e-01  -4.33333e-01   0.000889
    224:   0.00000e+00   3.66667e-01  -4.00000e-01   0.000889
    225:   0.00000e+00   3.66667e-01  -3.66667e-01   0.000444
    226:   0.00000e+00   4.00000e-01   4.00000e-01   0.000222
    227:   0.00000e+00   4.00000e-01   4.33333e-01   0.000889
    228:   0.00000e+00   4.00000e-01   4.66667e-01   0.000889
    229:   0.00000e+00   4.00000e-01  -5.00000e-01   0.000889
    230:   0.00000e+00   4.00000e-01  -4.66667e-01   0.000889
    231:   0.00000e+00   4.00000e-01  -4.33333e-01   0.000889
    232:   0.00000e+00   4.00000e-01  -4.00000e-01   0.000444
    233:   0.00000e+00   4.33333e-01   4.33333e-01   0.000222
    234:   0.00000e+00   4.33333e-01   4.66667e-01   0.000889
    235:   0.00000e+00   4.33333e-01  -5.00000e-01   0.000889
    236:   0.00000e+00   4.33333e-01  -4.66667e-01   0.000889
    237:   0.00000e+00   4.33333e-01  -4.33333e-01   0.000444
    238:   0.00000e+00   4.66667e-01   4.66667e-01   0.000222
    239:   0.00000e+00   4.66667e-01  -5.00000e-01   0.000889
    240:   0.00000e+00   4.66667e-01  -4.66667e-01   0.000444
    241:   0.00000e+00  -5.00000e-01  -5.00000e-01   0.000111
    242:   3.33333e-02   6.66667e-02   1.00000e-01   0.000889
    243:   3.33333e-02   6.66667e-02   1.33333e-01   0.001778
    244:   3.33333e-02   6.66667e-02   1.66667e-01   0.001778
    245:   3.33333e-02   6.66667e-02   2.00000e-01   0.001778
    246:   3.33333e-02   6.66667e-02   2.33333e-01   0.001778
    247:   3.33333e-02   6.66667e-02   2.66667e-01   0.001778
    248:   3.33333e-02   6.66667e-02   3.00000e-01   0.001778
    249:   3.33333e-02   6.66667e-02   3.33333e-01   0.001778
    250:   3.33333e-02   6.66667e-02   3.66667e-01   0.001778
    251:   3.33333e-02   6.66667e-02   4.00000e-01   0.001778
    252:   3.33333e-02   6.66667e-02   4.33333e-01   0.001778
    253:   3.33333e-02   6.66667e-02   4.66667e-01   0.001778
    254:   3.33333e-02   6.66667e-02  -5.00000e-01   0.001778
    255:   3.33333e-02   6.66667e-02  -4.66667e-01   0.000889
    256:   3.33333e-02   1.00000e-01   1.33333e-01   0.000889
    257:   3.33333e-02   1.00000e-01   1.66667e-01   0.001778
    258:   3.33333e-02   1.00000e-01   2.00000e-01   0.001778
    259:   3.33333e-02   1.00000e-01   2.33333e-01   0.001778
    260:   3.33333e-02   1.00000e-01   2.66667e-01   0.001778
    261:   3.33333e-02   1.00000e-01   3.00000e-01   0.001778
    262:   3.33333e-02   1.00000e-01   3.33333e-01   0.001778
    263:   3.33333e-02   1.00000e-01   3.66667e-01   0.001778
    264:   3.33333e-02   1.00000e-01   4.00000e-01   0.001778
    265:   3.33333e-02   1.00000e-01   4.33333e-01   0.001778
    266:   3.33333e-02   1.00000e-01   4.66667e-01   0.001778
    267:   3.33333e-02   1.00000e-01  -5.00000e-01   0.001778
    268:   3.33333e-02   1.00000e-01  -4.66667e-01   0.001778
    269:   3.33333e-02   1.00000e-01  -4.33333e-01   0.001778
    270:   3.33333e-02   1.00000e-01  -4.00000e-01   0.001778
    271:   3.33333e-02   1.00000e-01  -3.66667e-01   0.001778
    272:   3.33333e-02   1.00000e-01  -3.33333e-01   0.001778
    273:   3.33333e-02   1.00000e-01  -3.00000e-01   0.001778
    274:   3.33333e-02   1.00000e-01  -2.66667e-01   0.001778
    275:   3.33333e-02   1.00000e-01  -2.33333e-01   0.001778
    276:   3.33333e-02   1.00000e-01  -2.00000e-01   0.001778
    277:   3.33333e-02   1.00000e-01  -1.66667e-01   0.001778
    278:   3.33333e-02   1.00000e-01  -1.33333e-01   0.001778
    279:   3.33333e-02   1.00000e-01  -1.00000e-01   0.001778
    280:   3.33333e-02   1.00000e-01  -6.66667e-02   0.000889
    281:   3.33333e-02   1.33333e-01   1.66667e-01   0.000889
    282:   3.33333e-02   1.33333e-01   2.00000e-01   0.001778
    283:   3.33333e-02   1.33333e-01   2.33333e-01   0.001778
    284:   3.33333e-02   1.33333e-01   2.66667e-01   0.001778
    285:   3.33333e-02   1.33333e-01   3.00000e-01   0.001778
    286:   3.33333e-02   1.33333e-01   3.33333e-01   0.001778
    287:   3.33333e-02   1.33333e-01   3.66667e-01   0.001778
    288:   3.33333e-02   1.33333e-01   4.00000e-01   0.001778
    289:   3.33333e-02   1.33333e-01   4.33333e-01   0.001778
    290:   3.33333e-02   1.33333e-01   4.66667e-01   0.001778
    291:   3.33333e-02   1.33333e-01  -5.00000e-01   0.001778
    292:   3.33333e-02   1.33333e-01  -4.66667e-01   0.001778
    293:   3.33333e-02   1.33333e-01  -4.33333e-01   0.001778
    294:   3.33333e-02   1.33333e-01  -4.00000e-01   0.001778
    295:   3.33333e-02   1.33333e-01  -3.66667e-01   0.001778
    296:   3.33333e-02   1.33333e-01  -3.33333e-01   0.001778
    297:   3.33333e-02   1.33333e-01  -3.00000e-01   0.001778
    298:   3.33333e-02   1.33333e-01  -2.66667e-01   0.001778
    299:   3.33333e-02   1.33333e-01  -2.33333e-01   0.001778
    300:   3.33333e-02   1.33333e-01  -2.00000e-01   0.001778
    301:   3.33333e-02   1.33333e-01  -1.66667e-01   0.001778
    302:   3.33333e-02   1.33333e-01  -1.33333e-01   0.001778
    303:   3.33333e-02   1.33333e-01  -1.00000e-01   0.000889
    304:   3.33333e-02   1.66667e-01   2.00000e-01   0.000889
    305:   3.33333e-02   1.66667e-01   2.33333e-01   0.001778
    306:   3.33333e-02   1.66667e-01   2.66667e-01   0.001778
    307:   3.33333e-02   1.66667e-01   3.00000e-01   0.001778
    308:   3.33333e-02   1.66667e-01   3.33333e-01   0.001778
    309:   3.33333e-02   1.66667e-01   3.66667e-01   0.001778
    310:   3.33333e-02   1.66667e-01   4.00000e-01   0.001778
    311:   3.33333e-02   1.66667e-01   4.33333e-01   0.001778
    312:   3.33333e-02   1.66667e-01   4.66667e-01   0.001778
    313:   3.33333e-02   1.66667e-01  -5.00000e-01   0.001778
    314:   3.33333e-02   1.66667e-01  -4.66667e-01   0.001778
    315:   3.33333e-02   1.66667e-01  -4.33333e-01   0.001778
    316:   3.33333e-02   1.66667e-01  -4.00000e-01   0.001778
    317:   3.33333e-02   1.66667e-01  -3.66667e-01   0.001778
    318:   3.33333e-02   1.66667e-01  -3.33333e-01   0.001778
    319:   3.33333e-02   1.66667e-01  -3.00000e-01   0.001778
    320:   3.33333e-02   1.66667e-01  -2.66667e-01   0.001778
    321:   3.33333e-02   1.66667e-01  -2.33333e-01   0.001778
    322:   3.33333e-02   1.66667e-01  -2.00000e-01   0.001778
    323:   3.33333e-02   1.66667e-01  -1.66667e-01   0.001778
    324:   3.33333e-02   1.66667e-01  -1.33333e-01   0.000889
    325:   3.33333e-02   2.00000e-01   2.33333e-01   0.000889
    326:   3.33333e-02   2.00000e-01   2.66667e-01   0.001778
    327:   3.33333e-02   2.00000e-01   3.00000e-01   0.001778
    328:   3.33333e-02   2.00000e-01   3.33333e-01   0.001778
    329:   3.33333e-02   2.00000e-01   3.66667e-01   0.001778
    330:   3.33333e-02   2.00000e-01   4.00000e-01   0.001778
    331:   3.33333e-02   2.00000e-01   4.33333e-01   0.001778
    332:   3.33333e-02   2.00000e-01   4.66667e-01   0.001778
    333:   3.33333e-02   2.00000e-01  -5.00000e-01   0.001778
    334:   3.33333e-02   2.00000e-01  -4.66667e-01   0.001778
    335:   3.33333e-02   2.00000e-01  -4.33333e-01   0.001778
    336:   3.33333e-02   2.00000e-01  -4.00000e-01   0.001778
    337:   3.33333e-02   2.00000e-01  -3.66667e-01   0.001778
    338:   3.33333e-02   2.00000e-01  -3.33333e-01   0.001778
    339:   3.33333e-02   2.00000e-01  -3.00000e-01   0.001778
    340:   3.33333e-02   2.00000e-01  -2.66667e-01   0.001778
    341:   3.33333e-02   2.00000e-01  -2.33333e-01   0.001778
    342:   3.33333e-02   2.00000e-01  -2.00000e-01   0.001778
    343:   3.33333e-02   2.00000e-01  -1.66667e-01   0.000889
    344:   3.33333e-02   2.33333e-01   2.66667e-01   0.000889
    345:   3.33333e-02   2.33333e-01   3.00000e-01   0.001778
    346:   3.33333e-02   2.33333e-01   3.33333e-01   0.001778
    347:   3.33333e-02   2.33333e-01   3.66667e-01   0.001778
    348:   3.33333e-02   2.33333e-01   4.00000e-01   0.001778
    349:   3.33333e-02   2.33333e-01   4.33333e-01   0.001778
    350:   3.33333e-02   2.33333e-01   4.66667e-01   0.001778
    351:   3.33333e-02   2.33333e-01  -5.00000e-01   0.001778
    352:   3.33333e-02   2.33333e-01  -4.66667e-01   0.001778
    353:   3.33333e-02   2.33333e-01  -4.33333e-01   0.001778
    354:   3.33333e-02   2.33333e-01  -4.00000e-01   0.001778
    355:   3.33333e-02   2.33333e-01  -3.66667e-01   0.001778
    356:   3.33333e-02   2.33333e-01  -3.33333e-01   0.001778
    357:   3.33333e-02   2.33333e-01  -3.00000e-01   0.001778
    358:   3.33333e-02   2.33333e-01  -2.66667e-01   0.001778
    359:   3.33333e-02   2.33333e-01  -2.33333e-01   0.001778
    360:   3.33333e-02   2.33333e-01  -2.00000e-01   0.000889
    361:   3.33333e-02   2.66667e-01   3.00000e-01   0.000889
    362:   3.33333e-02   2.66667e-01   3.33333e-01   0.001778
    363:   3.33333e-02   2.66667e-01   3.66667e-01   0.001778
    364:   3.33333e-02   2.66667e-01   4.00000e-01   0.001778
    365:   3.33333e-02   2.66667e-01   4.33333e-01   0.001778
    366:   3.33333e-02   2.66667e-01   4.66667e-01   0.001778
    367:   3.33333e-02   2.66667e-01  -5.00000e-01   0.001778
    368:   3.33333e-02   2.66667e-01  -4.66667e-01   0.001778
    369:   3.33333e-02   2.66667e-01  -4.33333e-01   0.001778
    370:   3.33333e-02   2.66667e-01  -4.00000e-01   0.001778
    371:   3.33333e-02   2.66667e-01  -3.66667e-01   0.001778
    372:   3.33333e-02   2.66667e-01  -3.33333e-01   0.001778
    373:   3.33333e-02   2.66667e-01  -3.00000e-01   0.001778
    374:   3.33333e-02   2.66667e-01  -2.66667e-01   0.001778
    375:   3.33333e-02   2.66667e-01  -2.33333e-01   0.000889
    376:   3.33333e-02   3.00000e-01   3.33333e-01   0.000889
    377:   3.33333e-02   3.00000e-01   3.66667e-01   0.001778
    378:   3.33333e-02   3.00000e-01   4.00000e-01   0.001778
    379:   3.33333e-02   3.00000e-01   4.33333e-01   0.001778
    380:   3.33333e-02   3.00000e-01   4.66667e-01   0.001778
    381:   3.33333e-02   3.00000e-01  -5.00000e-01   0.001778
    382:   3.33333e-02   3.00000e-01  -4.66667e-01   0.001778
    383:   3.33333e-02   3.00000e-01  -4.33333e-01   0.001778
    384:   3.33333e-02   3.00000e-01  -4.00000e-01   0.001778
    385:   3.33333e-02   3.00000e-01  -3.66667e-01   0.001778
    386:   3.33333e-02   3.00000e-01  -3.33333e-01   0.001778
    387:   3.33333e-02   3.00000e-01  -3.00000e-01   0.001778
    388:   3.33333e-02   3.00000e-01  -2.66667e-01   0.000889
    389:   3.33333e-02   3.33333e-01   3.66667e-01   0.000889
    390:   3.33333e-02   3.33333e-01   4.00000e-01   0.001778
    391:   3.33333e-02   3.33333e-01   4.33333e-01   0.001778
    392:   3.33333e-02   3.33333e-01   4.66667e-01   0.001778
    393:   3.33333e-02   3.33333e-01  -5.00000e-01   0.001778
    394:   3.33333e-02   3.33333e-01  -4.66667e-01   0.001778
    395:   3.33333e-02   3.33333e-01  -4.33333e-01   0.001778
    396:   3.33333e-02   3.33333e-01  -4.00000e-01   0.001778
    397:   3.33333e-02   3.33333e-01  -3.66667e-01   0.001778
    398:   3.33333e-02   3.33333e-01  -3.33333e-01   0.001778
    399:   3.33333e-02   3.33333e-01  -3.00000e-01   0.000889
    400:   3.33333e-02   3.66667e-01   4.00000e-01   0.000889
    401:   3.33333e-02   3.66667e-01   4.33333e-01   0.001778
    402:   3.33333e-02   3.66667e-01   4.66667e-01   0.001778
    403:   3.33333e-02   3.66667e-01  -5.00000e-01   0.001778
    404:   3.33333e-02   3.66667e-01  -4.66667e-01   0.001778
    405:   3.33333e-02   3.66667e-01  -4.33333e-01   0.001778
    406:   3.33333e-02   3.66667e-01  -4.00000e-01   0.001778
    407:   3.33333e-02   3.66667e-01  -3.66667e-01   0.001778
    408:   3.33333e-02   3.66667e-01  -3.33333e-01   0.000889
    409:   3.33333e-02   4.00000e-01   4.33333e-01   0.000889
    410:   3.33333e-02   4.00000e-01   4.66667e-01   0.001778
    411:   3.33333e-02   4.00000e-01  -5.00000e-01   0.001778
    412:   3.33333e-02   4.00000e-01  -4.66667e-01   0.001778
    413:   3.33333e-02   4.00000e-01  -4.33333e-01   0.001778
    414:   3.33333e-02   4.00000e-01  -4.00000e-01   0.001778
    415:   3.33333e-02   4.00000e-01  -3.66667e-01   0.000889
    416:   3.33333e-02   4.33333e-01   4.66667e-01   0.000889
    417:   3.33333e-02   4.33333e-01  -5.00000e-01   0.001778
    418:   3.33333e-02   4.33333e-01  -4.66667e-01   0.001778
    419:   3.33333e-02   4.33333e-01  -4.33333e-01   0.001778
    420:   3.33333e-02   4.33333e-01  -4.00000e-01   0.000889
    421:   3.33333e-02   4.66667e-01  -5.00000e-01   0.000889
    422:   3.33333e-02   4.66667e-01  -4.66667e-01   0.001778
    423:   3.33333e-02   4.66667e-01  -4.33333e-01   0.000889
    424:   3.33333e-02  -5.00000e-01  -4.66667e-01   0.000444
    425:   6.66667e-02   1.33333e-01   2.00000e-01   0.000889
    426:   6.66667e-02   1.33333e-01   2.33333e-01   0.001778
    427:   6.66667e-02   1.33333e-01   2.66667e-01   0.001778
    428:   6.66667e-02   1.33333e-01   3.00000e-01   0.001778
    429:   6.66667e-02   1.33333e-01   3.33333e-01   0.001778
    430:   6.66667e-02   1.33333e-01   3.66667e-01   0.001778
    431:   6.66667e-02   1.33333e-01   4.00000e-01   0.001778
    432:   6.66667e-02   1.33333e-01   4.33333e-01   0.001778
    433:   6.66667e-02   1.33333e-01   4.66667e-01   0.001778
    434:   6.66667e-02   1.33333e-01  -5.00000e-01   0.001778
    435:   6.66667e-02   1.33333e-01  -4.66667e-01   0.001778
    436:   6.66667e-02   1.33333e-01  -4.33333e-01   0.000889
    437:   6.66667e-02   1.66667e-01   2.33333e-01   0.000889
    438:   6.66667e-02   1.66667e-01   2.66667e-01   0.001778
    439:   6.66667e-02   1.66667e-01   3.00000e-01   0.001778
    440:   6.66667e-02   1.66667e-01   3.33333e-01   0.001778
    441:   6.66667e-02   1.66667e-01   3.66667e-01   0.001778
    442:   6.66667e-02   1.66667e-01   4.00000e-01   0.001778
    443:   6.66667e-02   1.66667e-01   4.33333e-01   0.001778
    444:   6.66667e-02   1.66667e-01   4.66667e-01   0.001778
    445:   6.66667e-02   1.66667e-01  -5.00000e-01   0.001778
    446:   6.66667e-02   1.66667e-01  -4.66667e-01   0.001778
    447:   6.66667e-02   1.66667e-01  -4.33333e-01   0.001778
    448:   6.66667e-02   1.66667e-01  -4.00000e-01   0.001778
    449:   6.66667e-02   1.66667e-01  -3.66667e-01   0.001778
    450:   6.66667e-02   1.66667e-01  -3.33333e-01   0.001778
    451:   6.66667e-02   1.66667e-01  -3.00000e-01   0.001778
    452:   6.66667e-02   1.66667e-01  -2.66667e-01   0.001778
    453:   6.66667e-02   1.66667e-01  -2.33333e-01   0.001778
    454:   6.66667e-02   1.66667e-01  -2.00000e-01   0.001778
    455:   6.66667e-02   1.66667e-01  -1.66667e-01   0.001778
    456:   6.66667e-02   1.66667e-01  -1.33333e-01   0.001778
    457:   6.66667e-02   1.66667e-01  -1.00000e-01   0.000889
    458:   6.66667e-02   2.00000e-01   2.66667e-01   0.000889
    459:   6.66667e-02   2.00000e-01   3.00000e-01   0.001778
    460:   6.66667e-02   2.00000e-01   3.33333e-01   0.001778
    461:   6.66667e-02   2.00000e-01   3.66667e-01   0.001778
    462:   6.66667e-02   2.00000e-01   4.00000e-01   0.001778
    463:   6.66667e-02   2.00000e-01   4.33333e-01   0.001778
    464:   6.66667e-02   2.00000e-01   4.66667e-01   0.001778
    465:   6.66667e-02   2.00000e-01  -5.00000e-01   0.001778
    466:   6.66667e-02   2.00000e-01  -4.66667e-01   0.001778
    467:   6.66667e-02   2.00000e-01  -4.33333e-01   0.001778
    468:   6.66667e-02   2.00000e-01  -4.00000e-01   0.001778
    469:   6.66667e-02   2.00000e-01  -3.66667e-01   0.001778
    470:   6.66667e-02   2.00000e-01  -3.33333e-01   0.001778
    471:   6.66667e-02   2.00000e-01  -3.00000e-01   0.001778
    472:   6.66667e-02   2.00000e-01  -2.66667e-01   0.001778
    473:   6.66667e-02   2.00000e-01  -2.33333e-01   0.001778
    474:   6.66667e-02   2.00000e-01  -2.00000e-01   0.001778
    475:   6.66667e-02   2.00000e-01  -1.66667e-01   0.001778
    476:   6.66667e-02   2.00000e-01  -1.33333e-01   0.000889
    477:   6.66667e-02   2.33333e-01   3.00000e-01   0.000889
    478:   6.66667e-02   2.33333e-01   3.33333e-01   0.001778
    479:   6.66667e-02   2.33333e-01   3.66667e-01   0.001778
    480:   6.66667e-02   2.33333e-01   4.00000e-01   0.001778
    481:   6.66667e-02   2.33333e-01   4.33333e-01   0.001778
    482:   6.66667e-02   2.33333e-01   4.66667e-01   0.001778
    483:   6.66667e-02   2.33333e-01  -5.00000e-01   0.001778
    484:   6.66667e-02   2.33333e-01  -4.66667e-01   0.001778
    485:   6.66667e-02   2.33333e-01  -4.33333e-01   0.001778
    486:   6.66667e-02   2.33333e-01  -4.00000e-01   0.001778
    487:   6.66667e-02   2.33333e-01  -3.66667e-01   0.001778
    488:   6.66667e-02   2.33333e-01  -3.33333e-01   0.001778
    489:   6.66667e-02   2.33333e-01  -3.00000e-01   0.001778
    490:   6.66667e-02   2.33333e-01  -2.66667e-01   0.001778
    491:   6.66667e-02   2.33333e-01  -2.33333e-01   0.001778
    492:   6.66667e-02   2.33333e-01  -2.00000e-01   0.001778
    493:   6.66667e-02   2.33333e-01  -1.66667e-01   0.000889
    494:   6.66667e-02   2.66667e-01   3.33333e-01   0.000889
    495:   6.66667e-02   2.66667e-01   3.66667e-01   0.001778
    496:   6.66667e-02   2.66667e-01   4.00000e-01   0.001778
    497:   6.66667e-02   2.66667e-01   4.33333e-01   0.001778
    498:   6.66667e-02   2.66667e-01   4.66667e-01   0.001778
    499:   6.66667e-02   2.66667e-01  -5.00000e-01   0.001778
    500:   6.66667e-02   2.66667e-01  -4.66667e-01   0.001778
    501:   6.66667e-02   2.66667e-01  -4.33333e-01   0.001778
    502:   6.66667e-02   2.66667e-01  -4.00000e-01   0.001778
    503:   6.66667e-02   2.66667e-01  -3.66667e-01   0.001778
    504:   6.66667e-02   2.66667e-01  -3.33333e-01   0.001778
    505:   6.66667e-02   2.66667e-01  -3.00000e-01   0.001778
    506:   6.66667e-02   2.66667e-01  -2.66667e-01   0.001778
    507:   6.66667e-02   2.66667e-01  -2.33333e-01   0.001778
    508:   6.66667e-02   2.66667e-01  -2.00000e-01   0.000889
    509:   6.66667e-02   3.00000e-01   3.66667e-01   0.000889
    510:   6.66667e-02   3.00000e-01   4.00000e-01   0.001778
    511:   6.66667e-02   3.00000e-01   4.33333e-01   0.001778
    512:   6.66667e-02   3.00000e-01   4.66667e-01   0.001778
    513:   6.66667e-02   3.00000e-01  -5.00000e-01   0.001778
    514:   6.66667e-02   3.00000e-01  -4.66667e-01   0.001778
    515:   6.66667e-02   3.00000e-01  -4.33333e-01   0.001778
    516:   6.66667e-02   3.00000e-01  -4.00000e-01   0.001778
    517:   6.66667e-02   3.00000e-01  -3.66667e-01   0.001778
    518:   6.66667e-02   3.00000e-01  -3.33333e-01   0.001778
    519:   6.66667e-02   3.00000e-01  -3.00000e-01   0.001778
    520:   6.66667e-02   3.00000e-01  -2.66667e-01   0.001778
    521:   6.66667e-02   3.00000e-01  -2.33333e-01   0.000889
    522:   6.66667e-02   3.33333e-01   4.00000e-01   0.000889
    523:   6.66667e-02   3.33333e-01   4.33333e-01   0.001778
    524:   6.66667e-02   3.33333e-01   4.66667e-01   0.001778
    525:   6.66667e-02   3.33333e-01  -5.00000e-01   0.001778
    526:   6.66667e-02   3.33333e-01  -4.66667e-01   0.001778
    527:   6.66667e-02   3.33333e-01  -4.33333e-01   0.001778
    528:   6.66667e-02   3.33333e-01  -4.00000e-01   0.001778
    529:   6.66667e-02   3.33333e-01  -3.66667e-01   0.001778
    530:   6.66667e-02   3.33333e-01  -3.33333e-01   0.001778
    531:   6.66667e-02   3.33333e-01  -3.00000e-01   0.001778
    532:   6.66667e-02   3.33333e-01  -2.66667e-01   0.000889
    533:   6.66667e-02   3.66667e-01   4.33333e-01   0.000889
    534:   6.66667e-02   3.66667e-01   4.66667e-01   0.001778
    535:   6.66667e-02   3.66667e-01  -5.00000e-01   0.001778
    536:   6.66667e-02   3.66667e-01  -4.66667e-01   0.001778
    537:   6.66667e-02   3.66667e-01  -4.33333e-01   0.001778
    538:   6.66667e-02   3.66667e-01  -4.00000e-01   0.001778
    539:   6.66667e-02   3.66667e-01  -3.66667e-01   0.001778
    540:   6.66667e-02   3.66667e-01  -3.33333e-01   0.001778
    541:   6.66667e-02   3.66667e-01  -3.00000e-01   0.000889
    542:   6.66667e-02   4.00000e-01   4.66667e-01   0.000889
    543:   6.66667e-02   4.00000e-01  -5.00000e-01   0.001778
    544:   6.66667e-02   4.00000e-01  -4.66667e-01   0.001778
    545:   6.66667e-02   4.00000e-01  -4.33333e-01   0.001778
    546:   6.66667e-02   4.00000e-01  -4.00000e-01   0.001778
    547:   6.66667e-02   4.00000e-01  -3.66667e-01   0.001778
    548:   6.66667e-02   4.00000e-01  -3.33333e-01   0.000889
    549:   6.66667e-02   4.33333e-01  -5.00000e-01   0.000889
    550:   6.66667e-02   4.33333e-01  -4.66667e-01   0.001778
    551:   6.66667e-02   4.33333e-01  -4.33333e-01   0.001778
    552:   6.66667e-02   4.33333e-01  -4.00000e-01   0.001778
    553:   6.66667e-02   4.33333e-01  -3.66667e-01   0.000889
    554:   6.66667e-02   4.66667e-01  -4.66667e-01   0.000889
    555:   6.66667e-02   4.66667e-01  -4.33333e-01   0.001778
    556:   6.66667e-02   4.66667e-01  -4.00000e-01   0.000889
    557:   6.66667e-02  -5.00000e-01  -4.33333e-01   0.000444
    558:   1.00000e-01   2.00000e-01   3.00000e-01   0.000889
    559:   1.00000e-01   2.00000e-01   3.33333e-01   0.001778
    560:   1.00000e-01   2.00000e-01   3.66667e-01   0.001778
    561:   1.00000e-01   2.00000e-01   4.00000e-01   0.001778
    562:   1.00000e-01   2.00000e-01   4.33333e-01   0.001778
    563:   1.00000e-01   2.00000e-01   4.66667e-01   0.001778
    564:   1.00000e-01   2.00000e-01  -5.00000e-01   0.001778
    565:   1.00000e-01   2.00000e-01  -4.66667e-01   0.001778
    566:   1.00000e-01   2.00000e-01  -4.33333e-01   0.001778
    567:   1.00000e-01   2.00000e-01  -4.00000e-01   0.000889
    568:   1.00000e-01   2.33333e-01   3.33333e-01   0.000889
    569:   1.00000e-01   2.33333e-01   3.66667e-01   0.001778
    570:   1.00000e-01   2.33333e-01   4.00000e-01   0.001778
    571:   1.00000e-01   2.33333e-01   4.33333e-01   0.001778
    572:   1.00000e-01   2.33333e-01   4.66667e-01   0.001778
    573:   1.00000e-01   2.33333e-01  -5.00000e-01   0.001778
    574:   1.00000e-01   2.33333e-01  -4.66667e-01   0.001778
    575:   1.00000e-01   2.33333e-01  -4.33333e-01   0.001778
    576:   1.00000e-01   2.33333e-01  -4.00000e-01   0.001778
    577:   1.00000e-01   2.33333e-01  -3.66667e-01   0.001778
    578:   1.00000e-01   2.33333e-01  -3.33333e-01   0.001778
    579:   1.00000e-01   2.33333e-01  -3.00000e-01   0.001778
    580:   1.00000e-01   2.33333e-01  -2.66667e-01   0.001778
    581:   1.00000e-01   2.33333e-01  -2.33333e-01   0.001778
    582:   1.00000e-01   2.33333e-01  -2.00000e-01   0.001778
    583:   1.00000e-01   2.33333e-01  -1.66667e-01   0.001778
    584:   1.00000e-01   2.33333e-01  -1.33333e-01   0.000889
    585:   1.00000e-01   2.66667e-01   3.66667e-01   0.000889
    586:   1.00000e-01   2.66667e-01   4.00000e-01   0.001778
    587:   1.00000e-01   2.66667e-01   4.33333e-01   0.001778
    588:   1.00000e-01   2.66667e-01   4.66667e-01   0.001778
    589:   1.00000e-01   2.66667e-01  -5.00000e-01   0.001778
    590:   1.00000e-01   2.66667e-01  -4.66667e-01   0.001778
    591:   1.00000e-01   2.66667e-01  -4.33333e-01   0.001778
    592:   1.00000e-01   2.66667e-01  -4.00000e-01   0.001778
    593:   1.00000e-01   2.66667e-01  -3.66667e-01   0.001778
    594:   1.00000e-01   2.66667e-01  -3.33333e-01   0.001778
    595:   1.00000e-01   2.66667e-01  -3.00000e-01   0.001778
    596:   1.00000e-01   2.66667e-01  -2.66667e-01   0.001778
    597:   1.00000e-01   2.66667e-01  -2.33333e-01   0.001778
    598:   1.00000e-01   2.66667e-01  -2.00000e-01   0.001778
    599:   1.00000e-01   2.66667e-01  -1.66667e-01   0.000889
    600:   1.00000e-01   3.00000e-01   4.00000e-01   0.000889
    601:   1.00000e-01   3.00000e-01   4.33333e-01   0.001778
    602:   1.00000e-01   3.00000e-01   4.66667e-01   0.001778
    603:   1.00000e-01   3.00000e-01  -5.00000e-01   0.001778
    604:   1.00000e-01   3.00000e-01  -4.66667e-01   0.001778
    605:   1.00000e-01   3.00000e-01  -4.33333e-01   0.001778
    606:   1.00000e-01   3.00000e-01  -4.00000e-01   0.001778
    607:   1.00000e-01   3.00000e-01  -3.66667e-01   0.001778
    608:   1.00000e-01   3.00000e-01  -3.33333e-01   0.001778
    609:   1.00000e-01   3.00000e-01  -3.00000e-01   0.001778
    610:   1.00000e-01   3.00000e-01  -2.66667e-01   0.001778
    611:   1.00000e-01   3.00000e-01  -2.33333e-01   0.001778
    612:   1.00000e-01   3.00000e-01  -2.00000e-01   0.000889
    613:   1.00000e-01   3.33333e-01   4.33333e-01   0.000889
    614:   1.00000e-01   3.33333e-01   4.66667e-01   0.001778
    615:   1.00000e-01   3.33333e-01  -5.00000e-01   0.001778
    616:   1.00000e-01   3.33333e-01  -4.66667e-01   0.001778
    617:   1.00000e-01   3.33333e-01  -4.33333e-01   0.001778
    618:   1.00000e-01   3.33333e-01  -4.00000e-01   0.001778
    619:   1.00000e-01   3.33333e-01  -3.66667e-01   0.001778
    620:   1.00000e-01   3.33333e-01  -3.33333e-01   0.001778
    621:   1.00000e-01   3.33333e-01  -3.00000e-01   0.001778
    622:   1.00000e-01   3.33333e-01  -2.66667e-01   0.001778
    623:   1.00000e-01   3.33333e-01  -2.33333e-01   0.000889
    624:   1.00000e-01   3.66667e-01   4.66667e-01   0.000889
    625:   1.00000e-01   3.66667e-01  -5.00000e-01   0.001778
    626:   1.00000e-01   3.66667e-01  -4.66667e-01   0.001778
    627:   1.00000e-01   3.66667e-01  -4.33333e-01   0.001778
    628:   1.00000e-01   3.66667e-01  -4.00000e-01   0.001778
    629:   1.00000e-01   3.66667e-01  -3.66667e-01   0.001778
    630:   1.00000e-01   3.66667e-01  -3.33333e-01   0.001778
    631:   1.00000e-01   3.66667e-01  -3.00000e-01   0.001778
    632:   1.00000e-01   3.66667e-01  -2.66667e-01   0.000889
    633:   1.00000e-01   4.00000e-01  -5.00000e-01   0.000889
    634:   1.00000e-01   4.00000e-01  -4.66667e-01   0.001778
    635:   1.00000e-01   4.00000e-01  -4.33333e-01   0.001778
    636:   1.00000e-01   4.00000e-01  -4.00000e-01   0.001778
    637:   1.00000e-01   4.00000e-01  -3.66667e-01   0.001778
    638:   1.00000e-01   4.00000e-01  -3.33333e-01   0.001778
    639:   1.00000e-01   4.00000e-01  -3.00000e-01   0.000889
    640:   1.00000e-01   4.33333e-01  -4.66667e-01   0.000889
    641:   1.00000e-01   4.33333e-01  -4.33333e-01   0.001778
    642:   1.00000e-01   4.33333e-01  -4.00000e-01   0.001778
    643:   1.00000e-01   4.33333e-01  -3.66667e-01   0.001778
    644:   1.00000e-01   4.33333e-01  -3.33333e-01   0.000889
    645:   1.00000e-01   4.66667e-01  -4.33333e-01   0.000889
    646:   1.00000e-01   4.66667e-01  -4.00000e-01   0.001778
    647:   1.00000e-01   4.66667e-01  -3.66667e-01   0.000889
    648:   1.00000e-01  -5.00000e-01  -4.00000e-01   0.000444
    649:   1.33333e-01   2.66667e-01   4.00000e-01   0.000889
    650:   1.33333e-01   2.66667e-01   4.33333e-01   0.001778
    651:   1.33333e-01   2.66667e-01   4.66667e-01   0.001778
    652:   1.33333e-01   2.66667e-01  -5.00000e-01   0.001778
    653:   1.33333e-01   2.66667e-01  -4.66667e-01   0.001778
    654:   1.33333e-01   2.66667e-01  -4.33333e-01   0.001778
    655:   1.33333e-01   2.66667e-01  -4.00000e-01   0.001778
    656:   1.33333e-01   2.66667e-01  -3.66667e-01   0.000889
    657:   1.33333e-01   3.00000e-01   4.33333e-01   0.000889
    658:   1.33333e-01   3.00000e-01   4.66667e-01   0.001778
    659:   1.33333e-01   3.00000e-01  -5.00000e-01   0.001778
    660:   1.33333e-01   3.00000e-01  -4.66667e-01   0.001778
    661:   1.33333e-01   3.00000e-01  -4.33333e-01   0.001778
    662:   1.33333e-01   3.00000e-01  -4.00000e-01   0.001778
    663:   1.33333e-01   3.00000e-01  -3.66667e-01   0.001778
    664:   1.33333e-01   3.00000e-01  -3.33333e-01   0.001778
    665:   1.33333e-01   3.00000e-01  -3.00000e-01   0.001778
    666:   1.33333e-01   3.00000e-01  -2.66667e-01   0.001778
    667:   1.33333e-01   3.00000e-01  -2.33333e-01   0.001778
    668:   1.33333e-01   3.00000e-01  -2.00000e-01   0.001778
    669:   1.33333e-01   3.00000e-01  -1.66667e-01   0.000889
    670:   1.33333e-01   3.33333e-01   4.66667e-01   0.000889
    671:   1.33333e-01   3.33333e-01  -5.00000e-01   0.001778
    672:   1.33333e-01   3.33333e-01  -4.66667e-01   0.001778
    673:   1.33333e-01   3.33333e-01  -4.33333e-01   0.001778
    674:   1.33333e-01   3.33333e-01  -4.00000e-01   0.001778
    675:   1.33333e-01   3.33333e-01  -3.66667e-01   0.001778
    676:   1.33333e-01   3.33333e-01  -3.33333e-01   0.001778
    677:   1.33333e-01   3.33333e-01  -3.00000e-01   0.001778
    678:   1.33333e-01   3.33333e-01  -2.66667e-01   0.001778
    679:   1.33333e-01   3.33333e-01  -2.33333e-01   0.001778
    680:   1.33333e-01   3.33333e-01  -2.00000e-01   0.000889
    681:   1.33333e-01   3.66667e-01  -5.00000e-01   0.000889
    682:   1.33333e-01   3.66667e-01  -4.66667e-01   0.001778
    683:   1.33333e-01   3.66667e-01  -4.33333e-01   0.001778
    684:   1.33333e-01   3.66667e-01  -4.00000e-01   0.001778
    685:   1.33333e-01   3.66667e-01  -3.66667e-01   0.001778
    686:   1.33333e-01   3.66667e-01  -3.33333e-01   0.001778
    687:   1.33333e-01   3.66667e-01  -3.00000e-01   0.001778
    688:   1.33333e-01   3.66667e-01  -2.66667e-01   0.001778
    689:   1.33333e-01   3.66667e-01  -2.33333e-01   0.000889
    690:   1.33333e-01   4.00000e-01  -4.66667e-01   0.000889
    691:   1.33333e-01   4.00000e-01  -4.33333e-01   0.001778
    692:   1.33333e-01   4.00000e-01  -4.00000e-01   0.001778
    693:   1.33333e-01   4.00000e-01  -3.66667e-01   0.001778
    694:   1.33333e-01   4.00000e-01  -3.33333e-01   0.001778
    695:   1.33333e-01   4.00000e-01  -3.00000e-01   0.001778
    696:   1.33333e-01   4.00000e-01  -2.66667e-01   0.000889
    697:   1.33333e-01   4.33333e-01  -4.33333e-01   0.000889
    698:   1.33333e-01   4.33333e-01  -4.00000e-01   0.001778
    699:   1.33333e-01   4.33333e-01  -3.66667e-01   0.001778
    700:   1.33333e-01   4.33333e-01  -3.33333e-01   0.001778
    701:   1.33333e-01   4.33333e-01  -3.00000e-01   0.000889
    702:   1.33333e-01   4.66667e-01  -4.00000e-01   0.000889
    703:   1.33333e-01   4.66667e-01  -3.66667e-01   0.001778
    704:   1.33333e-01   4.66667e-01  -3.33333e-01   0.000889
    705:   1.33333e-01  -5.00000e-01  -3.66667e-01   0.000444
    706:   1.66667e-01   3.33333e-01  -5.00000e-01   0.000889
    707:   1.66667e-01   3.33333e-01  -4.66667e-01   0.001778
    708:   1.66667e-01   3.33333e-01  -4.33333e-01   0.001778
    709:   1.66667e-01   3.33333e-01  -4.00000e-01   0.001778
    710:   1.66667e-01   3.33333e-01  -3.66667e-01   0.001778
    711:   1.66667e-01   3.33333e-01  -3.33333e-01   0.000889
    712:   1.66667e-01   3.66667e-01  -4.66667e-01   0.000889
    713:   1.66667e-01   3.66667e-01  -4.33333e-01   0.001778
    714:   1.66667e-01   3.66667e-01  -4.00000e-01   0.001778
    715:   1.66667e-01   3.66667e-01  -3.66667e-01   0.001778
    716:   1.66667e-01   3.66667e-01  -3.33333e-01   0.001778
    717:   1.66667e-01   3.66667e-01  -3.00000e-01   0.001778
    718:   1.66667e-01   3.66667e-01  -2.66667e-01   0.001778
    719:   1.66667e-01   3.66667e-01  -2.33333e-01   0.001778
    720:   1.66667e-01   3.66667e-01  -2.00000e-01   0.000889
    721:   1.66667e-01   4.00000e-01  -4.33333e-01   0.000889
    722:   1.66667e-01   4.00000e-01  -4.00000e-01   0.001778
    723:   1.66667e-01   4.00000e-01  -3.66667e-01   0.001778
    724:   1.66667e-01   4.00000e-01  -3.33333e-01   0.001778
    725:   1.66667e-01   4.00000e-01  -3.00000e-01   0.001778
    726:   1.66667e-01   4.00000e-01  -2.66667e-01   0.001778
    727:   1.66667e-01   4.00000e-01  -2.33333e-01   0.000889
    728:   1.66667e-01   4.33333e-01  -4.00000e-01   0.000889
    729:   1.66667e-01   4.33333e-01  -3.66667e-01   0.001778
    730:   1.66667e-01   4.33333e-01  -3.33333e-01   0.001778
    731:   1.66667e-01   4.33333e-01  -3.00000e-01   0.001778
    732:   1.66667e-01   4.33333e-01  -2.66667e-01   0.000889
    733:   1.66667e-01   4.66667e-01  -3.66667e-01   0.000889
    734:   1.66667e-01   4.66667e-01  -3.33333e-01   0.001778
    735:   1.66667e-01   4.66667e-01  -3.00000e-01   0.000889
    736:   1.66667e-01  -5.00000e-01  -3.33333e-01   0.000444
    737:   2.00000e-01   4.00000e-01  -4.00000e-01   0.000889
    738:   2.00000e-01   4.00000e-01  -3.66667e-01   0.001778
    739:   2.00000e-01   4.00000e-01  -3.33333e-01   0.001778
    740:   2.00000e-01   4.00000e-01  -3.00000e-01   0.000889
    741:   2.00000e-01   4.33333e-01  -3.66667e-01   0.000889
    742:   2.00000e-01   4.33333e-01  -3.33333e-01   0.001778
    743:   2.00000e-01   4.33333e-01  -3.00000e-01   0.001778
    744:   2.00000e-01   4.33333e-01  -2.66667e-01   0.001778
    745:   2.00000e-01   4.33333e-01  -2.33333e-01   0.000889
    746:   2.00000e-01   4.66667e-01  -3.33333e-01   0.000889
    747:   2.00000e-01   4.66667e-01  -3.00000e-01   0.001778
    748:   2.00000e-01   4.66667e-01  -2.66667e-01   0.000889
    749:   2.00000e-01  -5.00000e-01  -3.00000e-01   0.000444
    750:   2.33333e-01   4.66667e-01  -3.00000e-01   0.000889
    751:   2.33333e-01   4.66667e-01  -2.66667e-01   0.000889
    752:   2.33333e-01  -5.00000e-01  -2.66667e-01   0.000444

 Force constant
 ==============

  Reading force constants from the XML file ... done !
  Number of non-zero IFCs for 2 order: 3285

  Maximum deviation from the translational invariance: 
   Order 2 : 2.104877e-18


 Dynamical matrix
 ================

  NONANALYTIC = 0 : No non-analytic correction. 


 -----------------------------------------------------------------


 ISMEAR = -1: Tetrahedron method will be used.

 Now, move on to phonon calculations.

 Diagonalizing dynamical matrices for all k points ... done!

 -----------------------------------------------------------------

 Phonon frequencies below:

 # Irred. k point    1 : (  0.0000,  0.0000,  0.0000)
   Mode, Frequency 
      1      0.0000 cm^-1  (      0.0000 THz )
      2      0.0000 cm^-1  (      0.0000 THz )
      3      0.0000 cm^-1  (      0.0000 THz )

 # Irred. k point    2 : (  0.0000,  0.0000,  0.0333)
   Mode, Frequency 
      1      3.2983 cm^-1  (      0.0989 THz )
      2      3.2983 cm^-1  (      0.0989 THz )
      3      6.9817 cm^-1  (      0.2093 THz )

 # Irred. k point    3 : (  0.0000,  0.0000,  0.0667)
   Mode, Frequency 
      1      6.5595 cm^-1  (      0.1966 THz )
      2      6.5595 cm^-1  (      0.1966 THz )
      3     13.9039 cm^-1  (      0.4168 THz )

 # Irred. k point    4 : (  0.0000,  0.0000,  0.1000)
   Mode, Frequency 
      1      9.7468 cm^-1  (      0.2922 THz )
      2      9.7468 cm^-1  (      0.2922 THz )
      3     20.7059 cm^-1  (      0.6207 THz )

 # Irred. k point    5 : (  0.0000,  0.0000,  0.1333)
   Mode, Frequency 
      1     12.8245 cm^-1  (      0.3845 THz )
      2     12.8245 cm^-1  (      0.3845 THz )
      3     27.3252 cm^-1  (      0.8192 THz )

 # Irred. k point    6 : (  0.0000,  0.0000,  0.1667)
   Mode, Frequency 
      1     15.7584 cm^-1  (      0.4724 THz )
      2     15.7584 cm^-1  (      0.4724 THz )
      3     33.6967 cm^-1  (      1.0102 THz )

 # Irred. k point    7 : (  0.0000,  0.0000,  0.2000)
   Mode, Frequency 
      1     18.5163 cm^-1  (      0.5551 THz )
      2     18.5163 cm^-1  (      0.5551 THz )
      3     39.7529 cm^-1  (      1.1918 THz )

 # Irred. k point    8 : (  0.0000,  0.0000,  0.2333)
   Mode, Frequency 
      1     21.0680 cm^-1  (      0.6316 THz )
      2     21.0680 cm^-1  (      0.6316 THz )
      3     45.4246 cm^-1  (      1.3618 THz )

 # Irred. k point    9 : (  0.0000,  0.0000,  0.2667)
   Mode, Frequency 
      1     23.3861 cm^-1  (      0.7011 THz )
      2     23.3861 cm^-1  (      0.7011 THz )
      3     50.6417 cm^-1  (      1.5182 THz )

 # Irred. k point   10 : (  0.0000,  0.0000,  0.3000)
   Mode, Frequency 
      1     25.4459 cm^-1  (      0.7629 THz )
      2     25.4459 cm^-1  (      0.7629 THz )
      3     55.3347 cm^-1  (      1.6589 THz )

 # Irred. k point   11 : (  0.0000,  0.0000,  0.3333)
   Mode, Frequency 
      1     27.2259 cm^-1  (      0.8162 THz )
      2     27.2259 cm^-1  (      0.8162 THz )
      3     59.4374 cm^-1  (      1.7819 THz )

 # Irred. k point   12 : (  0.0000,  0.0000,  0.3667)
   Mode, Frequency 
      1     28.7076 cm^-1  (      0.8606 THz )
      2     28.7076 cm^-1  (      0.8606 THz )
      3     62.8882 cm^-1  (      1.8853 THz )

 # Irred. k point   13 : (  0.0000,  0.0000,  0.4000)
   Mode, Frequency 
      1     29.8759 cm^-1  (      0.8957 THz )
      2     29.8759 cm^-1  (      0.8957 THz )
      3     65.6332 cm^-1  (      1.9676 THz )

 # Irred. k point   14 : (  0.0000,  0.0000,  0.4333)
   Mode, Frequency 
      1     30.7188 cm^-1  (      0.9209 THz )
      2     30.7188 cm^-1  (      0.9209 THz )
      3     67.6275 cm^-1  (      2.0274 THz )

 # Irred. k point   15 : (  0.0000,  0.0000,  0.4667)
   Mode, Frequency 
      1     31.2279 cm^-1  (      0.9362 THz )
      2     31.2279 cm^-1  (      0.9362 THz )
      3     68.8378 cm^-1  (      2.0637 THz )

 # Irred. k point   16 : (  0.0000,  0.0000, -0.5000)
   Mode, Frequency 
      1     31.3982 cm^-1  (      0.9413 THz )
      2     31.3982 cm^-1  (      0.9413 THz )
      3     69.2436 cm^-1  (      2.0759 THz )

 # Irred. k point   17 : (  0.0000,  0.0333,  0.0333)
   Mode, Frequency 
      1      4.9831 cm^-1  (      0.1494 THz )
      2      4.9831 cm^-1  (      0.1494 THz )
      3      6.6624 cm^-1  (      0.1997 THz )

 # Irred. k point   18 : (  0.0000,  0.0333,  0.0667)
   Mode, Frequency 
      1      6.6314 cm^-1  (      0.1988 THz )
      2      7.7446 cm^-1  (      0.2322 THz )
      3     12.3687 cm^-1  (      0.3708 THz )

 # Irred. k point   19 : (  0.0000,  0.0333,  0.1000)
   Mode, Frequency 
      1      8.9457 cm^-1  (      0.2682 THz )
      2     10.7121 cm^-1  (      0.3211 THz )
      3     18.9277 cm^-1  (      0.5674 THz )

 # Irred. k point   20 : (  0.0000,  0.0333,  0.1333)
   Mode, Frequency 
      1     11.6554 cm^-1  (      0.3494 THz )
      2     13.6636 cm^-1  (      0.4096 THz )
      3     25.4658 cm^-1  (      0.7634 THz )

 # Irred. k point   21 : (  0.0000,  0.0333,  0.1667)
   Mode, Frequency 
      1     14.4555 cm^-1  (      0.4334 THz )
      2     16.5108 cm^-1  (      0.4950 THz )
      3     31.8306 cm^-1  (      0.9543 THz )

 # Irred. k point   22 : (  0.0000,  0.0333,  0.2000)
   Mode, Frequency 
      1     17.2062 cm^-1  (      0.5158 THz )
      2     19.2006 cm^-1  (      0.5756 THz )
      3     37.9292 cm^-1  (      1.1371 THz )

 # Irred. k point   23 : (  0.0000,  0.0333,  0.2333)
   Mode, Frequency 
      1     19.8299 cm^-1  (      0.5945 THz )
      2     21.6939 cm^-1  (      0.6504 THz )
      3     43.6818 cm^-1  (      1.3095 THz )

 # Irred. k point   24 : (  0.0000,  0.0333,  0.2667)
   Mode, Frequency 
      1     22.2747 cm^-1  (      0.6678 THz )
      2     23.9582 cm^-1  (      0.7182 THz )
      3     49.0134 cm^-1  (      1.4694 THz )

 # Irred. k point   25 : (  0.0000,  0.0333,  0.3000)
   Mode, Frequency 
      1     24.5018 cm^-1  (      0.7345 THz )
      2     25.9665 cm^-1  (      0.7785 THz )
      3     53.8515 cm^-1  (      1.6144 THz )

 # Irred. k point   26 : (  0.0000,  0.0333,  0.3333)
   Mode, Frequency 
      1     26.4801 cm^-1  (      0.7939 THz )
      2     27.6958 cm^-1  (      0.8303 THz )
      3     58.1272 cm^-1  (      1.7426 THz )

 # Irred. k point   27 : (  0.0000,  0.0333,  0.3667)
   Mode, Frequency 
      1     28.1843 cm^-1  (      0.8449 THz )
      2     29.1269 cm^-1  (      0.8732 THz )
      3     61.7763 cm^-1  (      1.8520 THz )

 # Irred. k point   28 : (  0.0000,  0.0333,  0.4000)
   Mode, Frequency 
      1     29.5937 cm^-1  (      0.8872 THz )
      2     30.2445 cm^-1  (      0.9067 THz )
      3     64.7418 cm^-1  (      1.9409 THz )

 # Irred. k point   29 : (  0.0000,  0.0333,  0.4333)
   Mode, Frequency 
      1     30.6919 cm^-1  (      0.9201 THz )
      2     31.0367 cm^-1  (      0.9305 THz )
      3     66.9754 cm^-1  (      2.0079 THz )

 # Irred. k point   30 : (  0.0000,  0.0333,  0.4667)
   Mode, Frequency 
      1     31.4663 cm^-1  (      0.9433 THz )
      2     31.4953 cm^-1  (      0.9442 THz )
      3     68.4399 cm^-1  (      2.0518 THz )

 # Irred. k point   31 : (  0.0000,  0.0333, -0.5000)
   Mode, Frequency 
      1     31.6157 cm^-1  (      0.9478 THz )
      2     31.9083 cm^-1  (      0.9566 THz )
      3     69.1102 cm^-1  (      2.0719 THz )

 # Irred. k point   32 : (  0.0000,  0.0333, -0.4667)
   Mode, Frequency 
      1     31.3967 cm^-1  (      0.9413 THz )
      2     32.0127 cm^-1  (      0.9597 THz )
      3     68.9748 cm^-1  (      2.0678 THz )

 # Irred. k point   33 : (  0.0000,  0.0333, -0.4333)
   Mode, Frequency 
      1     30.8408 cm^-1  (      0.9246 THz )
      2     31.7782 cm^-1  (      0.9527 THz )
      3     68.0361 cm^-1  (      2.0397 THz )

 # Irred. k point   34 : (  0.0000,  0.0333, -0.4000)
   Mode, Frequency 
      1     29.9538 cm^-1  (      0.8980 THz )
      2     31.2072 cm^-1  (      0.9356 THz )
      3     66.3104 cm^-1  (      1.9879 THz )

 # Irred. k point   35 : (  0.0000,  0.0333, -0.3667)
   Mode, Frequency 
      1     28.7451 cm^-1  (      0.8618 THz )
      2     30.3057 cm^-1  (      0.9085 THz )
      3     63.8269 cm^-1  (      1.9135 THz )

 # Irred. k point   36 : (  0.0000,  0.0333, -0.3333)
   Mode, Frequency 
      1     27.2277 cm^-1  (      0.8163 THz )
      2     29.0834 cm^-1  (      0.8719 THz )
      3     60.6271 cm^-1  (      1.8176 THz )

 # Irred. k point   37 : (  0.0000,  0.0333, -0.3000)
   Mode, Frequency 
      1     25.4180 cm^-1  (      0.7620 THz )
      2     27.5538 cm^-1  (      0.8260 THz )
      3     56.7624 cm^-1  (      1.7017 THz )

 # Irred. k point   38 : (  0.0000,  0.0333, -0.2667)
   Mode, Frequency 
      1     23.3361 cm^-1  (      0.6996 THz )
      2     25.7344 cm^-1  (      0.7715 THz )
      3     52.2931 cm^-1  (      1.5677 THz )

 # Irred. k point   39 : (  0.0000,  0.0333, -0.2333)
   Mode, Frequency 
      1     21.0061 cm^-1  (      0.6297 THz )
      2     23.6466 cm^-1  (      0.7089 THz )
      3     47.2856 cm^-1  (      1.4176 THz )

 # Irred. k point   40 : (  0.0000,  0.0333, -0.2000)
   Mode, Frequency 
      1     18.4563 cm^-1  (      0.5533 THz )
      2     21.3161 cm^-1  (      0.6390 THz )
      3     41.8114 cm^-1  (      1.2535 THz )

 # Irred. k point   41 : (  0.0000,  0.0333, -0.1667)
   Mode, Frequency 
      1     15.7202 cm^-1  (      0.4713 THz )
      2     18.7734 cm^-1  (      0.5628 THz )
      3     35.9461 cm^-1  (      1.0776 THz )

 # Irred. k point   42 : (  0.0000,  0.0333, -0.1333)
   Mode, Frequency 
      1     12.8399 cm^-1  (      0.3849 THz )
      2     16.0543 cm^-1  (      0.4813 THz )
      3     29.7710 cm^-1  (      0.8925 THz )

 # Irred. k point   43 : (  0.0000,  0.0333, -0.1000)
   Mode, Frequency 
      1      9.8744 cm^-1  (      0.2960 THz )
      2     13.1990 cm^-1  (      0.3957 THz )
      3     23.3828 cm^-1  (      0.7010 THz )

 # Irred. k point   44 : (  0.0000,  0.0333, -0.0667)
   Mode, Frequency 
      1      6.9323 cm^-1  (      0.2078 THz )
      2     10.2389 cm^-1  (      0.3070 THz )
      3     16.9352 cm^-1  (      0.5077 THz )

 # Irred. k point   45 : (  0.0000,  0.0333, -0.0333)
   Mode, Frequency 
      1      4.3291 cm^-1  (      0.1298 THz )
      2      7.0497 cm^-1  (      0.2113 THz )
      3     10.8967 cm^-1  (      0.3267 THz )

 # Irred. k point   46 : (  0.0000,  0.0667,  0.0667)
   Mode, Frequency 
      1      9.9078 cm^-1  (      0.2970 THz )
      2      9.9078 cm^-1  (      0.2970 THz )
      3     13.3001 cm^-1  (      0.3987 THz )

 # Irred. k point   47 : (  0.0000,  0.0667,  0.1000)
   Mode, Frequency 
      1     11.5420 cm^-1  (      0.3460 THz )
      2     12.4854 cm^-1  (      0.3743 THz )
      3     18.2957 cm^-1  (      0.5485 THz )

 # Irred. k point   48 : (  0.0000,  0.0667,  0.1333)
   Mode, Frequency 
      1     13.2542 cm^-1  (      0.3974 THz )
      2     15.1845 cm^-1  (      0.4552 THz )
      3     24.3513 cm^-1  (      0.7300 THz )

 # Irred. k point   49 : (  0.0000,  0.0667,  0.1667)
   Mode, Frequency 
      1     15.3858 cm^-1  (      0.4613 THz )
      2     17.8575 cm^-1  (      0.5354 THz )
      3     30.4837 cm^-1  (      0.9139 THz )

 # Irred. k point   50 : (  0.0000,  0.0667,  0.2000)
   Mode, Frequency 
      1     17.7466 cm^-1  (      0.5320 THz )
      2     20.4190 cm^-1  (      0.6121 THz )
      3     36.4647 cm^-1  (      1.0932 THz )

 # Irred. k point   51 : (  0.0000,  0.0667,  0.2333)
   Mode, Frequency 
      1     20.1744 cm^-1  (      0.6048 THz )
      2     22.8115 cm^-1  (      0.6839 THz )
      3     42.1725 cm^-1  (      1.2643 THz )

 # Irred. k point   52 : (  0.0000,  0.0667,  0.2667)
   Mode, Frequency 
      1     22.5570 cm^-1  (      0.6762 THz )
      2     24.9926 cm^-1  (      0.7493 THz )
      3     47.5140 cm^-1  (      1.4244 THz )

 # Irred. k point   53 : (  0.0000,  0.0667,  0.3000)
   Mode, Frequency 
      1     24.8161 cm^-1  (      0.7440 THz )
      2     26.9290 cm^-1  (      0.8073 THz )
      3     52.4077 cm^-1  (      1.5711 THz )

 # Irred. k point   54 : (  0.0000,  0.0667,  0.3333)
   Mode, Frequency 
      1     26.8947 cm^-1  (      0.8063 THz )
      2     28.5939 cm^-1  (      0.8572 THz )
      3     56.7793 cm^-1  (      1.7022 THz )

 # Irred. k point   55 : (  0.0000,  0.0667,  0.3667)
   Mode, Frequency 
      1     28.7495 cm^-1  (      0.8619 THz )
      2     29.9657 cm^-1  (      0.8983 THz )
      3     60.5607 cm^-1  (      1.8156 THz )

 # Irred. k point   56 : (  0.0000,  0.0667,  0.4000)
   Mode, Frequency 
      1     30.3470 cm^-1  (      0.9098 THz )
      2     31.0277 cm^-1  (      0.9302 THz )
      3     63.6915 cm^-1  (      1.9094 THz )

 # Irred. k point   57 : (  0.0000,  0.0667,  0.4333)
   Mode, Frequency 
      1     31.6610 cm^-1  (      0.9492 THz )
      2     31.7674 cm^-1  (      0.9524 THz )
      3     66.1200 cm^-1  (      1.9822 THz )

 # Irred. k point   58 : (  0.0000,  0.0667,  0.4667)
   Mode, Frequency 
      1     32.1764 cm^-1  (      0.9646 THz )
      2     32.6712 cm^-1  (      0.9795 THz )
      3     67.8051 cm^-1  (      2.0327 THz )

 # Irred. k point   59 : (  0.0000,  0.0667, -0.5000)
   Mode, Frequency 
      1     32.2500 cm^-1  (      0.9668 THz )
      2     33.3627 cm^-1  (      1.0002 THz )
      3     68.7180 cm^-1  (      2.0601 THz )

 # Irred. k point   60 : (  0.0000,  0.0667, -0.4667)
   Mode, Frequency 
      1     31.9876 cm^-1  (      0.9590 THz )
      2     33.7253 cm^-1  (      1.0111 THz )
      3     68.8428 cm^-1  (      2.0639 THz )

 # Irred. k point   61 : (  0.0000,  0.0667, -0.4333)
   Mode, Frequency 
      1     31.3925 cm^-1  (      0.9411 THz )
      2     33.7532 cm^-1  (      1.0119 THz )
      3     68.1776 cm^-1  (      2.0439 THz )

 # Irred. k point   62 : (  0.0000,  0.0667, -0.4000)
   Mode, Frequency 
      1     30.4718 cm^-1  (      0.9135 THz )
      2     33.4451 cm^-1  (      1.0027 THz )
      3     66.7346 cm^-1  (      2.0007 THz )

 # Irred. k point   63 : (  0.0000,  0.0667, -0.3667)
   Mode, Frequency 
      1     29.2363 cm^-1  (      0.8765 THz )
      2     32.8039 cm^-1  (      0.9834 THz )
      3     64.5395 cm^-1  (      1.9348 THz )

 # Irred. k point   64 : (  0.0000,  0.0667, -0.3333)
   Mode, Frequency 
      1     27.7012 cm^-1  (      0.8305 THz )
      2     31.8366 cm^-1  (      0.9544 THz )
      3     61.6309 cm^-1  (      1.8476 THz )

 # Irred. k point   65 : (  0.0000,  0.0667, -0.3000)
   Mode, Frequency 
      1     25.8857 cm^-1  (      0.7760 THz )
      2     30.5544 cm^-1  (      0.9160 THz )
      3     58.0588 cm^-1  (      1.7406 THz )

 # Irred. k point   66 : (  0.0000,  0.0667, -0.2667)
   Mode, Frequency 
      1     23.8140 cm^-1  (      0.7139 THz )
      2     28.9725 cm^-1  (      0.8686 THz )
      3     53.8840 cm^-1  (      1.6154 THz )

 # Irred. k point   67 : (  0.0000,  0.0667, -0.2333)
   Mode, Frequency 
      1     21.5159 cm^-1  (      0.6450 THz )
      2     27.1099 cm^-1  (      0.8127 THz )
      3     49.1765 cm^-1  (      1.4743 THz )

 # Irred. k point   68 : (  0.0000,  0.0667, -0.2000)
   Mode, Frequency 
      1     19.0291 cm^-1  (      0.5705 THz )
      2     24.9883 cm^-1  (      0.7491 THz )
      3     44.0168 cm^-1  (      1.3196 THz )

 # Irred. k point   69 : (  0.0000,  0.0667, -0.1667)
   Mode, Frequency 
      1     16.4024 cm^-1  (      0.4917 THz )
      2     22.6296 cm^-1  (      0.6784 THz )
      3     38.4992 cm^-1  (      1.1542 THz )

 # Irred. k point   70 : (  0.0000,  0.0667, -0.1333)
   Mode, Frequency 
      1     13.7058 cm^-1  (      0.4109 THz )
      2     20.0479 cm^-1  (      0.6010 THz )
      3     32.7450 cm^-1  (      0.9817 THz )

 # Irred. k point   71 : (  0.0000,  0.0667, -0.1000)
   Mode, Frequency 
      1     11.0514 cm^-1  (      0.3313 THz )
      2     17.2235 cm^-1  (      0.5163 THz )
      3     26.9416 cm^-1  (      0.8077 THz )

 # Irred. k point   72 : (  0.0000,  0.0667, -0.0667)
   Mode, Frequency 
      1      8.6504 cm^-1  (      0.2593 THz )
      2     14.0315 cm^-1  (      0.4207 THz )
      3     21.4505 cm^-1  (      0.6431 THz )

 # Irred. k point   73 : (  0.0000,  0.1000,  0.1000)
   Mode, Frequency 
      1     14.7168 cm^-1  (      0.4412 THz )
      2     14.7168 cm^-1  (      0.4412 THz )
      3     19.8815 cm^-1  (      0.5960 THz )

 # Irred. k point   74 : (  0.0000,  0.1000,  0.1333)
   Mode, Frequency 
      1     16.4626 cm^-1  (      0.4935 THz )
      2     17.1509 cm^-1  (      0.5142 THz )
      3     24.3692 cm^-1  (      0.7306 THz )

 # Irred. k point   75 : (  0.0000,  0.1000,  0.1667)
   Mode, Frequency 
      1     18.0166 cm^-1  (      0.5401 THz )
      2     19.6251 cm^-1  (      0.5883 THz )
      3     29.8835 cm^-1  (      0.8959 THz )

 # Irred. k point   76 : (  0.0000,  0.1000,  0.2000)
   Mode, Frequency 
      1     19.8468 cm^-1  (      0.5950 THz )
      2     22.0349 cm^-1  (      0.6606 THz )
      3     35.5348 cm^-1  (      1.0653 THz )

 # Irred. k point   77 : (  0.0000,  0.1000,  0.2333)
   Mode, Frequency 
      1     21.9015 cm^-1  (      0.6566 THz )
      2     24.3083 cm^-1  (      0.7287 THz )
      3     41.0470 cm^-1  (      1.2306 THz )

 # Irred. k point   78 : (  0.0000,  0.1000,  0.2667)
   Mode, Frequency 
      1     24.0630 cm^-1  (      0.7214 THz )
      2     26.3928 cm^-1  (      0.7912 THz )
      3     46.2771 cm^-1  (      1.3874 THz )

 # Irred. k point   79 : (  0.0000,  0.1000,  0.3000)
   Mode, Frequency 
      1     26.2252 cm^-1  (      0.7862 THz )
      2     28.2485 cm^-1  (      0.8469 THz )
      3     51.1227 cm^-1  (      1.5326 THz )

 # Irred. k point   80 : (  0.0000,  0.1000,  0.3333)
   Mode, Frequency 
      1     28.3035 cm^-1  (      0.8485 THz )
      2     29.8440 cm^-1  (      0.8947 THz )
      3     55.4990 cm^-1  (      1.6638 THz )

 # Irred. k point   81 : (  0.0000,  0.1000,  0.3667)
   Mode, Frequency 
      1     30.2315 cm^-1  (      0.9063 THz )
      2     31.1548 cm^-1  (      0.9340 THz )
      3     59.3322 cm^-1  (      1.7787 THz )

 # Irred. k point   82 : (  0.0000,  0.1000,  0.4000)
   Mode, Frequency 
      1     31.9578 cm^-1  (      0.9581 THz )
      2     32.1623 cm^-1  (      0.9642 THz )
      3     62.5576 cm^-1  (      1.8754 THz )

 # Irred. k point   83 : (  0.0000,  0.1000,  0.4333)
   Mode, Frequency 
      1     32.8526 cm^-1  (      0.9849 THz )
      2     33.4418 cm^-1  (      1.0026 THz )
      3     65.1202 cm^-1  (      1.9523 THz )

 # Irred. k point   84 : (  0.0000,  0.1000,  0.4667)
   Mode, Frequency 
      1     33.2167 cm^-1  (      0.9958 THz )
      2     34.6518 cm^-1  (      1.0388 THz )
      3     66.9758 cm^-1  (      2.0079 THz )

 # Irred. k point   85 : (  0.0000,  0.1000, -0.5000)
   Mode, Frequency 
      1     33.2503 cm^-1  (      0.9968 THz )
      2     35.5636 cm^-1  (      1.0662 THz )
      3     68.0921 cm^-1  (      2.0413 THz )

 # Irred. k point   86 : (  0.0000,  0.1000, -0.4667)
   Mode, Frequency 
      1     32.9529 cm^-1  (      0.9879 THz )
      2     36.1593 cm^-1  (      1.0840 THz )
      3     68.4497 cm^-1  (      2.0521 THz )

 # Irred. k point   87 : (  0.0000,  0.1000, -0.4333)
   Mode, Frequency 
      1     32.3288 cm^-1  (      0.9692 THz )
      2     36.4264 cm^-1  (      1.0920 THz )
      3     68.0432 cm^-1  (      2.0399 THz )

 # Irred. k point   88 : (  0.0000,  0.1000, -0.4000)
   Mode, Frequency 
      1     31.3864 cm^-1  (      0.9409 THz )
      2     36.3579 cm^-1  (      1.0900 THz )
      3     66.8814 cm^-1  (      2.0051 THz )

 # Irred. k point   89 : (  0.0000,  0.1000, -0.3667)
   Mode, Frequency 
      1     30.1386 cm^-1  (      0.9035 THz )
      2     35.9514 cm^-1  (      1.0778 THz )
      3     64.9873 cm^-1  (      1.9483 THz )

 # Irred. k point   90 : (  0.0000,  0.1000, -0.3333)
   Mode, Frequency 
      1     28.6034 cm^-1  (      0.8575 THz )
      2     35.2088 cm^-1  (      1.0555 THz )
      3     62.3978 cm^-1  (      1.8706 THz )

 # Irred. k point   91 : (  0.0000,  0.1000, -0.3000)
   Mode, Frequency 
      1     26.8039 cm^-1  (      0.8036 THz )
      2     34.1356 cm^-1  (      1.0234 THz )
      3     59.1636 cm^-1  (      1.7737 THz )

 # Irred. k point   92 : (  0.0000,  0.1000, -0.2667)
   Mode, Frequency 
      1     24.7694 cm^-1  (      0.7426 THz )
      2     32.7401 cm^-1  (      0.9815 THz )
      3     55.3488 cm^-1  (      1.6593 THz )

 # Irred. k point   93 : (  0.0000,  0.1000, -0.2333)
   Mode, Frequency 
      1     22.5376 cm^-1  (      0.6757 THz )
      2     31.0312 cm^-1  (      0.9303 THz )
      3     51.0325 cm^-1  (      1.5299 THz )

 # Irred. k point   94 : (  0.0000,  0.1000, -0.2000)
   Mode, Frequency 
      1     20.1572 cm^-1  (      0.6043 THz )
      2     29.0144 cm^-1  (      0.8698 THz )
      3     46.3130 cm^-1  (      1.3884 THz )

 # Irred. k point   95 : (  0.0000,  0.1000, -0.1667)
   Mode, Frequency 
      1     17.6945 cm^-1  (      0.5305 THz )
      2     26.6829 cm^-1  (      0.7999 THz )
      3     41.3184 cm^-1  (      1.2387 THz )

 # Irred. k point   96 : (  0.0000,  0.1000, -0.1333)
   Mode, Frequency 
      1     15.2443 cm^-1  (      0.4570 THz )
      2     24.0002 cm^-1  (      0.7195 THz )
      3     36.2303 cm^-1  (      1.0862 THz )

 # Irred. k point   97 : (  0.0000,  0.1000, -0.1000)
   Mode, Frequency 
      1     12.9529 cm^-1  (      0.3883 THz )
      2     20.8794 cm^-1  (      0.6259 THz )
      3     31.3190 cm^-1  (      0.9389 THz )

 # Irred. k point   98 : (  0.0000,  0.1333,  0.1333)
   Mode, Frequency 
      1     19.3554 cm^-1  (      0.5803 THz )
      2     19.3554 cm^-1  (      0.5803 THz )
      3     26.3627 cm^-1  (      0.7903 THz )

 # Irred. k point   99 : (  0.0000,  0.1333,  0.1667)
   Mode, Frequency 
      1     21.1784 cm^-1  (      0.6349 THz )
      2     21.6435 cm^-1  (      0.6489 THz )
      3     30.4439 cm^-1  (      0.9127 THz )

 # Irred. k point  100 : (  0.0000,  0.1333,  0.2000)
   Mode, Frequency 
      1     22.7462 cm^-1  (      0.6819 THz )
      2     23.9049 cm^-1  (      0.7167 THz )
      3     35.3984 cm^-1  (      1.0612 THz )

 # Irred. k point  101 : (  0.0000,  0.1333,  0.2333)
   Mode, Frequency 
      1     24.4680 cm^-1  (      0.7335 THz )
      2     26.0595 cm^-1  (      0.7812 THz )
      3     40.5048 cm^-1  (      1.2143 THz )

 # Irred. k point  102 : (  0.0000,  0.1333,  0.2667)
   Mode, Frequency 
      1     26.3670 cm^-1  (      0.7905 THz )
      2     28.0477 cm^-1  (      0.8409 THz )
      3     45.4727 cm^-1  (      1.3632 THz )

 # Irred. k point  103 : (  0.0000,  0.1333,  0.3000)
   Mode, Frequency 
      1     28.3681 cm^-1  (      0.8505 THz )
      2     29.8240 cm^-1  (      0.8941 THz )
      3     50.1470 cm^-1  (      1.5034 THz )

 # Irred. k point  104 : (  0.0000,  0.1333,  0.3333)
   Mode, Frequency 
      1     30.3824 cm^-1  (      0.9108 THz )
      2     31.3529 cm^-1  (      0.9399 THz )
      3     54.4206 cm^-1  (      1.6315 THz )

 # Irred. k point  105 : (  0.0000,  0.1333,  0.3667)
   Mode, Frequency 
      1     32.3291 cm^-1  (      0.9692 THz )
      2     32.6069 cm^-1  (      0.9775 THz )
      3     58.2089 cm^-1  (      1.7451 THz )

 # Irred. k point  106 : (  0.0000,  0.1333,  0.4000)
   Mode, Frequency 
      1     33.5653 cm^-1  (      1.0063 THz )
      2     34.1401 cm^-1  (      1.0235 THz )
      3     61.4415 cm^-1  (      1.8420 THz )

 # Irred. k point  107 : (  0.0000,  0.1333,  0.4333)
   Mode, Frequency 
      1     34.2131 cm^-1  (      1.0257 THz )
      2     35.7595 cm^-1  (      1.0720 THz )
      3     64.0600 cm^-1  (      1.9205 THz )

 # Irred. k point  108 : (  0.0000,  0.1333,  0.4667)
   Mode, Frequency 
      1     34.5406 cm^-1  (      1.0355 THz )
      2     37.1421 cm^-1  (      1.1135 THz )
      3     66.0172 cm^-1  (      1.9791 THz )

 # Irred. k point  109 : (  0.0000,  0.1333, -0.5000)
   Mode, Frequency 
      1     34.5430 cm^-1  (      1.0356 THz )
      2     38.2521 cm^-1  (      1.1468 THz )
      3     67.2785 cm^-1  (      2.0170 THz )

 # Irred. k point  110 : (  0.0000,  0.1333, -0.4667)
   Mode, Frequency 
      1     34.2206 cm^-1  (      1.0259 THz )
      2     39.0611 cm^-1  (      1.1710 THz )
      3     67.8221 cm^-1  (      2.0333 THz )

 # Irred. k point  111 : (  0.0000,  0.1333, -0.4333)
   Mode, Frequency 
      1     33.5783 cm^-1  (      1.0067 THz )
      2     39.5477 cm^-1  (      1.1856 THz )
      3     67.6405 cm^-1  (      2.0278 THz )

 # Irred. k point  112 : (  0.0000,  0.1333, -0.4000)
   Mode, Frequency 
      1     32.6262 cm^-1  (      0.9781 THz )
      2     39.6963 cm^-1  (      1.1901 THz )
      3     66.7404 cm^-1  (      2.0008 THz )

 # Irred. k point  113 : (  0.0000,  0.1333, -0.3667)
   Mode, Frequency 
      1     31.3793 cm^-1  (      0.9407 THz )
      2     39.4962 cm^-1  (      1.1841 THz )
      3     65.1440 cm^-1  (      1.9530 THz )

 # Irred. k point  114 : (  0.0000,  0.1333, -0.3333)
   Mode, Frequency 
      1     29.8584 cm^-1  (      0.8951 THz )
      2     38.9404 cm^-1  (      1.1674 THz )
      3     62.8891 cm^-1  (      1.8854 THz )

 # Irred. k point  115 : (  0.0000,  0.1333, -0.3000)
   Mode, Frequency 
      1     28.0907 cm^-1  (      0.8421 THz )
      2     38.0239 cm^-1  (      1.1399 THz )
      3     60.0300 cm^-1  (      1.7997 THz )

 # Irred. k point  116 : (  0.0000,  0.1333, -0.2667)
   Mode, Frequency 
      1     26.1111 cm^-1  (      0.7828 THz )
      2     36.7414 cm^-1  (      1.1015 THz )
      3     56.6394 cm^-1  (      1.6980 THz )

 # Irred. k point  117 : (  0.0000,  0.1333, -0.2333)
   Mode, Frequency 
      1     23.9645 cm^-1  (      0.7184 THz )
      2     35.0824 cm^-1  (      1.0517 THz )
      3     52.8124 cm^-1  (      1.5833 THz )

 # Irred. k point  118 : (  0.0000,  0.1333, -0.2000)
   Mode, Frequency 
      1     21.7096 cm^-1  (      0.6508 THz )
      2     33.0249 cm^-1  (      0.9901 THz )
      3     48.6738 cm^-1  (      1.4592 THz )

 # Irred. k point  119 : (  0.0000,  0.1333, -0.1667)
   Mode, Frequency 
      1     19.4250 cm^-1  (      0.5823 THz )
      2     30.5269 cm^-1  (      0.9152 THz )
      3     44.3886 cm^-1  (      1.3307 THz )

 # Irred. k point  120 : (  0.0000,  0.1333, -0.1333)
   Mode, Frequency 
      1     17.2191 cm^-1  (      0.5162 THz )
      2     27.5292 cm^-1  (      0.8253 THz )
      3     40.1661 cm^-1  (      1.2041 THz )

 # Irred. k point  121 : (  0.0000,  0.1667,  0.1667)
   Mode, Frequency 
      1     23.7719 cm^-1  (      0.7127 THz )
      2     23.7719 cm^-1  (      0.7127 THz )
      3     32.6846 cm^-1  (      0.9799 THz )

 # Irred. k point  122 : (  0.0000,  0.1667,  0.2000)
   Mode, Frequency 
      1     25.6172 cm^-1  (      0.7680 THz )
      2     25.9013 cm^-1  (      0.7765 THz )
      3     36.4092 cm^-1  (      1.0915 THz )

 # Irred. k point  123 : (  0.0000,  0.1667,  0.2333)
   Mode, Frequency 
      1     27.2485 cm^-1  (      0.8169 THz )
      2     27.9483 cm^-1  (      0.8379 THz )
      3     40.8002 cm^-1  (      1.2232 THz )

 # Irred. k point  124 : (  0.0000,  0.1667,  0.2667)
   Mode, Frequency 
      1     28.9664 cm^-1  (      0.8684 THz )
      2     29.8489 cm^-1  (      0.8948 THz )
      3     45.3095 cm^-1  (      1.3583 THz )

 # Irred. k point  125 : (  0.0000,  0.1667,  0.3000)
   Mode, Frequency 
      1     30.8166 cm^-1  (      0.9239 THz )
      2     31.5537 cm^-1  (      0.9460 THz )
      3     49.6649 cm^-1  (      1.4889 THz )

 # Irred. k point  126 : (  0.0000,  0.1667,  0.3333)
   Mode, Frequency 
      1     32.7501 cm^-1  (      0.9818 THz )
      2     33.0237 cm^-1  (      0.9900 THz )
      3     53.7111 cm^-1  (      1.6102 THz )

 # Irred. k point  127 : (  0.0000,  0.1667,  0.3667)
   Mode, Frequency 
      1     34.2292 cm^-1  (      1.0262 THz )
      2     34.6920 cm^-1  (      1.0400 THz )
      3     57.3422 cm^-1  (      1.7191 THz )

 # Irred. k point  128 : (  0.0000,  0.1667,  0.4000)
   Mode, Frequency 
      1     35.1472 cm^-1  (      1.0537 THz )
      2     36.5668 cm^-1  (      1.0962 THz )
      3     60.4782 cm^-1  (      1.8131 THz )

 # Irred. k point  129 : (  0.0000,  0.1667,  0.4333)
   Mode, Frequency 
      1     35.7617 cm^-1  (      1.0721 THz )
      2     38.3064 cm^-1  (      1.1484 THz )
      3     63.0558 cm^-1  (      1.8904 THz )

 # Irred. k point  130 : (  0.0000,  0.1667,  0.4667)
   Mode, Frequency 
      1     36.0620 cm^-1  (      1.0811 THz )
      2     39.8521 cm^-1  (      1.1947 THz )
      3     65.0255 cm^-1  (      1.9494 THz )

 # Irred. k point  131 : (  0.0000,  0.1667, -0.5000)
   Mode, Frequency 
      1     36.0433 cm^-1  (      1.0806 THz )
      2     41.1547 cm^-1  (      1.2338 THz )
      3     66.3514 cm^-1  (      1.9892 THz )

 # Irred. k point  132 : (  0.0000,  0.1667, -0.4667)
   Mode, Frequency 
      1     35.7060 cm^-1  (      1.0704 THz )
      2     42.1735 cm^-1  (      1.2643 THz )
      3     67.0113 cm^-1  (      2.0089 THz )

 # Irred. k point  133 : (  0.0000,  0.1667, -0.4333)
   Mode, Frequency 
      1     35.0561 cm^-1  (      1.0510 THz )
      2     42.8749 cm^-1  (      1.2854 THz )
      3     66.9973 cm^-1  (      2.0085 THz )

 # Irred. k point  134 : (  0.0000,  0.1667, -0.4000)
   Mode, Frequency 
      1     34.1047 cm^-1  (      1.0224 THz )
      2     43.2312 cm^-1  (      1.2960 THz )
      3     66.3174 cm^-1  (      1.9881 THz )

 # Irred. k point  135 : (  0.0000,  0.1667, -0.3667)
   Mode, Frequency 
      1     32.8689 cm^-1  (      0.9854 THz )
      2     43.2191 cm^-1  (      1.2957 THz )
      3     64.9962 cm^-1  (      1.9485 THz )

 # Irred. k point  136 : (  0.0000,  0.1667, -0.3333)
   Mode, Frequency 
      1     31.3725 cm^-1  (      0.9405 THz )
      2     42.8169 cm^-1  (      1.2836 THz )
      3     63.0769 cm^-1  (      1.8910 THz )

 # Irred. k point  137 : (  0.0000,  0.1667, -0.3000)
   Mode, Frequency 
      1     29.6460 cm^-1  (      0.8888 THz )
      2     42.0018 cm^-1  (      1.2592 THz )
      3     60.6239 cm^-1  (      1.8175 THz )

 # Irred. k point  138 : (  0.0000,  0.1667, -0.2667)
   Mode, Frequency 
      1     27.7291 cm^-1  (      0.8313 THz )
      2     40.7456 cm^-1  (      1.2215 THz )
      3     57.7260 cm^-1  (      1.7306 THz )

 # Irred. k point  139 : (  0.0000,  0.1667, -0.2333)
   Mode, Frequency 
      1     25.6726 cm^-1  (      0.7696 THz )
      2     39.0104 cm^-1  (      1.1695 THz )
      3     54.5013 cm^-1  (      1.6339 THz )

 # Irred. k point  140 : (  0.0000,  0.1667, -0.2000)
   Mode, Frequency 
      1     23.5418 cm^-1  (      0.7058 THz )
      2     36.7484 cm^-1  (      1.1017 THz )
      3     51.0971 cm^-1  (      1.5319 THz )

 # Irred. k point  141 : (  0.0000,  0.1667, -0.1667)
   Mode, Frequency 
      1     21.4220 cm^-1  (      0.6422 THz )
      2     33.9183 cm^-1  (      1.0168 THz )
      3     47.6777 cm^-1  (      1.4293 THz )

 # Irred. k point  142 : (  0.0000,  0.2000,  0.2000)
   Mode, Frequency 
      1     27.9188 cm^-1  (      0.8370 THz )
      2     27.9188 cm^-1  (      0.8370 THz )
      3     38.7734 cm^-1  (      1.1624 THz )

 # Irred. k point  143 : (  0.0000,  0.2000,  0.2333)
   Mode, Frequency 
      1     29.7341 cm^-1  (      0.8914 THz )
      2     29.8737 cm^-1  (      0.8956 THz )
      3     42.1592 cm^-1  (      1.2639 THz )

 # Irred. k point  144 : (  0.0000,  0.2000,  0.2667)
   Mode, Frequency 
      1     31.4211 cm^-1  (      0.9420 THz )
      2     31.6995 cm^-1  (      0.9503 THz )
      3     45.9926 cm^-1  (      1.3788 THz )

 # Irred. k point  145 : (  0.0000,  0.2000,  0.3000)
   Mode, Frequency 
      1     33.1794 cm^-1  (      0.9947 THz )
      2     33.3439 cm^-1  (      0.9996 THz )
      3     49.8694 cm^-1  (      1.4950 THz )

 # Irred. k point  146 : (  0.0000,  0.2000,  0.3333)
   Mode, Frequency 
      1     34.7657 cm^-1  (      1.0422 THz )
      2     35.0455 cm^-1  (      1.0506 THz )
      3     53.5570 cm^-1  (      1.6056 THz )

 # Irred. k point  147 : (  0.0000,  0.2000,  0.3667)
   Mode, Frequency 
      1     35.9325 cm^-1  (      1.0772 THz )
      2     36.9790 cm^-1  (      1.1086 THz )
      3     56.9124 cm^-1  (      1.7062 THz )

 # Irred. k point  148 : (  0.0000,  0.2000,  0.4000)
   Mode, Frequency 
      1     36.8203 cm^-1  (      1.1038 THz )
      2     38.9122 cm^-1  (      1.1666 THz )
      3     59.8387 cm^-1  (      1.7939 THz )

 # Irred. k point  149 : (  0.0000,  0.2000,  0.4333)
   Mode, Frequency 
      1     37.4113 cm^-1  (      1.1216 THz )
      2     40.7717 cm^-1  (      1.2223 THz )
      3     62.2650 cm^-1  (      1.8667 THz )

 # Irred. k point  150 : (  0.0000,  0.2000,  0.4667)
   Mode, Frequency 
      1     37.6944 cm^-1  (      1.1301 THz )
      2     42.4878 cm^-1  (      1.2738 THz )
      3     64.1395 cm^-1  (      1.9229 THz )

 # Irred. k point  151 : (  0.0000,  0.2000, -0.5000)
   Mode, Frequency 
      1     37.6645 cm^-1  (      1.1292 THz )
      2     43.9975 cm^-1  (      1.3190 THz )
      3     65.4263 cm^-1  (      1.9614 THz )

 # Irred. k point  152 : (  0.0000,  0.2000, -0.4667)
   Mode, Frequency 
      1     37.3221 cm^-1  (      1.1189 THz )
      2     45.2452 cm^-1  (      1.3564 THz )
      3     66.1050 cm^-1  (      1.9818 THz )

 # Irred. k point  153 : (  0.0000,  0.2000, -0.4333)
   Mode, Frequency 
      1     36.6737 cm^-1  (      1.0994 THz )
      2     46.1812 cm^-1  (      1.3845 THz )
      3     66.1716 cm^-1  (      1.9838 THz )

 # Irred. k point  154 : (  0.0000,  0.2000, -0.4000)
   Mode, Frequency 
      1     35.7316 cm^-1  (      1.0712 THz )
      2     46.7603 cm^-1  (      1.4018 THz )
      3     65.6399 cm^-1  (      1.9678 THz )

 # Irred. k point  155 : (  0.0000,  0.2000, -0.3667)
   Mode, Frequency 
      1     34.5146 cm^-1  (      1.0347 THz )
      2     46.9385 cm^-1  (      1.4072 THz )
      3     64.5445 cm^-1  (      1.9350 THz )

 # Irred. k point  156 : (  0.0000,  0.2000, -0.3333)
   Mode, Frequency 
      1     33.0486 cm^-1  (      0.9908 THz )
      2     46.6690 cm^-1  (      1.3991 THz )
      3     62.9440 cm^-1  (      1.8870 THz )

 # Irred. k point  157 : (  0.0000,  0.2000, -0.3000)
   Mode, Frequency 
      1     31.3671 cm^-1  (      0.9404 THz )
      2     45.8977 cm^-1  (      1.3760 THz )
      3     60.9251 cm^-1  (      1.8265 THz )

 # Irred. k point  158 : (  0.0000,  0.2000, -0.2667)
   Mode, Frequency 
      1     29.5134 cm^-1  (      0.8848 THz )
      2     44.5621 cm^-1  (      1.3359 THz )
      3     58.6037 cm^-1  (      1.7569 THz )

 # Irred. k point  159 : (  0.0000,  0.2000, -0.2333)
   Mode, Frequency 
      1     27.5421 cm^-1  (      0.8257 THz )
      2     42.6006 cm^-1  (      1.2771 THz )
      3     56.1153 cm^-1  (      1.6823 THz )

 # Irred. k point  160 : (  0.0000,  0.2000, -0.2000)
   Mode, Frequency 
      1     25.5225 cm^-1  (      0.7651 THz )
      2     39.9828 cm^-1  (      1.1987 THz )
      3     53.5861 cm^-1  (      1.6065 THz )

 # Irred. k point  161 : (  0.0000,  0.2333,  0.2333)
   Mode, Frequency 
      1     31.7526 cm^-1  (      0.9519 THz )
      2     31.7526 cm^-1  (      0.9519 THz )
      3     44.5440 cm^-1  (      1.3354 THz )

 # Irred. k point  162 : (  0.0000,  0.2333,  0.2667)
   Mode, Frequency 
      1     33.4924 cm^-1  (      1.0041 THz )
      2     33.5172 cm^-1  (      1.0048 THz )
      3     47.5884 cm^-1  (      1.4267 THz )

 # Irred. k point  163 : (  0.0000,  0.2333,  0.3000)
   Mode, Frequency 
      1     35.1134 cm^-1  (      1.0527 THz )
      2     35.2012 cm^-1  (      1.0553 THz )
      3     50.8735 cm^-1  (      1.5252 THz )

 # Irred. k point  164 : (  0.0000,  0.2333,  0.3333)
   Mode, Frequency 
      1     36.4979 cm^-1  (      1.0942 THz )
      2     37.0029 cm^-1  (      1.1093 THz )
      3     54.1020 cm^-1  (      1.6219 THz )

 # Irred. k point  165 : (  0.0000,  0.2333,  0.3667)
   Mode, Frequency 
      1     37.6367 cm^-1  (      1.1283 THz )
      2     38.9128 cm^-1  (      1.1666 THz )
      3     57.0864 cm^-1  (      1.7114 THz )

 # Irred. k point  166 : (  0.0000,  0.2333,  0.4000)
   Mode, Frequency 
      1     38.5042 cm^-1  (      1.1543 THz )
      2     40.8877 cm^-1  (      1.2258 THz )
      3     59.7057 cm^-1  (      1.7899 THz )

 # Irred. k point  167 : (  0.0000,  0.2333,  0.4333)
   Mode, Frequency 
      1     39.0817 cm^-1  (      1.1716 THz )
      2     42.8599 cm^-1  (      1.2849 THz )
      3     61.8777 cm^-1  (      1.8550 THz )

 # Irred. k point  168 : (  0.0000,  0.2333,  0.4667)
   Mode, Frequency 
      1     39.3572 cm^-1  (      1.1799 THz )
      2     44.7540 cm^-1  (      1.3417 THz )
      3     63.5464 cm^-1  (      1.9051 THz )

 # Irred. k point  169 : (  0.0000,  0.2333, -0.5000)
   Mode, Frequency 
      1     39.3251 cm^-1  (      1.1789 THz )
      2     46.4952 cm^-1  (      1.3939 THz )
      3     64.6759 cm^-1  (      1.9389 THz )

 # Irred. k point  170 : (  0.0000,  0.2333, -0.4667)
   Mode, Frequency 
      1     38.9861 cm^-1  (      1.1688 THz )
      2     48.0116 cm^-1  (      1.4394 THz )
      3     65.2500 cm^-1  (      1.9561 THz )

 # Irred. k point  171 : (  0.0000,  0.2333, -0.4333)
   Mode, Frequency 
      1     38.3469 cm^-1  (      1.1496 THz )
      2     49.2336 cm^-1  (      1.4760 THz )
      3     65.2727 cm^-1  (      1.9568 THz )

 # Irred. k point  172 : (  0.0000,  0.2333, -0.4000)
   Mode, Frequency 
      1     37.4208 cm^-1  (      1.1218 THz )
      2     50.0894 cm^-1  (      1.5016 THz )
      3     64.7726 cm^-1  (      1.9418 THz )

 # Irred. k point  173 : (  0.0000,  0.2333, -0.3667)
   Mode, Frequency 
      1     36.2277 cm^-1  (      1.0861 THz )
      2     50.4987 cm^-1  (      1.5139 THz )
      3     63.8097 cm^-1  (      1.9130 THz )

 # Irred. k point  174 : (  0.0000,  0.2333, -0.3333)
   Mode, Frequency 
      1     34.7952 cm^-1  (      1.0431 THz )
      2     50.3634 cm^-1  (      1.5099 THz )
      3     62.4832 cm^-1  (      1.8732 THz )

 # Irred. k point  175 : (  0.0000,  0.2333, -0.3000)
   Mode, Frequency 
      1     33.1588 cm^-1  (      0.9941 THz )
      2     49.5680 cm^-1  (      1.4860 THz )
      3     60.9323 cm^-1  (      1.8267 THz )

 # Irred. k point  176 : (  0.0000,  0.2333, -0.2667)
   Mode, Frequency 
      1     31.3642 cm^-1  (      0.9403 THz )
      2     48.0079 cm^-1  (      1.4392 THz )
      3     59.3065 cm^-1  (      1.7780 THz )

 # Irred. k point  177 : (  0.0000,  0.2333, -0.2333)
   Mode, Frequency 
      1     29.4684 cm^-1  (      0.8834 THz )
      2     45.6559 cm^-1  (      1.3687 THz )
      3     57.7001 cm^-1  (      1.7298 THz )

 # Irred. k point  178 : (  0.0000,  0.2667,  0.2667)
   Mode, Frequency 
      1     35.2337 cm^-1  (      1.0563 THz )
      2     35.2337 cm^-1  (      1.0563 THz )
      3     49.9044 cm^-1  (      1.4961 THz )

 # Irred. k point  179 : (  0.0000,  0.2667,  0.3000)
   Mode, Frequency 
      1     36.7933 cm^-1  (      1.1030 THz )
      2     36.8596 cm^-1  (      1.1050 THz )
      3     52.5934 cm^-1  (      1.5767 THz )

 # Irred. k point  180 : (  0.0000,  0.2667,  0.3333)
   Mode, Frequency 
      1     38.1512 cm^-1  (      1.1437 THz )
      2     38.5462 cm^-1  (      1.1556 THz )
      3     55.3399 cm^-1  (      1.6590 THz )

 # Irred. k point  181 : (  0.0000,  0.2667,  0.3667)
   Mode, Frequency 
      1     39.2721 cm^-1  (      1.1773 THz )
      2     40.3671 cm^-1  (      1.2102 THz )
      3     57.9221 cm^-1  (      1.7365 THz )

 # Irred. k point  182 : (  0.0000,  0.2667,  0.4000)
   Mode, Frequency 
      1     40.1288 cm^-1  (      1.2030 THz )
      2     42.3172 cm^-1  (      1.2686 THz )
      3     60.1934 cm^-1  (      1.8046 THz )

 # Irred. k point  183 : (  0.0000,  0.2667,  0.4333)
   Mode, Frequency 
      1     40.7018 cm^-1  (      1.2202 THz )
      2     44.3467 cm^-1  (      1.3295 THz )
      3     62.0566 cm^-1  (      1.8604 THz )

 # Irred. k point  184 : (  0.0000,  0.2667,  0.4667)
   Mode, Frequency 
      1     40.9782 cm^-1  (      1.2285 THz )
      2     46.3848 cm^-1  (      1.3906 THz )
      3     63.4473 cm^-1  (      1.9021 THz )

 # Irred. k point  185 : (  0.0000,  0.2667, -0.5000)
   Mode, Frequency 
      1     40.9520 cm^-1  (      1.2277 THz )
      2     48.3524 cm^-1  (      1.4496 THz )
      3     64.3258 cm^-1  (      1.9284 THz )

 # Irred. k point  186 : (  0.0000,  0.2667, -0.4667)
   Mode, Frequency 
      1     40.6236 cm^-1  (      1.2179 THz )
      2     50.1679 cm^-1  (      1.5040 THz )
      3     64.6753 cm^-1  (      1.9389 THz )

 # Irred. k point  187 : (  0.0000,  0.2667, -0.4333)
   Mode, Frequency 
      1     40.0001 cm^-1  (      1.1992 THz )
      2     51.7449 cm^-1  (      1.5513 THz )
      3     64.5052 cm^-1  (      1.9338 THz )

 # Irred. k point  188 : (  0.0000,  0.2667, -0.4000)
   Mode, Frequency 
      1     39.0949 cm^-1  (      1.1720 THz )
      2     52.9828 cm^-1  (      1.5884 THz )
      3     63.8619 cm^-1  (      1.9145 THz )

 # Irred. k point  189 : (  0.0000,  0.2667, -0.3667)
   Mode, Frequency 
      1     37.9290 cm^-1  (      1.1371 THz )
      2     53.7403 cm^-1  (      1.6111 THz )
      3     62.8548 cm^-1  (      1.8843 THz )

 # Irred. k point  190 : (  0.0000,  0.2667, -0.3333)
   Mode, Frequency 
      1     36.5309 cm^-1  (      1.0952 THz )
      2     53.7944 cm^-1  (      1.6127 THz )
      3     61.6978 cm^-1  (      1.8497 THz )

 # Irred. k point  191 : (  0.0000,  0.2667, -0.3000)
   Mode, Frequency 
      1     34.9376 cm^-1  (      1.0474 THz )
      2     52.8670 cm^-1  (      1.5849 THz )
      3     60.6828 cm^-1  (      1.8192 THz )

 # Irred. k point  192 : (  0.0000,  0.2667, -0.2667)
   Mode, Frequency 
      1     33.1960 cm^-1  (      0.9952 THz )
      2     50.8676 cm^-1  (      1.5250 THz )
      3     59.9363 cm^-1  (      1.7968 THz )

 # Irred. k point  193 : (  0.0000,  0.3000,  0.3000)
   Mode, Frequency 
      1     38.3268 cm^-1  (      1.1490 THz )
      2     38.3268 cm^-1  (      1.1490 THz )
      3     54.7623 cm^-1  (      1.6417 THz )

 # Irred. k point  194 : (  0.0000,  0.3000,  0.3333)
   Mode, Frequency 
      1     39.6680 cm^-1  (      1.1892 THz )
      2     39.8063 cm^-1  (      1.1934 THz )
      3     57.0764 cm^-1  (      1.7111 THz )

 # Irred. k point  195 : (  0.0000,  0.3000,  0.3667)
   Mode, Frequency 
      1     40.7799 cm^-1  (      1.2226 THz )
      2     41.4253 cm^-1  (      1.2419 THz )
      3     59.2939 cm^-1  (      1.7776 THz )

 # Irred. k point  196 : (  0.0000,  0.3000,  0.4000)
   Mode, Frequency 
      1     41.6344 cm^-1  (      1.2482 THz )
      2     43.2248 cm^-1  (      1.2958 THz )
      3     61.2468 cm^-1  (      1.8361 THz )

 # Irred. k point  197 : (  0.0000,  0.3000,  0.4333)
   Mode, Frequency 
      1     42.2107 cm^-1  (      1.2654 THz )
      2     45.1850 cm^-1  (      1.3546 THz )
      3     62.8218 cm^-1  (      1.8833 THz )

 # Irred. k point  198 : (  0.0000,  0.3000,  0.4667)
   Mode, Frequency 
      1     42.4954 cm^-1  (      1.2740 THz )
      2     47.2509 cm^-1  (      1.4165 THz )
      3     63.9429 cm^-1  (      1.9170 THz )

 # Irred. k point  199 : (  0.0000,  0.3000, -0.5000)
   Mode, Frequency 
      1     42.4819 cm^-1  (      1.2736 THz )
      2     49.3506 cm^-1  (      1.4795 THz )
      3     64.5610 cm^-1  (      1.9355 THz )

 # Irred. k point  200 : (  0.0000,  0.3000, -0.4667)
   Mode, Frequency 
      1     42.1702 cm^-1  (      1.2642 THz )
      2     51.4056 cm^-1  (      1.5411 THz )
      3     64.6490 cm^-1  (      1.9381 THz )

 # Irred. k point  201 : (  0.0000,  0.3000, -0.4333)
   Mode, Frequency 
      1     41.5672 cm^-1  (      1.2462 THz )
      2     53.3348 cm^-1  (      1.5989 THz )
      3     64.2017 cm^-1  (      1.9247 THz )

 # Irred. k point  202 : (  0.0000,  0.3000, -0.4000)
   Mode, Frequency 
      1     40.6868 cm^-1  (      1.2198 THz )
      2     55.0458 cm^-1  (      1.6502 THz )
      3     63.2467 cm^-1  (      1.8961 THz )

 # Irred. k point  203 : (  0.0000,  0.3000, -0.3667)
   Mode, Frequency 
      1     39.5501 cm^-1  (      1.1857 THz )
      2     56.3857 cm^-1  (      1.6904 THz )
      3     61.8942 cm^-1  (      1.8555 THz )

 # Irred. k point  204 : (  0.0000,  0.3000, -0.3333)
   Mode, Frequency 
      1     38.1862 cm^-1  (      1.1448 THz )
      2     56.8755 cm^-1  (      1.7051 THz )
      3     60.6034 cm^-1  (      1.8168 THz )

 # Irred. k point  205 : (  0.0000,  0.3000, -0.3000)
   Mode, Frequency 
      1     36.6329 cm^-1  (      1.0982 THz )
      2     55.5465 cm^-1  (      1.6652 THz )
      3     60.3467 cm^-1  (      1.8091 THz )

 # Irred. k point  206 : (  0.0000,  0.3333,  0.3333)
   Mode, Frequency 
      1     41.0007 cm^-1  (      1.2292 THz )
      2     41.0007 cm^-1  (      1.2292 THz )
      3     59.0303 cm^-1  (      1.7697 THz )

 # Irred. k point  207 : (  0.0000,  0.3333,  0.3667)
   Mode, Frequency 
      1     42.1116 cm^-1  (      1.2625 THz )
      2     42.3060 cm^-1  (      1.2683 THz )
      3     60.9494 cm^-1  (      1.8272 THz )

 # Irred. k point  208 : (  0.0000,  0.3333,  0.4000)
   Mode, Frequency 
      1     42.9711 cm^-1  (      1.2882 THz )
      2     43.8141 cm^-1  (      1.3135 THz )
      3     62.6486 cm^-1  (      1.8782 THz )

 # Irred. k point  209 : (  0.0000,  0.3333,  0.4333)
   Mode, Frequency 
      1     43.5576 cm^-1  (      1.3058 THz )
      2     45.5435 cm^-1  (      1.3654 THz )
      3     64.0011 cm^-1  (      1.9187 THz )

 # Irred. k point  210 : (  0.0000,  0.3333,  0.4667)
   Mode, Frequency 
      1     43.8568 cm^-1  (      1.3148 THz )
      2     47.4632 cm^-1  (      1.4229 THz )
      3     64.9216 cm^-1  (      1.9463 THz )

 # Irred. k point  211 : (  0.0000,  0.3333, -0.5000)
   Mode, Frequency 
      1     43.8615 cm^-1  (      1.3149 THz )
      2     49.5137 cm^-1  (      1.4844 THz )
      3     65.3541 cm^-1  (      1.9593 THz )

 # Irred. k point  212 : (  0.0000,  0.3333, -0.4667)
   Mode, Frequency 
      1     43.5713 cm^-1  (      1.3062 THz )
      2     51.6224 cm^-1  (      1.5476 THz )
      3     65.2640 cm^-1  (      1.9566 THz )

 # Irred. k point  213 : (  0.0000,  0.3333, -0.4333)
   Mode, Frequency 
      1     42.9928 cm^-1  (      1.2889 THz )
      2     53.7137 cm^-1  (      1.6103 THz )
      3     64.6347 cm^-1  (      1.9377 THz )

 # Irred. k point  214 : (  0.0000,  0.3333, -0.4000)
   Mode, Frequency 
      1     42.1397 cm^-1  (      1.2633 THz )
      2     55.7155 cm^-1  (      1.6703 THz )
      3     63.4644 cm^-1  (      1.9026 THz )

 # Irred. k point  215 : (  0.0000,  0.3333, -0.3667)
   Mode, Frequency 
      1     41.0334 cm^-1  (      1.2301 THz )
      2     57.5616 cm^-1  (      1.7257 THz )
      3     61.7666 cm^-1  (      1.8517 THz )

 # Irred. k point  216 : (  0.0000,  0.3333, -0.3333)
   Mode, Frequency 
      1     39.7029 cm^-1  (      1.1903 THz )
      2     59.1396 cm^-1  (      1.7730 THz )
      3     59.6239 cm^-1  (      1.7875 THz )

 # Irred. k point  217 : (  0.0000,  0.3667,  0.3667)
   Mode, Frequency 
      1     43.2280 cm^-1  (      1.2959 THz )
      2     43.2280 cm^-1  (      1.2959 THz )
      3     62.6305 cm^-1  (      1.8776 THz )

 # Irred. k point  218 : (  0.0000,  0.3667,  0.4000)
   Mode, Frequency 
      1     44.0987 cm^-1  (      1.3220 THz )
      2     44.3358 cm^-1  (      1.3292 THz )
      3     64.1374 cm^-1  (      1.9228 THz )

 # Irred. k point  219 : (  0.0000,  0.3667,  0.4333)
   Mode, Frequency 
      1     44.7010 cm^-1  (      1.3401 THz )
      2     45.6932 cm^-1  (      1.3698 THz )
      3     65.3317 cm^-1  (      1.9586 THz )

 # Irred. k point  220 : (  0.0000,  0.3667,  0.4667)
   Mode, Frequency 
      1     45.0198 cm^-1  (      1.3497 THz )
      2     47.3004 cm^-1  (      1.4180 THz )
      3     66.1223 cm^-1  (      1.9823 THz )

 # Irred. k point  221 : (  0.0000,  0.3667, -0.5000)
   Mode, Frequency 
      1     45.0472 cm^-1  (      1.3505 THz )
      2     49.1145 cm^-1  (      1.4724 THz )
      3     66.4519 cm^-1  (      1.9922 THz )

 # Irred. k point  222 : (  0.0000,  0.3667, -0.4667)
   Mode, Frequency 
      1     44.7822 cm^-1  (      1.3425 THz )
      2     51.0652 cm^-1  (      1.5309 THz )
      3     66.2897 cm^-1  (      1.9873 THz )

 # Irred. k point  223 : (  0.0000,  0.3667, -0.4333)
   Mode, Frequency 
      1     44.2311 cm^-1  (      1.3260 THz )
      2     53.0643 cm^-1  (      1.5908 THz )
      3     65.6309 cm^-1  (      1.9676 THz )

 # Irred. k point  224 : (  0.0000,  0.3667, -0.4000)
   Mode, Frequency 
      1     43.4073 cm^-1  (      1.3013 THz )
      2     55.0018 cm^-1  (      1.6489 THz )
      3     64.5060 cm^-1  (      1.9338 THz )

 # Irred. k point  225 : (  0.0000,  0.3667, -0.3667)
   Mode, Frequency 
      1     42.3317 cm^-1  (      1.2691 THz )
      2     56.6934 cm^-1  (      1.6996 THz )
      3     63.0387 cm^-1  (      1.8899 THz )

 # Irred. k point  226 : (  0.0000,  0.4000,  0.4000)
   Mode, Frequency 
      1     44.9856 cm^-1  (      1.3486 THz )
      2     44.9856 cm^-1  (      1.3486 THz )
      3     65.4979 cm^-1  (      1.9636 THz )

 # Irred. k point  227 : (  0.0000,  0.4000,  0.4333)
   Mode, Frequency 
      1     45.6083 cm^-1  (      1.3673 THz )
      2     45.8762 cm^-1  (      1.3753 THz )
      3     66.5801 cm^-1  (      1.9960 THz )

 # Irred. k point  228 : (  0.0000,  0.4000,  0.4667)
   Mode, Frequency 
      1     45.9507 cm^-1  (      1.3776 THz )
      2     47.0470 cm^-1  (      1.4104 THz )
      3     67.2874 cm^-1  (      2.0172 THz )

 # Irred. k point  229 : (  0.0000,  0.4000, -0.5000)
   Mode, Frequency 
      1     46.0042 cm^-1  (      1.3792 THz )
      2     48.4801 cm^-1  (      1.4534 THz )
      3     67.5629 cm^-1  (      2.0255 THz )

 # Irred. k point  230 : (  0.0000,  0.4000, -0.4667)
   Mode, Frequency 
      1     45.7673 cm^-1  (      1.3721 THz )
      2     50.1146 cm^-1  (      1.5024 THz )
      3     67.3823 cm^-1  (      2.0201 THz )

 # Irred. k point  231 : (  0.0000,  0.4000, -0.4333)
   Mode, Frequency 
      1     45.2456 cm^-1  (      1.3564 THz )
      2     51.8546 cm^-1  (      1.5546 THz )
      3     66.7551 cm^-1  (      2.0013 THz )

 # Irred. k point  232 : (  0.0000,  0.4000, -0.4000)
   Mode, Frequency 
      1     44.4521 cm^-1  (      1.3326 THz )
      2     53.5609 cm^-1  (      1.6057 THz )
      3     65.7411 cm^-1  (      1.9709 THz )

 # Irred. k point  233 : (  0.0000,  0.4333,  0.4333)
   Mode, Frequency 
      1     46.2548 cm^-1  (      1.3867 THz )
      2     46.2548 cm^-1  (      1.3867 THz )
      3     67.5817 cm^-1  (      2.0260 THz )

 # Irred. k point  234 : (  0.0000,  0.4333,  0.4667)
   Mode, Frequency 
      1     46.6239 cm^-1  (      1.3978 THz )
      2     46.9120 cm^-1  (      1.4064 THz )
      3     68.2329 cm^-1  (      2.0456 THz )

 # Irred. k point  235 : (  0.0000,  0.4333, -0.5000)
   Mode, Frequency 
      1     46.7062 cm^-1  (      1.4002 THz )
      2     47.8641 cm^-1  (      1.4349 THz )
      3     68.4762 cm^-1  (      2.0529 THz )

 # Irred. k point  236 : (  0.0000,  0.4333, -0.4667)
   Mode, Frequency 
      1     46.4993 cm^-1  (      1.3940 THz )
      2     49.0723 cm^-1  (      1.4712 THz )
      3     68.2910 cm^-1  (      2.0473 THz )

 # Irred. k point  237 : (  0.0000,  0.4333, -0.4333)
   Mode, Frequency 
      1     46.0083 cm^-1  (      1.3793 THz )
      2     50.4494 cm^-1  (      1.5124 THz )
      3     67.6945 cm^-1  (      2.0294 THz )

 # Irred. k point  238 : (  0.0000,  0.4667,  0.4667)
   Mode, Frequency 
      1     47.0220 cm^-1  (      1.4097 THz )
      2     47.0220 cm^-1  (      1.4097 THz )
      3     68.8461 cm^-1  (      2.0640 THz )

 # Irred. k point  239 : (  0.0000,  0.4667, -0.5000)
   Mode, Frequency 
      1     47.1346 cm^-1  (      1.4131 THz )
      2     47.4326 cm^-1  (      1.4220 THz )
      3     69.0666 cm^-1  (      2.0706 THz )

 # Irred. k point  240 : (  0.0000,  0.4667, -0.4667)
   Mode, Frequency 
      1     46.9589 cm^-1  (      1.4078 THz )
      2     48.1372 cm^-1  (      1.4431 THz )
      3     68.8750 cm^-1  (      2.0648 THz )

 # Irred. k point  241 : (  0.0000, -0.5000, -0.5000)
   Mode, Frequency 
      1     47.2787 cm^-1  (      1.4174 THz )
      2     47.2787 cm^-1  (      1.4174 THz )
      3     69.2699 cm^-1  (      2.0767 THz )

 # Irred. k point  242 : (  0.0333,  0.0667,  0.1000)
   Mode, Frequency 
      1      8.2294 cm^-1  (      0.2467 THz )
      2     11.0966 cm^-1  (      0.3327 THz )
      3     16.5148 cm^-1  (      0.4951 THz )

 # Irred. k point  243 : (  0.0333,  0.0667,  0.1333)
   Mode, Frequency 
      1     10.2669 cm^-1  (      0.3078 THz )
      2     14.1609 cm^-1  (      0.4245 THz )
      3     22.2123 cm^-1  (      0.6659 THz )

 # Irred. k point  244 : (  0.0333,  0.0667,  0.1667)
   Mode, Frequency 
      1     12.7300 cm^-1  (      0.3816 THz )
      2     16.9753 cm^-1  (      0.5089 THz )
      3     28.3022 cm^-1  (      0.8485 THz )

 # Irred. k point  245 : (  0.0333,  0.0667,  0.2000)
   Mode, Frequency 
      1     15.3543 cm^-1  (      0.4603 THz )
      2     19.6396 cm^-1  (      0.5888 THz )
      3     34.3529 cm^-1  (      1.0299 THz )

 # Irred. k point  246 : (  0.0333,  0.0667,  0.2333)
   Mode, Frequency 
      1     17.9825 cm^-1  (      0.5391 THz )
      2     22.1380 cm^-1  (      0.6637 THz )
      3     40.1851 cm^-1  (      1.2047 THz )

 # Irred. k point  247 : (  0.0333,  0.0667,  0.2667)
   Mode, Frequency 
      1     20.5189 cm^-1  (      0.6151 THz )
      2     24.4372 cm^-1  (      0.7326 THz )
      3     45.6870 cm^-1  (      1.3697 THz )

 # Irred. k point  248 : (  0.0333,  0.0667,  0.3000)
   Mode, Frequency 
      1     22.8990 cm^-1  (      0.6865 THz )
      2     26.5057 cm^-1  (      0.7946 THz )
      3     50.7692 cm^-1  (      1.5220 THz )

 # Irred. k point  249 : (  0.0333,  0.0667,  0.3333)
   Mode, Frequency 
      1     25.0753 cm^-1  (      0.7517 THz )
      2     28.3162 cm^-1  (      0.8489 THz )
      3     55.3529 cm^-1  (      1.6594 THz )

 # Irred. k point  250 : (  0.0333,  0.0667,  0.3667)
   Mode, Frequency 
      1     27.0101 cm^-1  (      0.8097 THz )
      2     29.8473 cm^-1  (      0.8948 THz )
      3     59.3667 cm^-1  (      1.7798 THz )

 # Irred. k point  251 : (  0.0333,  0.0667,  0.4000)
   Mode, Frequency 
      1     28.6715 cm^-1  (      0.8595 THz )
      2     31.0831 cm^-1  (      0.9318 THz )
      3     62.7464 cm^-1  (      1.8811 THz )

 # Irred. k point  252 : (  0.0333,  0.0667,  0.4333)
   Mode, Frequency 
      1     30.0308 cm^-1  (      0.9003 THz )
      2     32.0149 cm^-1  (      0.9598 THz )
      3     65.4367 cm^-1  (      1.9617 THz )

 # Irred. k point  253 : (  0.0333,  0.0667,  0.4667)
   Mode, Frequency 
      1     31.0576 cm^-1  (      0.9311 THz )
      2     32.6444 cm^-1  (      0.9787 THz )
      3     67.3923 cm^-1  (      2.0204 THz )

 # Irred. k point  254 : (  0.0333,  0.0667, -0.5000)
   Mode, Frequency 
      1     31.7124 cm^-1  (      0.9507 THz )
      2     32.9915 cm^-1  (      0.9891 THz )
      3     68.5795 cm^-1  (      2.0560 THz )

 # Irred. k point  255 : (  0.0333,  0.0667, -0.4667)
   Mode, Frequency 
      1     31.9414 cm^-1  (      0.9576 THz )
      2     33.0977 cm^-1  (      0.9922 THz )
      3     68.9775 cm^-1  (      2.0679 THz )

 # Irred. k point  256 : (  0.0333,  0.1000,  0.1333)
   Mode, Frequency 
      1     13.1532 cm^-1  (      0.3943 THz )
      2     15.5476 cm^-1  (      0.4661 THz )
      3     22.3514 cm^-1  (      0.6701 THz )

 # Irred. k point  257 : (  0.0333,  0.1000,  0.1667)
   Mode, Frequency 
      1     14.8228 cm^-1  (      0.4444 THz )
      2     18.4116 cm^-1  (      0.5520 THz )
      3     27.6617 cm^-1  (      0.8293 THz )

 # Irred. k point  258 : (  0.0333,  0.1000,  0.2000)
   Mode, Frequency 
      1     16.8408 cm^-1  (      0.5049 THz )
      2     21.0301 cm^-1  (      0.6305 THz )
      3     33.3259 cm^-1  (      0.9991 THz )

 # Irred. k point  259 : (  0.0333,  0.1000,  0.2333)
   Mode, Frequency 
      1     19.0719 cm^-1  (      0.5718 THz )
      2     23.4689 cm^-1  (      0.7036 THz )
      3     38.9508 cm^-1  (      1.1677 THz )

 # Irred. k point  260 : (  0.0333,  0.1000,  0.2667)
   Mode, Frequency 
      1     21.3774 cm^-1  (      0.6409 THz )
      2     25.7169 cm^-1  (      0.7710 THz )
      3     44.3476 cm^-1  (      1.3295 THz )

 # Irred. k point  261 : (  0.0333,  0.1000,  0.3000)
   Mode, Frequency 
      1     23.6480 cm^-1  (      0.7089 THz )
      2     27.7479 cm^-1  (      0.8319 THz )
      3     49.3954 cm^-1  (      1.4808 THz )

 # Irred. k point  262 : (  0.0333,  0.1000,  0.3333)
   Mode, Frequency 
      1     25.7999 cm^-1  (      0.7735 THz )
      2     29.5373 cm^-1  (      0.8855 THz )
      3     54.0004 cm^-1  (      1.6189 THz )

 # Irred. k point  263 : (  0.0333,  0.1000,  0.3667)
   Mode, Frequency 
      1     27.7657 cm^-1  (      0.8324 THz )
      2     31.0674 cm^-1  (      0.9314 THz )
      3     58.0827 cm^-1  (      1.7413 THz )

 # Irred. k point  264 : (  0.0333,  0.1000,  0.4000)
   Mode, Frequency 
      1     29.4861 cm^-1  (      0.8840 THz )
      2     32.3311 cm^-1  (      0.9693 THz )
      3     61.5731 cm^-1  (      1.8459 THz )

 # Irred. k point  265 : (  0.0333,  0.1000,  0.4333)
   Mode, Frequency 
      1     30.9014 cm^-1  (      0.9264 THz )
      2     33.3362 cm^-1  (      0.9994 THz )
      3     64.4117 cm^-1  (      1.9310 THz )

 # Irred. k point  266 : (  0.0333,  0.1000,  0.4667)
   Mode, Frequency 
      1     31.9441 cm^-1  (      0.9577 THz )
      2     34.1111 cm^-1  (      1.0226 THz )
      3     66.5494 cm^-1  (      1.9951 THz )

 # Irred. k point  267 : (  0.0333,  0.1000, -0.5000)
   Mode, Frequency 
      1     32.5485 cm^-1  (      0.9758 THz )
      2     34.6930 cm^-1  (      1.0401 THz )
      3     67.9487 cm^-1  (      2.0371 THz )

 # Irred. k point  268 : (  0.0333,  0.1000, -0.4667)
   Mode, Frequency 
      1     32.6900 cm^-1  (      0.9800 THz )
      2     35.0882 cm^-1  (      1.0519 THz )
      3     68.5848 cm^-1  (      2.0561 THz )

 # Irred. k point  269 : (  0.0333,  0.1000, -0.4333)
   Mode, Frequency 
      1     32.3977 cm^-1  (      0.9713 THz )
      2     35.2586 cm^-1  (      1.0570 THz )
      3     68.4465 cm^-1  (      2.0520 THz )

 # Irred. k point  270 : (  0.0333,  0.1000, -0.4000)
   Mode, Frequency 
      1     31.7169 cm^-1  (      0.9508 THz )
      2     35.1593 cm^-1  (      1.0540 THz )
      3     67.5369 cm^-1  (      2.0247 THz )

 # Irred. k point  271 : (  0.0333,  0.1000, -0.3667)
   Mode, Frequency 
      1     30.6852 cm^-1  (      0.9199 THz )
      2     34.7617 cm^-1  (      1.0421 THz )
      3     65.8728 cm^-1  (      1.9748 THz )

 # Irred. k point  272 : (  0.0333,  0.1000, -0.3333)
   Mode, Frequency 
      1     29.3334 cm^-1  (      0.8794 THz )
      2     34.0534 cm^-1  (      1.0209 THz )
      3     63.4851 cm^-1  (      1.9032 THz )

 # Irred. k point  273 : (  0.0333,  0.1000, -0.3000)
   Mode, Frequency 
      1     27.6904 cm^-1  (      0.8301 THz )
      2     33.0332 cm^-1  (      0.9903 THz )
      3     60.4171 cm^-1  (      1.8113 THz )

 # Irred. k point  274 : (  0.0333,  0.1000, -0.2667)
   Mode, Frequency 
      1     25.7875 cm^-1  (      0.7731 THz )
      2     31.7071 cm^-1  (      0.9506 THz )
      3     56.7247 cm^-1  (      1.7006 THz )

 # Irred. k point  275 : (  0.0333,  0.1000, -0.2333)
   Mode, Frequency 
      1     23.6610 cm^-1  (      0.7093 THz )
      2     30.0866 cm^-1  (      0.9020 THz )
      3     52.4751 cm^-1  (      1.5732 THz )

 # Irred. k point  276 : (  0.0333,  0.1000, -0.2000)
   Mode, Frequency 
      1     21.3560 cm^-1  (      0.6402 THz )
      2     28.1863 cm^-1  (      0.8450 THz )
      3     47.7484 cm^-1  (      1.4315 THz )

 # Irred. k point  277 : (  0.0333,  0.1000, -0.1667)
   Mode, Frequency 
      1     18.9305 cm^-1  (      0.5675 THz )
      2     26.0198 cm^-1  (      0.7801 THz )
      3     42.6414 cm^-1  (      1.2784 THz )

 # Irred. k point  278 : (  0.0333,  0.1000, -0.1333)
   Mode, Frequency 
      1     16.4639 cm^-1  (      0.4936 THz )
      2     23.5918 cm^-1  (      0.7073 THz )
      3     37.2797 cm^-1  (      1.1176 THz )

 # Irred. k point  279 : (  0.0333,  0.1000, -0.1000)
   Mode, Frequency 
      1     14.0719 cm^-1  (      0.4219 THz )
      2     20.8762 cm^-1  (      0.6259 THz )
      3     31.8490 cm^-1  (      0.9548 THz )

 # Irred. k point  280 : (  0.0333,  0.1000, -0.0667)
   Mode, Frequency 
      1     11.9285 cm^-1  (      0.3576 THz )
      2     17.7761 cm^-1  (      0.5329 THz )
      3     26.6625 cm^-1  (      0.7993 THz )

 # Irred. k point  281 : (  0.0333,  0.1333,  0.1667)
   Mode, Frequency 
      1     18.0629 cm^-1  (      0.5415 THz )
      2     20.0003 cm^-1  (      0.5996 THz )
      3     28.2440 cm^-1  (      0.8467 THz )

 # Irred. k point  282 : (  0.0333,  0.1333,  0.2000)
   Mode, Frequency 
      1     19.5896 cm^-1  (      0.5873 THz )
      2     22.6675 cm^-1  (      0.6796 THz )
      3     33.1268 cm^-1  (      0.9931 THz )

 # Irred. k point  283 : (  0.0333,  0.1333,  0.2333)
   Mode, Frequency 
      1     21.3625 cm^-1  (      0.6404 THz )
      2     25.0841 cm^-1  (      0.7520 THz )
      3     38.3084 cm^-1  (      1.1485 THz )

 # Irred. k point  284 : (  0.0333,  0.1333,  0.2667)
   Mode, Frequency 
      1     23.3230 cm^-1  (      0.6992 THz )
      2     27.2964 cm^-1  (      0.8183 THz )
      3     43.4351 cm^-1  (      1.3022 THz )

 # Irred. k point  285 : (  0.0333,  0.1333,  0.3000)
   Mode, Frequency 
      1     25.3657 cm^-1  (      0.7604 THz )
      2     29.3006 cm^-1  (      0.8784 THz )
      3     48.3182 cm^-1  (      1.4485 THz )

 # Irred. k point  286 : (  0.0333,  0.1333,  0.3333)
   Mode, Frequency 
      1     27.3844 cm^-1  (      0.8210 THz )
      2     31.0829 cm^-1  (      0.9318 THz )
      3     52.8341 cm^-1  (      1.5839 THz )

 # Irred. k point  287 : (  0.0333,  0.1333,  0.3667)
   Mode, Frequency 
      1     29.2806 cm^-1  (      0.8778 THz )
      2     32.6369 cm^-1  (      0.9784 THz )
      3     56.8883 cm^-1  (      1.7055 THz )

 # Irred. k point  288 : (  0.0333,  0.1333,  0.4000)
   Mode, Frequency 
      1     30.9576 cm^-1  (      0.9281 THz )
      2     33.9728 cm^-1  (      1.0185 THz )
      3     60.4036 cm^-1  (      1.8109 THz )

 # Irred. k point  289 : (  0.0333,  0.1333,  0.4333)
   Mode, Frequency 
      1     32.3149 cm^-1  (      0.9688 THz )
      2     35.1222 cm^-1  (      1.0529 THz )
      3     63.3151 cm^-1  (      1.8981 THz )

 # Irred. k point  290 : (  0.0333,  0.1333,  0.4667)
   Mode, Frequency 
      1     33.2610 cm^-1  (      0.9971 THz )
      2     36.1234 cm^-1  (      1.0830 THz )
      3     65.5697 cm^-1  (      1.9657 THz )

 # Irred. k point  291 : (  0.0333,  0.1333, -0.5000)
   Mode, Frequency 
      1     33.7526 cm^-1  (      1.0119 THz )
      2     36.9796 cm^-1  (      1.1086 THz )
      3     67.1267 cm^-1  (      2.0124 THz )

 # Irred. k point  292 : (  0.0333,  0.1333, -0.4667)
   Mode, Frequency 
      1     33.8062 cm^-1  (      1.0135 THz )
      2     37.6468 cm^-1  (      1.1286 THz )
      3     67.9578 cm^-1  (      2.0373 THz )

 # Irred. k point  293 : (  0.0333,  0.1333, -0.4333)
   Mode, Frequency 
      1     33.4611 cm^-1  (      1.0031 THz )
      2     38.0693 cm^-1  (      1.1413 THz )
      3     68.0489 cm^-1  (      2.0401 THz )

 # Irred. k point  294 : (  0.0333,  0.1333, -0.4000)
   Mode, Frequency 
      1     32.7532 cm^-1  (      0.9819 THz )
      2     38.2055 cm^-1  (      1.1454 THz )
      3     67.3997 cm^-1  (      2.0206 THz )

 # Irred. k point  295 : (  0.0333,  0.1333, -0.3667)
   Mode, Frequency 
      1     31.7121 cm^-1  (      0.9507 THz )
      2     38.0298 cm^-1  (      1.1401 THz )
      3     66.0247 cm^-1  (      1.9794 THz )

 # Irred. k point  296 : (  0.0333,  0.1333, -0.3333)
   Mode, Frequency 
      1     30.3658 cm^-1  (      0.9103 THz )
      2     37.5285 cm^-1  (      1.1251 THz )
      3     63.9531 cm^-1  (      1.9173 THz )

 # Irred. k point  297 : (  0.0333,  0.1333, -0.3000)
   Mode, Frequency 
      1     28.7438 cm^-1  (      0.8617 THz )
      2     36.6956 cm^-1  (      1.1001 THz )
      3     61.2287 cm^-1  (      1.8356 THz )

 # Irred. k point  298 : (  0.0333,  0.1333, -0.2667)
   Mode, Frequency 
      1     26.8804 cm^-1  (      0.8059 THz )
      2     35.5300 cm^-1  (      1.0652 THz )
      3     57.9104 cm^-1  (      1.7361 THz )

 # Irred. k point  299 : (  0.0333,  0.1333, -0.2333)
   Mode, Frequency 
      1     24.8174 cm^-1  (      0.7440 THz )
      2     34.0318 cm^-1  (      1.0202 THz )
      3     54.0740 cm^-1  (      1.6211 THz )

 # Irred. k point  300 : (  0.0333,  0.1333, -0.2000)
   Mode, Frequency 
      1     22.6071 cm^-1  (      0.6777 THz )
      2     32.1980 cm^-1  (      0.9653 THz )
      3     49.8158 cm^-1  (      1.4934 THz )

 # Irred. k point  301 : (  0.0333,  0.1333, -0.1667)
   Mode, Frequency 
      1     20.3175 cm^-1  (      0.6091 THz )
      2     30.0143 cm^-1  (      0.8998 THz )
      3     45.2618 cm^-1  (      1.3569 THz )

 # Irred. k point  302 : (  0.0333,  0.1333, -0.1333)
   Mode, Frequency 
      1     18.0404 cm^-1  (      0.5408 THz )
      2     27.4430 cm^-1  (      0.8227 THz )
      3     40.5841 cm^-1  (      1.2167 THz )

 # Irred. k point  303 : (  0.0333,  0.1333, -0.1000)
   Mode, Frequency 
      1     15.9021 cm^-1  (      0.4767 THz )
      2     24.4153 cm^-1  (      0.7320 THz )
      3     36.0187 cm^-1  (      1.0798 THz )

 # Irred. k point  304 : (  0.0333,  0.1667,  0.2000)
   Mode, Frequency 
      1     22.7512 cm^-1  (      0.6821 THz )
      2     24.3060 cm^-1  (      0.7287 THz )
      3     34.0924 cm^-1  (      1.0221 THz )

 # Irred. k point  305 : (  0.0333,  0.1667,  0.2333)
   Mode, Frequency 
      1     24.2282 cm^-1  (      0.7263 THz )
      2     26.7826 cm^-1  (      0.8029 THz )
      3     38.5136 cm^-1  (      1.1546 THz )

 # Irred. k point  306 : (  0.0333,  0.1667,  0.2667)
   Mode, Frequency 
      1     25.8743 cm^-1  (      0.7757 THz )
      2     29.0063 cm^-1  (      0.8696 THz )
      3     43.1588 cm^-1  (      1.2939 THz )

 # Irred. k point  307 : (  0.0333,  0.1667,  0.3000)
   Mode, Frequency 
      1     27.6576 cm^-1  (      0.8292 THz )
      2     31.0148 cm^-1  (      0.9298 THz )
      3     47.7195 cm^-1  (      1.4306 THz )

 # Irred. k point  308 : (  0.0333,  0.1667,  0.3333)
   Mode, Frequency 
      1     29.4853 cm^-1  (      0.8839 THz )
      2     32.8196 cm^-1  (      0.9839 THz )
      3     52.0163 cm^-1  (      1.5594 THz )

 # Irred. k point  309 : (  0.0333,  0.1667,  0.3667)
   Mode, Frequency 
      1     31.2406 cm^-1  (      0.9366 THz )
      2     34.4354 cm^-1  (      1.0323 THz )
      3     55.9284 cm^-1  (      1.6767 THz )

 # Irred. k point  310 : (  0.0333,  0.1667,  0.4000)
   Mode, Frequency 
      1     32.7932 cm^-1  (      0.9831 THz )
      2     35.8959 cm^-1  (      1.0761 THz )
      3     59.3656 cm^-1  (      1.7797 THz )

 # Irred. k point  311 : (  0.0333,  0.1667,  0.4333)
   Mode, Frequency 
      1     34.0158 cm^-1  (      1.0198 THz )
      2     37.2455 cm^-1  (      1.1166 THz )
      3     62.2562 cm^-1  (      1.8664 THz )

 # Irred. k point  312 : (  0.0333,  0.1667,  0.4667)
   Mode, Frequency 
      1     34.8262 cm^-1  (      1.0441 THz )
      2     38.4985 cm^-1  (      1.1542 THz )
      3     64.5431 cm^-1  (      1.9350 THz )

 # Irred. k point  313 : (  0.0333,  0.1667, -0.5000)
   Mode, Frequency 
      1     35.2114 cm^-1  (      1.0556 THz )
      2     39.6153 cm^-1  (      1.1876 THz )
      3     66.1827 cm^-1  (      1.9841 THz )

 # Irred. k point  314 : (  0.0333,  0.1667, -0.4667)
   Mode, Frequency 
      1     35.1964 cm^-1  (      1.0552 THz )
      2     40.5313 cm^-1  (      1.2151 THz )
      3     67.1450 cm^-1  (      2.0130 THz )

 # Irred. k point  315 : (  0.0333,  0.1667, -0.4333)
   Mode, Frequency 
      1     34.8119 cm^-1  (      1.0436 THz )
      2     41.1897 cm^-1  (      1.2348 THz )
      3     67.4137 cm^-1  (      2.0210 THz )

 # Irred. k point  316 : (  0.0333,  0.1667, -0.4000)
   Mode, Frequency 
      1     34.0848 cm^-1  (      1.0218 THz )
      2     41.5486 cm^-1  (      1.2456 THz )
      3     66.9876 cm^-1  (      2.0082 THz )

 # Irred. k point  317 : (  0.0333,  0.1667, -0.3667)
   Mode, Frequency 
      1     33.0403 cm^-1  (      0.9905 THz )
      2     41.5789 cm^-1  (      1.2465 THz )
      3     65.8806 cm^-1  (      1.9751 THz )

 # Irred. k point  318 : (  0.0333,  0.1667, -0.3333)
   Mode, Frequency 
      1     31.7054 cm^-1  (      0.9505 THz )
      2     41.2594 cm^-1  (      1.2369 THz )
      3     64.1233 cm^-1  (      1.9224 THz )

 # Irred. k point  319 : (  0.0333,  0.1667, -0.3000)
   Mode, Frequency 
      1     30.1113 cm^-1  (      0.9027 THz )
      2     40.5738 cm^-1  (      1.2164 THz )
      3     61.7635 cm^-1  (      1.8516 THz )

 # Irred. k point  320 : (  0.0333,  0.1667, -0.2667)
   Mode, Frequency 
      1     28.2953 cm^-1  (      0.8483 THz )
      2     39.5064 cm^-1  (      1.1844 THz )
      3     58.8687 cm^-1  (      1.7648 THz )

 # Irred. k point  321 : (  0.0333,  0.1667, -0.2333)
   Mode, Frequency 
      1     26.3039 cm^-1  (      0.7886 THz )
      2     38.0376 cm^-1  (      1.1403 THz )
      3     55.5299 cm^-1  (      1.6647 THz )

 # Irred. k point  322 : (  0.0333,  0.1667, -0.2000)
   Mode, Frequency 
      1     24.1956 cm^-1  (      0.7254 THz )
      2     36.1381 cm^-1  (      1.0834 THz )
      3     51.8665 cm^-1  (      1.5549 THz )

 # Irred. k point  323 : (  0.0333,  0.1667, -0.1667)
   Mode, Frequency 
      1     22.0456 cm^-1  (      0.6609 THz )
      2     33.7647 cm^-1  (      1.0122 THz )
      3     48.0323 cm^-1  (      1.4400 THz )

 # Irred. k point  324 : (  0.0333,  0.1667, -0.1333)
   Mode, Frequency 
      1     19.9517 cm^-1  (      0.5981 THz )
      2     30.8697 cm^-1  (      0.9255 THz )
      3     44.2109 cm^-1  (      1.3254 THz )

 # Irred. k point  325 : (  0.0333,  0.2000,  0.2333)
   Mode, Frequency 
      1     27.1346 cm^-1  (      0.8135 THz )
      2     28.3811 cm^-1  (      0.8508 THz )
      3     39.7998 cm^-1  (      1.1932 THz )

 # Irred. k point  326 : (  0.0333,  0.2000,  0.2667)
   Mode, Frequency 
      1     28.5838 cm^-1  (      0.8569 THz )
      2     30.6709 cm^-1  (      0.9195 THz )
      3     43.7356 cm^-1  (      1.3112 THz )

 # Irred. k point  327 : (  0.0333,  0.2000,  0.3000)
   Mode, Frequency 
      1     30.1448 cm^-1  (      0.9037 THz )
      2     32.7237 cm^-1  (      0.9810 THz )
      3     47.7998 cm^-1  (      1.4330 THz )

 # Irred. k point  328 : (  0.0333,  0.2000,  0.3333)
   Mode, Frequency 
      1     31.7742 cm^-1  (      0.9526 THz )
      2     34.5830 cm^-1  (      1.0368 THz )
      3     51.7349 cm^-1  (      1.5510 THz )

 # Irred. k point  329 : (  0.0333,  0.2000,  0.3667)
   Mode, Frequency 
      1     33.3595 cm^-1  (      1.0001 THz )
      2     36.2931 cm^-1  (      1.0880 THz )
      3     55.3792 cm^-1  (      1.6602 THz )

 # Irred. k point  330 : (  0.0333,  0.2000,  0.4000)
   Mode, Frequency 
      1     34.7548 cm^-1  (      1.0419 THz )
      2     37.9096 cm^-1  (      1.1365 THz )
      3     58.6221 cm^-1  (      1.7574 THz )

 # Irred. k point  331 : (  0.0333,  0.2000,  0.4333)
   Mode, Frequency 
      1     35.8305 cm^-1  (      1.0742 THz )
      2     39.4729 cm^-1  (      1.1834 THz )
      3     61.3820 cm^-1  (      1.8402 THz )

 # Irred. k point  332 : (  0.0333,  0.2000,  0.4667)
   Mode, Frequency 
      1     36.5233 cm^-1  (      1.0949 THz )
      2     40.9671 cm^-1  (      1.2282 THz )
      3     63.5972 cm^-1  (      1.9066 THz )

 # Irred. k point  333 : (  0.0333,  0.2000, -0.5000)
   Mode, Frequency 
      1     36.8291 cm^-1  (      1.1041 THz )
      2     42.3300 cm^-1  (      1.2690 THz )
      3     65.2223 cm^-1  (      1.9553 THz )

 # Irred. k point  334 : (  0.0333,  0.2000, -0.4667)
   Mode, Frequency 
      1     36.7662 cm^-1  (      1.1022 THz )
      2     43.4908 cm^-1  (      1.3038 THz )
      3     66.2267 cm^-1  (      1.9854 THz )

 # Irred. k point  335 : (  0.0333,  0.2000, -0.4333)
   Mode, Frequency 
      1     36.3556 cm^-1  (      1.0899 THz )
      2     44.3887 cm^-1  (      1.3307 THz )
      3     66.5951 cm^-1  (      1.9965 THz )

 # Irred. k point  336 : (  0.0333,  0.2000, -0.4000)
   Mode, Frequency 
      1     35.6186 cm^-1  (      1.0678 THz )
      2     44.9749 cm^-1  (      1.3483 THz )
      3     66.3282 cm^-1  (      1.9885 THz )

 # Irred. k point  337 : (  0.0333,  0.2000, -0.3667)
   Mode, Frequency 
      1     34.5780 cm^-1  (      1.0366 THz )
      2     45.2091 cm^-1  (      1.3553 THz )
      3     65.4439 cm^-1  (      1.9620 THz )

 # Irred. k point  338 : (  0.0333,  0.2000, -0.3333)
   Mode, Frequency 
      1     33.2607 cm^-1  (      0.9971 THz )
      2     45.0553 cm^-1  (      1.3507 THz )
      3     63.9797 cm^-1  (      1.9181 THz )

 # Irred. k point  339 : (  0.0333,  0.2000, -0.3000)
   Mode, Frequency 
      1     31.6992 cm^-1  (      0.9503 THz )
      2     44.4779 cm^-1  (      1.3334 THz )
      3     61.9949 cm^-1  (      1.8586 THz )

 # Irred. k point  340 : (  0.0333,  0.2000, -0.2667)
   Mode, Frequency 
      1     29.9338 cm^-1  (      0.8974 THz )
      2     43.4364 cm^-1  (      1.3022 THz )
      3     59.5747 cm^-1  (      1.7860 THz )

 # Irred. k point  341 : (  0.0333,  0.2000, -0.2333)
   Mode, Frequency 
      1     28.0145 cm^-1  (      0.8399 THz )
      2     41.8832 cm^-1  (      1.2556 THz )
      3     56.8321 cm^-1  (      1.7038 THz )

 # Irred. k point  342 : (  0.0333,  0.2000, -0.2000)
   Mode, Frequency 
      1     26.0040 cm^-1  (      0.7796 THz )
      2     39.7668 cm^-1  (      1.1922 THz )
      3     53.9042 cm^-1  (      1.6160 THz )

 # Irred. k point  343 : (  0.0333,  0.2000, -0.1667)
   Mode, Frequency 
      1     23.9813 cm^-1  (      0.7189 THz )
      2     37.0533 cm^-1  (      1.1108 THz )
      3     50.9332 cm^-1  (      1.5269 THz )

 # Irred. k point  344 : (  0.0333,  0.2333,  0.2667)
   Mode, Frequency 
      1     31.1633 cm^-1  (      0.9343 THz )
      2     32.1657 cm^-1  (      0.9643 THz )
      3     45.2636 cm^-1  (      1.3570 THz )

 # Irred. k point  345 : (  0.0333,  0.2333,  0.3000)
   Mode, Frequency 
      1     32.5664 cm^-1  (      0.9763 THz )
      2     34.2726 cm^-1  (      1.0275 THz )
      3     48.7000 cm^-1  (      1.4600 THz )

 # Irred. k point  346 : (  0.0333,  0.2333,  0.3333)
   Mode, Frequency 
      1     34.0232 cm^-1  (      1.0200 THz )
      2     36.1925 cm^-1  (      1.0850 THz )
      3     52.1537 cm^-1  (      1.5635 THz )

 # Irred. k point  347 : (  0.0333,  0.2333,  0.3667)
   Mode, Frequency 
      1     35.4482 cm^-1  (      1.0627 THz )
      2     37.9954 cm^-1  (      1.1391 THz )
      3     55.4182 cm^-1  (      1.6614 THz )

 # Irred. k point  348 : (  0.0333,  0.2333,  0.4000)
   Mode, Frequency 
      1     36.7001 cm^-1  (      1.1002 THz )
      2     39.7562 cm^-1  (      1.1919 THz )
      3     58.3567 cm^-1  (      1.7495 THz )

 # Irred. k point  349 : (  0.0333,  0.2333,  0.4333)
   Mode, Frequency 
      1     37.6576 cm^-1  (      1.1289 THz )
      2     41.5112 cm^-1  (      1.2445 THz )
      3     60.8747 cm^-1  (      1.8250 THz )

 # Irred. k point  350 : (  0.0333,  0.2333,  0.4667)
   Mode, Frequency 
      1     38.2661 cm^-1  (      1.1472 THz )
      2     43.2296 cm^-1  (      1.2960 THz )
      3     62.9047 cm^-1  (      1.8858 THz )

 # Irred. k point  351 : (  0.0333,  0.2333, -0.5000)
   Mode, Frequency 
      1     38.5187 cm^-1  (      1.1548 THz )
      2     44.8399 cm^-1  (      1.3443 THz )
      3     64.4002 cm^-1  (      1.9307 THz )

 # Irred. k point  352 : (  0.0333,  0.2333, -0.4667)
   Mode, Frequency 
      1     38.4254 cm^-1  (      1.1520 THz )
      2     46.2649 cm^-1  (      1.3870 THz )
      3     65.3324 cm^-1  (      1.9586 THz )

 # Irred. k point  353 : (  0.0333,  0.2333, -0.4333)
   Mode, Frequency 
      1     38.0009 cm^-1  (      1.1392 THz )
      2     47.4335 cm^-1  (      1.4220 THz )
      3     65.6904 cm^-1  (      1.9693 THz )

 # Irred. k point  354 : (  0.0333,  0.2333, -0.4000)
   Mode, Frequency 
      1     37.2628 cm^-1  (      1.1171 THz )
      2     48.2812 cm^-1  (      1.4474 THz )
      3     65.4825 cm^-1  (      1.9631 THz )

 # Irred. k point  355 : (  0.0333,  0.2333, -0.3667)
   Mode, Frequency 
      1     36.2326 cm^-1  (      1.0862 THz )
      2     48.7464 cm^-1  (      1.4614 THz )
      3     64.7395 cm^-1  (      1.9408 THz )

 # Irred. k point  356 : (  0.0333,  0.2333, -0.3333)
   Mode, Frequency 
      1     34.9372 cm^-1  (      1.0474 THz )
      2     48.7641 cm^-1  (      1.4619 THz )
      3     63.5185 cm^-1  (      1.9042 THz )

 # Irred. k point  357 : (  0.0333,  0.2333, -0.3000)
   Mode, Frequency 
      1     33.4106 cm^-1  (      1.0016 THz )
      2     48.2611 cm^-1  (      1.4468 THz )
      3     61.9079 cm^-1  (      1.8560 THz )

 # Irred. k point  358 : (  0.0333,  0.2333, -0.2667)
   Mode, Frequency 
      1     31.6948 cm^-1  (      0.9502 THz )
      2     47.1555 cm^-1  (      1.4137 THz )
      3     60.0260 cm^-1  (      1.7995 THz )

 # Irred. k point  359 : (  0.0333,  0.2333, -0.2333)
   Mode, Frequency 
      1     29.8425 cm^-1  (      0.8947 THz )
      2     45.3742 cm^-1  (      1.3603 THz )
      3     58.0043 cm^-1  (      1.7389 THz )

 # Irred. k point  360 : (  0.0333,  0.2333, -0.2000)
   Mode, Frequency 
      1     27.9188 cm^-1  (      0.8370 THz )
      2     42.8919 cm^-1  (      1.2859 THz )
      3     55.9484 cm^-1  (      1.6773 THz )

 # Irred. k point  361 : (  0.0333,  0.2667,  0.3000)
   Mode, Frequency 
      1     34.8008 cm^-1  (      1.0433 THz )
      2     35.6121 cm^-1  (      1.0676 THz )
      3     50.3782 cm^-1  (      1.5103 THz )

 # Irred. k point  362 : (  0.0333,  0.2667,  0.3333)
   Mode, Frequency 
      1     36.1177 cm^-1  (      1.0828 THz )
      2     37.5412 cm^-1  (      1.1255 THz )
      3     53.3080 cm^-1  (      1.5981 THz )

 # Irred. k point  363 : (  0.0333,  0.2667,  0.3667)
   Mode, Frequency 
      1     37.4103 cm^-1  (      1.1215 THz )
      2     39.3760 cm^-1  (      1.1805 THz )
      3     56.1391 cm^-1  (      1.6830 THz )

 # Irred. k point  364 : (  0.0333,  0.2667,  0.4000)
   Mode, Frequency 
      1     38.5525 cm^-1  (      1.1558 THz )
      2     41.2119 cm^-1  (      1.2355 THz )
      3     58.7095 cm^-1  (      1.7601 THz )

 # Irred. k point  365 : (  0.0333,  0.2667,  0.4333)
   Mode, Frequency 
      1     39.4279 cm^-1  (      1.1820 THz )
      2     43.0965 cm^-1  (      1.2920 THz )
      3     60.9094 cm^-1  (      1.8260 THz )

 # Irred. k point  366 : (  0.0333,  0.2667,  0.4667)
   Mode, Frequency 
      1     39.9818 cm^-1  (      1.1986 THz )
      2     45.0008 cm^-1  (      1.3491 THz )
      3     62.6638 cm^-1  (      1.8786 THz )

 # Irred. k point  367 : (  0.0333,  0.2667, -0.5000)
   Mode, Frequency 
      1     40.2021 cm^-1  (      1.2052 THz )
      2     46.8519 cm^-1  (      1.4046 THz )
      3     63.9232 cm^-1  (      1.9164 THz )

 # Irred. k point  368 : (  0.0333,  0.2667, -0.4667)
   Mode, Frequency 
      1     40.0930 cm^-1  (      1.2020 THz )
      2     48.5658 cm^-1  (      1.4560 THz )
      3     64.6604 cm^-1  (      1.9385 THz )

 # Irred. k point  369 : (  0.0333,  0.2667, -0.4333)
   Mode, Frequency 
      1     39.6649 cm^-1  (      1.1891 THz )
      2     50.0579 cm^-1  (      1.5007 THz )
      3     64.8705 cm^-1  (      1.9448 THz )

 # Irred. k point  370 : (  0.0333,  0.2667, -0.4000)
   Mode, Frequency 
      1     38.9331 cm^-1  (      1.1672 THz )
      2     51.2415 cm^-1  (      1.5362 THz )
      3     64.5751 cm^-1  (      1.9359 THz )

 # Irred. k point  371 : (  0.0333,  0.2667, -0.3667)
   Mode, Frequency 
      1     37.9183 cm^-1  (      1.1368 THz )
      2     52.0175 cm^-1  (      1.5594 THz )
      3     63.8325 cm^-1  (      1.9137 THz )

 # Irred. k point  372 : (  0.0333,  0.2667, -0.3333)
   Mode, Frequency 
      1     36.6477 cm^-1  (      1.0987 THz )
      2     52.2592 cm^-1  (      1.5667 THz )
      3     62.7518 cm^-1  (      1.8813 THz )

 # Irred. k point  373 : (  0.0333,  0.2667, -0.3000)
   Mode, Frequency 
      1     35.1559 cm^-1  (      1.0539 THz )
      2     51.8043 cm^-1  (      1.5531 THz )
      3     61.5008 cm^-1  (      1.8437 THz )

 # Irred. k point  374 : (  0.0333,  0.2667, -0.2667)
   Mode, Frequency 
      1     33.4865 cm^-1  (      1.0039 THz )
      2     50.4993 cm^-1  (      1.5139 THz )
      3     60.2608 cm^-1  (      1.8066 THz )

 # Irred. k point  375 : (  0.0333,  0.2667, -0.2333)
   Mode, Frequency 
      1     31.6933 cm^-1  (      0.9501 THz )
      2     48.3127 cm^-1  (      1.4484 THz )
      3     59.1139 cm^-1  (      1.7722 THz )

 # Irred. k point  376 : (  0.0333,  0.3000,  0.3333)
   Mode, Frequency 
      1     38.0174 cm^-1  (      1.1397 THz )
      2     38.6802 cm^-1  (      1.1596 THz )
      3     55.0400 cm^-1  (      1.6501 THz )

 # Irred. k point  377 : (  0.0333,  0.3000,  0.3667)
   Mode, Frequency 
      1     39.1993 cm^-1  (      1.1752 THz )
      2     40.4366 cm^-1  (      1.2123 THz )
      3     57.4614 cm^-1  (      1.7226 THz )

 # Irred. k point  378 : (  0.0333,  0.3000,  0.4000)
   Mode, Frequency 
      1     40.2620 cm^-1  (      1.2070 THz )
      2     42.2198 cm^-1  (      1.2657 THz )
      3     59.6741 cm^-1  (      1.7890 THz )

 # Irred. k point  379 : (  0.0333,  0.3000,  0.4333)
   Mode, Frequency 
      1     41.0850 cm^-1  (      1.2317 THz )
      2     44.1098 cm^-1  (      1.3224 THz )
      3     61.5521 cm^-1  (      1.8453 THz )

 # Irred. k point  380 : (  0.0333,  0.3000,  0.4667)
   Mode, Frequency 
      1     41.6071 cm^-1  (      1.2473 THz )
      2     46.0977 cm^-1  (      1.3820 THz )
      3     63.0096 cm^-1  (      1.8890 THz )

 # Irred. k point  381 : (  0.0333,  0.3000, -0.5000)
   Mode, Frequency 
      1     41.8113 cm^-1  (      1.2535 THz )
      2     48.1194 cm^-1  (      1.4426 THz )
      3     63.9897 cm^-1  (      1.9184 THz )

 # Irred. k point  382 : (  0.0333,  0.3000, -0.4667)
   Mode, Frequency 
      1     41.6979 cm^-1  (      1.2501 THz )
      2     50.0925 cm^-1  (      1.5017 THz )
      3     64.4594 cm^-1  (      1.9324 THz )

 # Irred. k point  383 : (  0.0333,  0.3000, -0.4333)
   Mode, Frequency 
      1     41.2746 cm^-1  (      1.2374 THz )
      2     51.9298 cm^-1  (      1.5568 THz )
      3     64.4093 cm^-1  (      1.9309 THz )

 # Irred. k point  384 : (  0.0333,  0.3000, -0.4000)
   Mode, Frequency 
      1     40.5552 cm^-1  (      1.2158 THz )
      2     53.5348 cm^-1  (      1.6049 THz )
      3     63.8614 cm^-1  (      1.9145 THz )

 # Irred. k point  385 : (  0.0333,  0.3000, -0.3667)
   Mode, Frequency 
      1     39.5597 cm^-1  (      1.1860 THz )
      2     54.7770 cm^-1  (      1.6422 THz )
      3     62.8952 cm^-1  (      1.8856 THz )

 # Irred. k point  386 : (  0.0333,  0.3000, -0.3333)
   Mode, Frequency 
      1     38.3154 cm^-1  (      1.1487 THz )
      2     55.4152 cm^-1  (      1.6613 THz )
      3     61.7243 cm^-1  (      1.8504 THz )

 # Irred. k point  387 : (  0.0333,  0.3000, -0.3000)
   Mode, Frequency 
      1     36.8573 cm^-1  (      1.1050 THz )
      2     54.9966 cm^-1  (      1.6488 THz )
      3     60.7970 cm^-1  (      1.8226 THz )

 # Irred. k point  388 : (  0.0333,  0.3000, -0.2667)
   Mode, Frequency 
      1     35.2294 cm^-1  (      1.0562 THz )
      2     53.2425 cm^-1  (      1.5962 THz )
      3     60.4105 cm^-1  (      1.8111 THz )

 # Irred. k point  389 : (  0.0333,  0.3333,  0.3667)
   Mode, Frequency 
      1     40.7871 cm^-1  (      1.2228 THz )
      2     41.3358 cm^-1  (      1.2392 THz )
      3     59.1531 cm^-1  (      1.7734 THz )

 # Irred. k point  390 : (  0.0333,  0.3333,  0.4000)
   Mode, Frequency 
      1     41.7875 cm^-1  (      1.2528 THz )
      2     42.9210 cm^-1  (      1.2867 THz )
      3     61.0684 cm^-1  (      1.8308 THz )

 # Irred. k point  391 : (  0.0333,  0.3333,  0.4333)
   Mode, Frequency 
      1     42.5800 cm^-1  (      1.2765 THz )
      2     44.6495 cm^-1  (      1.3386 THz )
      3     62.6811 cm^-1  (      1.8791 THz )

 # Irred. k point  392 : (  0.0333,  0.3333,  0.4667)
   Mode, Frequency 
      1     43.0877 cm^-1  (      1.2917 THz )
      2     46.5527 cm^-1  (      1.3956 THz )
      3     63.8942 cm^-1  (      1.9155 THz )

 # Irred. k point  393 : (  0.0333,  0.3333, -0.5000)
   Mode, Frequency 
      1     43.2885 cm^-1  (      1.2978 THz )
      2     48.5849 cm^-1  (      1.4565 THz )
      3     64.6418 cm^-1  (      1.9379 THz )

 # Irred. k point  394 : (  0.0333,  0.3333, -0.4667)
   Mode, Frequency 
      1     43.1800 cm^-1  (      1.2945 THz )
      2     50.6731 cm^-1  (      1.5191 THz )
      3     64.8816 cm^-1  (      1.9451 THz )

 # Irred. k point  395 : (  0.0333,  0.3333, -0.4333)
   Mode, Frequency 
      1     42.7682 cm^-1  (      1.2822 THz )
      2     52.7390 cm^-1  (      1.5811 THz )
      3     64.5904 cm^-1  (      1.9364 THz )

 # Irred. k point  396 : (  0.0333,  0.3333, -0.4000)
   Mode, Frequency 
      1     42.0659 cm^-1  (      1.2611 THz )
      2     54.7048 cm^-1  (      1.6400 THz )
      3     63.7631 cm^-1  (      1.9116 THz )

 # Irred. k point  397 : (  0.0333,  0.3333, -0.3667)
   Mode, Frequency 
      1     41.0925 cm^-1  (      1.2319 THz )
      2     56.4896 cm^-1  (      1.6935 THz )
      3     62.4202 cm^-1  (      1.8713 THz )

 # Irred. k point  398 : (  0.0333,  0.3333, -0.3333)
   Mode, Frequency 
      1     39.8750 cm^-1  (      1.1954 THz )
      2     57.9344 cm^-1  (      1.7368 THz )
      3     60.6829 cm^-1  (      1.8192 THz )

 # Irred. k point  399 : (  0.0333,  0.3333, -0.3000)
   Mode, Frequency 
      1     38.4485 cm^-1  (      1.1527 THz )
      2     57.6095 cm^-1  (      1.7271 THz )
      3     59.9660 cm^-1  (      1.7977 THz )

 # Irred. k point  400 : (  0.0333,  0.3667,  0.4000)
   Mode, Frequency 
      1     43.0873 cm^-1  (      1.2917 THz )
      2     43.5499 cm^-1  (      1.3056 THz )
      3     62.6334 cm^-1  (      1.8777 THz )

 # Irred. k point  401 : (  0.0333,  0.3667,  0.4333)
   Mode, Frequency 
      1     43.8689 cm^-1  (      1.3152 THz )
      2     44.9580 cm^-1  (      1.3478 THz )
      3     64.0497 cm^-1  (      1.9202 THz )

 # Irred. k point  402 : (  0.0333,  0.3667,  0.4667)
   Mode, Frequency 
      1     44.3777 cm^-1  (      1.3304 THz )
      2     46.5970 cm^-1  (      1.3969 THz )
      3     65.0926 cm^-1  (      1.9514 THz )

 # Irred. k point  403 : (  0.0333,  0.3667, -0.5000)
   Mode, Frequency 
      1     44.5854 cm^-1  (      1.3366 THz )
      2     48.4462 cm^-1  (      1.4524 THz )
      3     65.6914 cm^-1  (      1.9694 THz )

 # Irred. k point  404 : (  0.0333,  0.3667, -0.4667)
   Mode, Frequency 
      1     44.4891 cm^-1  (      1.3338 THz )
      2     50.4404 cm^-1  (      1.5122 THz )
      3     65.8018 cm^-1  (      1.9727 THz )

 # Irred. k point  405 : (  0.0333,  0.3667, -0.4333)
   Mode, Frequency 
      1     44.0942 cm^-1  (      1.3219 THz )
      2     52.5003 cm^-1  (      1.5739 THz )
      3     65.4005 cm^-1  (      1.9607 THz )

 # Irred. k point  406 : (  0.0333,  0.3667, -0.4000)
   Mode, Frequency 
      1     43.4125 cm^-1  (      1.3015 THz )
      2     54.5406 cm^-1  (      1.6351 THz )
      3     64.4849 cm^-1  (      1.9332 THz )

 # Irred. k point  407 : (  0.0333,  0.3667, -0.3667)
   Mode, Frequency 
      1     42.4630 cm^-1  (      1.2730 THz )
      2     56.4648 cm^-1  (      1.6928 THz )
      3     63.0829 cm^-1  (      1.8912 THz )

 # Irred. k point  408 : (  0.0333,  0.3667, -0.3333)
   Mode, Frequency 
      1     41.2722 cm^-1  (      1.2373 THz )
      2     58.0724 cm^-1  (      1.7410 THz )
      3     61.3473 cm^-1  (      1.8391 THz )

 # Irred. k point  409 : (  0.0333,  0.4000,  0.4333)
   Mode, Frequency 
      1     44.8984 cm^-1  (      1.3460 THz )
      2     45.2981 cm^-1  (      1.3580 THz )
      3     65.4112 cm^-1  (      1.9610 THz )

 # Irred. k point  410 : (  0.0333,  0.4000,  0.4667)
   Mode, Frequency 
      1     45.4365 cm^-1  (      1.3622 THz )
      2     46.5152 cm^-1  (      1.3945 THz )
      3     66.3410 cm^-1  (      1.9889 THz )

 # Irred. k point  411 : (  0.0333,  0.4000, -0.5000)
   Mode, Frequency 
      1     45.6624 cm^-1  (      1.3689 THz )
      2     48.0154 cm^-1  (      1.4395 THz )
      3     66.8541 cm^-1  (      2.0042 THz )

 # Irred. k point  412 : (  0.0333,  0.4000, -0.4667)
   Mode, Frequency 
      1     45.5848 cm^-1  (      1.3666 THz )
      2     49.7342 cm^-1  (      1.4910 THz )
      3     66.9091 cm^-1  (      2.0059 THz )

 # Irred. k point  413 : (  0.0333,  0.4000, -0.4333)
   Mode, Frequency 
      1     45.2108 cm^-1  (      1.3554 THz )
      2     51.5856 cm^-1  (      1.5465 THz )
      3     66.4933 cm^-1  (      1.9934 THz )

 # Irred. k point  414 : (  0.0333,  0.4000, -0.4000)
   Mode, Frequency 
      1     44.5523 cm^-1  (      1.3356 THz )
      2     53.4597 cm^-1  (      1.6027 THz )
      3     65.6280 cm^-1  (      1.9675 THz )

 # Irred. k point  415 : (  0.0333,  0.4000, -0.3667)
   Mode, Frequency 
      1     43.6277 cm^-1  (      1.3079 THz )
      2     55.1960 cm^-1  (      1.6547 THz )
      3     64.3997 cm^-1  (      1.9307 THz )

 # Irred. k point  416 : (  0.0333,  0.4333,  0.4667)
   Mode, Frequency 
      1     46.2042 cm^-1  (      1.3852 THz )
      2     46.5611 cm^-1  (      1.3959 THz )
      3     67.4330 cm^-1  (      2.0216 THz )

 # Irred. k point  417 : (  0.0333,  0.4333, -0.5000)
   Mode, Frequency 
      1     46.4849 cm^-1  (      1.3936 THz )
      2     47.5671 cm^-1  (      1.4260 THz )
      3     67.8946 cm^-1  (      2.0354 THz )

 # Irred. k point  418 : (  0.0333,  0.4333, -0.4667)
   Mode, Frequency 
      1     46.4345 cm^-1  (      1.3921 THz )
      2     48.8764 cm^-1  (      1.4653 THz )
      3     67.9266 cm^-1  (      2.0364 THz )

 # Irred. k point  419 : (  0.0333,  0.4333, -0.4333)
   Mode, Frequency 
      1     46.0852 cm^-1  (      1.3816 THz )
      2     50.3852 cm^-1  (      1.5105 THz )
      3     67.5240 cm^-1  (      2.0243 THz )

 # Irred. k point  420 : (  0.0333,  0.4333, -0.4000)
   Mode, Frequency 
      1     45.4517 cm^-1  (      1.3626 THz )
      2     51.9727 cm^-1  (      1.5581 THz )
      3     66.7229 cm^-1  (      2.0003 THz )

 # Irred. k point  421 : (  0.0333,  0.4667, -0.5000)
   Mode, Frequency 
      1     46.9927 cm^-1  (      1.4088 THz )
      2     47.3247 cm^-1  (      1.4188 THz )
      3     68.6609 cm^-1  (      2.0584 THz )

 # Irred. k point  422 : (  0.0333,  0.4667, -0.4667)
   Mode, Frequency 
      1     47.0103 cm^-1  (      1.4093 THz )
      2     48.0972 cm^-1  (      1.4419 THz )
      3     68.6792 cm^-1  (      2.0590 THz )

 # Irred. k point  423 : (  0.0333,  0.4667, -0.4333)
   Mode, Frequency 
      1     46.6921 cm^-1  (      1.3998 THz )
      2     49.1649 cm^-1  (      1.4739 THz )
      3     68.2866 cm^-1  (      2.0472 THz )

 # Irred. k point  424 : (  0.0333, -0.5000, -0.4667)
   Mode, Frequency 
      1     47.2564 cm^-1  (      1.4167 THz )
      2     47.5802 cm^-1  (      1.4264 THz )
      3     69.0727 cm^-1  (      2.0707 THz )

 # Irred. k point  425 : (  0.0667,  0.1333,  0.2000)
   Mode, Frequency 
      1     16.3301 cm^-1  (      0.4896 THz )
      2     21.7941 cm^-1  (      0.6534 THz )
      3     31.9217 cm^-1  (      0.9570 THz )

 # Irred. k point  426 : (  0.0667,  0.1333,  0.2333)
   Mode, Frequency 
      1     18.1775 cm^-1  (      0.5449 THz )
      2     24.7306 cm^-1  (      0.7414 THz )
      3     36.7458 cm^-1  (      1.1016 THz )

 # Irred. k point  427 : (  0.0667,  0.1333,  0.2667)
   Mode, Frequency 
      1     20.2564 cm^-1  (      0.6073 THz )
      2     27.2863 cm^-1  (      0.8180 THz )
      3     41.7419 cm^-1  (      1.2514 THz )

 # Irred. k point  428 : (  0.0667,  0.1333,  0.3000)
   Mode, Frequency 
      1     22.4338 cm^-1  (      0.6725 THz )
      2     29.5312 cm^-1  (      0.8853 THz )
      3     46.6382 cm^-1  (      1.3982 THz )

 # Irred. k point  429 : (  0.0667,  0.1333,  0.3333)
   Mode, Frequency 
      1     24.5983 cm^-1  (      0.7374 THz )
      2     31.4916 cm^-1  (      0.9441 THz )
      3     51.2580 cm^-1  (      1.5367 THz )

 # Irred. k point  430 : (  0.0667,  0.1333,  0.3667)
   Mode, Frequency 
      1     26.6617 cm^-1  (      0.7993 THz )
      2     33.1709 cm^-1  (      0.9944 THz )
      3     55.4771 cm^-1  (      1.6632 THz )

 # Irred. k point  431 : (  0.0667,  0.1333,  0.4000)
   Mode, Frequency 
      1     28.5529 cm^-1  (      0.8560 THz )
      2     34.5661 cm^-1  (      1.0363 THz )
      3     59.2005 cm^-1  (      1.7748 THz )

 # Irred. k point  432 : (  0.0667,  0.1333,  0.4333)
   Mode, Frequency 
      1     30.2121 cm^-1  (      0.9057 THz )
      2     35.6757 cm^-1  (      1.0695 THz )
      3     62.3513 cm^-1  (      1.8692 THz )

 # Irred. k point  433 : (  0.0667,  0.1333,  0.4667)
   Mode, Frequency 
      1     31.5853 cm^-1  (      0.9469 THz )
      2     36.5045 cm^-1  (      1.0944 THz )
      3     64.8674 cm^-1  (      1.9447 THz )

 # Irred. k point  434 : (  0.0667,  0.1333, -0.5000)
   Mode, Frequency 
      1     32.6213 cm^-1  (      0.9780 THz )
      2     37.0673 cm^-1  (      1.1112 THz )
      3     66.7001 cm^-1  (      1.9996 THz )

 # Irred. k point  435 : (  0.0667,  0.1333, -0.4667)
   Mode, Frequency 
      1     33.2705 cm^-1  (      0.9974 THz )
      2     37.3876 cm^-1  (      1.1209 THz )
      3     67.8140 cm^-1  (      2.0330 THz )

 # Irred. k point  436 : (  0.0667,  0.1333, -0.4333)
   Mode, Frequency 
      1     33.4923 cm^-1  (      1.0041 THz )
      2     37.4906 cm^-1  (      1.1239 THz )
      3     68.1877 cm^-1  (      2.0442 THz )

 # Irred. k point  437 : (  0.0667,  0.1667,  0.2333)
   Mode, Frequency 
      1     20.9786 cm^-1  (      0.6289 THz )
      2     25.8194 cm^-1  (      0.7740 THz )
      3     37.1237 cm^-1  (      1.1129 THz )

 # Irred. k point  438 : (  0.0667,  0.1667,  0.2667)
   Mode, Frequency 
      1     22.6198 cm^-1  (      0.6781 THz )
      2     28.5703 cm^-1  (      0.8565 THz )
      3     41.5324 cm^-1  (      1.2451 THz )

 # Irred. k point  439 : (  0.0667,  0.1667,  0.3000)
   Mode, Frequency 
      1     24.4552 cm^-1  (      0.7331 THz )
      2     30.9527 cm^-1  (      0.9279 THz )
      3     46.0349 cm^-1  (      1.3801 THz )

 # Irred. k point  440 : (  0.0667,  0.1667,  0.3333)
   Mode, Frequency 
      1     26.3790 cm^-1  (      0.7908 THz )
      2     33.0181 cm^-1  (      0.9899 THz )
      3     50.3984 cm^-1  (      1.5109 THz )

 # Irred. k point  441 : (  0.0667,  0.1667,  0.3667)
   Mode, Frequency 
      1     28.2855 cm^-1  (      0.8480 THz )
      2     34.7946 cm^-1  (      1.0431 THz )
      3     54.4612 cm^-1  (      1.6327 THz )

 # Irred. k point  442 : (  0.0667,  0.1667,  0.4000)
   Mode, Frequency 
      1     30.0792 cm^-1  (      0.9018 THz )
      2     36.2974 cm^-1  (      1.0882 THz )
      3     58.1062 cm^-1  (      1.7420 THz )

 # Irred. k point  443 : (  0.0667,  0.1667,  0.4333)
   Mode, Frequency 
      1     31.6737 cm^-1  (      0.9496 THz )
      2     37.5400 cm^-1  (      1.1254 THz )
      3     61.2440 cm^-1  (      1.8360 THz )

 # Irred. k point  444 : (  0.0667,  0.1667,  0.4667)
   Mode, Frequency 
      1     32.9899 cm^-1  (      0.9890 THz )
      2     38.5407 cm^-1  (      1.1554 THz )
      3     63.8045 cm^-1  (      1.9128 THz )

 # Irred. k point  445 : (  0.0667,  0.1667, -0.5000)
   Mode, Frequency 
      1     33.9575 cm^-1  (      1.0180 THz )
      2     39.3214 cm^-1  (      1.1788 THz )
      3     65.7335 cm^-1  (      1.9706 THz )

 # Irred. k point  446 : (  0.0667,  0.1667, -0.4667)
   Mode, Frequency 
      1     34.5222 cm^-1  (      1.0349 THz )
      2     39.9008 cm^-1  (      1.1962 THz )
      3     66.9913 cm^-1  (      2.0083 THz )

 # Irred. k point  447 : (  0.0667,  0.1667, -0.4333)
   Mode, Frequency 
      1     34.6572 cm^-1  (      1.0390 THz )
      2     40.2815 cm^-1  (      1.2076 THz )
      3     67.5529 cm^-1  (      2.0252 THz )

 # Irred. k point  448 : (  0.0667,  0.1667, -0.4000)
   Mode, Frequency 
      1     34.3675 cm^-1  (      1.0303 THz )
      2     40.4462 cm^-1  (      1.2125 THz )
      3     67.4079 cm^-1  (      2.0208 THz )

 # Irred. k point  449 : (  0.0667,  0.1667, -0.3667)
   Mode, Frequency 
      1     33.6814 cm^-1  (      1.0097 THz )
      2     40.3653 cm^-1  (      1.2101 THz )
      3     66.5609 cm^-1  (      1.9954 THz )

 # Irred. k point  450 : (  0.0667,  0.1667, -0.3333)
   Mode, Frequency 
      1     32.6386 cm^-1  (      0.9785 THz )
      2     40.0083 cm^-1  (      1.1994 THz )
      3     65.0317 cm^-1  (      1.9496 THz )

 # Irred. k point  451 : (  0.0667,  0.1667, -0.3000)
   Mode, Frequency 
      1     31.2834 cm^-1  (      0.9379 THz )
      2     39.3510 cm^-1  (      1.1797 THz )
      3     62.8557 cm^-1  (      1.8844 THz )

 # Irred. k point  452 : (  0.0667,  0.1667, -0.2667)
   Mode, Frequency 
      1     29.6635 cm^-1  (      0.8893 THz )
      2     38.3758 cm^-1  (      1.1505 THz )
      3     60.0844 cm^-1  (      1.8013 THz )

 # Irred. k point  453 : (  0.0667,  0.1667, -0.2333)
   Mode, Frequency 
      1     27.8320 cm^-1  (      0.8344 THz )
      2     37.0690 cm^-1  (      1.1113 THz )
      3     56.7871 cm^-1  (      1.7024 THz )

 # Irred. k point  454 : (  0.0667,  0.1667, -0.2000)
   Mode, Frequency 
      1     25.8507 cm^-1  (      0.7750 THz )
      2     35.4167 cm^-1  (      1.0618 THz )
      3     53.0544 cm^-1  (      1.5905 THz )

 # Irred. k point  455 : (  0.0667,  0.1667, -0.1667)
   Mode, Frequency 
      1     23.7939 cm^-1  (      0.7133 THz )
      2     33.3971 cm^-1  (      1.0012 THz )
      3     49.0054 cm^-1  (      1.4691 THz )

 # Irred. k point  456 : (  0.0667,  0.1667, -0.1333)
   Mode, Frequency 
      1     21.7532 cm^-1  (      0.6521 THz )
      2     30.9732 cm^-1  (      0.9286 THz )
      3     44.7974 cm^-1  (      1.3430 THz )

 # Irred. k point  457 : (  0.0667,  0.1667, -0.1000)
   Mode, Frequency 
      1     19.8399 cm^-1  (      0.5948 THz )
      2     28.0929 cm^-1  (      0.8422 THz )
      3     40.6340 cm^-1  (      1.2182 THz )

 # Irred. k point  458 : (  0.0667,  0.2000,  0.2667)
   Mode, Frequency 
      1     25.5287 cm^-1  (      0.7653 THz )
      2     29.7048 cm^-1  (      0.8905 THz )
      3     42.1908 cm^-1  (      1.2648 THz )

 # Irred. k point  459 : (  0.0667,  0.2000,  0.3000)
   Mode, Frequency 
      1     27.0277 cm^-1  (      0.8103 THz )
      2     32.2640 cm^-1  (      0.9673 THz )
      3     46.1340 cm^-1  (      1.3831 THz )

 # Irred. k point  460 : (  0.0667,  0.2000,  0.3333)
   Mode, Frequency 
      1     28.6763 cm^-1  (      0.8597 THz )
      2     34.4811 cm^-1  (      1.0337 THz )
      3     50.0864 cm^-1  (      1.5016 THz )

 # Irred. k point  461 : (  0.0667,  0.2000,  0.3667)
   Mode, Frequency 
      1     30.3766 cm^-1  (      0.9107 THz )
      2     36.3985 cm^-1  (      1.0912 THz )
      3     53.8538 cm^-1  (      1.6145 THz )

 # Irred. k point  462 : (  0.0667,  0.2000,  0.4000)
   Mode, Frequency 
      1     32.0196 cm^-1  (      0.9599 THz )
      2     38.0513 cm^-1  (      1.1407 THz )
      3     57.2950 cm^-1  (      1.7177 THz )

 # Irred. k point  463 : (  0.0667,  0.2000,  0.4333)
   Mode, Frequency 
      1     33.4970 cm^-1  (      1.0042 THz )
      2     39.4709 cm^-1  (      1.1833 THz )
      3     60.3052 cm^-1  (      1.8079 THz )

 # Irred. k point  464 : (  0.0667,  0.2000,  0.4667)
   Mode, Frequency 
      1     34.7087 cm^-1  (      1.0405 THz )
      2     40.6870 cm^-1  (      1.2198 THz )
      3     62.8053 cm^-1  (      1.8829 THz )

 # Irred. k point  465 : (  0.0667,  0.2000, -0.5000)
   Mode, Frequency 
      1     35.5729 cm^-1  (      1.0665 THz )
      2     41.7218 cm^-1  (      1.2508 THz )
      3     64.7357 cm^-1  (      1.9407 THz )

 # Irred. k point  466 : (  0.0667,  0.2000, -0.4667)
   Mode, Frequency 
      1     36.0390 cm^-1  (      1.0804 THz )
      2     42.5789 cm^-1  (      1.2765 THz )
      3     66.0534 cm^-1  (      1.9802 THz )

 # Irred. k point  467 : (  0.0667,  0.2000, -0.4333)
   Mode, Frequency 
      1     36.0919 cm^-1  (      1.0820 THz )
      2     43.2381 cm^-1  (      1.2962 THz )
      3     66.7312 cm^-1  (      2.0006 THz )

 # Irred. k point  468 : (  0.0667,  0.2000, -0.4000)
   Mode, Frequency 
      1     35.7456 cm^-1  (      1.0716 THz )
      2     43.6629 cm^-1  (      1.3090 THz )
      3     66.7575 cm^-1  (      2.0013 THz )

 # Irred. k point  469 : (  0.0667,  0.2000, -0.3667)
   Mode, Frequency 
      1     35.0296 cm^-1  (      1.0502 THz )
      2     43.8124 cm^-1  (      1.3135 THz )
      3     66.1368 cm^-1  (      1.9827 THz )

 # Irred. k point  470 : (  0.0667,  0.2000, -0.3333)
   Mode, Frequency 
      1     33.9808 cm^-1  (      1.0187 THz )
      2     43.6487 cm^-1  (      1.3086 THz )
      3     64.8906 cm^-1  (      1.9454 THz )

 # Irred. k point  471 : (  0.0667,  0.2000, -0.3000)
   Mode, Frequency 
      1     32.6408 cm^-1  (      0.9785 THz )
      2     43.1390 cm^-1  (      1.2933 THz )
      3     63.0584 cm^-1  (      1.8904 THz )

 # Irred. k point  472 : (  0.0667,  0.2000, -0.2667)
   Mode, Frequency 
      1     31.0562 cm^-1  (      0.9310 THz )
      2     42.2531 cm^-1  (      1.2667 THz )
      3     60.7000 cm^-1  (      1.8197 THz )

 # Irred. k point  473 : (  0.0667,  0.2000, -0.2333)
   Mode, Frequency 
      1     29.2805 cm^-1  (      0.8778 THz )
      2     40.9595 cm^-1  (      1.2279 THz )
      3     57.8985 cm^-1  (      1.7358 THz )

 # Irred. k point  474 : (  0.0667,  0.2000, -0.2000)
   Mode, Frequency 
      1     27.3776 cm^-1  (      0.8208 THz )
      2     39.2211 cm^-1  (      1.1758 THz )
      3     54.7637 cm^-1  (      1.6418 THz )

 # Irred. k point  475 : (  0.0667,  0.2000, -0.1667)
   Mode, Frequency 
      1     25.4241 cm^-1  (      0.7622 THz )
      2     36.9949 cm^-1  (      1.1091 THz )
      3     51.4330 cm^-1  (      1.5419 THz )

 # Irred. k point  476 : (  0.0667,  0.2000, -0.1333)
   Mode, Frequency 
      1     23.5131 cm^-1  (      0.7049 THz )
      2     34.2439 cm^-1  (      1.0266 THz )
      3     48.0621 cm^-1  (      1.4409 THz )

 # Irred. k point  477 : (  0.0667,  0.2333,  0.3000)
   Mode, Frequency 
      1     29.8105 cm^-1  (      0.8937 THz )
      2     33.3565 cm^-1  (      1.0000 THz )
      3     47.0459 cm^-1  (      1.4104 THz )

 # Irred. k point  478 : (  0.0667,  0.2333,  0.3333)
   Mode, Frequency 
      1     31.1963 cm^-1  (      0.9352 THz )
      2     35.7243 cm^-1  (      1.0710 THz )
      3     50.4805 cm^-1  (      1.5134 THz )

 # Irred. k point  479 : (  0.0667,  0.2333,  0.3667)
   Mode, Frequency 
      1     32.6783 cm^-1  (      0.9797 THz )
      2     37.7995 cm^-1  (      1.1332 THz )
      3     53.8342 cm^-1  (      1.6139 THz )

 # Irred. k point  480 : (  0.0667,  0.2333,  0.4000)
   Mode, Frequency 
      1     34.1493 cm^-1  (      1.0238 THz )
      2     39.6268 cm^-1  (      1.1880 THz )
      3     56.9504 cm^-1  (      1.7073 THz )

 # Irred. k point  481 : (  0.0667,  0.2333,  0.4333)
   Mode, Frequency 
      1     35.4880 cm^-1  (      1.0639 THz )
      2     41.2521 cm^-1  (      1.2367 THz )
      3     59.7124 cm^-1  (      1.7901 THz )

 # Irred. k point  482 : (  0.0667,  0.2333,  0.4667)
   Mode, Frequency 
      1     36.5792 cm^-1  (      1.0966 THz )
      2     42.7136 cm^-1  (      1.2805 THz )
      3     62.0335 cm^-1  (      1.8597 THz )

 # Irred. k point  483 : (  0.0667,  0.2333, -0.5000)
   Mode, Frequency 
      1     37.3354 cm^-1  (      1.1193 THz )
      2     44.0285 cm^-1  (      1.3199 THz )
      3     63.8500 cm^-1  (      1.9142 THz )

 # Irred. k point  484 : (  0.0667,  0.2333, -0.4667)
   Mode, Frequency 
      1     37.7100 cm^-1  (      1.1305 THz )
      2     45.1834 cm^-1  (      1.3546 THz )
      3     65.1179 cm^-1  (      1.9522 THz )

 # Irred. k point  485 : (  0.0667,  0.2333, -0.4333)
   Mode, Frequency 
      1     37.6942 cm^-1  (      1.1300 THz )
      2     46.1381 cm^-1  (      1.3832 THz )
      3     65.8106 cm^-1  (      1.9730 THz )

 # Irred. k point  486 : (  0.0667,  0.2333, -0.4000)
   Mode, Frequency 
      1     37.3034 cm^-1  (      1.1183 THz )
      2     46.8398 cm^-1  (      1.4042 THz )
      3     65.9193 cm^-1  (      1.9762 THz )

 # Irred. k point  487 : (  0.0667,  0.2333, -0.3667)
   Mode, Frequency 
      1     36.5653 cm^-1  (      1.0962 THz )
      2     47.2335 cm^-1  (      1.4160 THz )
      3     65.4535 cm^-1  (      1.9622 THz )

 # Irred. k point  488 : (  0.0667,  0.2333, -0.3333)
   Mode, Frequency 
      1     35.5144 cm^-1  (      1.0647 THz )
      2     47.2660 cm^-1  (      1.4170 THz )
      3     64.4434 cm^-1  (      1.9320 THz )

 # Irred. k point  489 : (  0.0667,  0.2333, -0.3000)
   Mode, Frequency 
      1     34.1902 cm^-1  (      1.0250 THz )
      2     46.8845 cm^-1  (      1.4056 THz )
      3     62.9418 cm^-1  (      1.8869 THz )

 # Irred. k point  490 : (  0.0667,  0.2333, -0.2667)
   Mode, Frequency 
      1     32.6390 cm^-1  (      0.9785 THz )
      2     46.0341 cm^-1  (      1.3801 THz )
      3     61.0272 cm^-1  (      1.8295 THz )

 # Irred. k point  491 : (  0.0667,  0.2333, -0.2333)
   Mode, Frequency 
      1     30.9150 cm^-1  (      0.9268 THz )
      2     44.6563 cm^-1  (      1.3388 THz )
      3     58.8036 cm^-1  (      1.7629 THz )

 # Irred. k point  492 : (  0.0667,  0.2333, -0.2000)
   Mode, Frequency 
      1     29.0834 cm^-1  (      0.8719 THz )
      2     42.6975 cm^-1  (      1.2800 THz )
      3     56.3920 cm^-1  (      1.6906 THz )

 # Irred. k point  493 : (  0.0667,  0.2333, -0.1667)
   Mode, Frequency 
      1     27.2222 cm^-1  (      0.8161 THz )
      2     40.1323 cm^-1  (      1.2031 THz )
      3     53.9079 cm^-1  (      1.6161 THz )

 # Irred. k point  494 : (  0.0667,  0.2667,  0.3333)
   Mode, Frequency 
      1     33.7231 cm^-1  (      1.0110 THz )
      2     36.7075 cm^-1  (      1.1005 THz )
      3     51.6054 cm^-1  (      1.5471 THz )

 # Irred. k point  495 : (  0.0667,  0.2667,  0.3667)
   Mode, Frequency 
      1     34.9966 cm^-1  (      1.0492 THz )
      2     38.8874 cm^-1  (      1.1658 THz )
      3     54.4999 cm^-1  (      1.6339 THz )

 # Irred. k point  496 : (  0.0667,  0.2667,  0.4000)
   Mode, Frequency 
      1     36.2968 cm^-1  (      1.0881 THz )
      2     40.8557 cm^-1  (      1.2248 THz )
      3     57.2206 cm^-1  (      1.7154 THz )

 # Irred. k point  497 : (  0.0667,  0.2667,  0.4333)
   Mode, Frequency 
      1     37.4982 cm^-1  (      1.1242 THz )
      2     42.6678 cm^-1  (      1.2791 THz )
      3     59.6452 cm^-1  (      1.7881 THz )

 # Irred. k point  498 : (  0.0667,  0.2667,  0.4667)
   Mode, Frequency 
      1     38.4756 cm^-1  (      1.1535 THz )
      2     44.3689 cm^-1  (      1.3301 THz )
      3     61.6830 cm^-1  (      1.8492 THz )

 # Irred. k point  499 : (  0.0667,  0.2667, -0.5000)
   Mode, Frequency 
      1     39.1368 cm^-1  (      1.1733 THz )
      2     45.9714 cm^-1  (      1.3782 THz )
      3     63.2696 cm^-1  (      1.8968 THz )

 # Irred. k point  500 : (  0.0667,  0.2667, -0.4667)
   Mode, Frequency 
      1     39.4366 cm^-1  (      1.1823 THz )
      2     47.4463 cm^-1  (      1.4224 THz )
      3     64.3622 cm^-1  (      1.9295 THz )

 # Irred. k point  501 : (  0.0667,  0.2667, -0.4333)
   Mode, Frequency 
      1     39.3676 cm^-1  (      1.1802 THz )
      2     48.7348 cm^-1  (      1.4610 THz )
      3     64.9394 cm^-1  (      1.9468 THz )

 # Irred. k point  502 : (  0.0667,  0.2667, -0.4000)
   Mode, Frequency 
      1     38.9444 cm^-1  (      1.1675 THz )
      2     49.7641 cm^-1  (      1.4919 THz )
      3     65.0012 cm^-1  (      1.9487 THz )

 # Irred. k point  503 : (  0.0667,  0.2667, -0.3667)
   Mode, Frequency 
      1     38.1922 cm^-1  (      1.1450 THz )
      2     50.4552 cm^-1  (      1.5126 THz )
      3     64.5725 cm^-1  (      1.9358 THz )

 # Irred. k point  504 : (  0.0667,  0.2667, -0.3333)
   Mode, Frequency 
      1     37.1431 cm^-1  (      1.1135 THz )
      2     50.7219 cm^-1  (      1.5206 THz )
      3     63.7085 cm^-1  (      1.9099 THz )

 # Irred. k point  505 : (  0.0667,  0.2667, -0.3000)
   Mode, Frequency 
      1     35.8355 cm^-1  (      1.0743 THz )
      2     50.4668 cm^-1  (      1.5130 THz )
      3     62.4990 cm^-1  (      1.8737 THz )

 # Irred. k point  506 : (  0.0667,  0.2667, -0.2667)
   Mode, Frequency 
      1     34.3153 cm^-1  (      1.0287 THz )
      2     49.5846 cm^-1  (      1.4865 THz )
      3     61.0649 cm^-1  (      1.8307 THz )

 # Irred. k point  507 : (  0.0667,  0.2667, -0.2333)
   Mode, Frequency 
      1     32.6372 cm^-1  (      0.9784 THz )
      2     47.9905 cm^-1  (      1.4387 THz )
      3     59.5296 cm^-1  (      1.7847 THz )

 # Irred. k point  508 : (  0.0667,  0.2667, -0.2000)
   Mode, Frequency 
      1     30.8671 cm^-1  (      0.9254 THz )
      2     45.6689 cm^-1  (      1.3691 THz )
      3     57.9696 cm^-1  (      1.7379 THz )

 # Irred. k point  509 : (  0.0667,  0.3000,  0.3667)
   Mode, Frequency 
      1     37.2012 cm^-1  (      1.1153 THz )
      2     39.7059 cm^-1  (      1.1904 THz )
      3     55.7804 cm^-1  (      1.6723 THz )

 # Irred. k point  510 : (  0.0667,  0.3000,  0.4000)
   Mode, Frequency 
      1     38.3421 cm^-1  (      1.1495 THz )
      2     41.7037 cm^-1  (      1.2502 THz )
      3     58.1179 cm^-1  (      1.7423 THz )

 # Irred. k point  511 : (  0.0667,  0.3000,  0.4333)
   Mode, Frequency 
      1     39.4207 cm^-1  (      1.1818 THz )
      2     43.6022 cm^-1  (      1.3072 THz )
      3     60.1915 cm^-1  (      1.8045 THz )

 # Irred. k point  512 : (  0.0667,  0.3000,  0.4667)
   Mode, Frequency 
      1     40.3030 cm^-1  (      1.2083 THz )
      2     45.4617 cm^-1  (      1.3629 THz )
      3     61.9065 cm^-1  (      1.8559 THz )

 # Irred. k point  513 : (  0.0667,  0.3000, -0.5000)
   Mode, Frequency 
      1     40.8896 cm^-1  (      1.2258 THz )
      2     47.2990 cm^-1  (      1.4180 THz )
      3     63.1962 cm^-1  (      1.8946 THz )

 # Irred. k point  514 : (  0.0667,  0.3000, -0.4667)
   Mode, Frequency 
      1     41.1335 cm^-1  (      1.2332 THz )
      2     49.0787 cm^-1  (      1.4713 THz )
      3     64.0179 cm^-1  (      1.9192 THz )

 # Irred. k point  515 : (  0.0667,  0.3000, -0.4333)
   Mode, Frequency 
      1     41.0269 cm^-1  (      1.2300 THz )
      2     50.7292 cm^-1  (      1.5208 THz )
      3     64.3525 cm^-1  (      1.9292 THz )

 # Irred. k point  516 : (  0.0667,  0.3000, -0.4000)
   Mode, Frequency 
      1     40.5823 cm^-1  (      1.2166 THz )
      2     52.1598 cm^-1  (      1.5637 THz )
      3     64.2086 cm^-1  (      1.9249 THz )

 # Irred. k point  517 : (  0.0667,  0.3000, -0.3667)
   Mode, Frequency 
      1     39.8230 cm^-1  (      1.1939 THz )
      2     53.2591 cm^-1  (      1.5967 THz )
      3     63.6343 cm^-1  (      1.9077 THz )

 # Irred. k point  518 : (  0.0667,  0.3000, -0.3333)
   Mode, Frequency 
      1     38.7793 cm^-1  (      1.1626 THz )
      2     53.8755 cm^-1  (      1.6151 THz )
      3     62.7415 cm^-1  (      1.8809 THz )

 # Irred. k point  519 : (  0.0667,  0.3000, -0.3000)
   Mode, Frequency 
      1     37.4884 cm^-1  (      1.1239 THz )
      2     53.7893 cm^-1  (      1.6126 THz )
      3     61.7333 cm^-1  (      1.8507 THz )

 # Irred. k point  520 : (  0.0667,  0.3000, -0.2667)
   Mode, Frequency 
      1     35.9960 cm^-1  (      1.0791 THz )
      2     52.7684 cm^-1  (      1.5820 THz )
      3     60.8491 cm^-1  (      1.8242 THz )

 # Irred. k point  521 : (  0.0667,  0.3000, -0.2333)
   Mode, Frequency 
      1     34.3570 cm^-1  (      1.0300 THz )
      2     50.7719 cm^-1  (      1.5221 THz )
      3     60.1601 cm^-1  (      1.8036 THz )

 # Irred. k point  522 : (  0.0667,  0.3333,  0.4000)
   Mode, Frequency 
      1     40.2006 cm^-1  (      1.2052 THz )
      2     42.3105 cm^-1  (      1.2684 THz )
      3     59.4822 cm^-1  (      1.7832 THz )

 # Irred. k point  523 : (  0.0667,  0.3333,  0.4333)
   Mode, Frequency 
      1     41.1756 cm^-1  (      1.2344 THz )
      2     44.1311 cm^-1  (      1.3230 THz )
      3     61.2615 cm^-1  (      1.8366 THz )

 # Irred. k point  524 : (  0.0667,  0.3333,  0.4667)
   Mode, Frequency 
      1     41.9868 cm^-1  (      1.2587 THz )
      2     45.9829 cm^-1  (      1.3785 THz )
      3     62.6967 cm^-1  (      1.8796 THz )

 # Irred. k point  525 : (  0.0667,  0.3333, -0.5000)
   Mode, Frequency 
      1     42.5220 cm^-1  (      1.2748 THz )
      2     47.9056 cm^-1  (      1.4362 THz )
      3     63.7150 cm^-1  (      1.9101 THz )

 # Irred. k point  526 : (  0.0667,  0.3333, -0.4667)
   Mode, Frequency 
      1     42.7291 cm^-1  (      1.2810 THz )
      2     49.8723 cm^-1  (      1.4951 THz )
      3     64.2668 cm^-1  (      1.9267 THz )

 # Irred. k point  527 : (  0.0667,  0.3333, -0.4333)
   Mode, Frequency 
      1     42.5988 cm^-1  (      1.2771 THz )
      2     51.8143 cm^-1  (      1.5534 THz )
      3     64.3243 cm^-1  (      1.9284 THz )

 # Irred. k point  528 : (  0.0667,  0.3333, -0.4000)
   Mode, Frequency 
      1     42.1427 cm^-1  (      1.2634 THz )
      2     53.6456 cm^-1  (      1.6083 THz )
      3     63.8829 cm^-1  (      1.9152 THz )

 # Irred. k point  529 : (  0.0667,  0.3333, -0.3667)
   Mode, Frequency 
      1     41.3822 cm^-1  (      1.2406 THz )
      2     55.2617 cm^-1  (      1.6567 THz )
      3     62.9748 cm^-1  (      1.8879 THz )

 # Irred. k point  530 : (  0.0667,  0.3333, -0.3333)
   Mode, Frequency 
      1     40.3465 cm^-1  (      1.2096 THz )
      2     56.4813 cm^-1  (      1.6933 THz )
      3     61.7321 cm^-1  (      1.8507 THz )

 # Irred. k point  531 : (  0.0667,  0.3333, -0.3000)
   Mode, Frequency 
      1     39.0719 cm^-1  (      1.1713 THz )
      2     56.7745 cm^-1  (      1.7021 THz )
      3     60.6587 cm^-1  (      1.8185 THz )

 # Irred. k point  532 : (  0.0667,  0.3333, -0.2667)
   Mode, Frequency 
      1     37.6035 cm^-1  (      1.1273 THz )
      2     55.3639 cm^-1  (      1.6598 THz )
      3     60.5301 cm^-1  (      1.8146 THz )

 # Irred. k point  533 : (  0.0667,  0.3667,  0.4333)
   Mode, Frequency 
      1     42.6904 cm^-1  (      1.2798 THz )
      2     44.4873 cm^-1  (      1.3337 THz )
      3     62.6288 cm^-1  (      1.8776 THz )

 # Irred. k point  534 : (  0.0667,  0.3667,  0.4667)
   Mode, Frequency 
      1     43.4618 cm^-1  (      1.3030 THz )
      2     46.1318 cm^-1  (      1.3830 THz )
      3     63.8632 cm^-1  (      1.9146 THz )

 # Irred. k point  535 : (  0.0667,  0.3667, -0.5000)
   Mode, Frequency 
      1     43.9731 cm^-1  (      1.3183 THz )
      2     47.9302 cm^-1  (      1.4369 THz )
      3     64.6928 cm^-1  (      1.9394 THz )

 # Irred. k point  536 : (  0.0667,  0.3667, -0.4667)
   Mode, Frequency 
      1     44.1629 cm^-1  (      1.3240 THz )
      2     49.8745 cm^-1  (      1.4952 THz )
      3     65.0634 cm^-1  (      1.9506 THz )

 # Irred. k point  537 : (  0.0667,  0.3667, -0.4333)
   Mode, Frequency 
      1     44.0221 cm^-1  (      1.3197 THz )
      2     51.9006 cm^-1  (      1.5559 THz )
      3     64.9403 cm^-1  (      1.9469 THz )

 # Irred. k point  538 : (  0.0667,  0.3667, -0.4000)
   Mode, Frequency 
      1     43.5628 cm^-1  (      1.3060 THz )
      2     53.9288 cm^-1  (      1.6167 THz )
      3     64.3055 cm^-1  (      1.9278 THz )

 # Irred. k point  539 : (  0.0667,  0.3667, -0.3667)
   Mode, Frequency 
      1     42.8060 cm^-1  (      1.2833 THz )
      2     55.8819 cm^-1  (      1.6753 THz )
      3     63.1552 cm^-1  (      1.8933 THz )

 # Irred. k point  540 : (  0.0667,  0.3667, -0.3333)
   Mode, Frequency 
      1     41.7800 cm^-1  (      1.2525 THz )
      2     57.6914 cm^-1  (      1.7295 THz )
      3     61.4996 cm^-1  (      1.8437 THz )

 # Irred. k point  541 : (  0.0667,  0.3667, -0.3000)
   Mode, Frequency 
      1     40.5205 cm^-1  (      1.2148 THz )
      2     59.2880 cm^-1  (      1.7774 THz )
      3     59.3722 cm^-1  (      1.7799 THz )

 # Irred. k point  542 : (  0.0667,  0.4000,  0.4667)
   Mode, Frequency 
      1     44.6484 cm^-1  (      1.3385 THz )
      2     46.2090 cm^-1  (      1.3853 THz )
      3     65.1499 cm^-1  (      1.9531 THz )

 # Irred. k point  543 : (  0.0667,  0.4000, -0.5000)
   Mode, Frequency 
      1     45.1823 cm^-1  (      1.3545 THz )
      2     47.6705 cm^-1  (      1.4291 THz )
      3     65.8661 cm^-1  (      1.9746 THz )

 # Irred. k point  544 : (  0.0667,  0.4000, -0.4667)
   Mode, Frequency 
      1     45.3819 cm^-1  (      1.3605 THz )
      2     49.3759 cm^-1  (      1.4803 THz )
      3     66.1444 cm^-1  (      1.9830 THz )

 # Irred. k point  545 : (  0.0667,  0.4000, -0.4333)
   Mode, Frequency 
      1     45.2451 cm^-1  (      1.3564 THz )
      2     51.2554 cm^-1  (      1.5366 THz )
      3     65.9548 cm^-1  (      1.9773 THz )

 # Irred. k point  546 : (  0.0667,  0.4000, -0.4000)
   Mode, Frequency 
      1     44.7906 cm^-1  (      1.3428 THz )
      2     53.2095 cm^-1  (      1.5952 THz )
      3     65.2905 cm^-1  (      1.9574 THz )

 # Irred. k point  547 : (  0.0667,  0.4000, -0.3667)
   Mode, Frequency 
      1     44.0416 cm^-1  (      1.3203 THz )
      2     55.1229 cm^-1  (      1.6525 THz )
      3     64.1784 cm^-1  (      1.9240 THz )

 # Irred. k point  548 : (  0.0667,  0.4000, -0.3333)
   Mode, Frequency 
      1     43.0263 cm^-1  (      1.2899 THz )
      2     56.8133 cm^-1  (      1.7032 THz )
      3     62.7332 cm^-1  (      1.8807 THz )

 # Irred. k point  549 : (  0.0667,  0.4333, -0.5000)
   Mode, Frequency 
      1     46.0584 cm^-1  (      1.3808 THz )
      2     47.4543 cm^-1  (      1.4226 THz )
      3     66.9900 cm^-1  (      2.0083 THz )

 # Irred. k point  550 : (  0.0667,  0.4333, -0.4667)
   Mode, Frequency 
      1     46.3300 cm^-1  (      1.3889 THz )
      2     48.7162 cm^-1  (      1.4605 THz )
      3     67.2260 cm^-1  (      2.0154 THz )

 # Irred. k point  551 : (  0.0667,  0.4333, -0.4333)
   Mode, Frequency 
      1     46.2224 cm^-1  (      1.3857 THz )
      2     50.2658 cm^-1  (      1.5069 THz )
      3     67.0257 cm^-1  (      2.0094 THz )

 # Irred. k point  552 : (  0.0667,  0.4333, -0.4000)
   Mode, Frequency 
      1     45.7830 cm^-1  (      1.3725 THz )
      2     51.9668 cm^-1  (      1.5579 THz )
      3     66.3972 cm^-1  (      1.9905 THz )

 # Irred. k point  553 : (  0.0667,  0.4333, -0.3667)
   Mode, Frequency 
      1     45.0457 cm^-1  (      1.3504 THz )
      2     53.6637 cm^-1  (      1.6088 THz )
      3     65.3955 cm^-1  (      1.9605 THz )

 # Irred. k point  554 : (  0.0667,  0.4667, -0.4667)
   Mode, Frequency 
      1     46.9090 cm^-1  (      1.4063 THz )
      2     48.2077 cm^-1  (      1.4452 THz )
      3     68.1097 cm^-1  (      2.0419 THz )

 # Irred. k point  555 : (  0.0667,  0.4667, -0.4333)
   Mode, Frequency 
      1     46.9037 cm^-1  (      1.4061 THz )
      2     49.2453 cm^-1  (      1.4763 THz )
      3     67.9133 cm^-1  (      2.0360 THz )

 # Irred. k point  556 : (  0.0667,  0.4667, -0.4000)
   Mode, Frequency 
      1     46.5018 cm^-1  (      1.3941 THz )
      2     50.5661 cm^-1  (      1.5159 THz )
      3     67.3212 cm^-1  (      2.0182 THz )

 # Irred. k point  557 : (  0.0667, -0.5000, -0.4333)
   Mode, Frequency 
      1     47.1933 cm^-1  (      1.4148 THz )
      2     48.4599 cm^-1  (      1.4528 THz )
      3     68.4855 cm^-1  (      2.0531 THz )

 # Irred. k point  558 : (  0.1000,  0.2000,  0.3000)
   Mode, Frequency 
      1     24.1221 cm^-1  (      0.7232 THz )
      2     31.7275 cm^-1  (      0.9512 THz )
      3     45.0830 cm^-1  (      1.3516 THz )

 # Irred. k point  559 : (  0.1000,  0.2000,  0.3333)
   Mode, Frequency 
      1     25.8308 cm^-1  (      0.7744 THz )
      2     34.4352 cm^-1  (      1.0323 THz )
      3     48.7931 cm^-1  (      1.4628 THz )

 # Irred. k point  560 : (  0.1000,  0.2000,  0.3667)
   Mode, Frequency 
      1     27.6450 cm^-1  (      0.8288 THz )
      2     36.7032 cm^-1  (      1.1003 THz )
      3     52.4754 cm^-1  (      1.5732 THz )

 # Irred. k point  561 : (  0.1000,  0.2000,  0.4000)
   Mode, Frequency 
      1     29.4612 cm^-1  (      0.8832 THz )
      2     38.5714 cm^-1  (      1.1563 THz )
      3     55.9597 cm^-1  (      1.6776 THz )

 # Irred. k point  562 : (  0.1000,  0.2000,  0.4333)
   Mode, Frequency 
      1     31.1852 cm^-1  (      0.9349 THz )
      2     40.0771 cm^-1  (      1.2015 THz )
      3     59.1081 cm^-1  (      1.7720 THz )

 # Irred. k point  563 : (  0.1000,  0.2000,  0.4667)
   Mode, Frequency 
      1     32.7336 cm^-1  (      0.9813 THz )
      2     41.2507 cm^-1  (      1.2367 THz )
      3     61.8144 cm^-1  (      1.8531 THz )

 # Irred. k point  564 : (  0.1000,  0.2000, -0.5000)
   Mode, Frequency 
      1     34.0326 cm^-1  (      1.0203 THz )
      2     42.1196 cm^-1  (      1.2627 THz )
      3     63.9976 cm^-1  (      1.9186 THz )

 # Irred. k point  565 : (  0.1000,  0.2000, -0.4667)
   Mode, Frequency 
      1     35.0173 cm^-1  (      1.0498 THz )
      2     42.7112 cm^-1  (      1.2804 THz )
      3     65.5983 cm^-1  (      1.9666 THz )

 # Irred. k point  566 : (  0.1000,  0.2000, -0.4333)
   Mode, Frequency 
      1     35.6334 cm^-1  (      1.0683 THz )
      2     43.0519 cm^-1  (      1.2907 THz )
      3     66.5750 cm^-1  (      1.9959 THz )

 # Irred. k point  567 : (  0.1000,  0.2000, -0.4000)
   Mode, Frequency 
      1     35.8434 cm^-1  (      1.0746 THz )
      2     43.1628 cm^-1  (      1.2940 THz )
      3     66.9032 cm^-1  (      2.0057 THz )

 # Irred. k point  568 : (  0.1000,  0.2333,  0.3333)
   Mode, Frequency 
      1     28.3930 cm^-1  (      0.8512 THz )
      2     35.1961 cm^-1  (      1.0552 THz )
      3     49.2992 cm^-1  (      1.4780 THz )

 # Irred. k point  569 : (  0.1000,  0.2333,  0.3667)
   Mode, Frequency 
      1     29.9262 cm^-1  (      0.8972 THz )
      2     37.7208 cm^-1  (      1.1308 THz )
      3     52.5094 cm^-1  (      1.5742 THz )

 # Irred. k point  570 : (  0.1000,  0.2333,  0.4000)
   Mode, Frequency 
      1     31.5302 cm^-1  (      0.9453 THz )
      2     39.8443 cm^-1  (      1.1945 THz )
      3     55.6148 cm^-1  (      1.6673 THz )

 # Irred. k point  571 : (  0.1000,  0.2333,  0.4333)
   Mode, Frequency 
      1     33.0998 cm^-1  (      0.9923 THz )
      2     41.6001 cm^-1  (      1.2471 THz )
      3     58.4795 cm^-1  (      1.7532 THz )

 # Irred. k point  572 : (  0.1000,  0.2333,  0.4667)
   Mode, Frequency 
      1     34.5331 cm^-1  (      1.0353 THz )
      2     43.0270 cm^-1  (      1.2899 THz )
      3     60.9906 cm^-1  (      1.8285 THz )

 # Irred. k point  573 : (  0.1000,  0.2333, -0.5000)
   Mode, Frequency 
      1     35.7371 cm^-1  (      1.0714 THz )
      2     44.1625 cm^-1  (      1.3240 THz )
      3     63.0599 cm^-1  (      1.8905 THz )

 # Irred. k point  574 : (  0.1000,  0.2333, -0.4667)
   Mode, Frequency 
      1     36.6325 cm^-1  (      1.0982 THz )
      2     45.0386 cm^-1  (      1.3502 THz )
      3     64.6220 cm^-1  (      1.9373 THz )

 # Irred. k point  575 : (  0.1000,  0.2333, -0.4333)
   Mode, Frequency 
      1     37.1597 cm^-1  (      1.1140 THz )
      2     45.6772 cm^-1  (      1.3694 THz )
      3     65.6313 cm^-1  (      1.9676 THz )

 # Irred. k point  576 : (  0.1000,  0.2333, -0.4000)
   Mode, Frequency 
      1     37.2863 cm^-1  (      1.1178 THz )
      2     46.0837 cm^-1  (      1.3816 THz )
      3     66.0612 cm^-1  (      1.9805 THz )

 # Irred. k point  577 : (  0.1000,  0.2333, -0.3667)
   Mode, Frequency 
      1     37.0089 cm^-1  (      1.1095 THz )
      2     46.2452 cm^-1  (      1.3864 THz )
      3     65.9028 cm^-1  (      1.9757 THz )

 # Irred. k point  578 : (  0.1000,  0.2333, -0.3333)
   Mode, Frequency 
      1     36.3497 cm^-1  (      1.0897 THz )
      2     46.1336 cm^-1  (      1.3831 THz )
      3     65.1656 cm^-1  (      1.9536 THz )

 # Irred. k point  579 : (  0.1000,  0.2333, -0.3000)
   Mode, Frequency 
      1     35.3495 cm^-1  (      1.0598 THz )
      2     45.7123 cm^-1  (      1.3704 THz )
      3     63.8777 cm^-1  (      1.9150 THz )

 # Irred. k point  580 : (  0.1000,  0.2333, -0.2667)
   Mode, Frequency 
      1     34.0613 cm^-1  (      1.0211 THz )
      2     44.9409 cm^-1  (      1.3473 THz )
      3     62.0879 cm^-1  (      1.8613 THz )

 # Irred. k point  581 : (  0.1000,  0.2333, -0.2333)
   Mode, Frequency 
      1     32.5477 cm^-1  (      0.9758 THz )
      2     43.7773 cm^-1  (      1.3124 THz )
      3     59.8671 cm^-1  (      1.7948 THz )

 # Irred. k point  582 : (  0.1000,  0.2333, -0.2000)
   Mode, Frequency 
      1     30.8804 cm^-1  (      0.9258 THz )
      2     42.1773 cm^-1  (      1.2644 THz )
      3     57.3093 cm^-1  (      1.7181 THz )

 # Irred. k point  583 : (  0.1000,  0.2333, -0.1667)
   Mode, Frequency 
      1     29.1417 cm^-1  (      0.8736 THz )
      2     40.0987 cm^-1  (      1.2021 THz )
      3     54.5296 cm^-1  (      1.6348 THz )

 # Irred. k point  584 : (  0.1000,  0.2333, -0.1333)
   Mode, Frequency 
      1     27.4247 cm^-1  (      0.8222 THz )
      2     37.5136 cm^-1  (      1.1246 THz )
      3     51.6529 cm^-1  (      1.5485 THz )

 # Irred. k point  585 : (  0.1000,  0.2667,  0.3667)
   Mode, Frequency 
      1     32.4436 cm^-1  (      0.9726 THz )
      2     38.4119 cm^-1  (      1.1516 THz )
      3     53.2195 cm^-1  (      1.5955 THz )

 # Irred. k point  586 : (  0.1000,  0.2667,  0.4000)
   Mode, Frequency 
      1     33.8168 cm^-1  (      1.0138 THz )
      2     40.7516 cm^-1  (      1.2217 THz )
      3     55.8913 cm^-1  (      1.6756 THz )

 # Irred. k point  587 : (  0.1000,  0.2667,  0.4333)
   Mode, Frequency 
      1     35.2100 cm^-1  (      1.0556 THz )
      2     42.7571 cm^-1  (      1.2818 THz )
      3     58.3782 cm^-1  (      1.7501 THz )

 # Irred. k point  588 : (  0.1000,  0.2667,  0.4667)
   Mode, Frequency 
      1     36.5081 cm^-1  (      1.0945 THz )
      2     44.4622 cm^-1  (      1.3329 THz )
      3     60.5774 cm^-1  (      1.8161 THz )

 # Irred. k point  589 : (  0.1000,  0.2667, -0.5000)
   Mode, Frequency 
      1     37.6014 cm^-1  (      1.1273 THz )
      2     45.9046 cm^-1  (      1.3762 THz )
      3     62.4049 cm^-1  (      1.8709 THz )

 # Irred. k point  590 : (  0.1000,  0.2667, -0.4667)
   Mode, Frequency 
      1     38.3981 cm^-1  (      1.1511 THz )
      2     47.1133 cm^-1  (      1.4124 THz )
      3     63.7970 cm^-1  (      1.9126 THz )

 # Irred. k point  591 : (  0.1000,  0.2667, -0.4333)
   Mode, Frequency 
      1     38.8352 cm^-1  (      1.1642 THz )
      2     48.0978 cm^-1  (      1.4419 THz )
      3     64.7106 cm^-1  (      1.9400 THz )

 # Irred. k point  592 : (  0.1000,  0.2667, -0.4000)
   Mode, Frequency 
      1     38.8843 cm^-1  (      1.1657 THz )
      2     48.8429 cm^-1  (      1.4643 THz )
      3     65.1228 cm^-1  (      1.9523 THz )

 # Irred. k point  593 : (  0.1000,  0.2667, -0.3667)
   Mode, Frequency 
      1     38.5481 cm^-1  (      1.1556 THz )
      2     49.3114 cm^-1  (      1.4783 THz )
      3     65.0314 cm^-1  (      1.9496 THz )

 # Irred. k point  594 : (  0.1000,  0.2667, -0.3333)
   Mode, Frequency 
      1     37.8525 cm^-1  (      1.1348 THz )
      2     49.4505 cm^-1  (      1.4825 THz )
      3     64.4558 cm^-1  (      1.9323 THz )

 # Irred. k point  595 : (  0.1000,  0.2667, -0.3000)
   Mode, Frequency 
      1     36.8386 cm^-1  (      1.1044 THz )
      2     49.1986 cm^-1  (      1.4749 THz )
      3     63.4397 cm^-1  (      1.9019 THz )

 # Irred. k point  596 : (  0.1000,  0.2667, -0.2667)
   Mode, Frequency 
      1     35.5580 cm^-1  (      1.0660 THz )
      2     48.4888 cm^-1  (      1.4537 THz )
      3     62.0507 cm^-1  (      1.8602 THz )

 # Irred. k point  597 : (  0.1000,  0.2667, -0.2333)
   Mode, Frequency 
      1     34.0719 cm^-1  (      1.0214 THz )
      2     47.2552 cm^-1  (      1.4167 THz )
      3     60.3775 cm^-1  (      1.8101 THz )

 # Irred. k point  598 : (  0.1000,  0.2667, -0.2000)
   Mode, Frequency 
      1     32.4510 cm^-1  (      0.9729 THz )
      2     45.4462 cm^-1  (      1.3624 THz )
      3     58.5166 cm^-1  (      1.7543 THz )

 # Irred. k point  599 : (  0.1000,  0.2667, -0.1667)
   Mode, Frequency 
      1     30.7768 cm^-1  (      0.9227 THz )
      2     43.0468 cm^-1  (      1.2905 THz )
      3     56.5504 cm^-1  (      1.6953 THz )

 # Irred. k point  600 : (  0.1000,  0.3000,  0.4000)
   Mode, Frequency 
      1     36.1377 cm^-1  (      1.0834 THz )
      2     41.3100 cm^-1  (      1.2384 THz )
      3     56.7812 cm^-1  (      1.7023 THz )

 # Irred. k point  601 : (  0.1000,  0.3000,  0.4333)
   Mode, Frequency 
      1     37.3496 cm^-1  (      1.1197 THz )
      2     43.4676 cm^-1  (      1.3031 THz )
      3     58.8891 cm^-1  (      1.7655 THz )

 # Irred. k point  602 : (  0.1000,  0.3000,  0.4667)
   Mode, Frequency 
      1     38.5100 cm^-1  (      1.1545 THz )
      2     45.3914 cm^-1  (      1.3608 THz )
      3     60.7317 cm^-1  (      1.8207 THz )

 # Irred. k point  603 : (  0.1000,  0.3000, -0.5000)
   Mode, Frequency 
      1     39.4943 cm^-1  (      1.1840 THz )
      2     47.1184 cm^-1  (      1.4126 THz )
      3     62.2347 cm^-1  (      1.8657 THz )

 # Irred. k point  604 : (  0.1000,  0.3000, -0.4667)
   Mode, Frequency 
      1     40.1981 cm^-1  (      1.2051 THz )
      2     48.6720 cm^-1  (      1.4591 THz )
      3     63.3430 cm^-1  (      1.8990 THz )

 # Irred. k point  605 : (  0.1000,  0.3000, -0.4333)
   Mode, Frequency 
      1     40.5545 cm^-1  (      1.2158 THz )
      2     50.0452 cm^-1  (      1.5003 THz )
      3     64.0222 cm^-1  (      1.9193 THz )

 # Irred. k point  606 : (  0.1000,  0.3000, -0.4000)
   Mode, Frequency 
      1     40.5371 cm^-1  (      1.2153 THz )
      2     51.1967 cm^-1  (      1.5348 THz )
      3     64.2617 cm^-1  (      1.9265 THz )

 # Irred. k point  607 : (  0.1000,  0.3000, -0.3667)
   Mode, Frequency 
      1     40.1519 cm^-1  (      1.2037 THz )
      2     52.0547 cm^-1  (      1.5606 THz )
      3     64.0783 cm^-1  (      1.9210 THz )

 # Irred. k point  608 : (  0.1000,  0.3000, -0.3333)
   Mode, Frequency 
      1     39.4261 cm^-1  (      1.1820 THz )
      2     52.5220 cm^-1  (      1.5746 THz )
      3     63.5242 cm^-1  (      1.9044 THz )

 # Irred. k point  609 : (  0.1000,  0.3000, -0.3000)
   Mode, Frequency 
      1     38.4001 cm^-1  (      1.1512 THz )
      2     52.4780 cm^-1  (      1.5732 THz )
      3     62.6916 cm^-1  (      1.8794 THz )

 # Irred. k point  610 : (  0.1000,  0.3000, -0.2667)
   Mode, Frequency 
      1     37.1246 cm^-1  (      1.1130 THz )
      2     51.7926 cm^-1  (      1.5527 THz )
      3     61.7035 cm^-1  (      1.8498 THz )

 # Irred. k point  611 : (  0.1000,  0.3000, -0.2333)
   Mode, Frequency 
      1     35.6594 cm^-1  (      1.0690 THz )
      2     50.3741 cm^-1  (      1.5102 THz )
      3     60.6673 cm^-1  (      1.8188 THz )

 # Irred. k point  612 : (  0.1000,  0.3000, -0.2000)
   Mode, Frequency 
      1     34.0745 cm^-1  (      1.0215 THz )
      2     48.2258 cm^-1  (      1.4458 THz )
      3     59.6173 cm^-1  (      1.7873 THz )

 # Irred. k point  613 : (  0.1000,  0.3333,  0.4333)
   Mode, Frequency 
      1     39.3813 cm^-1  (      1.1806 THz )
      2     43.8399 cm^-1  (      1.3143 THz )
      3     59.9219 cm^-1  (      1.7964 THz )

 # Irred. k point  614 : (  0.1000,  0.3333,  0.4667)
   Mode, Frequency 
      1     40.4144 cm^-1  (      1.2116 THz )
      2     45.8209 cm^-1  (      1.3737 THz )
      3     61.4581 cm^-1  (      1.8425 THz )

 # Irred. k point  615 : (  0.1000,  0.3333, -0.5000)
   Mode, Frequency 
      1     41.3046 cm^-1  (      1.2383 THz )
      2     47.6978 cm^-1  (      1.4299 THz )
      3     62.6535 cm^-1  (      1.8783 THz )

 # Irred. k point  616 : (  0.1000,  0.3333, -0.4667)
   Mode, Frequency 
      1     41.9324 cm^-1  (      1.2571 THz )
      2     49.5032 cm^-1  (      1.4841 THz )
      3     63.4547 cm^-1  (      1.9023 THz )

 # Irred. k point  617 : (  0.1000,  0.3333, -0.4333)
   Mode, Frequency 
      1     42.2243 cm^-1  (      1.2659 THz )
      2     51.2278 cm^-1  (      1.5358 THz )
      3     63.8284 cm^-1  (      1.9135 THz )

 # Irred. k point  618 : (  0.1000,  0.3333, -0.4000)
   Mode, Frequency 
      1     42.1542 cm^-1  (      1.2638 THz )
      2     52.8169 cm^-1  (      1.5834 THz )
      3     63.7663 cm^-1  (      1.9117 THz )

 # Irred. k point  619 : (  0.1000,  0.3333, -0.3667)
   Mode, Frequency 
      1     41.7302 cm^-1  (      1.2510 THz )
      2     54.1743 cm^-1  (      1.6241 THz )
      3     63.2968 cm^-1  (      1.8976 THz )

 # Irred. k point  620 : (  0.1000,  0.3333, -0.3333)
   Mode, Frequency 
      1     40.9799 cm^-1  (      1.2285 THz )
      2     55.1450 cm^-1  (      1.6532 THz )
      3     62.5179 cm^-1  (      1.8742 THz )

 # Irred. k point  621 : (  0.1000,  0.3333, -0.3000)
   Mode, Frequency 
      1     39.9434 cm^-1  (      1.1975 THz )
      2     55.4575 cm^-1  (      1.6626 THz )
      3     61.6629 cm^-1  (      1.8486 THz )

 # Irred. k point  622 : (  0.1000,  0.3333, -0.2667)
   Mode, Frequency 
      1     38.6701 cm^-1  (      1.1593 THz )
      2     54.7521 cm^-1  (      1.6414 THz )
      3     61.0752 cm^-1  (      1.8310 THz )

 # Irred. k point  623 : (  0.1000,  0.3333, -0.2333)
   Mode, Frequency 
      1     37.2189 cm^-1  (      1.1158 THz )
      2     52.9616 cm^-1  (      1.5877 THz )
      3     60.8293 cm^-1  (      1.8236 THz )

 # Irred. k point  624 : (  0.1000,  0.3667,  0.4667)
   Mode, Frequency 
      1     42.1077 cm^-1  (      1.2624 THz )
      2     45.9618 cm^-1  (      1.3779 THz )
      3     62.5825 cm^-1  (      1.8762 THz )

 # Irred. k point  625 : (  0.1000,  0.3667, -0.5000)
   Mode, Frequency 
      1     42.9327 cm^-1  (      1.2871 THz )
      2     47.7703 cm^-1  (      1.4321 THz )
      3     63.5596 cm^-1  (      1.9055 THz )

 # Irred. k point  626 : (  0.1000,  0.3667, -0.4667)
   Mode, Frequency 
      1     43.5130 cm^-1  (      1.3045 THz )
      2     49.6158 cm^-1  (      1.4874 THz )
      3     64.1349 cm^-1  (      1.9227 THz )

 # Irred. k point  627 : (  0.1000,  0.3667, -0.4333)
   Mode, Frequency 
      1     43.7631 cm^-1  (      1.3120 THz )
      2     51.5053 cm^-1  (      1.5441 THz )
      3     64.2684 cm^-1  (      1.9267 THz )

 # Irred. k point  628 : (  0.1000,  0.3667, -0.4000)
   Mode, Frequency 
      1     43.6566 cm^-1  (      1.3088 THz )
      2     53.3921 cm^-1  (      1.6007 THz )
      3     63.9369 cm^-1  (      1.9168 THz )

 # Irred. k point  629 : (  0.1000,  0.3667, -0.3667)
   Mode, Frequency 
      1     43.2041 cm^-1  (      1.2952 THz )
      2     55.1997 cm^-1  (      1.6548 THz )
      3     63.1370 cm^-1  (      1.8928 THz )

 # Irred. k point  630 : (  0.1000,  0.3667, -0.3333)
   Mode, Frequency 
      1     42.4348 cm^-1  (      1.2722 THz )
      2     56.8234 cm^-1  (      1.7035 THz )
      3     61.9042 cm^-1  (      1.8558 THz )

 # Irred. k point  631 : (  0.1000,  0.3667, -0.3000)
   Mode, Frequency 
      1     41.3887 cm^-1  (      1.2408 THz )
      2     57.9687 cm^-1  (      1.7379 THz )
      3     60.4842 cm^-1  (      1.8133 THz )

 # Irred. k point  632 : (  0.1000,  0.3667, -0.2667)
   Mode, Frequency 
      1     40.1143 cm^-1  (      1.2026 THz )
      2     57.1731 cm^-1  (      1.7140 THz )
      3     60.3137 cm^-1  (      1.8082 THz )

 # Irred. k point  633 : (  0.1000,  0.4000, -0.5000)
   Mode, Frequency 
      1     44.2700 cm^-1  (      1.3272 THz )
      2     47.6442 cm^-1  (      1.4283 THz )
      3     64.7102 cm^-1  (      1.9400 THz )

 # Irred. k point  634 : (  0.1000,  0.4000, -0.4667)
   Mode, Frequency 
      1     44.8519 cm^-1  (      1.3446 THz )
      2     49.2776 cm^-1  (      1.4773 THz )
      3     65.1624 cm^-1  (      1.9535 THz )

 # Irred. k point  635 : (  0.1000,  0.4000, -0.4333)
   Mode, Frequency 
      1     45.0962 cm^-1  (      1.3519 THz )
      2     51.0701 cm^-1  (      1.5310 THz )
      3     65.1793 cm^-1  (      1.9540 THz )

 # Irred. k point  636 : (  0.1000,  0.4000, -0.4000)
   Mode, Frequency 
      1     44.9749 cm^-1  (      1.3483 THz )
      2     52.9752 cm^-1  (      1.5882 THz )
      3     64.7373 cm^-1  (      1.9408 THz )

 # Irred. k point  637 : (  0.1000,  0.4000, -0.3667)
   Mode, Frequency 
      1     44.5060 cm^-1  (      1.3343 THz )
      2     54.9066 cm^-1  (      1.6461 THz )
      3     63.8294 cm^-1  (      1.9136 THz )

 # Irred. k point  638 : (  0.1000,  0.4000, -0.3333)
   Mode, Frequency 
      1     43.7232 cm^-1  (      1.3108 THz )
      2     56.7646 cm^-1  (      1.7018 THz )
      3     62.4722 cm^-1  (      1.8729 THz )

 # Irred. k point  639 : (  0.1000,  0.4000, -0.3000)
   Mode, Frequency 
      1     42.6678 cm^-1  (      1.2791 THz )
      2     58.3662 cm^-1  (      1.7498 THz )
      3     60.7883 cm^-1  (      1.8224 THz )

 # Irred. k point  640 : (  0.1000,  0.4333, -0.4667)
   Mode, Frequency 
      1     45.8355 cm^-1  (      1.3741 THz )
      2     48.8631 cm^-1  (      1.4649 THz )
      3     66.2617 cm^-1  (      1.9865 THz )

 # Irred. k point  641 : (  0.1000,  0.4333, -0.4333)
   Mode, Frequency 
      1     46.1420 cm^-1  (      1.3833 THz )
      2     50.3076 cm^-1  (      1.5082 THz )
      3     66.2434 cm^-1  (      1.9859 THz )

 # Irred. k point  642 : (  0.1000,  0.4333, -0.4000)
   Mode, Frequency 
      1     46.0442 cm^-1  (      1.3804 THz )
      2     51.9827 cm^-1  (      1.5584 THz )
      3     65.7979 cm^-1  (      1.9726 THz )

 # Irred. k point  643 : (  0.1000,  0.4333, -0.3667)
   Mode, Frequency 
      1     45.5767 cm^-1  (      1.3664 THz )
      2     53.7608 cm^-1  (      1.6117 THz )
      3     64.9411 cm^-1  (      1.9469 THz )

 # Irred. k point  644 : (  0.1000,  0.4333, -0.3333)
   Mode, Frequency 
      1     44.7873 cm^-1  (      1.3427 THz )
      2     55.4654 cm^-1  (      1.6628 THz )
      3     63.7469 cm^-1  (      1.9111 THz )

 # Irred. k point  645 : (  0.1000,  0.4667, -0.4333)
   Mode, Frequency 
      1     46.7830 cm^-1  (      1.4025 THz )
      2     49.6012 cm^-1  (      1.4870 THz )
      3     67.2054 cm^-1  (      2.0148 THz )

 # Irred. k point  646 : (  0.1000,  0.4667, -0.4000)
   Mode, Frequency 
      1     46.7892 cm^-1  (      1.4027 THz )
      2     50.8311 cm^-1  (      1.5239 THz )
      3     66.7875 cm^-1  (      2.0022 THz )

 # Irred. k point  647 : (  0.1000,  0.4667, -0.3667)
   Mode, Frequency 
      1     46.3595 cm^-1  (      1.3898 THz )
      2     52.2942 cm^-1  (      1.5677 THz )
      3     66.0023 cm^-1  (      1.9787 THz )

 # Irred. k point  648 : (  0.1000, -0.5000, -0.4000)
   Mode, Frequency 
      1     47.1001 cm^-1  (      1.4120 THz )
      2     49.8484 cm^-1  (      1.4944 THz )
      3     67.5222 cm^-1  (      2.0243 THz )

 # Irred. k point  649 : (  0.1333,  0.2667,  0.4000)
   Mode, Frequency 
      1     31.3631 cm^-1  (      0.9402 THz )
      2     40.5779 cm^-1  (      1.2165 THz )
      3     54.9291 cm^-1  (      1.6467 THz )

 # Irred. k point  650 : (  0.1333,  0.2667,  0.4333)
   Mode, Frequency 
      1     32.8908 cm^-1  (      0.9860 THz )
      2     42.9873 cm^-1  (      1.2887 THz )
      3     57.2752 cm^-1  (      1.7171 THz )

 # Irred. k point  651 : (  0.1333,  0.2667,  0.4667)
   Mode, Frequency 
      1     34.4061 cm^-1  (      1.0315 THz )
      2     44.9364 cm^-1  (      1.3472 THz )
      3     59.4628 cm^-1  (      1.7826 THz )

 # Irred. k point  652 : (  0.1333,  0.2667, -0.5000)
   Mode, Frequency 
      1     35.8097 cm^-1  (      1.0735 THz )
      2     46.4462 cm^-1  (      1.3924 THz )
      3     61.4006 cm^-1  (      1.8407 THz )

 # Irred. k point  653 : (  0.1333,  0.2667, -0.4667)
   Mode, Frequency 
      1     37.0120 cm^-1  (      1.1096 THz )
      2     47.5553 cm^-1  (      1.4257 THz )
      3     63.0029 cm^-1  (      1.8888 THz )

 # Irred. k point  654 : (  0.1333,  0.2667, -0.4333)
   Mode, Frequency 
      1     37.9349 cm^-1  (      1.1373 THz )
      2     48.3067 cm^-1  (      1.4482 THz )
      3     64.1989 cm^-1  (      1.9246 THz )

 # Irred. k point  655 : (  0.1333,  0.2667, -0.4000)
   Mode, Frequency 
      1     38.5161 cm^-1  (      1.1547 THz )
      2     48.7393 cm^-1  (      1.4612 THz )
      3     64.9371 cm^-1  (      1.9468 THz )

 # Irred. k point  656 : (  0.1333,  0.2667, -0.3667)
   Mode, Frequency 
      1     38.7147 cm^-1  (      1.1606 THz )
      2     48.8802 cm^-1  (      1.4654 THz )
      3     65.1866 cm^-1  (      1.9542 THz )

 # Irred. k point  657 : (  0.1333,  0.3000,  0.4333)
   Mode, Frequency 
      1     35.1096 cm^-1  (      1.0526 THz )
      2     43.3608 cm^-1  (      1.2999 THz )
      3     57.8447 cm^-1  (      1.7341 THz )

 # Irred. k point  658 : (  0.1333,  0.3000,  0.4667)
   Mode, Frequency 
      1     36.4496 cm^-1  (      1.0927 THz )
      2     45.5934 cm^-1  (      1.3669 THz )
      3     59.6344 cm^-1  (      1.7878 THz )

 # Irred. k point  659 : (  0.1333,  0.3000, -0.5000)
   Mode, Frequency 
      1     37.7241 cm^-1  (      1.1309 THz )
      2     47.4462 cm^-1  (      1.4224 THz )
      3     61.1999 cm^-1  (      1.8347 THz )

 # Irred. k point  660 : (  0.1333,  0.3000, -0.4667)
   Mode, Frequency 
      1     38.8256 cm^-1  (      1.1640 THz )
      2     48.9368 cm^-1  (      1.4671 THz )
      3     62.4828 cm^-1  (      1.8732 THz )

 # Irred. k point  661 : (  0.1333,  0.3000, -0.4333)
   Mode, Frequency 
      1     39.6608 cm^-1  (      1.1890 THz )
      2     50.0904 cm^-1  (      1.5017 THz )
      3     63.4330 cm^-1  (      1.9017 THz )

 # Irred. k point  662 : (  0.1333,  0.3000, -0.4000)
   Mode, Frequency 
      1     40.1588 cm^-1  (      1.2039 THz )
      2     50.9259 cm^-1  (      1.5267 THz )
      3     64.0143 cm^-1  (      1.9191 THz )

 # Irred. k point  663 : (  0.1333,  0.3000, -0.3667)
   Mode, Frequency 
      1     40.2787 cm^-1  (      1.2075 THz )
      2     51.4448 cm^-1  (      1.5423 THz )
      3     64.2091 cm^-1  (      1.9249 THz )

 # Irred. k point  664 : (  0.1333,  0.3000, -0.3333)
   Mode, Frequency 
      1     40.0121 cm^-1  (      1.1995 THz )
      2     51.6245 cm^-1  (      1.5477 THz )
      3     64.0215 cm^-1  (      1.9193 THz )

 # Irred. k point  665 : (  0.1333,  0.3000, -0.3000)
   Mode, Frequency 
      1     39.3808 cm^-1  (      1.1806 THz )
      2     51.4205 cm^-1  (      1.5415 THz )
      3     63.4788 cm^-1  (      1.9030 THz )

 # Irred. k point  666 : (  0.1333,  0.3000, -0.2667)
   Mode, Frequency 
      1     38.4301 cm^-1  (      1.1521 THz )
      2     50.7740 cm^-1  (      1.5222 THz )
      3     62.6289 cm^-1  (      1.8776 THz )

 # Irred. k point  667 : (  0.1333,  0.3000, -0.2333)
   Mode, Frequency 
      1     37.2234 cm^-1  (      1.1159 THz )
      2     49.6269 cm^-1  (      1.4878 THz )
      3     61.5328 cm^-1  (      1.8447 THz )

 # Irred. k point  668 : (  0.1333,  0.3000, -0.2000)
   Mode, Frequency 
      1     35.8376 cm^-1  (      1.0744 THz )
      2     47.9404 cm^-1  (      1.4372 THz )
      3     60.2501 cm^-1  (      1.8063 THz )

 # Irred. k point  669 : (  0.1333,  0.3000, -0.1667)
   Mode, Frequency 
      1     34.3609 cm^-1  (      1.0301 THz )
      2     45.7131 cm^-1  (      1.3704 THz )
      3     58.8235 cm^-1  (      1.7635 THz )

 # Irred. k point  670 : (  0.1333,  0.3333,  0.4667)
   Mode, Frequency 
      1     38.5079 cm^-1  (      1.1544 THz )
      2     45.8037 cm^-1  (      1.3732 THz )
      3     60.3616 cm^-1  (      1.8096 THz )

 # Irred. k point  671 : (  0.1333,  0.3333, -0.5000)
   Mode, Frequency 
      1     39.6505 cm^-1  (      1.1887 THz )
      2     47.8637 cm^-1  (      1.4349 THz )
      3     61.5852 cm^-1  (      1.8463 THz )

 # Irred. k point  672 : (  0.1333,  0.3333, -0.4667)
   Mode, Frequency 
      1     40.6532 cm^-1  (      1.2188 THz )
      2     49.6629 cm^-1  (      1.4889 THz )
      3     62.5161 cm^-1  (      1.8742 THz )

 # Irred. k point  673 : (  0.1333,  0.3333, -0.4333)
   Mode, Frequency 
      1     41.4053 cm^-1  (      1.2413 THz )
      2     51.2158 cm^-1  (      1.5354 THz )
      3     63.1224 cm^-1  (      1.8924 THz )

 # Irred. k point  674 : (  0.1333,  0.3333, -0.4000)
   Mode, Frequency 
      1     41.8262 cm^-1  (      1.2539 THz )
      2     52.5177 cm^-1  (      1.5744 THz )
      3     63.3905 cm^-1  (      1.9004 THz )

 # Irred. k point  675 : (  0.1333,  0.3333, -0.3667)
   Mode, Frequency 
      1     41.8744 cm^-1  (      1.2554 THz )
      2     53.5284 cm^-1  (      1.6047 THz )
      3     63.3331 cm^-1  (      1.8987 THz )

 # Irred. k point  676 : (  0.1333,  0.3333, -0.3333)
   Mode, Frequency 
      1     41.5462 cm^-1  (      1.2455 THz )
      2     54.1611 cm^-1  (      1.6237 THz )
      3     63.0024 cm^-1  (      1.8888 THz )

 # Irred. k point  677 : (  0.1333,  0.3333, -0.3000)
   Mode, Frequency 
      1     40.8682 cm^-1  (      1.2252 THz )
      2     54.2825 cm^-1  (      1.6273 THz )
      3     62.4980 cm^-1  (      1.8736 THz )

 # Irred. k point  678 : (  0.1333,  0.3333, -0.2667)
   Mode, Frequency 
      1     39.8885 cm^-1  (      1.1958 THz )
      2     53.7446 cm^-1  (      1.6112 THz )
      3     61.9443 cm^-1  (      1.8570 THz )

 # Irred. k point  679 : (  0.1333,  0.3333, -0.2333)
   Mode, Frequency 
      1     38.6709 cm^-1  (      1.1593 THz )
      2     52.4672 cm^-1  (      1.5729 THz )
      3     61.4141 cm^-1  (      1.8411 THz )

 # Irred. k point  680 : (  0.1333,  0.3333, -0.2000)
   Mode, Frequency 
      1     37.2915 cm^-1  (      1.1180 THz )
      2     50.4932 cm^-1  (      1.5137 THz )
      3     60.8771 cm^-1  (      1.8251 THz )

 # Irred. k point  681 : (  0.1333,  0.3667, -0.5000)
   Mode, Frequency 
      1     41.4401 cm^-1  (      1.2423 THz )
      2     47.8607 cm^-1  (      1.4348 THz )
      3     62.4498 cm^-1  (      1.8722 THz )

 # Irred. k point  682 : (  0.1333,  0.3667, -0.4667)
   Mode, Frequency 
      1     42.3628 cm^-1  (      1.2700 THz )
      2     49.7545 cm^-1  (      1.4916 THz )
      3     63.1192 cm^-1  (      1.8923 THz )

 # Irred. k point  683 : (  0.1333,  0.3667, -0.4333)
   Mode, Frequency 
      1     43.0520 cm^-1  (      1.2907 THz )
      2     51.5366 cm^-1  (      1.5450 THz )
      3     63.4313 cm^-1  (      1.9016 THz )

 # Irred. k point  684 : (  0.1333,  0.3667, -0.4000)
   Mode, Frequency 
      1     43.4135 cm^-1  (      1.3015 THz )
      2     53.2134 cm^-1  (      1.5953 THz )
      3     63.3668 cm^-1  (      1.8997 THz )

 # Irred. k point  685 : (  0.1333,  0.3667, -0.3667)
   Mode, Frequency 
      1     43.4034 cm^-1  (      1.3012 THz )
      2     54.7431 cm^-1  (      1.6412 THz )
      3     62.9324 cm^-1  (      1.8867 THz )

 # Irred. k point  686 : (  0.1333,  0.3667, -0.3333)
   Mode, Frequency 
      1     43.0223 cm^-1  (      1.2898 THz )
      2     56.0121 cm^-1  (      1.6792 THz )
      3     62.1917 cm^-1  (      1.8645 THz )

 # Irred. k point  687 : (  0.1333,  0.3667, -0.3000)
   Mode, Frequency 
      1     42.3013 cm^-1  (      1.2682 THz )
      2     56.7463 cm^-1  (      1.7012 THz )
      3     61.3694 cm^-1  (      1.8398 THz )

 # Irred. k point  688 : (  0.1333,  0.3667, -0.2667)
   Mode, Frequency 
      1     41.2910 cm^-1  (      1.2379 THz )
      2     56.4025 cm^-1  (      1.6909 THz )
      3     60.9717 cm^-1  (      1.8279 THz )

 # Irred. k point  689 : (  0.1333,  0.3667, -0.2333)
   Mode, Frequency 
      1     40.0556 cm^-1  (      1.2008 THz )
      2     54.8246 cm^-1  (      1.6436 THz )
      3     61.1369 cm^-1  (      1.8328 THz )

 # Irred. k point  690 : (  0.1333,  0.4000, -0.4667)
   Mode, Frequency 
      1     43.8153 cm^-1  (      1.3135 THz )
      2     49.4963 cm^-1  (      1.4839 THz )
      3     64.0882 cm^-1  (      1.9213 THz )

 # Irred. k point  691 : (  0.1333,  0.4000, -0.4333)
   Mode, Frequency 
      1     44.4835 cm^-1  (      1.3336 THz )
      2     51.2256 cm^-1  (      1.5357 THz )
      3     64.2427 cm^-1  (      1.9259 THz )

 # Irred. k point  692 : (  0.1333,  0.4000, -0.4000)
   Mode, Frequency 
      1     44.8197 cm^-1  (      1.3437 THz )
      2     52.9948 cm^-1  (      1.5887 THz )
      3     63.9946 cm^-1  (      1.9185 THz )

 # Irred. k point  693 : (  0.1333,  0.4000, -0.3667)
   Mode, Frequency 
      1     44.7740 cm^-1  (      1.3423 THz )
      2     54.7845 cm^-1  (      1.6424 THz )
      3     63.3271 cm^-1  (      1.8985 THz )

 # Irred. k point  694 : (  0.1333,  0.4000, -0.3333)
   Mode, Frequency 
      1     44.3527 cm^-1  (      1.3297 THz )
      2     56.5338 cm^-1  (      1.6948 THz )
      3     62.2358 cm^-1  (      1.8658 THz )

 # Irred. k point  695 : (  0.1333,  0.4000, -0.3000)
   Mode, Frequency 
      1     43.5937 cm^-1  (      1.3069 THz )
      2     58.1551 cm^-1  (      1.7434 THz )
      3     60.7416 cm^-1  (      1.8210 THz )

 # Irred. k point  696 : (  0.1333,  0.4000, -0.2667)
   Mode, Frequency 
      1     42.5513 cm^-1  (      1.2757 THz )
      2     58.6248 cm^-1  (      1.7575 THz )
      3     59.8166 cm^-1  (      1.7933 THz )

 # Irred. k point  697 : (  0.1333,  0.4333, -0.4333)
   Mode, Frequency 
      1     45.5632 cm^-1  (      1.3659 THz )
      2     50.6834 cm^-1  (      1.5195 THz )
      3     65.2638 cm^-1  (      1.9566 THz )

 # Irred. k point  698 : (  0.1333,  0.4333, -0.4000)
   Mode, Frequency 
      1     45.9369 cm^-1  (      1.3772 THz )
      2     52.2380 cm^-1  (      1.5661 THz )
      3     64.9727 cm^-1  (      1.9478 THz )

 # Irred. k point  699 : (  0.1333,  0.4333, -0.3667)
   Mode, Frequency 
      1     45.8972 cm^-1  (      1.3760 THz )
      2     53.9379 cm^-1  (      1.6170 THz )
      3     64.2804 cm^-1  (      1.9271 THz )

 # Irred. k point  700 : (  0.1333,  0.4333, -0.3333)
   Mode, Frequency 
      1     45.4573 cm^-1  (      1.3628 THz )
      2     55.6893 cm^-1  (      1.6695 THz )
      3     63.2020 cm^-1  (      1.8947 THz )

 # Irred. k point  701 : (  0.1333,  0.4333, -0.3000)
   Mode, Frequency 
      1     44.6687 cm^-1  (      1.3391 THz )
      2     57.3172 cm^-1  (      1.7183 THz )
      3     61.8235 cm^-1  (      1.8534 THz )

 # Irred. k point  702 : (  0.1333,  0.4667, -0.4000)
   Mode, Frequency 
      1     46.6328 cm^-1  (      1.3980 THz )
      2     51.4033 cm^-1  (      1.5410 THz )
      3     65.9705 cm^-1  (      1.9777 THz )

 # Irred. k point  703 : (  0.1333,  0.4667, -0.3667)
   Mode, Frequency 
      1     46.6749 cm^-1  (      1.3993 THz )
      2     52.7556 cm^-1  (      1.5816 THz )
      3     65.3304 cm^-1  (      1.9586 THz )

 # Irred. k point  704 : (  0.1333,  0.4667, -0.3333)
   Mode, Frequency 
      1     46.2584 cm^-1  (      1.3868 THz )
      2     54.2667 cm^-1  (      1.6269 THz )
      3     64.3645 cm^-1  (      1.9296 THz )

 # Irred. k point  705 : (  0.1333, -0.5000, -0.3667)
   Mode, Frequency 
      1     46.9930 cm^-1  (      1.4088 THz )
      2     51.6444 cm^-1  (      1.5483 THz )
      3     66.2061 cm^-1  (      1.9848 THz )

 # Irred. k point  706 : (  0.1667,  0.3333, -0.5000)
   Mode, Frequency 
      1     37.7595 cm^-1  (      1.1320 THz )
      2     48.0662 cm^-1  (      1.4410 THz )
      3     60.7044 cm^-1  (      1.8199 THz )

 # Irred. k point  707 : (  0.1667,  0.3333, -0.4667)
   Mode, Frequency 
      1     39.0279 cm^-1  (      1.1700 THz )
      2     50.1243 cm^-1  (      1.5027 THz )
      3     61.5831 cm^-1  (      1.8462 THz )

 # Irred. k point  708 : (  0.1667,  0.3333, -0.4333)
   Mode, Frequency 
      1     40.1484 cm^-1  (      1.2036 THz )
      2     51.7341 cm^-1  (      1.5509 THz )
      3     62.2701 cm^-1  (      1.8668 THz )

 # Irred. k point  709 : (  0.1667,  0.3333, -0.4000)
   Mode, Frequency 
      1     41.0264 cm^-1  (      1.2299 THz )
      2     52.8806 cm^-1  (      1.5853 THz )
      3     62.7652 cm^-1  (      1.8817 THz )

 # Irred. k point  710 : (  0.1667,  0.3333, -0.3667)
   Mode, Frequency 
      1     41.5864 cm^-1  (      1.2467 THz )
      2     53.5638 cm^-1  (      1.6058 THz )
      3     63.0653 cm^-1  (      1.8906 THz )

 # Irred. k point  711 : (  0.1667,  0.3333, -0.3333)
   Mode, Frequency 
      1     41.7788 cm^-1  (      1.2525 THz )
      2     53.7903 cm^-1  (      1.6126 THz )
      3     63.1660 cm^-1  (      1.8937 THz )

 # Irred. k point  712 : (  0.1667,  0.3667, -0.4667)
   Mode, Frequency 
      1     40.8027 cm^-1  (      1.2232 THz )
      2     50.0555 cm^-1  (      1.5006 THz )
      3     62.1867 cm^-1  (      1.8643 THz )

 # Irred. k point  713 : (  0.1667,  0.3667, -0.4333)
   Mode, Frequency 
      1     41.8426 cm^-1  (      1.2544 THz )
      2     51.9530 cm^-1  (      1.5575 THz )
      3     62.5290 cm^-1  (      1.8746 THz )

 # Irred. k point  714 : (  0.1667,  0.3667, -0.4000)
   Mode, Frequency 
      1     42.6555 cm^-1  (      1.2788 THz )
      2     53.5447 cm^-1  (      1.6052 THz )
      3     62.6198 cm^-1  (      1.8773 THz )

 # Irred. k point  715 : (  0.1667,  0.3667, -0.3667)
   Mode, Frequency 
      1     43.1507 cm^-1  (      1.2936 THz )
      2     54.7986 cm^-1  (      1.6428 THz )
      3     62.4919 cm^-1  (      1.8735 THz )

 # Irred. k point  716 : (  0.1667,  0.3667, -0.3333)
   Mode, Frequency 
      1     43.2735 cm^-1  (      1.2973 THz )
      2     55.6324 cm^-1  (      1.6678 THz )
      3     62.2234 cm^-1  (      1.8654 THz )

 # Irred. k point  717 : (  0.1667,  0.3667, -0.3000)
   Mode, Frequency 
      1     43.0106 cm^-1  (      1.2894 THz )
      2     55.8936 cm^-1  (      1.6756 THz )
      3     61.9527 cm^-1  (      1.8573 THz )

 # Irred. k point  718 : (  0.1667,  0.3667, -0.2667)
   Mode, Frequency 
      1     42.3873 cm^-1  (      1.2707 THz )
      2     55.4277 cm^-1  (      1.6617 THz )
      3     61.8134 cm^-1  (      1.8531 THz )

 # Irred. k point  719 : (  0.1667,  0.3667, -0.2333)
   Mode, Frequency 
      1     41.4602 cm^-1  (      1.2429 THz )
      2     54.2274 cm^-1  (      1.6257 THz )
      3     61.7930 cm^-1  (      1.8525 THz )

 # Irred. k point  720 : (  0.1667,  0.3667, -0.2000)
   Mode, Frequency 
      1     40.3086 cm^-1  (      1.2084 THz )
      2     52.4168 cm^-1  (      1.5714 THz )
      3     61.7572 cm^-1  (      1.8514 THz )

 # Irred. k point  721 : (  0.1667,  0.4000, -0.4333)
   Mode, Frequency 
      1     43.3489 cm^-1  (      1.2996 THz )
      2     51.6415 cm^-1  (      1.5482 THz )
      3     63.2820 cm^-1  (      1.8971 THz )

 # Irred. k point  722 : (  0.1667,  0.4000, -0.4000)
   Mode, Frequency 
      1     44.1253 cm^-1  (      1.3228 THz )
      2     53.3874 cm^-1  (      1.6005 THz )
      3     63.1289 cm^-1  (      1.8926 THz )

 # Irred. k point  723 : (  0.1667,  0.4000, -0.3667)
   Mode, Frequency 
      1     44.5797 cm^-1  (      1.3365 THz )
      2     55.0079 cm^-1  (      1.6491 THz )
      3     62.6589 cm^-1  (      1.8785 THz )

 # Irred. k point  724 : (  0.1667,  0.4000, -0.3333)
   Mode, Frequency 
      1     44.6489 cm^-1  (      1.3385 THz )
      2     56.4688 cm^-1  (      1.6929 THz )
      3     61.9002 cm^-1  (      1.8557 THz )

 # Irred. k point  725 : (  0.1667,  0.4000, -0.3000)
   Mode, Frequency 
      1     44.3234 cm^-1  (      1.3288 THz )
      2     57.5936 cm^-1  (      1.7266 THz )
      3     61.0003 cm^-1  (      1.8287 THz )

 # Irred. k point  726 : (  0.1667,  0.4000, -0.2667)
   Mode, Frequency 
      1     43.6377 cm^-1  (      1.3082 THz )
      2     57.6882 cm^-1  (      1.7294 THz )
      3     60.6123 cm^-1  (      1.8171 THz )

 # Irred. k point  727 : (  0.1667,  0.4000, -0.2333)
   Mode, Frequency 
      1     42.6555 cm^-1  (      1.2788 THz )
      2     56.3170 cm^-1  (      1.6883 THz )
      3     61.1338 cm^-1  (      1.8327 THz )

 # Irred. k point  728 : (  0.1667,  0.4333, -0.4000)
   Mode, Frequency 
      1     45.2755 cm^-1  (      1.3573 THz )
      2     52.7949 cm^-1  (      1.5828 THz )
      3     64.0191 cm^-1  (      1.9192 THz )

 # Irred. k point  729 : (  0.1667,  0.4333, -0.3667)
   Mode, Frequency 
      1     45.7392 cm^-1  (      1.3712 THz )
      2     54.3860 cm^-1  (      1.6305 THz )
      3     63.4519 cm^-1  (      1.9022 THz )

 # Irred. k point  730 : (  0.1667,  0.4333, -0.3333)
   Mode, Frequency 
      1     45.7900 cm^-1  (      1.3727 THz )
      2     56.0138 cm^-1  (      1.6793 THz )
      3     62.5345 cm^-1  (      1.8747 THz )

 # Irred. k point  731 : (  0.1667,  0.4333, -0.3000)
   Mode, Frequency 
      1     45.4209 cm^-1  (      1.3617 THz )
      2     57.6372 cm^-1  (      1.7279 THz )
      3     61.2670 cm^-1  (      1.8367 THz )

 # Irred. k point  732 : (  0.1667,  0.4333, -0.2667)
   Mode, Frequency 
      1     44.6786 cm^-1  (      1.3394 THz )
      2     59.1562 cm^-1  (      1.7735 THz )
      3     59.6851 cm^-1  (      1.7893 THz )

 # Irred. k point  733 : (  0.1667,  0.4667, -0.3667)
   Mode, Frequency 
      1     46.4799 cm^-1  (      1.3934 THz )
      2     53.4951 cm^-1  (      1.6037 THz )
      3     64.4373 cm^-1  (      1.9318 THz )

 # Irred. k point  734 : (  0.1667,  0.4667, -0.3333)
   Mode, Frequency 
      1     46.5767 cm^-1  (      1.3963 THz )
      2     54.9028 cm^-1  (      1.6459 THz )
      3     63.5824 cm^-1  (      1.9062 THz )

 # Irred. k point  735 : (  0.1667,  0.4667, -0.3000)
   Mode, Frequency 
      1     46.2028 cm^-1  (      1.3851 THz )
      2     56.3847 cm^-1  (      1.6904 THz )
      3     62.4540 cm^-1  (      1.8723 THz )

 # Irred. k point  736 : (  0.1667, -0.5000, -0.3333)
   Mode, Frequency 
      1     46.8902 cm^-1  (      1.4057 THz )
      2     53.7298 cm^-1  (      1.6108 THz )
      3     64.5719 cm^-1  (      1.9358 THz )

 # Irred. k point  737 : (  0.2000,  0.4000, -0.4000)
   Mode, Frequency 
      1     42.9402 cm^-1  (      1.2873 THz )
      2     53.9543 cm^-1  (      1.6175 THz )
      3     62.2943 cm^-1  (      1.8675 THz )

 # Irred. k point  738 : (  0.2000,  0.4000, -0.3667)
   Mode, Frequency 
      1     43.8278 cm^-1  (      1.3139 THz )
      2     55.6226 cm^-1  (      1.6675 THz )
      3     61.8646 cm^-1  (      1.8547 THz )

 # Irred. k point  739 : (  0.2000,  0.4000, -0.3333)
   Mode, Frequency 
      1     44.4056 cm^-1  (      1.3312 THz )
      2     56.8470 cm^-1  (      1.7042 THz )
      3     61.3703 cm^-1  (      1.8398 THz )

 # Irred. k point  740 : (  0.2000,  0.4000, -0.3000)
   Mode, Frequency 
      1     44.6062 cm^-1  (      1.3373 THz )
      2     57.3404 cm^-1  (      1.7190 THz )
      3     61.1177 cm^-1  (      1.8323 THz )

 # Irred. k point  741 : (  0.2000,  0.4333, -0.3667)
   Mode, Frequency 
      1     45.0093 cm^-1  (      1.3493 THz )
      2     55.0744 cm^-1  (      1.6511 THz )
      3     62.5587 cm^-1  (      1.8755 THz )

 # Irred. k point  742 : (  0.2000,  0.4333, -0.3333)
   Mode, Frequency 
      1     45.5740 cm^-1  (      1.3663 THz )
      2     56.6182 cm^-1  (      1.6974 THz )
      3     61.7422 cm^-1  (      1.8510 THz )

 # Irred. k point  743 : (  0.2000,  0.4333, -0.3000)
   Mode, Frequency 
      1     45.7331 cm^-1  (      1.3710 THz )
      2     57.9847 cm^-1  (      1.7383 THz )
      3     60.7410 cm^-1  (      1.8210 THz )

 # Irred. k point  744 : (  0.2000,  0.4333, -0.2667)
   Mode, Frequency 
      1     45.4628 cm^-1  (      1.3629 THz )
      2     58.6028 cm^-1  (      1.7569 THz )
      3     60.1226 cm^-1  (      1.8024 THz )

 # Irred. k point  745 : (  0.2000,  0.4333, -0.2333)
   Mode, Frequency 
      1     44.8001 cm^-1  (      1.3431 THz )
      2     57.4057 cm^-1  (      1.7210 THz )
      3     60.9218 cm^-1  (      1.8264 THz )

 # Irred. k point  746 : (  0.2000,  0.4667, -0.3333)
   Mode, Frequency 
      1     46.3456 cm^-1  (      1.3894 THz )
      2     55.7550 cm^-1  (      1.6715 THz )
      3     62.6497 cm^-1  (      1.8782 THz )

 # Irred. k point  747 : (  0.2000,  0.4667, -0.3000)
   Mode, Frequency 
      1     46.5103 cm^-1  (      1.3943 THz )
      2     57.1539 cm^-1  (      1.7134 THz )
      3     61.5984 cm^-1  (      1.8467 THz )

 # Irred. k point  748 : (  0.2000,  0.4667, -0.2667)
   Mode, Frequency 
      1     46.1986 cm^-1  (      1.3850 THz )
      2     58.5481 cm^-1  (      1.7552 THz )
      3     60.3305 cm^-1  (      1.8087 THz )

 # Irred. k point  749 : (  0.2000, -0.5000, -0.3000)
   Mode, Frequency 
      1     46.8098 cm^-1  (      1.4033 THz )
      2     55.9834 cm^-1  (      1.6783 THz )
      3     62.6657 cm^-1  (      1.8787 THz )

 # Irred. k point  750 : (  0.2333,  0.4667, -0.3000)
   Mode, Frequency 
      1     46.2478 cm^-1  (      1.3865 THz )
      2     58.0679 cm^-1  (      1.7408 THz )
      3     60.6636 cm^-1  (      1.8187 THz )

 # Irred. k point  751 : (  0.2333,  0.4667, -0.2667)
   Mode, Frequency 
      1     46.4869 cm^-1  (      1.3936 THz )
      2     59.1952 cm^-1  (      1.7746 THz )
      3     59.6510 cm^-1  (      1.7883 THz )

 # Irred. k point  752 : (  0.2333, -0.5000, -0.2667)
   Mode, Frequency 
      1     46.7657 cm^-1  (      1.4020 THz )
      2     58.2901 cm^-1  (      1.7475 THz )
      3     60.5471 cm^-1  (      1.8152 THz )



 -----------------------------------------------------------------

 The following files are created: 
  lj444.dos         : Phonon DOS
  lj444.thermo      : Thermodynamic quantities

 Job finished at Wed Apr 17 11:44:30 2024

