 +-----------------------------------------------------------------+
 +                         Program ANPHON                          +
 +                             Ver.  1.5.0                         +
 +-----------------------------------------------------------------+

 Job started at Wed Apr 17 12:52:11 2024

 The number of MPI processes: 1
 The number of OpenMP threads: 80


 Input variables:
 -----------------------------------------------------------------
 General:
  PREFIX = si333
  MODE = PHONONS
  FCSXML = /home/emeitz/ALM_Test/si333.xml

  NKD = 1; KD =   Si
  MASS =     28.085
  NSYM = 0; TOLERANCE = 0.001; PRINTSYM = 0

  NONANALYTIC = 0

  TMIN = 0; TMAX = 1000; DT = 10
  EMIN = 0; EMAX = 1000; DELTA_E = 10

  ISMEAR = -1; EPSILON = 10

  CLASSICAL = 0
  BCONNECT = 0


 Kpoint:
  KPMODE (1st entry for &kpoint) = 1


 Analysis:
  PRINTVEL = 0
  PRINTVEC = 0
  PRINTXSF = 0

  GRUNEISEN = 0
  NEWFCS = 0


 -----------------------------------------------------------------

                      MODE = phonons                         
                                                             
      Phonon calculation within harmonic approximation       
      Harmonic force constants will be used.                 

 -----------------------------------------------------------------

 Crystal structure
 =================

 Lattice Vectors:

 * Supercell (from /home/emeitz/ALM_Test/si333.xml )

    3.078364e+01   0.000000e+00   0.000000e+00 : a1
    0.000000e+00   3.078364e+01   0.000000e+00 : a2
    0.000000e+00   0.000000e+00   3.078364e+01 : a3

    2.041080e-01   0.000000e+00   0.000000e+00 : b1
    0.000000e+00   2.041080e-01   0.000000e+00 : b2
    0.000000e+00   0.000000e+00   2.041080e-01 : b3

 * Primitive cell 

    0.000000e+00   5.130606e+00   5.130606e+00 : a1
    5.130606e+00   0.000000e+00   5.130606e+00 : a2
    5.130606e+00   5.130606e+00   0.000000e+00 : a3

   -6.123239e-01   6.123239e-01   6.123239e-01 : b1
    6.123239e-01  -6.123239e-01   6.123239e-01 : b2
    6.123239e-01   6.123239e-01  -6.123239e-01 : b3


  Volume of the primitive cell : 2.701071e+02 (a.u.)^3

  Number of atoms in the supercell     : 216
  Number of atoms in the primitive cell: 2

  Atomic positions in the primitive cell (fractional):
   1:   0.000000e+00   0.000000e+00   0.000000e+00  Si
   2:   2.500000e-01   2.500000e-01   2.500000e-01  Si

  Mass of atomic species (u):
  Si:   28.085000


 Symmetry
 ========

  NSYM = 0 is given: Trying to find symmetry operations.

  Number of symmetry operations : 48
 k points
 ========

  KPMODE = 1: Band structure calculation
  Number of paths : 4

  List of k paths : 
   1:  G (  0.0000  0.0000  0.0000)  X (  0.5000  0.5000  0.0000) 100
   2:  X (  0.5000  0.5000  1.0000)  K (  0.3750  0.3750  0.7500) 100
   3:  K (  0.3750  0.3750  0.7500)  G (  0.0000  0.0000  0.0000) 100
   4:  G (  0.0000  0.0000  0.0000)  L (  0.5000  0.5000  0.5000) 100

  Number of k points : 400

 Force constant
 ==============

  Reading force constants from the XML file ... done !
  Number of non-zero IFCs for 2 order: 5022

  Maximum deviation from the translational invariance: 
   Order 2 :   1.9380e-08


 Dynamical matrix
 ================

  NONANALYTIC = 0 : No non-analytic correction. 


 -----------------------------------------------------------------


 ISMEAR = -1: Tetrahedron method will be used.

 Now, move on to phonon calculations.

 Diagonalizing dynamical matrices for all k points ... done!

 -----------------------------------------------------------------

 Phonon frequencies below:

 # k point     1 : (  0.0000,  0.0000,  0.0000)
   Mode, Frequency 
      1      0.0183 cm^-1  (      0.0005 THz )
      2      0.0406 cm^-1  (      0.0012 THz )
      3      0.0957 cm^-1  (      0.0029 THz )
      4    581.9100 cm^-1  (     17.4452 THz )
      5    581.9100 cm^-1  (     17.4452 THz )
      6    581.9124 cm^-1  (     17.4453 THz )

 # k point     2 : (  0.0051,  0.0051,  0.0000)
   Mode, Frequency 
      1      2.8291 cm^-1  (      0.0848 THz )
      2      2.8305 cm^-1  (      0.0849 THz )
      3      4.8320 cm^-1  (      0.1449 THz )
      4    581.8939 cm^-1  (     17.4447 THz )
      5    581.8964 cm^-1  (     17.4448 THz )
      6    581.8983 cm^-1  (     17.4449 THz )

 # k point     3 : (  0.0101,  0.0101,  0.0000)
   Mode, Frequency 
      1      5.6577 cm^-1  (      0.1696 THz )
      2      5.6584 cm^-1  (      0.1696 THz )
      3      9.6634 cm^-1  (      0.2897 THz )
      4    581.8444 cm^-1  (     17.4433 THz )
      5    581.8556 cm^-1  (     17.4436 THz )
      6    581.8573 cm^-1  (     17.4436 THz )

 # k point     4 : (  0.0152,  0.0152,  0.0000)
   Mode, Frequency 
      1      8.4858 cm^-1  (      0.2544 THz )
      2      8.4863 cm^-1  (      0.2544 THz )
      3     14.4941 cm^-1  (      0.4345 THz )
      4    581.7617 cm^-1  (     17.4408 THz )
      5    581.7876 cm^-1  (     17.4416 THz )
      6    581.7893 cm^-1  (     17.4416 THz )

 # k point     5 : (  0.0202,  0.0202,  0.0000)
   Mode, Frequency 
      1     11.3130 cm^-1  (      0.3392 THz )
      2     11.3135 cm^-1  (      0.3392 THz )
      3     19.3237 cm^-1  (      0.5793 THz )
      4    581.6457 cm^-1  (     17.4373 THz )
      5    581.6926 cm^-1  (     17.4387 THz )
      6    581.6942 cm^-1  (     17.4388 THz )

 # k point     6 : (  0.0253,  0.0253,  0.0000)
   Mode, Frequency 
      1     14.1392 cm^-1  (      0.4239 THz )
      2     14.1397 cm^-1  (      0.4239 THz )
      3     24.1517 cm^-1  (      0.7240 THz )
      4    581.4967 cm^-1  (     17.4328 THz )
      5    581.5704 cm^-1  (     17.4350 THz )
      6    581.5720 cm^-1  (     17.4351 THz )

 # k point     7 : (  0.0303,  0.0303,  0.0000)
   Mode, Frequency 
      1     16.9641 cm^-1  (      0.5086 THz )
      2     16.9646 cm^-1  (      0.5086 THz )
      3     28.9778 cm^-1  (      0.8687 THz )
      4    581.3145 cm^-1  (     17.4274 THz )
      5    581.4213 cm^-1  (     17.4306 THz )
      6    581.4228 cm^-1  (     17.4306 THz )

 # k point     8 : (  0.0354,  0.0354,  0.0000)
   Mode, Frequency 
      1     19.7873 cm^-1  (      0.5932 THz )
      2     19.7878 cm^-1  (      0.5932 THz )
      3     33.8016 cm^-1  (      1.0133 THz )
      4    581.0992 cm^-1  (     17.4209 THz )
      5    581.2452 cm^-1  (     17.4253 THz )
      6    581.2468 cm^-1  (     17.4253 THz )

 # k point     9 : (  0.0404,  0.0404,  0.0000)
   Mode, Frequency 
      1     22.6087 cm^-1  (      0.6778 THz )
      2     22.6092 cm^-1  (      0.6778 THz )
      3     38.6228 cm^-1  (      1.1579 THz )
      4    580.8507 cm^-1  (     17.4135 THz )
      5    581.0423 cm^-1  (     17.4192 THz )
      6    581.0438 cm^-1  (     17.4193 THz )

 # k point    10 : (  0.0455,  0.0455,  0.0000)
   Mode, Frequency 
      1     25.4279 cm^-1  (      0.7623 THz )
      2     25.4284 cm^-1  (      0.7623 THz )
      3     43.4408 cm^-1  (      1.3023 THz )
      4    580.5692 cm^-1  (     17.4050 THz )
      5    580.8126 cm^-1  (     17.4123 THz )
      6    580.8142 cm^-1  (     17.4124 THz )

 # k point    11 : (  0.0505,  0.0505,  0.0000)
   Mode, Frequency 
      1     28.2446 cm^-1  (      0.8468 THz )
      2     28.2452 cm^-1  (      0.8468 THz )
      3     48.2555 cm^-1  (      1.4467 THz )
      4    580.2545 cm^-1  (     17.3956 THz )
      5    580.5564 cm^-1  (     17.4046 THz )
      6    580.5580 cm^-1  (     17.4047 THz )

 # k point    12 : (  0.0556,  0.0556,  0.0000)
   Mode, Frequency 
      1     31.0585 cm^-1  (      0.9311 THz )
      2     31.0592 cm^-1  (      0.9311 THz )
      3     53.0663 cm^-1  (      1.5909 THz )
      4    579.9067 cm^-1  (     17.3852 THz )
      5    580.2738 cm^-1  (     17.3962 THz )
      6    580.2754 cm^-1  (     17.3962 THz )

 # k point    13 : (  0.0606,  0.0606,  0.0000)
   Mode, Frequency 
      1     33.8694 cm^-1  (      1.0154 THz )
      2     33.8702 cm^-1  (      1.0154 THz )
      3     57.8729 cm^-1  (      1.7350 THz )
      4    579.5257 cm^-1  (     17.3737 THz )
      5    579.9648 cm^-1  (     17.3869 THz )
      6    579.9664 cm^-1  (     17.3870 THz )

 # k point    14 : (  0.0657,  0.0657,  0.0000)
   Mode, Frequency 
      1     36.6770 cm^-1  (      1.0995 THz )
      2     36.6778 cm^-1  (      1.0996 THz )
      3     62.6749 cm^-1  (      1.8789 THz )
      4    579.1117 cm^-1  (     17.3613 THz )
      5    579.6298 cm^-1  (     17.3769 THz )
      6    579.6314 cm^-1  (     17.3769 THz )

 # k point    15 : (  0.0707,  0.0707,  0.0000)
   Mode, Frequency 
      1     39.4809 cm^-1  (      1.1836 THz )
      2     39.4818 cm^-1  (      1.1836 THz )
      3     67.4719 cm^-1  (      2.0228 THz )
      4    578.6645 cm^-1  (     17.3479 THz )
      5    579.2688 cm^-1  (     17.3660 THz )
      6    579.2704 cm^-1  (     17.3661 THz )

 # k point    16 : (  0.0758,  0.0758,  0.0000)
   Mode, Frequency 
      1     42.2809 cm^-1  (      1.2676 THz )
      2     42.2819 cm^-1  (      1.2676 THz )
      3     72.2636 cm^-1  (      2.1664 THz )
      4    578.1842 cm^-1  (     17.3335 THz )
      5    578.8821 cm^-1  (     17.3544 THz )
      6    578.8837 cm^-1  (     17.3545 THz )

 # k point    17 : (  0.0808,  0.0808,  0.0000)
   Mode, Frequency 
      1     45.0767 cm^-1  (      1.3514 THz )
      2     45.0776 cm^-1  (      1.3514 THz )
      3     77.0496 cm^-1  (      2.3099 THz )
      4    577.6708 cm^-1  (     17.3181 THz )
      5    578.4699 cm^-1  (     17.3421 THz )
      6    578.4715 cm^-1  (     17.3421 THz )

 # k point    18 : (  0.0859,  0.0859,  0.0000)
   Mode, Frequency 
      1     47.8678 cm^-1  (      1.4350 THz )
      2     47.8689 cm^-1  (      1.4351 THz )
      3     81.8295 cm^-1  (      2.4532 THz )
      4    577.1243 cm^-1  (     17.3017 THz )
      5    578.0324 cm^-1  (     17.3290 THz )
      6    578.0340 cm^-1  (     17.3290 THz )

 # k point    19 : (  0.0909,  0.0909,  0.0000)
   Mode, Frequency 
      1     50.6541 cm^-1  (      1.5186 THz )
      2     50.6552 cm^-1  (      1.5186 THz )
      3     86.6030 cm^-1  (      2.5963 THz )
      4    576.5446 cm^-1  (     17.2844 THz )
      5    577.5699 cm^-1  (     17.3151 THz )
      6    577.5716 cm^-1  (     17.3152 THz )

 # k point    20 : (  0.0960,  0.0960,  0.0000)
   Mode, Frequency 
      1     53.4351 cm^-1  (      1.6019 THz )
      2     53.4362 cm^-1  (      1.6020 THz )
      3     91.3696 cm^-1  (      2.7392 THz )
      4    575.9318 cm^-1  (     17.2660 THz )
      5    577.0827 cm^-1  (     17.3005 THz )
      6    577.0844 cm^-1  (     17.3006 THz )

 # k point    21 : (  0.1010,  0.1010,  0.0000)
   Mode, Frequency 
      1     56.2105 cm^-1  (      1.6851 THz )
      2     56.2117 cm^-1  (      1.6852 THz )
      3     96.1289 cm^-1  (      2.8819 THz )
      4    575.2860 cm^-1  (     17.2466 THz )
      5    576.5711 cm^-1  (     17.2852 THz )
      6    576.5727 cm^-1  (     17.2852 THz )

 # k point    22 : (  0.1061,  0.1061,  0.0000)
   Mode, Frequency 
      1     58.9800 cm^-1  (      1.7682 THz )
      2     58.9813 cm^-1  (      1.7682 THz )
      3    100.8807 cm^-1  (      3.0243 THz )
      4    574.6070 cm^-1  (     17.2263 THz )
      5    576.0353 cm^-1  (     17.2691 THz )
      6    576.0369 cm^-1  (     17.2692 THz )

 # k point    23 : (  0.1111,  0.1111,  0.0000)
   Mode, Frequency 
      1     61.7432 cm^-1  (      1.8510 THz )
      2     61.7446 cm^-1  (      1.8511 THz )
      3    105.6246 cm^-1  (      3.1665 THz )
      4    573.8949 cm^-1  (     17.2049 THz )
      5    575.4756 cm^-1  (     17.2523 THz )
      6    575.4773 cm^-1  (     17.2524 THz )

 # k point    24 : (  0.1162,  0.1162,  0.0000)
   Mode, Frequency 
      1     64.4998 cm^-1  (      1.9337 THz )
      2     64.5012 cm^-1  (      1.9337 THz )
      3    110.3601 cm^-1  (      3.3085 THz )
      4    573.1497 cm^-1  (     17.1826 THz )
      5    574.8925 cm^-1  (     17.2348 THz )
      6    574.8941 cm^-1  (     17.2349 THz )

 # k point    25 : (  0.1212,  0.1212,  0.0000)
   Mode, Frequency 
      1     67.2493 cm^-1  (      2.0161 THz )
      2     67.2507 cm^-1  (      2.0161 THz )
      3    115.0869 cm^-1  (      3.4502 THz )
      4    572.3714 cm^-1  (     17.1593 THz )
      5    574.2862 cm^-1  (     17.2167 THz )
      6    574.2878 cm^-1  (     17.2167 THz )

 # k point    26 : (  0.1263,  0.1263,  0.0000)
   Mode, Frequency 
      1     69.9914 cm^-1  (      2.0983 THz )
      2     69.9928 cm^-1  (      2.0983 THz )
      3    119.8047 cm^-1  (      3.5917 THz )
      4    571.5600 cm^-1  (     17.1349 THz )
      5    573.6571 cm^-1  (     17.1978 THz )
      6    573.6587 cm^-1  (     17.1979 THz )

 # k point    27 : (  0.1313,  0.1313,  0.0000)
   Mode, Frequency 
      1     72.7256 cm^-1  (      2.1803 THz )
      2     72.7271 cm^-1  (      2.1803 THz )
      3    124.5131 cm^-1  (      3.7328 THz )
      4    570.7155 cm^-1  (     17.1096 THz )
      5    573.0056 cm^-1  (     17.1783 THz )
      6    573.0073 cm^-1  (     17.1783 THz )

 # k point    28 : (  0.1364,  0.1364,  0.0000)
   Mode, Frequency 
      1     75.4516 cm^-1  (      2.2620 THz )
      2     75.4532 cm^-1  (      2.2620 THz )
      3    129.2116 cm^-1  (      3.8737 THz )
      4    569.8379 cm^-1  (     17.0833 THz )
      5    572.3321 cm^-1  (     17.1581 THz )
      6    572.3338 cm^-1  (     17.1581 THz )

 # k point    29 : (  0.1414,  0.1414,  0.0000)
   Mode, Frequency 
      1     78.1689 cm^-1  (      2.3434 THz )
      2     78.1706 cm^-1  (      2.3435 THz )
      3    133.9001 cm^-1  (      4.0142 THz )
      4    568.9273 cm^-1  (     17.0560 THz )
      5    571.6371 cm^-1  (     17.1372 THz )
      6    571.6388 cm^-1  (     17.1373 THz )

 # k point    30 : (  0.1465,  0.1465,  0.0000)
   Mode, Frequency 
      1     80.8772 cm^-1  (      2.4246 THz )
      2     80.8789 cm^-1  (      2.4247 THz )
      3    138.5780 cm^-1  (      4.1545 THz )
      4    567.9835 cm^-1  (     17.0277 THz )
      5    570.9209 cm^-1  (     17.1158 THz )
      6    570.9226 cm^-1  (     17.1158 THz )

 # k point    31 : (  0.1515,  0.1515,  0.0000)
   Mode, Frequency 
      1     83.5759 cm^-1  (      2.5055 THz )
      2     83.5776 cm^-1  (      2.5056 THz )
      3    143.2451 cm^-1  (      4.2944 THz )
      4    567.0067 cm^-1  (     16.9984 THz )
      5    570.1841 cm^-1  (     17.0937 THz )
      6    570.1858 cm^-1  (     17.0937 THz )

 # k point    32 : (  0.1566,  0.1566,  0.0000)
   Mode, Frequency 
      1     86.2645 cm^-1  (      2.5861 THz )
      2     86.2663 cm^-1  (      2.5862 THz )
      3    147.9009 cm^-1  (      4.4340 THz )
      4    565.9969 cm^-1  (     16.9682 THz )
      5    569.4271 cm^-1  (     17.0710 THz )
      6    569.4288 cm^-1  (     17.0710 THz )

 # k point    33 : (  0.1616,  0.1616,  0.0000)
   Mode, Frequency 
      1     88.9427 cm^-1  (      2.6664 THz )
      2     88.9446 cm^-1  (      2.6665 THz )
      3    152.5452 cm^-1  (      4.5732 THz )
      4    564.9539 cm^-1  (     16.9369 THz )
      5    568.6504 cm^-1  (     17.0477 THz )
      6    568.6521 cm^-1  (     17.0478 THz )

 # k point    34 : (  0.1667,  0.1667,  0.0000)
   Mode, Frequency 
      1     91.6099 cm^-1  (      2.7464 THz )
      2     91.6119 cm^-1  (      2.7465 THz )
      3    157.1776 cm^-1  (      4.7121 THz )
      4    563.8779 cm^-1  (     16.9046 THz )
      5    567.8545 cm^-1  (     17.0238 THz )
      6    567.8562 cm^-1  (     17.0239 THz )

 # k point    35 : (  0.1717,  0.1717,  0.0000)
   Mode, Frequency 
      1     94.2657 cm^-1  (      2.8260 THz )
      2     94.2676 cm^-1  (      2.8261 THz )
      3    161.7977 cm^-1  (      4.8506 THz )
      4    562.7689 cm^-1  (     16.8714 THz )
      5    567.0399 cm^-1  (     16.9994 THz )
      6    567.0416 cm^-1  (     16.9995 THz )

 # k point    36 : (  0.1768,  0.1768,  0.0000)
   Mode, Frequency 
      1     96.9094 cm^-1  (      2.9053 THz )
      2     96.9114 cm^-1  (      2.9053 THz )
      3    166.4052 cm^-1  (      4.9887 THz )
      4    561.6268 cm^-1  (     16.8371 THz )
      5    566.2072 cm^-1  (     16.9745 THz )
      6    566.2090 cm^-1  (     16.9745 THz )

 # k point    37 : (  0.1818,  0.1818,  0.0000)
   Mode, Frequency 
      1     99.5406 cm^-1  (      2.9842 THz )
      2     99.5427 cm^-1  (      2.9842 THz )
      3    170.9997 cm^-1  (      5.1264 THz )
      4    560.4518 cm^-1  (     16.8019 THz )
      5    565.3570 cm^-1  (     16.9490 THz )
      6    565.3588 cm^-1  (     16.9490 THz )

 # k point    38 : (  0.1869,  0.1869,  0.0000)
   Mode, Frequency 
      1    102.1587 cm^-1  (      3.0626 THz )
      2    102.1609 cm^-1  (      3.0627 THz )
      3    175.5810 cm^-1  (      5.2638 THz )
      4    559.2437 cm^-1  (     16.7657 THz )
      5    564.4899 cm^-1  (     16.9230 THz )
      6    564.4917 cm^-1  (     16.9230 THz )

 # k point    39 : (  0.1919,  0.1919,  0.0000)
   Mode, Frequency 
      1    104.7632 cm^-1  (      3.1407 THz )
      2    104.7654 cm^-1  (      3.1408 THz )
      3    180.1485 cm^-1  (      5.4007 THz )
      4    558.0026 cm^-1  (     16.7285 THz )
      5    563.6065 cm^-1  (     16.8965 THz )
      6    563.6082 cm^-1  (     16.8965 THz )

 # k point    40 : (  0.1970,  0.1970,  0.0000)
   Mode, Frequency 
      1    107.3534 cm^-1  (      3.2184 THz )
      2    107.3557 cm^-1  (      3.2184 THz )
      3    184.7021 cm^-1  (      5.5372 THz )
      4    556.7285 cm^-1  (     16.6903 THz )
      5    562.7074 cm^-1  (     16.8695 THz )
      6    562.7091 cm^-1  (     16.8696 THz )

 # k point    41 : (  0.2020,  0.2020,  0.0000)
   Mode, Frequency 
      1    109.9288 cm^-1  (      3.2956 THz )
      2    109.9311 cm^-1  (      3.2957 THz )
      3    189.2414 cm^-1  (      5.6733 THz )
      4    555.4214 cm^-1  (     16.6511 THz )
      5    561.7932 cm^-1  (     16.8421 THz )
      6    561.7950 cm^-1  (     16.8422 THz )

 # k point    42 : (  0.2071,  0.2071,  0.0000)
   Mode, Frequency 
      1    112.4887 cm^-1  (      3.3723 THz )
      2    112.4910 cm^-1  (      3.3724 THz )
      3    193.7661 cm^-1  (      5.8090 THz )
      4    554.0813 cm^-1  (     16.6109 THz )
      5    560.8647 cm^-1  (     16.8143 THz )
      6    560.8665 cm^-1  (     16.8144 THz )

 # k point    43 : (  0.2121,  0.2121,  0.0000)
   Mode, Frequency 
      1    115.0325 cm^-1  (      3.4486 THz )
      2    115.0349 cm^-1  (      3.4487 THz )
      3    198.2757 cm^-1  (      5.9442 THz )
      4    552.7084 cm^-1  (     16.5698 THz )
      5    559.9225 cm^-1  (     16.7861 THz )
      6    559.9243 cm^-1  (     16.7861 THz )

 # k point    44 : (  0.2172,  0.2172,  0.0000)
   Mode, Frequency 
      1    117.5596 cm^-1  (      3.5243 THz )
      2    117.5620 cm^-1  (      3.5244 THz )
      3    202.7701 cm^-1  (      6.0789 THz )
      4    551.3024 cm^-1  (     16.5276 THz )
      5    558.9674 cm^-1  (     16.7574 THz )
      6    558.9692 cm^-1  (     16.7575 THz )

 # k point    45 : (  0.2222,  0.2222,  0.0000)
   Mode, Frequency 
      1    120.0691 cm^-1  (      3.5996 THz )
      2    120.0716 cm^-1  (      3.5997 THz )
      3    207.2487 cm^-1  (      6.2132 THz )
      4    549.8636 cm^-1  (     16.4845 THz )
      5    558.0001 cm^-1  (     16.7284 THz )
      6    558.0019 cm^-1  (     16.7285 THz )

 # k point    46 : (  0.2273,  0.2273,  0.0000)
   Mode, Frequency 
      1    122.5606 cm^-1  (      3.6743 THz )
      2    122.5631 cm^-1  (      3.6744 THz )
      3    211.7115 cm^-1  (      6.3470 THz )
      4    548.3919 cm^-1  (     16.4404 THz )
      5    557.0214 cm^-1  (     16.6991 THz )
      6    557.0232 cm^-1  (     16.6991 THz )

 # k point    47 : (  0.2323,  0.2323,  0.0000)
   Mode, Frequency 
      1    125.0332 cm^-1  (      3.7484 THz )
      2    125.0358 cm^-1  (      3.7485 THz )
      3    216.1579 cm^-1  (      6.4803 THz )
      4    546.8872 cm^-1  (     16.3953 THz )
      5    556.0320 cm^-1  (     16.6694 THz )
      6    556.0338 cm^-1  (     16.6695 THz )

 # k point    48 : (  0.2374,  0.2374,  0.0000)
   Mode, Frequency 
      1    127.4862 cm^-1  (      3.8219 THz )
      2    127.4888 cm^-1  (      3.8220 THz )
      3    220.5878 cm^-1  (      6.6131 THz )
      4    545.3498 cm^-1  (     16.3492 THz )
      5    555.0328 cm^-1  (     16.6395 THz )
      6    555.0346 cm^-1  (     16.6395 THz )

 # k point    49 : (  0.2424,  0.2424,  0.0000)
   Mode, Frequency 
      1    129.9188 cm^-1  (      3.8949 THz )
      2    129.9214 cm^-1  (      3.8949 THz )
      3    225.0007 cm^-1  (      6.7454 THz )
      4    543.7794 cm^-1  (     16.3021 THz )
      5    554.0246 cm^-1  (     16.6092 THz )
      6    554.0264 cm^-1  (     16.6093 THz )

 # k point    50 : (  0.2475,  0.2475,  0.0000)
   Mode, Frequency 
      1    132.3302 cm^-1  (      3.9672 THz )
      2    132.3329 cm^-1  (      3.9672 THz )
      3    229.3964 cm^-1  (      6.8771 THz )
      4    542.1763 cm^-1  (     16.2540 THz )
      5    553.0082 cm^-1  (     16.5788 THz )
      6    553.0100 cm^-1  (     16.5788 THz )

 # k point    51 : (  0.2525,  0.2525,  0.0000)
   Mode, Frequency 
      1    134.7197 cm^-1  (      4.0388 THz )
      2    134.7225 cm^-1  (      4.0389 THz )
      3    233.7745 cm^-1  (      7.0084 THz )
      4    540.5404 cm^-1  (     16.2050 THz )
      5    551.9846 cm^-1  (     16.5481 THz )
      6    551.9864 cm^-1  (     16.5481 THz )

 # k point    52 : (  0.2576,  0.2576,  0.0000)
   Mode, Frequency 
      1    137.0864 cm^-1  (      4.1097 THz )
      2    137.0892 cm^-1  (      4.1098 THz )
      3    238.1348 cm^-1  (      7.1391 THz )
      4    538.8717 cm^-1  (     16.1550 THz )
      5    550.9546 cm^-1  (     16.5172 THz )
      6    550.9564 cm^-1  (     16.5173 THz )

 # k point    53 : (  0.2626,  0.2626,  0.0000)
   Mode, Frequency 
      1    139.4295 cm^-1  (      4.1800 THz )
      2    139.4323 cm^-1  (      4.1801 THz )
      3    242.4770 cm^-1  (      7.2693 THz )
      4    537.1703 cm^-1  (     16.1040 THz )
      5    549.9191 cm^-1  (     16.4862 THz )
      6    549.9209 cm^-1  (     16.4862 THz )

 # k point    54 : (  0.2677,  0.2677,  0.0000)
   Mode, Frequency 
      1    141.7480 cm^-1  (      4.2495 THz )
      2    141.7509 cm^-1  (      4.2496 THz )
      3    246.8007 cm^-1  (      7.3989 THz )
      4    535.4361 cm^-1  (     16.0520 THz )
      5    548.8792 cm^-1  (     16.4550 THz )
      6    548.8810 cm^-1  (     16.4550 THz )

 # k point    55 : (  0.2727,  0.2727,  0.0000)
   Mode, Frequency 
      1    144.0412 cm^-1  (      4.3182 THz )
      2    144.0441 cm^-1  (      4.3183 THz )
      3    251.1056 cm^-1  (      7.5280 THz )
      4    533.6693 cm^-1  (     15.9990 THz )
      5    547.8357 cm^-1  (     16.4237 THz )
      6    547.8375 cm^-1  (     16.4238 THz )

 # k point    56 : (  0.2778,  0.2778,  0.0000)
   Mode, Frequency 
      1    146.3080 cm^-1  (      4.3862 THz )
      2    146.3110 cm^-1  (      4.3863 THz )
      3    255.3915 cm^-1  (      7.6564 THz )
      4    531.8698 cm^-1  (     15.9451 THz )
      5    546.7897 cm^-1  (     16.3923 THz )
      6    546.7915 cm^-1  (     16.3924 THz )

 # k point    57 : (  0.2828,  0.2828,  0.0000)
   Mode, Frequency 
      1    148.5475 cm^-1  (      4.4533 THz )
      2    148.5505 cm^-1  (      4.4534 THz )
      3    259.6580 cm^-1  (      7.7844 THz )
      4    530.0377 cm^-1  (     15.8901 THz )
      5    545.7422 cm^-1  (     16.3609 THz )
      6    545.7440 cm^-1  (     16.3610 THz )

 # k point    58 : (  0.2879,  0.2879,  0.0000)
   Mode, Frequency 
      1    150.7588 cm^-1  (      4.5196 THz )
      2    150.7619 cm^-1  (      4.5197 THz )
      3    263.9049 cm^-1  (      7.9117 THz )
      4    528.1730 cm^-1  (     15.8342 THz )
      5    544.6943 cm^-1  (     16.3295 THz )
      6    544.6961 cm^-1  (     16.3296 THz )

 # k point    59 : (  0.2929,  0.2929,  0.0000)
   Mode, Frequency 
      1    152.9408 cm^-1  (      4.5851 THz )
      2    152.9440 cm^-1  (      4.5851 THz )
      3    268.1319 cm^-1  (      8.0384 THz )
      4    526.2758 cm^-1  (     15.7774 THz )
      5    543.6469 cm^-1  (     16.2981 THz )
      6    543.6487 cm^-1  (     16.2982 THz )

 # k point    60 : (  0.2980,  0.2980,  0.0000)
   Mode, Frequency 
      1    155.0927 cm^-1  (      4.6496 THz )
      2    155.0958 cm^-1  (      4.6497 THz )
      3    272.3386 cm^-1  (      8.1645 THz )
      4    524.3460 cm^-1  (     15.7195 THz )
      5    542.6012 cm^-1  (     16.2668 THz )
      6    542.6031 cm^-1  (     16.2668 THz )

 # k point    61 : (  0.3030,  0.3030,  0.0000)
   Mode, Frequency 
      1    157.2132 cm^-1  (      4.7131 THz )
      2    157.2164 cm^-1  (      4.7132 THz )
      3    276.5249 cm^-1  (      8.2900 THz )
      4    522.3838 cm^-1  (     15.6607 THz )
      5    541.5584 cm^-1  (     16.2355 THz )
      6    541.5602 cm^-1  (     16.2356 THz )

 # k point    62 : (  0.3081,  0.3081,  0.0000)
   Mode, Frequency 
      1    159.3014 cm^-1  (      4.7757 THz )
      2    159.3047 cm^-1  (      4.7758 THz )
      3    280.6904 cm^-1  (      8.4149 THz )
      4    520.3891 cm^-1  (     15.6009 THz )
      5    540.5194 cm^-1  (     16.2044 THz )
      6    540.5212 cm^-1  (     16.2044 THz )

 # k point    63 : (  0.3131,  0.3131,  0.0000)
   Mode, Frequency 
      1    161.3562 cm^-1  (      4.8373 THz )
      2    161.3595 cm^-1  (      4.8374 THz )
      3    284.8349 cm^-1  (      8.5391 THz )
      4    518.3621 cm^-1  (     15.5401 THz )
      5    539.4856 cm^-1  (     16.1734 THz )
      6    539.4874 cm^-1  (     16.1734 THz )

 # k point    64 : (  0.3182,  0.3182,  0.0000)
   Mode, Frequency 
      1    163.3765 cm^-1  (      4.8979 THz )
      2    163.3798 cm^-1  (      4.8980 THz )
      3    288.9581 cm^-1  (      8.6627 THz )
      4    516.3027 cm^-1  (     15.4784 THz )
      5    538.4580 cm^-1  (     16.1426 THz )
      6    538.4598 cm^-1  (     16.1426 THz )

 # k point    65 : (  0.3232,  0.3232,  0.0000)
   Mode, Frequency 
      1    165.3612 cm^-1  (      4.9574 THz )
      2    165.3646 cm^-1  (      4.9575 THz )
      3    293.0596 cm^-1  (      8.7857 THz )
      4    514.2110 cm^-1  (     15.4157 THz )
      5    537.4378 cm^-1  (     16.1120 THz )
      6    537.4396 cm^-1  (     16.1120 THz )

 # k point    66 : (  0.3283,  0.3283,  0.0000)
   Mode, Frequency 
      1    167.3091 cm^-1  (      5.0158 THz )
      2    167.3125 cm^-1  (      5.0159 THz )
      3    297.1394 cm^-1  (      8.9080 THz )
      4    512.0871 cm^-1  (     15.3520 THz )
      5    536.4263 cm^-1  (     16.0817 THz )
      6    536.4281 cm^-1  (     16.0817 THz )

 # k point    67 : (  0.3333,  0.3333,  0.0000)
   Mode, Frequency 
      1    169.2191 cm^-1  (      5.0731 THz )
      2    169.2225 cm^-1  (      5.0732 THz )
      3    301.1970 cm^-1  (      9.0297 THz )
      4    509.9309 cm^-1  (     15.2873 THz )
      5    535.4247 cm^-1  (     16.0516 THz )
      6    535.4265 cm^-1  (     16.0517 THz )

 # k point    68 : (  0.3384,  0.3384,  0.0000)
   Mode, Frequency 
      1    171.0900 cm^-1  (      5.1291 THz )
      2    171.0935 cm^-1  (      5.1293 THz )
      3    305.2323 cm^-1  (      9.1506 THz )
      4    507.7427 cm^-1  (     15.2217 THz )
      5    534.4342 cm^-1  (     16.0219 THz )
      6    534.4360 cm^-1  (     16.0220 THz )

 # k point    69 : (  0.3434,  0.3434,  0.0000)
   Mode, Frequency 
      1    172.9206 cm^-1  (      5.1840 THz )
      2    172.9242 cm^-1  (      5.1841 THz )
      3    309.2449 cm^-1  (      9.2709 THz )
      4    505.5223 cm^-1  (     15.1552 THz )
      5    533.4562 cm^-1  (     15.9926 THz )
      6    533.4580 cm^-1  (     15.9927 THz )

 # k point    70 : (  0.3485,  0.3485,  0.0000)
   Mode, Frequency 
      1    174.7098 cm^-1  (      5.2377 THz )
      2    174.7134 cm^-1  (      5.2378 THz )
      3    313.2347 cm^-1  (      9.3905 THz )
      4    503.2699 cm^-1  (     15.0877 THz )
      5    532.4917 cm^-1  (     15.9637 THz )
      6    532.4935 cm^-1  (     15.9638 THz )

 # k point    71 : (  0.3535,  0.3535,  0.0000)
   Mode, Frequency 
      1    176.4563 cm^-1  (      5.2900 THz )
      2    176.4599 cm^-1  (      5.2901 THz )
      3    317.2014 cm^-1  (      9.5095 THz )
      4    500.9855 cm^-1  (     15.0192 THz )
      5    531.5422 cm^-1  (     15.9352 THz )
      6    531.5440 cm^-1  (     15.9353 THz )

 # k point    72 : (  0.3586,  0.3586,  0.0000)
   Mode, Frequency 
      1    178.1588 cm^-1  (      5.3411 THz )
      2    178.1625 cm^-1  (      5.3412 THz )
      3    321.1447 cm^-1  (      9.6277 THz )
      4    498.6692 cm^-1  (     14.9497 THz )
      5    530.6089 cm^-1  (     15.9073 THz )
      6    530.6107 cm^-1  (     15.9073 THz )

 # k point    73 : (  0.3636,  0.3636,  0.0000)
   Mode, Frequency 
      1    179.8163 cm^-1  (      5.3908 THz )
      2    179.8199 cm^-1  (      5.3909 THz )
      3    325.0644 cm^-1  (      9.7452 THz )
      4    496.3211 cm^-1  (     14.8793 THz )
      5    529.6932 cm^-1  (     15.8798 THz )
      6    529.6950 cm^-1  (     15.8799 THz )

 # k point    74 : (  0.3687,  0.3687,  0.0000)
   Mode, Frequency 
      1    181.4273 cm^-1  (      5.4391 THz )
      2    181.4310 cm^-1  (      5.4392 THz )
      3    328.9602 cm^-1  (      9.8620 THz )
      4    493.9411 cm^-1  (     14.8080 THz )
      5    528.7963 cm^-1  (     15.8529 THz )
      6    528.7981 cm^-1  (     15.8530 THz )

 # k point    75 : (  0.3737,  0.3737,  0.0000)
   Mode, Frequency 
      1    182.9908 cm^-1  (      5.4859 THz )
      2    182.9945 cm^-1  (      5.4860 THz )
      3    332.8320 cm^-1  (      9.9781 THz )
      4    491.5295 cm^-1  (     14.7357 THz )
      5    527.9194 cm^-1  (     15.8266 THz )
      6    527.9212 cm^-1  (     15.8267 THz )

 # k point    76 : (  0.3788,  0.3788,  0.0000)
   Mode, Frequency 
      1    184.5053 cm^-1  (      5.5313 THz )
      2    184.5091 cm^-1  (      5.5314 THz )
      3    336.6794 cm^-1  (     10.0934 THz )
      4    489.0862 cm^-1  (     14.6624 THz )
      5    527.0641 cm^-1  (     15.8010 THz )
      6    527.0658 cm^-1  (     15.8010 THz )

 # k point    77 : (  0.3838,  0.3838,  0.0000)
   Mode, Frequency 
      1    185.9698 cm^-1  (      5.5752 THz )
      2    185.9736 cm^-1  (      5.5753 THz )
      3    340.5024 cm^-1  (     10.2080 THz )
      4    486.6113 cm^-1  (     14.5882 THz )
      5    526.2314 cm^-1  (     15.7760 THz )
      6    526.2331 cm^-1  (     15.7761 THz )

 # k point    78 : (  0.3889,  0.3889,  0.0000)
   Mode, Frequency 
      1    187.3830 cm^-1  (      5.6176 THz )
      2    187.3868 cm^-1  (      5.6177 THz )
      3    344.3005 cm^-1  (     10.3219 THz )
      4    484.1050 cm^-1  (     14.5131 THz )
      5    525.4227 cm^-1  (     15.7518 THz )
      6    525.4245 cm^-1  (     15.7518 THz )

 # k point    79 : (  0.3939,  0.3939,  0.0000)
   Mode, Frequency 
      1    188.7437 cm^-1  (      5.6584 THz )
      2    188.7475 cm^-1  (      5.6585 THz )
      3    348.0737 cm^-1  (     10.4350 THz )
      4    481.5672 cm^-1  (     14.4370 THz )
      5    524.6393 cm^-1  (     15.7283 THz )
      6    524.6410 cm^-1  (     15.7283 THz )

 # k point    80 : (  0.3990,  0.3990,  0.0000)
   Mode, Frequency 
      1    190.0506 cm^-1  (      5.6976 THz )
      2    190.0544 cm^-1  (      5.6977 THz )
      3    351.8217 cm^-1  (     10.5473 THz )
      4    478.9981 cm^-1  (     14.3600 THz )
      5    523.8824 cm^-1  (     15.7056 THz )
      6    523.8841 cm^-1  (     15.7057 THz )

 # k point    81 : (  0.4040,  0.4040,  0.0000)
   Mode, Frequency 
      1    191.3025 cm^-1  (      5.7351 THz )
      2    191.3064 cm^-1  (      5.7352 THz )
      3    355.5442 cm^-1  (     10.6589 THz )
      4    476.3977 cm^-1  (     14.2820 THz )
      5    523.1533 cm^-1  (     15.6837 THz )
      6    523.1550 cm^-1  (     15.6838 THz )

 # k point    82 : (  0.4091,  0.4091,  0.0000)
   Mode, Frequency 
      1    192.4984 cm^-1  (      5.7710 THz )
      2    192.5023 cm^-1  (      5.7711 THz )
      3    359.2412 cm^-1  (     10.7698 THz )
      4    473.7662 cm^-1  (     14.2032 THz )
      5    522.4531 cm^-1  (     15.6628 THz )
      6    522.4549 cm^-1  (     15.6628 THz )

 # k point    83 : (  0.4141,  0.4141,  0.0000)
   Mode, Frequency 
      1    193.6370 cm^-1  (      5.8051 THz )
      2    193.6410 cm^-1  (      5.8052 THz )
      3    362.9123 cm^-1  (     10.8798 THz )
      4    471.1036 cm^-1  (     14.1233 THz )
      5    521.7832 cm^-1  (     15.6427 THz )
      6    521.7849 cm^-1  (     15.6427 THz )

 # k point    84 : (  0.4192,  0.4192,  0.0000)
   Mode, Frequency 
      1    194.7173 cm^-1  (      5.8375 THz )
      2    194.7212 cm^-1  (      5.8376 THz )
      3    366.5573 cm^-1  (     10.9891 THz )
      4    468.4100 cm^-1  (     14.0426 THz )
      5    521.1446 cm^-1  (     15.6235 THz )
      6    521.1463 cm^-1  (     15.6236 THz )

 # k point    85 : (  0.4242,  0.4242,  0.0000)
   Mode, Frequency 
      1    195.7381 cm^-1  (      5.8681 THz )
      2    195.7421 cm^-1  (      5.8682 THz )
      3    370.1761 cm^-1  (     11.0976 THz )
      4    465.6855 cm^-1  (     13.9609 THz )
      5    520.5384 cm^-1  (     15.6053 THz )
      6    520.5402 cm^-1  (     15.6054 THz )

 # k point    86 : (  0.4293,  0.4293,  0.0000)
   Mode, Frequency 
      1    196.6985 cm^-1  (      5.8969 THz )
      2    196.7024 cm^-1  (      5.8970 THz )
      3    373.7685 cm^-1  (     11.2053 THz )
      4    462.9303 cm^-1  (     13.8783 THz )
      5    519.9658 cm^-1  (     15.5882 THz )
      6    519.9676 cm^-1  (     15.5882 THz )

 # k point    87 : (  0.4343,  0.4343,  0.0000)
   Mode, Frequency 
      1    197.5973 cm^-1  (      5.9238 THz )
      2    197.6013 cm^-1  (      5.9239 THz )
      3    377.3343 cm^-1  (     11.3122 THz )
      4    460.1443 cm^-1  (     13.7948 THz )
      5    519.4278 cm^-1  (     15.5721 THz )
      6    519.4296 cm^-1  (     15.5721 THz )

 # k point    88 : (  0.4394,  0.4394,  0.0000)
   Mode, Frequency 
      1    198.4337 cm^-1  (      5.9489 THz )
      2    198.4377 cm^-1  (      5.9490 THz )
      3    380.8732 cm^-1  (     11.4183 THz )
      4    457.3277 cm^-1  (     13.7103 THz )
      5    518.9254 cm^-1  (     15.5570 THz )
      6    518.9271 cm^-1  (     15.5570 THz )

 # k point    89 : (  0.4444,  0.4444,  0.0000)
   Mode, Frequency 
      1    199.2068 cm^-1  (      5.9721 THz )
      2    199.2108 cm^-1  (      5.9722 THz )
      3    384.3852 cm^-1  (     11.5236 THz )
      4    454.4807 cm^-1  (     13.6250 THz )
      5    518.4595 cm^-1  (     15.5430 THz )
      6    518.4612 cm^-1  (     15.5431 THz )

 # k point    90 : (  0.4495,  0.4495,  0.0000)
   Mode, Frequency 
      1    199.9156 cm^-1  (      5.9933 THz )
      2    199.9196 cm^-1  (      5.9934 THz )
      3    387.8699 cm^-1  (     11.6280 THz )
      4    451.6032 cm^-1  (     13.5387 THz )
      5    518.0309 cm^-1  (     15.5302 THz )
      6    518.0327 cm^-1  (     15.5302 THz )

 # k point    91 : (  0.4545,  0.4545,  0.0000)
   Mode, Frequency 
      1    200.5594 cm^-1  (      6.0126 THz )
      2    200.5635 cm^-1  (      6.0127 THz )
      3    391.3273 cm^-1  (     11.7317 THz )
      4    448.6955 cm^-1  (     13.4516 THz )
      5    517.6406 cm^-1  (     15.5185 THz )
      6    517.6424 cm^-1  (     15.5185 THz )

 # k point    92 : (  0.4596,  0.4596,  0.0000)
   Mode, Frequency 
      1    201.1375 cm^-1  (      6.0300 THz )
      2    201.1416 cm^-1  (      6.0301 THz )
      3    394.7571 cm^-1  (     11.8345 THz )
      4    445.7577 cm^-1  (     13.3635 THz )
      5    517.2893 cm^-1  (     15.5079 THz )
      6    517.2911 cm^-1  (     15.5080 THz )

 # k point    93 : (  0.4646,  0.4646,  0.0000)
   Mode, Frequency 
      1    201.6492 cm^-1  (      6.0453 THz )
      2    201.6533 cm^-1  (      6.0454 THz )
      3    398.1593 cm^-1  (     11.9365 THz )
      4    442.7898 cm^-1  (     13.2745 THz )
      5    516.9777 cm^-1  (     15.4986 THz )
      6    516.9794 cm^-1  (     15.4987 THz )

 # k point    94 : (  0.4697,  0.4697,  0.0000)
   Mode, Frequency 
      1    202.0939 cm^-1  (      6.0586 THz )
      2    202.0980 cm^-1  (      6.0587 THz )
      3    401.5335 cm^-1  (     12.0377 THz )
      4    439.7920 cm^-1  (     13.1846 THz )
      5    516.7063 cm^-1  (     15.4905 THz )
      6    516.7080 cm^-1  (     15.4905 THz )

 # k point    95 : (  0.4747,  0.4747,  0.0000)
   Mode, Frequency 
      1    202.4711 cm^-1  (      6.0699 THz )
      2    202.4752 cm^-1  (      6.0701 THz )
      3    404.8797 cm^-1  (     12.1380 THz )
      4    436.7644 cm^-1  (     13.0939 THz )
      5    516.4757 cm^-1  (     15.4836 THz )
      6    516.4775 cm^-1  (     15.4836 THz )

 # k point    96 : (  0.4798,  0.4798,  0.0000)
   Mode, Frequency 
      1    202.7804 cm^-1  (      6.0792 THz )
      2    202.7845 cm^-1  (      6.0793 THz )
      3    408.1976 cm^-1  (     12.2375 THz )
      4    433.7072 cm^-1  (     13.0022 THz )
      5    516.2864 cm^-1  (     15.4779 THz )
      6    516.2882 cm^-1  (     15.4779 THz )

 # k point    97 : (  0.4848,  0.4848,  0.0000)
   Mode, Frequency 
      1    203.0213 cm^-1  (      6.0864 THz )
      2    203.0254 cm^-1  (      6.0865 THz )
      3    411.4872 cm^-1  (     12.3361 THz )
      4    430.6204 cm^-1  (     12.9097 THz )
      5    516.1388 cm^-1  (     15.4735 THz )
      6    516.1406 cm^-1  (     15.4735 THz )

 # k point    98 : (  0.4899,  0.4899,  0.0000)
   Mode, Frequency 
      1    203.1936 cm^-1  (      6.0916 THz )
      2    203.1977 cm^-1  (      6.0917 THz )
      3    414.7483 cm^-1  (     12.4338 THz )
      4    427.5042 cm^-1  (     12.8163 THz )
      5    516.0332 cm^-1  (     15.4703 THz )
      6    516.0349 cm^-1  (     15.4703 THz )

 # k point    99 : (  0.4949,  0.4949,  0.0000)
   Mode, Frequency 
      1    203.2970 cm^-1  (      6.0947 THz )
      2    203.3011 cm^-1  (      6.0948 THz )
      3    417.9807 cm^-1  (     12.5307 THz )
      4    424.3588 cm^-1  (     12.7220 THz )
      5    515.9697 cm^-1  (     15.4684 THz )
      6    515.9714 cm^-1  (     15.4684 THz )

 # k point   100 : (  0.5000,  0.5000,  0.0000)
   Mode, Frequency 
      1    203.3315 cm^-1  (      6.0957 THz )
      2    203.3356 cm^-1  (      6.0958 THz )
      3    421.1841 cm^-1  (     12.6268 THz )
      4    421.1843 cm^-1  (     12.6268 THz )
      5    515.9485 cm^-1  (     15.4677 THz )
      6    515.9503 cm^-1  (     15.4678 THz )

 # k point   101 : (  0.5000,  0.5000,  1.0000)
   Mode, Frequency 
      1    203.3315 cm^-1  (      6.0957 THz )
      2    203.3356 cm^-1  (      6.0958 THz )
      3    421.1841 cm^-1  (     12.6268 THz )
      4    421.1843 cm^-1  (     12.6268 THz )
      5    515.9485 cm^-1  (     15.4677 THz )
      6    515.9503 cm^-1  (     15.4678 THz )

 # k point   102 : (  0.4987,  0.4987,  0.9975)
   Mode, Frequency 
      1    203.3299 cm^-1  (      6.0957 THz )
      2    203.3426 cm^-1  (      6.0961 THz )
      3    421.1794 cm^-1  (     12.6266 THz )
      4    421.1826 cm^-1  (     12.6267 THz )
      5    515.9496 cm^-1  (     15.4678 THz )
      6    515.9523 cm^-1  (     15.4679 THz )

 # k point   103 : (  0.4975,  0.4975,  0.9949)
   Mode, Frequency 
      1    203.3251 cm^-1  (      6.0955 THz )
      2    203.3637 cm^-1  (      6.0967 THz )
      3    421.1648 cm^-1  (     12.6262 THz )
      4    421.1779 cm^-1  (     12.6266 THz )
      5    515.9529 cm^-1  (     15.4679 THz )
      6    515.9583 cm^-1  (     15.4680 THz )

 # k point   104 : (  0.4962,  0.4962,  0.9924)
   Mode, Frequency 
      1    203.3171 cm^-1  (      6.0953 THz )
      2    203.3988 cm^-1  (      6.0977 THz )
      3    421.1406 cm^-1  (     12.6255 THz )
      4    421.1700 cm^-1  (     12.6264 THz )
      5    515.9585 cm^-1  (     15.4680 THz )
      6    515.9683 cm^-1  (     15.4683 THz )

 # k point   105 : (  0.4949,  0.4949,  0.9899)
   Mode, Frequency 
      1    203.3059 cm^-1  (      6.0950 THz )
      2    203.4480 cm^-1  (      6.0992 THz )
      3    421.1067 cm^-1  (     12.6245 THz )
      4    421.1589 cm^-1  (     12.6260 THz )
      5    515.9662 cm^-1  (     15.4683 THz )
      6    515.9823 cm^-1  (     15.4688 THz )

 # k point   106 : (  0.4937,  0.4937,  0.9874)
   Mode, Frequency 
      1    203.2915 cm^-1  (      6.0945 THz )
      2    203.5111 cm^-1  (      6.1011 THz )
      3    421.0631 cm^-1  (     12.6232 THz )
      4    421.1447 cm^-1  (     12.6256 THz )
      5    515.9761 cm^-1  (     15.4686 THz )
      6    516.0003 cm^-1  (     15.4693 THz )

 # k point   107 : (  0.4924,  0.4924,  0.9848)
   Mode, Frequency 
      1    203.2739 cm^-1  (      6.0940 THz )
      2    203.5882 cm^-1  (      6.1034 THz )
      3    421.0099 cm^-1  (     12.6216 THz )
      4    421.1273 cm^-1  (     12.6251 THz )
      5    515.9883 cm^-1  (     15.4689 THz )
      6    516.0223 cm^-1  (     15.4700 THz )

 # k point   108 : (  0.4912,  0.4912,  0.9823)
   Mode, Frequency 
      1    203.2531 cm^-1  (      6.0934 THz )
      2    203.6791 cm^-1  (      6.1061 THz )
      3    420.9471 cm^-1  (     12.6197 THz )
      4    421.1069 cm^-1  (     12.6245 THz )
      5    516.0026 cm^-1  (     15.4694 THz )
      6    516.0482 cm^-1  (     15.4707 THz )

 # k point   109 : (  0.4899,  0.4899,  0.9798)
   Mode, Frequency 
      1    203.2291 cm^-1  (      6.0927 THz )
      2    203.7840 cm^-1  (      6.1093 THz )
      3    420.8746 cm^-1  (     12.6175 THz )
      4    421.0833 cm^-1  (     12.6238 THz )
      5    516.0192 cm^-1  (     15.4699 THz )
      6    516.0781 cm^-1  (     15.4716 THz )

 # k point   110 : (  0.4886,  0.4886,  0.9773)
   Mode, Frequency 
      1    203.2019 cm^-1  (      6.0918 THz )
      2    203.9026 cm^-1  (      6.1128 THz )
      3    420.7926 cm^-1  (     12.6150 THz )
      4    421.0567 cm^-1  (     12.6230 THz )
      5    516.0379 cm^-1  (     15.4704 THz )
      6    516.1118 cm^-1  (     15.4726 THz )

 # k point   111 : (  0.4874,  0.4874,  0.9747)
   Mode, Frequency 
      1    203.1716 cm^-1  (      6.0909 THz )
      2    204.0349 cm^-1  (      6.1168 THz )
      3    420.7011 cm^-1  (     12.6123 THz )
      4    421.0269 cm^-1  (     12.6221 THz )
      5    516.0589 cm^-1  (     15.4711 THz )
      6    516.1494 cm^-1  (     15.4738 THz )

 # k point   112 : (  0.4861,  0.4861,  0.9722)
   Mode, Frequency 
      1    203.1380 cm^-1  (      6.0899 THz )
      2    204.1809 cm^-1  (      6.1212 THz )
      3    420.6000 cm^-1  (     12.6093 THz )
      4    420.9942 cm^-1  (     12.6211 THz )
      5    516.0820 cm^-1  (     15.4717 THz )
      6    516.1909 cm^-1  (     15.4750 THz )

 # k point   113 : (  0.4848,  0.4848,  0.9697)
   Mode, Frequency 
      1    203.1012 cm^-1  (      6.0888 THz )
      2    204.3404 cm^-1  (      6.1260 THz )
      3    420.4895 cm^-1  (     12.6060 THz )
      4    420.9584 cm^-1  (     12.6200 THz )
      5    516.1074 cm^-1  (     15.4725 THz )
      6    516.2362 cm^-1  (     15.4764 THz )

 # k point   114 : (  0.4836,  0.4836,  0.9672)
   Mode, Frequency 
      1    203.0612 cm^-1  (      6.0876 THz )
      2    204.5133 cm^-1  (      6.1312 THz )
      3    420.3696 cm^-1  (     12.6024 THz )
      4    420.9197 cm^-1  (     12.6189 THz )
      5    516.1349 cm^-1  (     15.4733 THz )
      6    516.2852 cm^-1  (     15.4778 THz )

 # k point   115 : (  0.4823,  0.4823,  0.9646)
   Mode, Frequency 
      1    203.0181 cm^-1  (      6.0863 THz )
      2    204.6996 cm^-1  (      6.1367 THz )
      3    420.2403 cm^-1  (     12.5985 THz )
      4    420.8780 cm^-1  (     12.6176 THz )
      5    516.1647 cm^-1  (     15.4742 THz )
      6    516.3380 cm^-1  (     15.4794 THz )

 # k point   116 : (  0.4811,  0.4811,  0.9621)
   Mode, Frequency 
      1    202.9717 cm^-1  (      6.0849 THz )
      2    204.8992 cm^-1  (      6.1427 THz )
      3    420.1016 cm^-1  (     12.5943 THz )
      4    420.8334 cm^-1  (     12.6163 THz )
      5    516.1966 cm^-1  (     15.4752 THz )
      6    516.3945 cm^-1  (     15.4811 THz )

 # k point   117 : (  0.4798,  0.4798,  0.9596)
   Mode, Frequency 
      1    202.9221 cm^-1  (      6.0835 THz )
      2    205.1119 cm^-1  (      6.1491 THz )
      3    419.9537 cm^-1  (     12.5899 THz )
      4    420.7859 cm^-1  (     12.6148 THz )
      5    516.2307 cm^-1  (     15.4762 THz )
      6    516.4546 cm^-1  (     15.4829 THz )

 # k point   118 : (  0.4785,  0.4785,  0.9571)
   Mode, Frequency 
      1    202.8694 cm^-1  (      6.0819 THz )
      2    205.3375 cm^-1  (      6.1559 THz )
      3    419.7966 cm^-1  (     12.5852 THz )
      4    420.7356 cm^-1  (     12.6133 THz )
      5    516.2671 cm^-1  (     15.4773 THz )
      6    516.5183 cm^-1  (     15.4848 THz )

 # k point   119 : (  0.4773,  0.4773,  0.9545)
   Mode, Frequency 
      1    202.8134 cm^-1  (      6.0802 THz )
      2    205.5760 cm^-1  (      6.1630 THz )
      3    419.6303 cm^-1  (     12.5802 THz )
      4    420.6824 cm^-1  (     12.6117 THz )
      5    516.3056 cm^-1  (     15.4785 THz )
      6    516.5855 cm^-1  (     15.4868 THz )

 # k point   120 : (  0.4760,  0.4760,  0.9520)
   Mode, Frequency 
      1    202.7543 cm^-1  (      6.0784 THz )
      2    205.8272 cm^-1  (      6.1705 THz )
      3    419.4549 cm^-1  (     12.5749 THz )
      4    420.6266 cm^-1  (     12.6101 THz )
      5    516.3462 cm^-1  (     15.4797 THz )
      6    516.6562 cm^-1  (     15.4890 THz )

 # k point   121 : (  0.4747,  0.4747,  0.9495)
   Mode, Frequency 
      1    202.6920 cm^-1  (      6.0766 THz )
      2    206.0910 cm^-1  (      6.1785 THz )
      3    419.2705 cm^-1  (     12.5694 THz )
      4    420.5680 cm^-1  (     12.6083 THz )
      5    516.3891 cm^-1  (     15.4810 THz )
      6    516.7303 cm^-1  (     15.4912 THz )

 # k point   122 : (  0.4735,  0.4735,  0.9470)
   Mode, Frequency 
      1    202.6265 cm^-1  (      6.0746 THz )
      2    206.3672 cm^-1  (      6.1867 THz )
      3    419.0772 cm^-1  (     12.5636 THz )
      4    420.5068 cm^-1  (     12.6065 THz )
      5    516.4341 cm^-1  (     15.4823 THz )
      6    516.8079 cm^-1  (     15.4935 THz )

 # k point   123 : (  0.4722,  0.4722,  0.9444)
   Mode, Frequency 
      1    202.5578 cm^-1  (      6.0725 THz )
      2    206.6556 cm^-1  (      6.1954 THz )
      3    418.8749 cm^-1  (     12.5576 THz )
      4    420.4430 cm^-1  (     12.6046 THz )
      5    516.4813 cm^-1  (     15.4837 THz )
      6    516.8887 cm^-1  (     15.4959 THz )

 # k point   124 : (  0.4710,  0.4710,  0.9419)
   Mode, Frequency 
      1    202.4859 cm^-1  (      6.0704 THz )
      2    206.9561 cm^-1  (      6.2044 THz )
      3    418.6638 cm^-1  (     12.5512 THz )
      4    420.3766 cm^-1  (     12.6026 THz )
      5    516.5307 cm^-1  (     15.4852 THz )
      6    516.9728 cm^-1  (     15.4985 THz )

 # k point   125 : (  0.4697,  0.4697,  0.9394)
   Mode, Frequency 
      1    202.4108 cm^-1  (      6.0681 THz )
      2    207.2685 cm^-1  (      6.2138 THz )
      3    418.4440 cm^-1  (     12.5446 THz )
      4    420.3078 cm^-1  (     12.6005 THz )
      5    516.5822 cm^-1  (     15.4867 THz )
      6    517.0600 cm^-1  (     15.5011 THz )

 # k point   126 : (  0.4684,  0.4684,  0.9369)
   Mode, Frequency 
      1    202.3325 cm^-1  (      6.0658 THz )
      2    207.5926 cm^-1  (      6.2235 THz )
      3    418.2155 cm^-1  (     12.5378 THz )
      4    420.2365 cm^-1  (     12.5984 THz )
      5    516.6359 cm^-1  (     15.4884 THz )
      6    517.1504 cm^-1  (     15.5038 THz )

 # k point   127 : (  0.4672,  0.4672,  0.9343)
   Mode, Frequency 
      1    202.2511 cm^-1  (      6.0633 THz )
      2    207.9283 cm^-1  (      6.2335 THz )
      3    417.9784 cm^-1  (     12.5307 THz )
      4    420.1629 cm^-1  (     12.5962 THz )
      5    516.6918 cm^-1  (     15.4900 THz )
      6    517.2439 cm^-1  (     15.5066 THz )

 # k point   128 : (  0.4659,  0.4659,  0.9318)
   Mode, Frequency 
      1    202.1665 cm^-1  (      6.0608 THz )
      2    208.2752 cm^-1  (      6.2439 THz )
      3    417.7327 cm^-1  (     12.5233 THz )
      4    420.0870 cm^-1  (     12.5939 THz )
      5    516.7498 cm^-1  (     15.4918 THz )
      6    517.3403 cm^-1  (     15.5095 THz )

 # k point   129 : (  0.4646,  0.4646,  0.9293)
   Mode, Frequency 
      1    202.0787 cm^-1  (      6.0582 THz )
      2    208.6332 cm^-1  (      6.2547 THz )
      3    417.4787 cm^-1  (     12.5157 THz )
      4    420.0089 cm^-1  (     12.5916 THz )
      5    516.8099 cm^-1  (     15.4936 THz )
      6    517.4396 cm^-1  (     15.5124 THz )

 # k point   130 : (  0.4634,  0.4634,  0.9268)
   Mode, Frequency 
      1    201.9877 cm^-1  (      6.0554 THz )
      2    209.0022 cm^-1  (      6.2657 THz )
      3    417.2163 cm^-1  (     12.5078 THz )
      4    419.9287 cm^-1  (     12.5891 THz )
      5    516.8722 cm^-1  (     15.4954 THz )
      6    517.5418 cm^-1  (     15.5155 THz )

 # k point   131 : (  0.4621,  0.4621,  0.9242)
   Mode, Frequency 
      1    201.8935 cm^-1  (      6.0526 THz )
      2    209.3818 cm^-1  (      6.2771 THz )
      3    416.9456 cm^-1  (     12.4997 THz )
      4    419.8464 cm^-1  (     12.5867 THz )
      5    516.9367 cm^-1  (     15.4974 THz )
      6    517.6468 cm^-1  (     15.5187 THz )

 # k point   132 : (  0.4609,  0.4609,  0.9217)
   Mode, Frequency 
      1    201.7962 cm^-1  (      6.0497 THz )
      2    209.7718 cm^-1  (      6.2888 THz )
      3    416.6667 cm^-1  (     12.4914 THz )
      4    419.7621 cm^-1  (     12.5842 THz )
      5    517.0032 cm^-1  (     15.4994 THz )
      6    517.7545 cm^-1  (     15.5219 THz )

 # k point   133 : (  0.4596,  0.4596,  0.9192)
   Mode, Frequency 
      1    201.6957 cm^-1  (      6.0467 THz )
      2    210.1721 cm^-1  (      6.3008 THz )
      3    416.3797 cm^-1  (     12.4828 THz )
      4    419.6759 cm^-1  (     12.5816 THz )
      5    517.0719 cm^-1  (     15.5014 THz )
      6    517.8648 cm^-1  (     15.5252 THz )

 # k point   134 : (  0.4583,  0.4583,  0.9167)
   Mode, Frequency 
      1    201.5920 cm^-1  (      6.0436 THz )
      2    210.5824 cm^-1  (      6.3131 THz )
      3    416.0847 cm^-1  (     12.4739 THz )
      4    419.5879 cm^-1  (     12.5789 THz )
      5    517.1428 cm^-1  (     15.5036 THz )
      6    517.9776 cm^-1  (     15.5286 THz )

 # k point   135 : (  0.4571,  0.4571,  0.9141)
   Mode, Frequency 
      1    201.4851 cm^-1  (      6.0404 THz )
      2    211.0025 cm^-1  (      6.3257 THz )
      3    415.7818 cm^-1  (     12.4648 THz )
      4    419.4982 cm^-1  (     12.5762 THz )
      5    517.2157 cm^-1  (     15.5057 THz )
      6    518.0929 cm^-1  (     15.5320 THz )

 # k point   136 : (  0.4558,  0.4558,  0.9116)
   Mode, Frequency 
      1    201.3751 cm^-1  (      6.0371 THz )
      2    211.4320 cm^-1  (      6.3386 THz )
      3    415.4711 cm^-1  (     12.4555 THz )
      4    419.4068 cm^-1  (     12.5735 THz )
      5    517.2908 cm^-1  (     15.5080 THz )
      6    518.2107 cm^-1  (     15.5356 THz )

 # k point   137 : (  0.4545,  0.4545,  0.9091)
   Mode, Frequency 
      1    201.2619 cm^-1  (      6.0337 THz )
      2    211.8708 cm^-1  (      6.3517 THz )
      3    415.1526 cm^-1  (     12.4460 THz )
      4    419.3139 cm^-1  (     12.5707 THz )
      5    517.3679 cm^-1  (     15.5103 THz )
      6    518.3308 cm^-1  (     15.5392 THz )

 # k point   138 : (  0.4533,  0.4533,  0.9066)
   Mode, Frequency 
      1    201.1455 cm^-1  (      6.0302 THz )
      2    212.3185 cm^-1  (      6.3651 THz )
      3    414.8265 cm^-1  (     12.4362 THz )
      4    419.2195 cm^-1  (     12.5679 THz )
      5    517.4472 cm^-1  (     15.5127 THz )
      6    518.4531 cm^-1  (     15.5428 THz )

 # k point   139 : (  0.4520,  0.4520,  0.9040)
   Mode, Frequency 
      1    201.0260 cm^-1  (      6.0266 THz )
      2    212.7750 cm^-1  (      6.3788 THz )
      3    414.4928 cm^-1  (     12.4262 THz )
      4    419.1239 cm^-1  (     12.5650 THz )
      5    517.5285 cm^-1  (     15.5151 THz )
      6    518.5776 cm^-1  (     15.5466 THz )

 # k point   140 : (  0.4508,  0.4508,  0.9015)
   Mode, Frequency 
      1    200.9033 cm^-1  (      6.0229 THz )
      2    213.2400 cm^-1  (      6.3928 THz )
      3    414.1516 cm^-1  (     12.4160 THz )
      4    419.0269 cm^-1  (     12.5621 THz )
      5    517.6120 cm^-1  (     15.5176 THz )
      6    518.7042 cm^-1  (     15.5504 THz )

 # k point   141 : (  0.4495,  0.4495,  0.8990)
   Mode, Frequency 
      1    200.7774 cm^-1  (      6.0192 THz )
      2    213.7131 cm^-1  (      6.4070 THz )
      3    413.8031 cm^-1  (     12.4055 THz )
      4    418.9289 cm^-1  (     12.5592 THz )
      5    517.6975 cm^-1  (     15.5202 THz )
      6    518.8329 cm^-1  (     15.5542 THz )

 # k point   142 : (  0.4482,  0.4482,  0.8965)
   Mode, Frequency 
      1    200.6484 cm^-1  (      6.0153 THz )
      2    214.1941 cm^-1  (      6.4214 THz )
      3    413.4473 cm^-1  (     12.3948 THz )
      4    418.8299 cm^-1  (     12.5562 THz )
      5    517.7851 cm^-1  (     15.5228 THz )
      6    518.9635 cm^-1  (     15.5581 THz )

 # k point   143 : (  0.4470,  0.4470,  0.8939)
   Mode, Frequency 
      1    200.5162 cm^-1  (      6.0113 THz )
      2    214.6828 cm^-1  (      6.4360 THz )
      3    413.0842 cm^-1  (     12.3840 THz )
      4    418.7299 cm^-1  (     12.5532 THz )
      5    517.8748 cm^-1  (     15.5255 THz )
      6    519.0959 cm^-1  (     15.5621 THz )

 # k point   144 : (  0.4457,  0.4457,  0.8914)
   Mode, Frequency 
      1    200.3809 cm^-1  (      6.0073 THz )
      2    215.1787 cm^-1  (      6.4509 THz )
      3    412.7141 cm^-1  (     12.3729 THz )
      4    418.6292 cm^-1  (     12.5502 THz )
      5    517.9665 cm^-1  (     15.5282 THz )
      6    519.2302 cm^-1  (     15.5661 THz )

 # k point   145 : (  0.4444,  0.4444,  0.8889)
   Mode, Frequency 
      1    200.2424 cm^-1  (      6.0031 THz )
      2    215.6817 cm^-1  (      6.4660 THz )
      3    412.3370 cm^-1  (     12.3616 THz )
      4    418.5278 cm^-1  (     12.5471 THz )
      5    518.0603 cm^-1  (     15.5311 THz )
      6    519.3662 cm^-1  (     15.5702 THz )

 # k point   146 : (  0.4432,  0.4432,  0.8864)
   Mode, Frequency 
      1    200.1008 cm^-1  (      5.9989 THz )
      2    216.1915 cm^-1  (      6.4813 THz )
      3    411.9529 cm^-1  (     12.3500 THz )
      4    418.4258 cm^-1  (     12.5441 THz )
      5    518.1562 cm^-1  (     15.5339 THz )
      6    519.5039 cm^-1  (     15.5743 THz )

 # k point   147 : (  0.4419,  0.4419,  0.8838)
   Mode, Frequency 
      1    199.9560 cm^-1  (      5.9945 THz )
      2    216.7077 cm^-1  (      6.4967 THz )
      3    411.5620 cm^-1  (     12.3383 THz )
      4    418.3235 cm^-1  (     12.5410 THz )
      5    518.2541 cm^-1  (     15.5369 THz )
      6    519.6432 cm^-1  (     15.5785 THz )

 # k point   148 : (  0.4407,  0.4407,  0.8813)
   Mode, Frequency 
      1    199.8081 cm^-1  (      5.9901 THz )
      2    217.2300 cm^-1  (      6.5124 THz )
      3    411.1644 cm^-1  (     12.3264 THz )
      4    418.2209 cm^-1  (     12.5379 THz )
      5    518.3540 cm^-1  (     15.5399 THz )
      6    519.7840 cm^-1  (     15.5827 THz )

 # k point   149 : (  0.4394,  0.4394,  0.8788)
   Mode, Frequency 
      1    199.6570 cm^-1  (      5.9856 THz )
      2    217.7581 cm^-1  (      6.5282 THz )
      3    410.7601 cm^-1  (     12.3143 THz )
      4    418.1181 cm^-1  (     12.5349 THz )
      5    518.4559 cm^-1  (     15.5429 THz )
      6    519.9262 cm^-1  (     15.5870 THz )

 # k point   150 : (  0.4381,  0.4381,  0.8763)
   Mode, Frequency 
      1    199.5028 cm^-1  (      5.9809 THz )
      2    218.2917 cm^-1  (      6.5442 THz )
      3    410.3492 cm^-1  (     12.3020 THz )
      4    418.0153 cm^-1  (     12.5318 THz )
      5    518.5599 cm^-1  (     15.5460 THz )
      6    520.0698 cm^-1  (     15.5913 THz )

 # k point   151 : (  0.4369,  0.4369,  0.8737)
   Mode, Frequency 
      1    199.3455 cm^-1  (      5.9762 THz )
      2    218.8305 cm^-1  (      6.5604 THz )
      3    409.9319 cm^-1  (     12.2894 THz )
      4    417.9127 cm^-1  (     12.5287 THz )
      5    518.6659 cm^-1  (     15.5492 THz )
      6    520.2147 cm^-1  (     15.5956 THz )

 # k point   152 : (  0.4356,  0.4356,  0.8712)
   Mode, Frequency 
      1    199.1850 cm^-1  (      5.9714 THz )
      2    219.3742 cm^-1  (      6.5767 THz )
      3    409.5082 cm^-1  (     12.2767 THz )
      4    417.8104 cm^-1  (     12.5256 THz )
      5    518.7739 cm^-1  (     15.5524 THz )
      6    520.3608 cm^-1  (     15.6000 THz )

 # k point   153 : (  0.4343,  0.4343,  0.8687)
   Mode, Frequency 
      1    199.0214 cm^-1  (      5.9665 THz )
      2    219.9224 cm^-1  (      6.5931 THz )
      3    409.0782 cm^-1  (     12.2639 THz )
      4    417.7084 cm^-1  (     12.5226 THz )
      5    518.8838 cm^-1  (     15.5557 THz )
      6    520.5081 cm^-1  (     15.6044 THz )

 # k point   154 : (  0.4331,  0.4331,  0.8662)
   Mode, Frequency 
      1    198.8546 cm^-1  (      5.9615 THz )
      2    220.4748 cm^-1  (      6.6097 THz )
      3    408.6420 cm^-1  (     12.2508 THz )
      4    417.6071 cm^-1  (     12.5195 THz )
      5    518.9958 cm^-1  (     15.5591 THz )
      6    520.6565 cm^-1  (     15.6089 THz )

 # k point   155 : (  0.4318,  0.4318,  0.8636)
   Mode, Frequency 
      1    198.6847 cm^-1  (      5.9564 THz )
      2    221.0311 cm^-1  (      6.6263 THz )
      3    408.1996 cm^-1  (     12.2375 THz )
      4    417.5065 cm^-1  (     12.5165 THz )
      5    519.1098 cm^-1  (     15.5625 THz )
      6    520.8059 cm^-1  (     15.6134 THz )

 # k point   156 : (  0.4306,  0.4306,  0.8611)
   Mode, Frequency 
      1    198.5117 cm^-1  (      5.9512 THz )
      2    221.5910 cm^-1  (      6.6431 THz )
      3    407.7512 cm^-1  (     12.2241 THz )
      4    417.4068 cm^-1  (     12.5135 THz )
      5    519.2257 cm^-1  (     15.5660 THz )
      6    520.9563 cm^-1  (     15.6179 THz )

 # k point   157 : (  0.4293,  0.4293,  0.8586)
   Mode, Frequency 
      1    198.3356 cm^-1  (      5.9460 THz )
      2    222.1540 cm^-1  (      6.6600 THz )
      3    407.2969 cm^-1  (     12.2105 THz )
      4    417.3082 cm^-1  (     12.5106 THz )
      5    519.3436 cm^-1  (     15.5695 THz )
      6    521.1076 cm^-1  (     15.6224 THz )

 # k point   158 : (  0.4280,  0.4280,  0.8561)
   Mode, Frequency 
      1    198.1564 cm^-1  (      5.9406 THz )
      2    222.7199 cm^-1  (      6.6770 THz )
      3    406.8367 cm^-1  (     12.1967 THz )
      4    417.2108 cm^-1  (     12.5077 THz )
      5    519.4634 cm^-1  (     15.5731 THz )
      6    521.2598 cm^-1  (     15.6270 THz )

 # k point   159 : (  0.4268,  0.4268,  0.8535)
   Mode, Frequency 
      1    197.9740 cm^-1  (      5.9351 THz )
      2    223.2883 cm^-1  (      6.6940 THz )
      3    406.3706 cm^-1  (     12.1827 THz )
      4    417.1148 cm^-1  (     12.5048 THz )
      5    519.5852 cm^-1  (     15.5768 THz )
      6    521.4127 cm^-1  (     15.6316 THz )

 # k point   160 : (  0.4255,  0.4255,  0.8510)
   Mode, Frequency 
      1    197.7885 cm^-1  (      5.9296 THz )
      2    223.8589 cm^-1  (      6.7111 THz )
      3    405.8989 cm^-1  (     12.1685 THz )
      4    417.0204 cm^-1  (     12.5020 THz )
      5    519.7089 cm^-1  (     15.5805 THz )
      6    521.5664 cm^-1  (     15.6362 THz )

 # k point   161 : (  0.4242,  0.4242,  0.8485)
   Mode, Frequency 
      1    197.5999 cm^-1  (      5.9239 THz )
      2    224.4313 cm^-1  (      6.7283 THz )
      3    405.4216 cm^-1  (     12.1542 THz )
      4    416.9277 cm^-1  (     12.4992 THz )
      5    519.8345 cm^-1  (     15.5842 THz )
      6    521.7208 cm^-1  (     15.6408 THz )

 # k point   162 : (  0.4230,  0.4230,  0.8460)
   Mode, Frequency 
      1    197.4082 cm^-1  (      5.9181 THz )
      2    225.0051 cm^-1  (      6.7455 THz )
      3    404.9386 cm^-1  (     12.1398 THz )
      4    416.8369 cm^-1  (     12.4965 THz )
      5    519.9621 cm^-1  (     15.5881 THz )
      6    521.8757 cm^-1  (     15.6454 THz )

 # k point   163 : (  0.4217,  0.4217,  0.8434)
   Mode, Frequency 
      1    197.2134 cm^-1  (      5.9123 THz )
      2    225.5801 cm^-1  (      6.7627 THz )
      3    404.4502 cm^-1  (     12.1251 THz )
      4    416.7482 cm^-1  (     12.4938 THz )
      5    520.0916 cm^-1  (     15.5920 THz )
      6    522.0312 cm^-1  (     15.6501 THz )

 # k point   164 : (  0.4205,  0.4205,  0.8409)
   Mode, Frequency 
      1    197.0155 cm^-1  (      5.9064 THz )
      2    226.1557 cm^-1  (      6.7800 THz )
      3    403.9565 cm^-1  (     12.1103 THz )
      4    416.6619 cm^-1  (     12.4912 THz )
      5    520.2229 cm^-1  (     15.5959 THz )
      6    522.1872 cm^-1  (     15.6548 THz )

 # k point   165 : (  0.4192,  0.4192,  0.8384)
   Mode, Frequency 
      1    196.8145 cm^-1  (      5.9003 THz )
      2    226.7318 cm^-1  (      6.7972 THz )
      3    403.4573 cm^-1  (     12.0953 THz )
      4    416.5780 cm^-1  (     12.4887 THz )
      5    520.3562 cm^-1  (     15.5999 THz )
      6    522.3437 cm^-1  (     15.6595 THz )

 # k point   166 : (  0.4179,  0.4179,  0.8359)
   Mode, Frequency 
      1    196.6104 cm^-1  (      5.8942 THz )
      2    227.3079 cm^-1  (      6.8145 THz )
      3    402.9530 cm^-1  (     12.0802 THz )
      4    416.4968 cm^-1  (     12.4863 THz )
      5    520.4913 cm^-1  (     15.6039 THz )
      6    522.5006 cm^-1  (     15.6642 THz )

 # k point   167 : (  0.4167,  0.4167,  0.8333)
   Mode, Frequency 
      1    196.4032 cm^-1  (      5.8880 THz )
      2    227.8836 cm^-1  (      6.8318 THz )
      3    402.4434 cm^-1  (     12.0649 THz )
      4    416.4185 cm^-1  (     12.4839 THz )
      5    520.6283 cm^-1  (     15.6080 THz )
      6    522.6578 cm^-1  (     15.6689 THz )

 # k point   168 : (  0.4154,  0.4154,  0.8308)
   Mode, Frequency 
      1    196.1929 cm^-1  (      5.8817 THz )
      2    228.4586 cm^-1  (      6.8490 THz )
      3    401.9287 cm^-1  (     12.0495 THz )
      4    416.3432 cm^-1  (     12.4817 THz )
      5    520.7672 cm^-1  (     15.6122 THz )
      6    522.8153 cm^-1  (     15.6736 THz )

 # k point   169 : (  0.4141,  0.4141,  0.8283)
   Mode, Frequency 
      1    195.9795 cm^-1  (      5.8753 THz )
      2    229.0326 cm^-1  (      6.8662 THz )
      3    401.4090 cm^-1  (     12.0339 THz )
      4    416.2712 cm^-1  (     12.4795 THz )
      5    520.9079 cm^-1  (     15.6164 THz )
      6    522.9731 cm^-1  (     15.6783 THz )

 # k point   170 : (  0.4129,  0.4129,  0.8258)
   Mode, Frequency 
      1    195.7630 cm^-1  (      5.8688 THz )
      2    229.6051 cm^-1  (      6.8834 THz )
      3    400.8844 cm^-1  (     12.0182 THz )
      4    416.2027 cm^-1  (     12.4774 THz )
      5    521.0504 cm^-1  (     15.6207 THz )
      6    523.1311 cm^-1  (     15.6831 THz )

 # k point   171 : (  0.4116,  0.4116,  0.8232)
   Mode, Frequency 
      1    195.5435 cm^-1  (      5.8622 THz )
      2    230.1757 cm^-1  (      6.9005 THz )
      3    400.3548 cm^-1  (     12.0023 THz )
      4    416.1379 cm^-1  (     12.4755 THz )
      5    521.1948 cm^-1  (     15.6250 THz )
      6    523.2892 cm^-1  (     15.6878 THz )

 # k point   172 : (  0.4104,  0.4104,  0.8207)
   Mode, Frequency 
      1    195.3208 cm^-1  (      5.8556 THz )
      2    230.7442 cm^-1  (      6.9175 THz )
      3    399.8203 cm^-1  (     11.9863 THz )
      4    416.0769 cm^-1  (     12.4737 THz )
      5    521.3410 cm^-1  (     15.6294 THz )
      6    523.4475 cm^-1  (     15.6926 THz )

 # k point   173 : (  0.4091,  0.4091,  0.8182)
   Mode, Frequency 
      1    195.0951 cm^-1  (      5.8488 THz )
      2    231.3100 cm^-1  (      6.9345 THz )
      3    399.2811 cm^-1  (     11.9701 THz )
      4    416.0201 cm^-1  (     12.4720 THz )
      5    521.4890 cm^-1  (     15.6338 THz )
      6    523.6059 cm^-1  (     15.6973 THz )

 # k point   174 : (  0.4078,  0.4078,  0.8157)
   Mode, Frequency 
      1    194.8664 cm^-1  (      5.8419 THz )
      2    231.8730 cm^-1  (      6.9514 THz )
      3    398.7372 cm^-1  (     11.9538 THz )
      4    415.9676 cm^-1  (     12.4704 THz )
      5    521.6388 cm^-1  (     15.6383 THz )
      6    523.7643 cm^-1  (     15.7021 THz )

 # k point   175 : (  0.4066,  0.4066,  0.8131)
   Mode, Frequency 
      1    194.6346 cm^-1  (      5.8350 THz )
      2    232.4326 cm^-1  (      6.9682 THz )
      3    398.1886 cm^-1  (     11.9374 THz )
      4    415.9196 cm^-1  (     12.4690 THz )
      5    521.7904 cm^-1  (     15.6429 THz )
      6    523.9227 cm^-1  (     15.7068 THz )

 # k point   176 : (  0.4053,  0.4053,  0.8106)
   Mode, Frequency 
      1    194.3997 cm^-1  (      5.8280 THz )
      2    232.9885 cm^-1  (      6.9848 THz )
      3    397.6355 cm^-1  (     11.9208 THz )
      4    415.8764 cm^-1  (     12.4677 THz )
      5    521.9437 cm^-1  (     15.6475 THz )
      6    524.0811 cm^-1  (     15.7116 THz )

 # k point   177 : (  0.4040,  0.4040,  0.8081)
   Mode, Frequency 
      1    194.1617 cm^-1  (      5.8208 THz )
      2    233.5403 cm^-1  (      7.0014 THz )
      3    397.0778 cm^-1  (     11.9041 THz )
      4    415.8382 cm^-1  (     12.4665 THz )
      5    522.0989 cm^-1  (     15.6521 THz )
      6    524.2395 cm^-1  (     15.7163 THz )

 # k point   178 : (  0.4028,  0.4028,  0.8056)
   Mode, Frequency 
      1    193.9207 cm^-1  (      5.8136 THz )
      2    234.0877 cm^-1  (      7.0178 THz )
      3    396.5156 cm^-1  (     11.8872 THz )
      4    415.8051 cm^-1  (     12.4655 THz )
      5    522.2557 cm^-1  (     15.6568 THz )
      6    524.3977 cm^-1  (     15.7210 THz )

 # k point   179 : (  0.4015,  0.4015,  0.8030)
   Mode, Frequency 
      1    193.6766 cm^-1  (      5.8063 THz )
      2    234.6302 cm^-1  (      7.0340 THz )
      3    395.9490 cm^-1  (     11.8703 THz )
      4    415.7775 cm^-1  (     12.4647 THz )
      5    522.4143 cm^-1  (     15.6616 THz )
      6    524.5558 cm^-1  (     15.7258 THz )

 # k point   180 : (  0.4003,  0.4003,  0.8005)
   Mode, Frequency 
      1    193.4295 cm^-1  (      5.7989 THz )
      2    235.1675 cm^-1  (      7.0501 THz )
      3    395.3780 cm^-1  (     11.8531 THz )
      4    415.7555 cm^-1  (     12.4640 THz )
      5    522.5747 cm^-1  (     15.6664 THz )
      6    524.7138 cm^-1  (     15.7305 THz )

 # k point   181 : (  0.3990,  0.3990,  0.7980)
   Mode, Frequency 
      1    193.1794 cm^-1  (      5.7914 THz )
      2    235.6993 cm^-1  (      7.0661 THz )
      3    394.8027 cm^-1  (     11.8359 THz )
      4    415.7394 cm^-1  (     12.4636 THz )
      5    522.7367 cm^-1  (     15.6713 THz )
      6    524.8716 cm^-1  (     15.7353 THz )

 # k point   182 : (  0.3977,  0.3977,  0.7955)
   Mode, Frequency 
      1    192.9262 cm^-1  (      5.7838 THz )
      2    236.2251 cm^-1  (      7.0818 THz )
      3    394.2231 cm^-1  (     11.8185 THz )
      4    415.7294 cm^-1  (     12.4633 THz )
      5    522.9005 cm^-1  (     15.6762 THz )
      6    525.0291 cm^-1  (     15.7400 THz )

 # k point   183 : (  0.3965,  0.3965,  0.7929)
   Mode, Frequency 
      1    192.6700 cm^-1  (      5.7761 THz )
      2    236.7445 cm^-1  (      7.0974 THz )
      3    393.6393 cm^-1  (     11.8010 THz )
      4    415.7258 cm^-1  (     12.4631 THz )
      5    523.0659 cm^-1  (     15.6811 THz )
      6    525.1864 cm^-1  (     15.7447 THz )

 # k point   184 : (  0.3952,  0.3952,  0.7904)
   Mode, Frequency 
      1    192.4107 cm^-1  (      5.7683 THz )
      2    237.2573 cm^-1  (      7.1128 THz )
      3    393.0514 cm^-1  (     11.7834 THz )
      4    415.7286 cm^-1  (     12.4632 THz )
      5    523.2331 cm^-1  (     15.6861 THz )
      6    525.3435 cm^-1  (     15.7494 THz )

 # k point   185 : (  0.3939,  0.3939,  0.7879)
   Mode, Frequency 
      1    192.1484 cm^-1  (      5.7605 THz )
      2    237.7630 cm^-1  (      7.1280 THz )
      3    392.4593 cm^-1  (     11.7656 THz )
      4    415.7383 cm^-1  (     12.4635 THz )
      5    523.4019 cm^-1  (     15.6912 THz )
      6    525.5003 cm^-1  (     15.7541 THz )

 # k point   186 : (  0.3927,  0.3927,  0.7854)
   Mode, Frequency 
      1    191.8831 cm^-1  (      5.7525 THz )
      2    238.2613 cm^-1  (      7.1429 THz )
      3    391.8632 cm^-1  (     11.7478 THz )
      4    415.7550 cm^-1  (     12.4640 THz )
      5    523.5723 cm^-1  (     15.6963 THz )
      6    525.6568 cm^-1  (     15.7588 THz )

 # k point   187 : (  0.3914,  0.3914,  0.7828)
   Mode, Frequency 
      1    191.6148 cm^-1  (      5.7445 THz )
      2    238.7517 cm^-1  (      7.1576 THz )
      3    391.2630 cm^-1  (     11.7298 THz )
      4    415.7789 cm^-1  (     12.4647 THz )
      5    523.7444 cm^-1  (     15.7015 THz )
      6    525.8129 cm^-1  (     15.7635 THz )

 # k point   188 : (  0.3902,  0.3902,  0.7803)
   Mode, Frequency 
      1    191.3435 cm^-1  (      5.7363 THz )
      2    239.2340 cm^-1  (      7.1721 THz )
      3    390.6588 cm^-1  (     11.7117 THz )
      4    415.8102 cm^-1  (     12.4657 THz )
      5    523.9181 cm^-1  (     15.7067 THz )
      6    525.9687 cm^-1  (     15.7681 THz )

 # k point   189 : (  0.3889,  0.3889,  0.7778)
   Mode, Frequency 
      1    191.0691 cm^-1  (      5.7281 THz )
      2    239.7077 cm^-1  (      7.1863 THz )
      3    390.0507 cm^-1  (     11.6934 THz )
      4    415.8493 cm^-1  (     12.4668 THz )
      5    524.0935 cm^-1  (     15.7119 THz )
      6    526.1241 cm^-1  (     15.7728 THz )

 # k point   190 : (  0.3876,  0.3876,  0.7753)
   Mode, Frequency 
      1    190.7918 cm^-1  (      5.7198 THz )
      2    240.1726 cm^-1  (      7.2002 THz )
      3    389.4387 cm^-1  (     11.6751 THz )
      4    415.8962 cm^-1  (     12.4683 THz )
      5    524.2704 cm^-1  (     15.7172 THz )
      6    526.2792 cm^-1  (     15.7775 THz )

 # k point   191 : (  0.3864,  0.3864,  0.7727)
   Mode, Frequency 
      1    190.5114 cm^-1  (      5.7114 THz )
      2    240.6283 cm^-1  (      7.2139 THz )
      3    388.8227 cm^-1  (     11.6566 THz )
      4    415.9513 cm^-1  (     12.4699 THz )
      5    524.4490 cm^-1  (     15.7226 THz )
      6    526.4339 cm^-1  (     15.7821 THz )

 # k point   192 : (  0.3851,  0.3851,  0.7702)
   Mode, Frequency 
      1    190.2280 cm^-1  (      5.7029 THz )
      2    241.0743 cm^-1  (      7.2272 THz )
      3    388.2030 cm^-1  (     11.6380 THz )
      4    416.0148 cm^-1  (     12.4718 THz )
      5    524.6291 cm^-1  (     15.7280 THz )
      6    526.5881 cm^-1  (     15.7867 THz )

 # k point   193 : (  0.3838,  0.3838,  0.7677)
   Mode, Frequency 
      1    189.9417 cm^-1  (      5.6943 THz )
      2    241.5104 cm^-1  (      7.2403 THz )
      3    387.5795 cm^-1  (     11.6193 THz )
      4    416.0868 cm^-1  (     12.4740 THz )
      5    524.8108 cm^-1  (     15.7334 THz )
      6    526.7420 cm^-1  (     15.7913 THz )

 # k point   194 : (  0.3826,  0.3826,  0.7652)
   Mode, Frequency 
      1    189.6524 cm^-1  (      5.6856 THz )
      2    241.9363 cm^-1  (      7.2531 THz )
      3    386.9522 cm^-1  (     11.6005 THz )
      4    416.1676 cm^-1  (     12.4764 THz )
      5    524.9941 cm^-1  (     15.7389 THz )
      6    526.8954 cm^-1  (     15.7959 THz )

 # k point   195 : (  0.3813,  0.3813,  0.7626)
   Mode, Frequency 
      1    189.3600 cm^-1  (      5.6769 THz )
      2    242.3516 cm^-1  (      7.2655 THz )
      3    386.3211 cm^-1  (     11.5816 THz )
      4    416.2574 cm^-1  (     12.4791 THz )
      5    525.1789 cm^-1  (     15.7445 THz )
      6    527.0483 cm^-1  (     15.8005 THz )

 # k point   196 : (  0.3801,  0.3801,  0.7601)
   Mode, Frequency 
      1    189.0647 cm^-1  (      5.6680 THz )
      2    242.7559 cm^-1  (      7.2776 THz )
      3    385.6864 cm^-1  (     11.5626 THz )
      4    416.3563 cm^-1  (     12.4820 THz )
      5    525.3652 cm^-1  (     15.7501 THz )
      6    527.2009 cm^-1  (     15.8051 THz )

 # k point   197 : (  0.3788,  0.3788,  0.7576)
   Mode, Frequency 
      1    188.7664 cm^-1  (      5.6591 THz )
      2    243.1490 cm^-1  (      7.2894 THz )
      3    385.0479 cm^-1  (     11.5434 THz )
      4    416.4647 cm^-1  (     12.4853 THz )
      5    525.5530 cm^-1  (     15.7557 THz )
      6    527.3529 cm^-1  (     15.8096 THz )

 # k point   198 : (  0.3775,  0.3775,  0.7551)
   Mode, Frequency 
      1    188.4652 cm^-1  (      5.6500 THz )
      2    243.5305 cm^-1  (      7.3009 THz )
      3    384.4059 cm^-1  (     11.5242 THz )
      4    416.5827 cm^-1  (     12.4888 THz )
      5    525.7423 cm^-1  (     15.7614 THz )
      6    527.5046 cm^-1  (     15.8142 THz )

 # k point   199 : (  0.3763,  0.3763,  0.7525)
   Mode, Frequency 
      1    188.1610 cm^-1  (      5.6409 THz )
      2    243.9001 cm^-1  (      7.3119 THz )
      3    383.7602 cm^-1  (     11.5048 THz )
      4    416.7105 cm^-1  (     12.4927 THz )
      5    525.9332 cm^-1  (     15.7671 THz )
      6    527.6557 cm^-1  (     15.8187 THz )

 # k point   200 : (  0.3750,  0.3750,  0.7500)
   Mode, Frequency 
      1    187.8538 cm^-1  (      5.6317 THz )
      2    244.2576 cm^-1  (      7.3227 THz )
      3    383.1109 cm^-1  (     11.4854 THz )
      4    416.8482 cm^-1  (     12.4968 THz )
      5    526.1255 cm^-1  (     15.7728 THz )
      6    527.8064 cm^-1  (     15.8232 THz )

 # k point   201 : (  0.3750,  0.3750,  0.7500)
   Mode, Frequency 
      1    187.8538 cm^-1  (      5.6317 THz )
      2    244.2576 cm^-1  (      7.3227 THz )
      3    383.1109 cm^-1  (     11.4854 THz )
      4    416.8482 cm^-1  (     12.4968 THz )
      5    526.1255 cm^-1  (     15.7728 THz )
      6    527.8064 cm^-1  (     15.8232 THz )

 # k point   202 : (  0.3712,  0.3712,  0.7424)
   Mode, Frequency 
      1    186.9146 cm^-1  (      5.6036 THz )
      2    245.2539 cm^-1  (      7.3525 THz )
      3    381.1418 cm^-1  (     11.4263 THz )
      4    417.3232 cm^-1  (     12.5110 THz )
      5    526.7111 cm^-1  (     15.7904 THz )
      6    528.2556 cm^-1  (     15.8367 THz )

 # k point   203 : (  0.3674,  0.3674,  0.7348)
   Mode, Frequency 
      1    185.9489 cm^-1  (      5.5746 THz )
      2    246.1305 cm^-1  (      7.3788 THz )
      3    379.1411 cm^-1  (     11.3664 THz )
      4    417.8942 cm^-1  (     12.5282 THz )
      5    527.3094 cm^-1  (     15.8083 THz )
      6    528.7006 cm^-1  (     15.8500 THz )

 # k point   204 : (  0.3636,  0.3636,  0.7273)
   Mode, Frequency 
      1    184.9568 cm^-1  (      5.5449 THz )
      2    246.8806 cm^-1  (      7.4013 THz )
      3    377.1094 cm^-1  (     11.3055 THz )
      4    418.5653 cm^-1  (     12.5483 THz )
      5    527.9202 cm^-1  (     15.8266 THz )
      6    529.1415 cm^-1  (     15.8633 THz )

 # k point   205 : (  0.3598,  0.3598,  0.7197)
   Mode, Frequency 
      1    183.9386 cm^-1  (      5.5143 THz )
      2    247.4980 cm^-1  (      7.4198 THz )
      3    375.0470 cm^-1  (     11.2436 THz )
      4    419.3399 cm^-1  (     12.5715 THz )
      5    528.5430 cm^-1  (     15.8453 THz )
      6    529.5785 cm^-1  (     15.8764 THz )

 # k point   206 : (  0.3561,  0.3561,  0.7121)
   Mode, Frequency 
      1    182.8943 cm^-1  (      5.4830 THz )
      2    247.9777 cm^-1  (      7.4342 THz )
      3    372.9542 cm^-1  (     11.1809 THz )
      4    420.2206 cm^-1  (     12.5979 THz )
      5    529.1773 cm^-1  (     15.8643 THz )
      6    530.0117 cm^-1  (     15.8894 THz )

 # k point   207 : (  0.3523,  0.3523,  0.7045)
   Mode, Frequency 
      1    181.8242 cm^-1  (      5.4510 THz )
      2    248.3154 cm^-1  (      7.4443 THz )
      3    370.8312 cm^-1  (     11.1172 THz )
      4    421.2095 cm^-1  (     12.6275 THz )
      5    529.8229 cm^-1  (     15.8837 THz )
      6    530.4416 cm^-1  (     15.9022 THz )

 # k point   208 : (  0.3485,  0.3485,  0.6970)
   Mode, Frequency 
      1    180.7283 cm^-1  (      5.4181 THz )
      2    248.5077 cm^-1  (      7.4501 THz )
      3    368.6781 cm^-1  (     11.0527 THz )
      4    422.3076 cm^-1  (     12.6605 THz )
      5    530.4793 cm^-1  (     15.9034 THz )
      6    530.8685 cm^-1  (     15.9150 THz )

 # k point   209 : (  0.3447,  0.3447,  0.6894)
   Mode, Frequency 
      1    179.6067 cm^-1  (      5.3845 THz )
      2    248.5523 cm^-1  (      7.4514 THz )
      3    366.4949 cm^-1  (     10.9872 THz )
      4    423.5153 cm^-1  (     12.6967 THz )
      5    531.1460 cm^-1  (     15.9234 THz )
      6    531.2929 cm^-1  (     15.9278 THz )

 # k point   210 : (  0.3409,  0.3409,  0.6818)
   Mode, Frequency 
      1    178.4598 cm^-1  (      5.3501 THz )
      2    248.4477 cm^-1  (      7.4483 THz )
      3    364.2815 cm^-1  (     10.9209 THz )
      4    424.8321 cm^-1  (     12.7361 THz )
      5    531.7153 cm^-1  (     15.9404 THz )
      6    531.8227 cm^-1  (     15.9436 THz )

 # k point   211 : (  0.3371,  0.3371,  0.6742)
   Mode, Frequency 
      1    177.2876 cm^-1  (      5.3149 THz )
      2    248.1935 cm^-1  (      7.4407 THz )
      3    362.0377 cm^-1  (     10.8536 THz )
      4    426.2566 cm^-1  (     12.7789 THz )
      5    532.1362 cm^-1  (     15.9530 THz )
      6    532.5090 cm^-1  (     15.9642 THz )

 # k point   212 : (  0.3333,  0.3333,  0.6667)
   Mode, Frequency 
      1    176.0903 cm^-1  (      5.2791 THz )
      2    247.7900 cm^-1  (      7.4286 THz )
      3    359.7633 cm^-1  (     10.7854 THz )
      4    427.7869 cm^-1  (     12.8247 THz )
      5    532.5563 cm^-1  (     15.9656 THz )
      6    533.2044 cm^-1  (     15.9851 THz )

 # k point   213 : (  0.3295,  0.3295,  0.6591)
   Mode, Frequency 
      1    174.8680 cm^-1  (      5.2424 THz )
      2    247.2384 cm^-1  (      7.4120 THz )
      3    357.4580 cm^-1  (     10.7163 THz )
      4    429.4202 cm^-1  (     12.8737 THz )
      5    532.9762 cm^-1  (     15.9782 THz )
      6    533.9085 cm^-1  (     16.0062 THz )

 # k point   214 : (  0.3258,  0.3258,  0.6515)
   Mode, Frequency 
      1    173.6210 cm^-1  (      5.2050 THz )
      2    246.5407 cm^-1  (      7.3911 THz )
      3    355.1213 cm^-1  (     10.6463 THz )
      4    431.1532 cm^-1  (     12.9256 THz )
      5    533.3966 cm^-1  (     15.9908 THz )
      6    534.6209 cm^-1  (     16.0275 THz )

 # k point   215 : (  0.3220,  0.3220,  0.6439)
   Mode, Frequency 
      1    172.3494 cm^-1  (      5.1669 THz )
      2    245.6993 cm^-1  (      7.3659 THz )
      3    352.7530 cm^-1  (     10.5753 THz )
      4    432.9820 cm^-1  (     12.9805 THz )
      5    533.8182 cm^-1  (     16.0035 THz )
      6    535.3411 cm^-1  (     16.0491 THz )

 # k point   216 : (  0.3182,  0.3182,  0.6364)
   Mode, Frequency 
      1    171.0533 cm^-1  (      5.1281 THz )
      2    244.7176 cm^-1  (      7.3364 THz )
      3    350.3524 cm^-1  (     10.5033 THz )
      4    434.9022 cm^-1  (     13.0380 THz )
      5    534.2417 cm^-1  (     16.0162 THz )
      6    536.0687 cm^-1  (     16.0709 THz )

 # k point   217 : (  0.3144,  0.3144,  0.6288)
   Mode, Frequency 
      1    169.7331 cm^-1  (      5.0885 THz )
      2    243.5991 cm^-1  (      7.3029 THz )
      3    347.9189 cm^-1  (     10.4303 THz )
      4    436.9090 cm^-1  (     13.0982 THz )
      5    534.6679 cm^-1  (     16.0289 THz )
      6    536.8032 cm^-1  (     16.0930 THz )

 # k point   218 : (  0.3106,  0.3106,  0.6212)
   Mode, Frequency 
      1    168.3888 cm^-1  (      5.0482 THz )
      2    242.3479 cm^-1  (      7.2654 THz )
      3    345.4521 cm^-1  (     10.3564 THz )
      4    438.9974 cm^-1  (     13.1608 THz )
      5    535.0975 cm^-1  (     16.0418 THz )
      6    537.5443 cm^-1  (     16.1152 THz )

 # k point   219 : (  0.3068,  0.3068,  0.6136)
   Mode, Frequency 
      1    167.0207 cm^-1  (      5.0072 THz )
      2    240.9684 cm^-1  (      7.2241 THz )
      3    342.9512 cm^-1  (     10.2814 THz )
      4    441.1621 cm^-1  (     13.2257 THz )
      5    535.5314 cm^-1  (     16.0548 THz )
      6    538.2914 cm^-1  (     16.1376 THz )

 # k point   220 : (  0.3030,  0.3030,  0.6061)
   Mode, Frequency 
      1    165.6290 cm^-1  (      4.9654 THz )
      2    239.4653 cm^-1  (      7.1790 THz )
      3    340.4155 cm^-1  (     10.2054 THz )
      4    443.3977 cm^-1  (     13.2927 THz )
      5    535.9701 cm^-1  (     16.0680 THz )
      6    539.0441 cm^-1  (     16.1601 THz )

 # k point   221 : (  0.2992,  0.2992,  0.5985)
   Mode, Frequency 
      1    164.2137 cm^-1  (      4.9230 THz )
      2    237.8434 cm^-1  (      7.1304 THz )
      3    337.8443 cm^-1  (     10.1283 THz )
      4    445.6986 cm^-1  (     13.3617 THz )
      5    536.4146 cm^-1  (     16.0813 THz )
      6    539.8020 cm^-1  (     16.1829 THz )

 # k point   222 : (  0.2955,  0.2955,  0.5909)
   Mode, Frequency 
      1    162.7753 cm^-1  (      4.8799 THz )
      2    236.1075 cm^-1  (      7.0783 THz )
      3    335.2369 cm^-1  (     10.0501 THz )
      4    448.0593 cm^-1  (     13.4325 THz )
      5    536.8656 cm^-1  (     16.0948 THz )
      6    540.5645 cm^-1  (     16.2057 THz )

 # k point   223 : (  0.2917,  0.2917,  0.5833)
   Mode, Frequency 
      1    161.3137 cm^-1  (      4.8361 THz )
      2    234.2627 cm^-1  (      7.0230 THz )
      3    332.5924 cm^-1  (      9.9709 THz )
      4    450.4744 cm^-1  (     13.5049 THz )
      5    537.3237 cm^-1  (     16.1086 THz )
      6    541.3314 cm^-1  (     16.2287 THz )

 # k point   224 : (  0.2879,  0.2879,  0.5758)
   Mode, Frequency 
      1    159.8294 cm^-1  (      4.7916 THz )
      2    232.3140 cm^-1  (      6.9646 THz )
      3    329.9102 cm^-1  (      9.8905 THz )
      4    452.9383 cm^-1  (     13.5787 THz )
      5    537.7897 cm^-1  (     16.1225 THz )
      6    542.1021 cm^-1  (     16.2518 THz )

 # k point   225 : (  0.2841,  0.2841,  0.5682)
   Mode, Frequency 
      1    158.3224 cm^-1  (      4.7464 THz )
      2    230.2662 cm^-1  (      6.9032 THz )
      3    327.1893 cm^-1  (      9.8089 THz )
      4    455.4457 cm^-1  (     13.6539 THz )
      5    538.2643 cm^-1  (     16.1368 THz )
      6    542.8761 cm^-1  (     16.2750 THz )

 # k point   226 : (  0.2803,  0.2803,  0.5606)
   Mode, Frequency 
      1    156.7929 cm^-1  (      4.7005 THz )
      2    228.1244 cm^-1  (      6.8390 THz )
      3    324.4290 cm^-1  (      9.7261 THz )
      4    457.9915 cm^-1  (     13.7302 THz )
      5    538.7481 cm^-1  (     16.1513 THz )
      6    543.6530 cm^-1  (     16.2983 THz )

 # k point   227 : (  0.2765,  0.2765,  0.5530)
   Mode, Frequency 
      1    155.2413 cm^-1  (      4.6540 THz )
      2    225.8932 cm^-1  (      6.7721 THz )
      3    321.6285 cm^-1  (      9.6422 THz )
      4    460.5706 cm^-1  (     13.8076 THz )
      5    539.2418 cm^-1  (     16.1661 THz )
      6    544.4324 cm^-1  (     16.3217 THz )

 # k point   228 : (  0.2727,  0.2727,  0.5455)
   Mode, Frequency 
      1    153.6677 cm^-1  (      4.6068 THz )
      2    223.5774 cm^-1  (      6.7027 THz )
      3    318.7869 cm^-1  (      9.5570 THz )
      4    463.1782 cm^-1  (     13.8857 THz )
      5    539.7458 cm^-1  (     16.1812 THz )
      6    545.2138 cm^-1  (     16.3451 THz )

 # k point   229 : (  0.2689,  0.2689,  0.5379)
   Mode, Frequency 
      1    152.0723 cm^-1  (      4.5590 THz )
      2    221.1815 cm^-1  (      6.6309 THz )
      3    315.9034 cm^-1  (      9.4705 THz )
      4    465.8096 cm^-1  (     13.9646 THz )
      5    540.2608 cm^-1  (     16.1966 THz )
      6    545.9967 cm^-1  (     16.3686 THz )

 # k point   230 : (  0.2652,  0.2652,  0.5303)
   Mode, Frequency 
      1    150.4554 cm^-1  (      4.5105 THz )
      2    218.7100 cm^-1  (      6.5568 THz )
      3    312.9773 cm^-1  (      9.3828 THz )
      4    468.4603 cm^-1  (     14.0441 THz )
      5    540.7872 cm^-1  (     16.2124 THz )
      6    546.7808 cm^-1  (     16.3921 THz )

 # k point   231 : (  0.2614,  0.2614,  0.5227)
   Mode, Frequency 
      1    148.8172 cm^-1  (      4.4614 THz )
      2    216.1671 cm^-1  (      6.4805 THz )
      3    310.0077 cm^-1  (      9.2938 THz )
      4    471.1261 cm^-1  (     14.1240 THz )
      5    541.3254 cm^-1  (     16.2285 THz )
      6    547.5655 cm^-1  (     16.4156 THz )

 # k point   232 : (  0.2576,  0.2576,  0.5152)
   Mode, Frequency 
      1    147.1579 cm^-1  (      4.4117 THz )
      2    213.5570 cm^-1  (      6.4023 THz )
      3    306.9940 cm^-1  (      9.2034 THz )
      4    473.8029 cm^-1  (     14.2043 THz )
      5    541.8758 cm^-1  (     16.2450 THz )
      6    548.3504 cm^-1  (     16.4391 THz )

 # k point   233 : (  0.2538,  0.2538,  0.5076)
   Mode, Frequency 
      1    145.4778 cm^-1  (      4.3613 THz )
      2    210.8837 cm^-1  (      6.3221 THz )
      3    303.9354 cm^-1  (      9.1118 THz )
      4    476.4868 cm^-1  (     14.2847 THz )
      5    542.4387 cm^-1  (     16.2619 THz )
      6    549.1351 cm^-1  (     16.4627 THz )

 # k point   234 : (  0.2500,  0.2500,  0.5000)
   Mode, Frequency 
      1    143.7771 cm^-1  (      4.3103 THz )
      2    208.1511 cm^-1  (      6.2402 THz )
      3    300.8311 cm^-1  (      9.0187 THz )
      4    479.1742 cm^-1  (     14.3653 THz )
      5    543.0144 cm^-1  (     16.2792 THz )
      6    549.9191 cm^-1  (     16.4862 THz )

 # k point   235 : (  0.2462,  0.2462,  0.4924)
   Mode, Frequency 
      1    142.0560 cm^-1  (      4.2587 THz )
      2    205.3628 cm^-1  (      6.1566 THz )
      3    297.6806 cm^-1  (      8.9242 THz )
      4    481.8616 cm^-1  (     14.4458 THz )
      5    543.6032 cm^-1  (     16.2968 THz )
      6    550.7020 cm^-1  (     16.5096 THz )

 # k point   236 : (  0.2424,  0.2424,  0.4848)
   Mode, Frequency 
      1    140.3148 cm^-1  (      4.2065 THz )
      2    202.5223 cm^-1  (      6.0715 THz )
      3    294.4833 cm^-1  (      8.8284 THz )
      4    484.5458 cm^-1  (     14.5263 THz )
      5    544.2050 cm^-1  (     16.3149 THz )
      6    551.4834 cm^-1  (     16.5331 THz )

 # k point   237 : (  0.2386,  0.2386,  0.4773)
   Mode, Frequency 
      1    138.5537 cm^-1  (      4.1537 THz )
      2    199.6332 cm^-1  (      5.9849 THz )
      3    291.2384 cm^-1  (      8.7311 THz )
      4    487.2235 cm^-1  (     14.6066 THz )
      5    544.8200 cm^-1  (     16.3333 THz )
      6    552.2627 cm^-1  (     16.5564 THz )

 # k point   238 : (  0.2348,  0.2348,  0.4697)
   Mode, Frequency 
      1    136.7731 cm^-1  (      4.1004 THz )
      2    196.6988 cm^-1  (      5.8969 THz )
      3    287.9456 cm^-1  (      8.6324 THz )
      4    489.8918 cm^-1  (     14.6866 THz )
      5    545.4483 cm^-1  (     16.3521 THz )
      6    553.0396 cm^-1  (     16.5797 THz )

 # k point   239 : (  0.2311,  0.2311,  0.4621)
   Mode, Frequency 
      1    134.9730 cm^-1  (      4.0464 THz )
      2    193.7220 cm^-1  (      5.8076 THz )
      3    284.6042 cm^-1  (      8.5322 THz )
      4    492.5481 cm^-1  (     14.7662 THz )
      5    546.0896 cm^-1  (     16.3714 THz )
      6    553.8137 cm^-1  (     16.6029 THz )

 # k point   240 : (  0.2273,  0.2273,  0.4545)
   Mode, Frequency 
      1    133.1538 cm^-1  (      3.9919 THz )
      2    190.7061 cm^-1  (      5.7172 THz )
      3    281.2139 cm^-1  (      8.4306 THz )
      4    495.1896 cm^-1  (     14.8454 THz )
      5    546.7440 cm^-1  (     16.3910 THz )
      6    554.5845 cm^-1  (     16.6260 THz )

 # k point   241 : (  0.2235,  0.2235,  0.4470)
   Mode, Frequency 
      1    131.3158 cm^-1  (      3.9367 THz )
      2    187.6539 cm^-1  (      5.6257 THz )
      3    277.7742 cm^-1  (      8.3275 THz )
      4    497.8139 cm^-1  (     14.9241 THz )
      5    547.4113 cm^-1  (     16.4110 THz )
      6    555.3516 cm^-1  (     16.6490 THz )

 # k point   242 : (  0.2197,  0.2197,  0.4394)
   Mode, Frequency 
      1    129.4592 cm^-1  (      3.8811 THz )
      2    184.5681 cm^-1  (      5.5332 THz )
      3    274.2848 cm^-1  (      8.2229 THz )
      4    500.4187 cm^-1  (     15.0022 THz )
      5    548.0911 cm^-1  (     16.4314 THz )
      6    556.1146 cm^-1  (     16.6719 THz )

 # k point   243 : (  0.2159,  0.2159,  0.4318)
   Mode, Frequency 
      1    127.5842 cm^-1  (      3.8249 THz )
      2    181.4516 cm^-1  (      5.4398 THz )
      3    270.7454 cm^-1  (      8.1167 THz )
      4    503.0019 cm^-1  (     15.0796 THz )
      5    548.7832 cm^-1  (     16.4521 THz )
      6    556.8731 cm^-1  (     16.6946 THz )

 # k point   244 : (  0.2121,  0.2121,  0.4242)
   Mode, Frequency 
      1    125.6912 cm^-1  (      3.7681 THz )
      2    178.3068 cm^-1  (      5.3455 THz )
      3    267.1558 cm^-1  (      8.0091 THz )
      4    505.5613 cm^-1  (     15.1563 THz )
      5    549.4872 cm^-1  (     16.4732 THz )
      6    557.6266 cm^-1  (     16.7172 THz )

 # k point   245 : (  0.2083,  0.2083,  0.4167)
   Mode, Frequency 
      1    123.7804 cm^-1  (      3.7108 THz )
      2    175.1362 cm^-1  (      5.2505 THz )
      3    263.5157 cm^-1  (      7.9000 THz )
      4    508.0951 cm^-1  (     15.2323 THz )
      5    550.2027 cm^-1  (     16.4947 THz )
      6    558.3748 cm^-1  (     16.7397 THz )

 # k point   246 : (  0.2045,  0.2045,  0.4091)
   Mode, Frequency 
      1    121.8520 cm^-1  (      3.6530 THz )
      2    171.9423 cm^-1  (      5.1547 THz )
      3    259.8250 cm^-1  (      7.7894 THz )
      4    510.6014 cm^-1  (     15.3074 THz )
      5    550.9291 cm^-1  (     16.5164 THz )
      6    559.1172 cm^-1  (     16.7619 THz )

 # k point   247 : (  0.2008,  0.2008,  0.4015)
   Mode, Frequency 
      1    119.9064 cm^-1  (      3.5947 THz )
      2    168.7272 cm^-1  (      5.0583 THz )
      3    256.0837 cm^-1  (      7.6772 THz )
      4    513.0785 cm^-1  (     15.3817 THz )
      5    551.6660 cm^-1  (     16.5385 THz )
      6    559.8535 cm^-1  (     16.7840 THz )

 # k point   248 : (  0.1970,  0.1970,  0.3939)
   Mode, Frequency 
      1    117.9439 cm^-1  (      3.5359 THz )
      2    165.4932 cm^-1  (      4.9614 THz )
      3    252.2916 cm^-1  (      7.5635 THz )
      4    515.5249 cm^-1  (     15.4550 THz )
      5    552.4127 cm^-1  (     16.5609 THz )
      6    560.5832 cm^-1  (     16.8059 THz )

 # k point   249 : (  0.1932,  0.1932,  0.3864)
   Mode, Frequency 
      1    115.9646 cm^-1  (      3.4765 THz )
      2    162.2424 cm^-1  (      4.8639 THz )
      3    248.4490 cm^-1  (      7.4483 THz )
      4    517.9390 cm^-1  (     15.5274 THz )
      5    553.1686 cm^-1  (     16.5836 THz )
      6    561.3061 cm^-1  (     16.8275 THz )

 # k point   250 : (  0.1894,  0.1894,  0.3788)
   Mode, Frequency 
      1    113.9689 cm^-1  (      3.4167 THz )
      2    158.9767 cm^-1  (      4.7660 THz )
      3    244.5557 cm^-1  (      7.3316 THz )
      4    520.3195 cm^-1  (     15.5988 THz )
      5    553.9329 cm^-1  (     16.6065 THz )
      6    562.0216 cm^-1  (     16.8490 THz )

 # k point   251 : (  0.1856,  0.1856,  0.3712)
   Mode, Frequency 
      1    111.9570 cm^-1  (      3.3564 THz )
      2    155.6981 cm^-1  (      4.6677 THz )
      3    240.6121 cm^-1  (      7.2134 THz )
      4    522.6650 cm^-1  (     15.6691 THz )
      5    554.7049 cm^-1  (     16.6296 THz )
      6    562.7294 cm^-1  (     16.8702 THz )

 # k point   252 : (  0.1818,  0.1818,  0.3636)
   Mode, Frequency 
      1    109.9293 cm^-1  (      3.2956 THz )
      2    152.4085 cm^-1  (      4.5691 THz )
      3    236.6182 cm^-1  (      7.0936 THz )
      4    524.9743 cm^-1  (     15.7383 THz )
      5    555.4838 cm^-1  (     16.6530 THz )
      6    563.4292 cm^-1  (     16.8912 THz )

 # k point   253 : (  0.1780,  0.1780,  0.3561)
   Mode, Frequency 
      1    107.8861 cm^-1  (      3.2343 THz )
      2    149.1097 cm^-1  (      4.4702 THz )
      3    232.5743 cm^-1  (      6.9724 THz )
      4    527.2463 cm^-1  (     15.8064 THz )
      5    556.2688 cm^-1  (     16.6765 THz )
      6    564.1206 cm^-1  (     16.9119 THz )

 # k point   254 : (  0.1742,  0.1742,  0.3485)
   Mode, Frequency 
      1    105.8275 cm^-1  (      3.1726 THz )
      2    145.8032 cm^-1  (      4.3711 THz )
      3    228.4808 cm^-1  (      6.8497 THz )
      4    529.4798 cm^-1  (     15.8734 THz )
      5    557.0590 cm^-1  (     16.7002 THz )
      6    564.8031 cm^-1  (     16.9324 THz )

 # k point   255 : (  0.1705,  0.1705,  0.3409)
   Mode, Frequency 
      1    103.7540 cm^-1  (      3.1105 THz )
      2    142.4907 cm^-1  (      4.2718 THz )
      3    224.3379 cm^-1  (      6.7255 THz )
      4    531.6739 cm^-1  (     15.9392 THz )
      5    557.8535 cm^-1  (     16.7240 THz )
      6    565.4766 cm^-1  (     16.9526 THz )

 # k point   256 : (  0.1667,  0.1667,  0.3333)
   Mode, Frequency 
      1    101.6658 cm^-1  (      3.0479 THz )
      2    139.1738 cm^-1  (      4.1723 THz )
      3    220.1460 cm^-1  (      6.5998 THz )
      4    533.8277 cm^-1  (     16.0038 THz )
      5    558.6512 cm^-1  (     16.7479 THz )
      6    566.1406 cm^-1  (     16.9725 THz )

 # k point   257 : (  0.1629,  0.1629,  0.3258)
   Mode, Frequency 
      1     99.5632 cm^-1  (      2.9848 THz )
      2    135.8539 cm^-1  (      4.0728 THz )
      3    215.9057 cm^-1  (      6.4727 THz )
      4    535.9402 cm^-1  (     16.0671 THz )
      5    559.4514 cm^-1  (     16.7719 THz )
      6    566.7947 cm^-1  (     16.9921 THz )

 # k point   258 : (  0.1591,  0.1591,  0.3182)
   Mode, Frequency 
      1     97.4464 cm^-1  (      2.9214 THz )
      2    132.5324 cm^-1  (      3.9732 THz )
      3    211.6174 cm^-1  (      6.3441 THz )
      4    538.0107 cm^-1  (     16.1292 THz )
      5    560.2529 cm^-1  (     16.7960 THz )
      6    567.4387 cm^-1  (     17.0114 THz )

 # k point   259 : (  0.1553,  0.1553,  0.3106)
   Mode, Frequency 
      1     95.3159 cm^-1  (      2.8575 THz )
      2    129.2106 cm^-1  (      3.8736 THz )
      3    207.2816 cm^-1  (      6.2141 THz )
      4    540.0384 cm^-1  (     16.1899 THz )
      5    561.0548 cm^-1  (     16.8200 THz )
      6    568.0722 cm^-1  (     17.0304 THz )

 # k point   260 : (  0.1515,  0.1515,  0.3030)
   Mode, Frequency 
      1     93.1719 cm^-1  (      2.7932 THz )
      2    125.8898 cm^-1  (      3.7741 THz )
      3    202.8990 cm^-1  (      6.0828 THz )
      4    542.0226 cm^-1  (     16.2494 THz )
      5    561.8560 cm^-1  (     16.8440 THz )
      6    568.6949 cm^-1  (     17.0490 THz )

 # k point   261 : (  0.1477,  0.1477,  0.2955)
   Mode, Frequency 
      1     91.0147 cm^-1  (      2.7286 THz )
      2    122.5712 cm^-1  (      3.6746 THz )
      3    198.4702 cm^-1  (      5.9500 THz )
      4    543.9627 cm^-1  (     16.3076 THz )
      5    562.6554 cm^-1  (     16.8680 THz )
      6    569.3064 cm^-1  (     17.0674 THz )

 # k point   262 : (  0.1439,  0.1439,  0.2879)
   Mode, Frequency 
      1     88.8446 cm^-1  (      2.6635 THz )
      2    119.2558 cm^-1  (      3.5752 THz )
      3    193.9958 cm^-1  (      5.8158 THz )
      4    545.8581 cm^-1  (     16.3644 THz )
      5    563.4520 cm^-1  (     16.8919 THz )
      6    569.9065 cm^-1  (     17.0854 THz )

 # k point   263 : (  0.1402,  0.1402,  0.2803)
   Mode, Frequency 
      1     86.6619 cm^-1  (      2.5981 THz )
      2    115.9447 cm^-1  (      3.4759 THz )
      3    189.4766 cm^-1  (      5.6804 THz )
      4    547.7081 cm^-1  (     16.4199 THz )
      5    564.2447 cm^-1  (     16.9156 THz )
      6    570.4949 cm^-1  (     17.1030 THz )

 # k point   264 : (  0.1364,  0.1364,  0.2727)
   Mode, Frequency 
      1     84.4670 cm^-1  (      2.5323 THz )
      2    112.6389 cm^-1  (      3.3768 THz )
      3    184.9133 cm^-1  (      5.5436 THz )
      4    549.5124 cm^-1  (     16.4740 THz )
      5    565.0324 cm^-1  (     16.9392 THz )
      6    571.0712 cm^-1  (     17.1203 THz )

 # k point   265 : (  0.1326,  0.1326,  0.2652)
   Mode, Frequency 
      1     82.2601 cm^-1  (      2.4661 THz )
      2    109.3393 cm^-1  (      3.2779 THz )
      3    180.3067 cm^-1  (      5.4055 THz )
      4    551.2703 cm^-1  (     16.5267 THz )
      5    565.8140 cm^-1  (     16.9627 THz )
      6    571.6352 cm^-1  (     17.1372 THz )

 # k point   266 : (  0.1288,  0.1288,  0.2576)
   Mode, Frequency 
      1     80.0415 cm^-1  (      2.3996 THz )
      2    106.0466 cm^-1  (      3.1792 THz )
      3    175.6577 cm^-1  (      5.2661 THz )
      4    552.9816 cm^-1  (     16.5780 THz )
      5    566.5884 cm^-1  (     16.9859 THz )
      6    572.1866 cm^-1  (     17.1537 THz )

 # k point   267 : (  0.1250,  0.1250,  0.2500)
   Mode, Frequency 
      1     77.8116 cm^-1  (      2.3327 THz )
      2    102.7618 cm^-1  (      3.0807 THz )
      3    170.9670 cm^-1  (      5.1255 THz )
      4    554.6457 cm^-1  (     16.6279 THz )
      5    567.3546 cm^-1  (     17.0089 THz )
      6    572.7251 cm^-1  (     17.1699 THz )

 # k point   268 : (  0.1212,  0.1212,  0.2424)
   Mode, Frequency 
      1     75.5707 cm^-1  (      2.2656 THz )
      2     99.4854 cm^-1  (      2.9825 THz )
      3    166.2357 cm^-1  (      4.9836 THz )
      4    556.2624 cm^-1  (     16.6763 THz )
      5    568.1114 cm^-1  (     17.0316 THz )
      6    573.2505 cm^-1  (     17.1856 THz )

 # k point   269 : (  0.1174,  0.1174,  0.2348)
   Mode, Frequency 
      1     73.3191 cm^-1  (      2.1981 THz )
      2     96.2181 cm^-1  (      2.8845 THz )
      3    161.4646 cm^-1  (      4.8406 THz )
      4    557.8313 cm^-1  (     16.7234 THz )
      5    568.8579 cm^-1  (     17.0539 THz )
      6    573.7624 cm^-1  (     17.2010 THz )

 # k point   270 : (  0.1136,  0.1136,  0.2273)
   Mode, Frequency 
      1     71.0571 cm^-1  (      2.1302 THz )
      2     92.9604 cm^-1  (      2.7869 THz )
      3    156.6547 cm^-1  (      4.6964 THz )
      4    559.3521 cm^-1  (     16.7690 THz )
      5    569.5928 cm^-1  (     17.0760 THz )
      6    574.2607 cm^-1  (     17.2159 THz )

 # k point   271 : (  0.1098,  0.1098,  0.2197)
   Mode, Frequency 
      1     68.7850 cm^-1  (      2.0621 THz )
      2     89.7129 cm^-1  (      2.6895 THz )
      3    151.8070 cm^-1  (      4.5511 THz )
      4    560.8245 cm^-1  (     16.8131 THz )
      5    570.3151 cm^-1  (     17.0976 THz )
      6    574.7451 cm^-1  (     17.2304 THz )

 # k point   272 : (  0.1061,  0.1061,  0.2121)
   Mode, Frequency 
      1     66.5033 cm^-1  (      1.9937 THz )
      2     86.4760 cm^-1  (      2.5925 THz )
      3    146.9225 cm^-1  (      4.4046 THz )
      4    562.2483 cm^-1  (     16.8558 THz )
      5    571.0238 cm^-1  (     17.1189 THz )
      6    575.2153 cm^-1  (     17.2445 THz )

 # k point   273 : (  0.1023,  0.1023,  0.2045)
   Mode, Frequency 
      1     64.2120 cm^-1  (      1.9250 THz )
      2     83.2501 cm^-1  (      2.4958 THz )
      3    142.0023 cm^-1  (      4.2571 THz )
      4    563.6233 cm^-1  (     16.8970 THz )
      5    571.7180 cm^-1  (     17.1397 THz )
      6    575.6711 cm^-1  (     17.2582 THz )

 # k point   274 : (  0.0985,  0.0985,  0.1970)
   Mode, Frequency 
      1     61.9117 cm^-1  (      1.8561 THz )
      2     80.0354 cm^-1  (      2.3994 THz )
      3    137.0473 cm^-1  (      4.1086 THz )
      4    564.9492 cm^-1  (     16.9368 THz )
      5    572.3964 cm^-1  (     17.1600 THz )
      6    576.1123 cm^-1  (     17.2714 THz )

 # k point   275 : (  0.0947,  0.0947,  0.1894)
   Mode, Frequency 
      1     59.6027 cm^-1  (      1.7868 THz )
      2     76.8322 cm^-1  (      2.3034 THz )
      3    132.0588 cm^-1  (      3.9590 THz )
      4    566.2260 cm^-1  (     16.9750 THz )
      5    573.0583 cm^-1  (     17.1799 THz )
      6    576.5386 cm^-1  (     17.2842 THz )

 # k point   276 : (  0.0909,  0.0909,  0.1818)
   Mode, Frequency 
      1     57.2851 cm^-1  (      1.7174 THz )
      2     73.6406 cm^-1  (      2.2077 THz )
      3    127.0378 cm^-1  (      3.8085 THz )
      4    567.4533 cm^-1  (     17.0118 THz )
      5    573.7025 cm^-1  (     17.1992 THz )
      6    576.9500 cm^-1  (     17.2965 THz )

 # k point   277 : (  0.0871,  0.0871,  0.1742)
   Mode, Frequency 
      1     54.9595 cm^-1  (      1.6476 THz )
      2     70.4608 cm^-1  (      2.1124 THz )
      3    121.9855 cm^-1  (      3.6570 THz )
      4    568.6311 cm^-1  (     17.0471 THz )
      5    574.3282 cm^-1  (     17.2179 THz )
      6    577.3461 cm^-1  (     17.3084 THz )

 # k point   278 : (  0.0833,  0.0833,  0.1667)
   Mode, Frequency 
      1     52.6261 cm^-1  (      1.5777 THz )
      2     67.2929 cm^-1  (      2.0174 THz )
      3    116.9030 cm^-1  (      3.5047 THz )
      4    569.7593 cm^-1  (     17.0810 THz )
      5    574.9344 cm^-1  (     17.2361 THz )
      6    577.7268 cm^-1  (     17.3198 THz )

 # k point   279 : (  0.0795,  0.0795,  0.1591)
   Mode, Frequency 
      1     50.2852 cm^-1  (      1.5075 THz )
      2     64.1367 cm^-1  (      1.9228 THz )
      3    111.7916 cm^-1  (      3.3514 THz )
      4    570.8378 cm^-1  (     17.1133 THz )
      5    575.5203 cm^-1  (     17.2537 THz )
      6    578.0919 cm^-1  (     17.3308 THz )

 # k point   280 : (  0.0758,  0.0758,  0.1515)
   Mode, Frequency 
      1     47.9373 cm^-1  (      1.4371 THz )
      2     60.9923 cm^-1  (      1.8285 THz )
      3    106.6523 cm^-1  (      3.1974 THz )
      4    571.8665 cm^-1  (     17.1441 THz )
      5    576.0850 cm^-1  (     17.2706 THz )
      6    578.4411 cm^-1  (     17.3412 THz )

 # k point   281 : (  0.0720,  0.0720,  0.1439)
   Mode, Frequency 
      1     45.5825 cm^-1  (      1.3665 THz )
      2     57.8594 cm^-1  (      1.7346 THz )
      3    101.4865 cm^-1  (      3.0425 THz )
      4    572.8452 cm^-1  (     17.1735 THz )
      5    576.6276 cm^-1  (     17.2869 THz )
      6    578.7745 cm^-1  (     17.3512 THz )

 # k point   282 : (  0.0682,  0.0682,  0.1364)
   Mode, Frequency 
      1     43.2213 cm^-1  (      1.2957 THz )
      2     54.7380 cm^-1  (      1.6410 THz )
      3     96.2953 cm^-1  (      2.8869 THz )
      4    573.7739 cm^-1  (     17.2013 THz )
      5    577.1474 cm^-1  (     17.3024 THz )
      6    579.0917 cm^-1  (     17.3607 THz )

 # k point   283 : (  0.0644,  0.0644,  0.1288)
   Mode, Frequency 
      1     40.8539 cm^-1  (      1.2248 THz )
      2     51.6277 cm^-1  (      1.5478 THz )
      3     91.0801 cm^-1  (      2.7305 THz )
      4    574.6526 cm^-1  (     17.2277 THz )
      5    577.6436 cm^-1  (     17.3173 THz )
      6    579.3926 cm^-1  (     17.3698 THz )

 # k point   284 : (  0.0606,  0.0606,  0.1212)
   Mode, Frequency 
      1     38.4808 cm^-1  (      1.1536 THz )
      2     48.5283 cm^-1  (      1.4548 THz )
      3     85.8420 cm^-1  (      2.5735 THz )
      4    575.4813 cm^-1  (     17.2525 THz )
      5    578.1155 cm^-1  (     17.3315 THz )
      6    579.6771 cm^-1  (     17.3783 THz )

 # k point   285 : (  0.0568,  0.0568,  0.1136)
   Mode, Frequency 
      1     36.1022 cm^-1  (      1.0823 THz )
      2     45.4395 cm^-1  (      1.3622 THz )
      3     80.5823 cm^-1  (      2.4158 THz )
      4    576.2598 cm^-1  (     17.2758 THz )
      5    578.5623 cm^-1  (     17.3449 THz )
      6    579.9451 cm^-1  (     17.3863 THz )

 # k point   286 : (  0.0530,  0.0530,  0.1061)
   Mode, Frequency 
      1     33.7185 cm^-1  (      1.0109 THz )
      2     42.3607 cm^-1  (      1.2699 THz )
      3     75.3024 cm^-1  (      2.2575 THz )
      4    576.9881 cm^-1  (     17.2977 THz )
      5    578.9835 cm^-1  (     17.3575 THz )
      6    580.1963 cm^-1  (     17.3938 THz )

 # k point   287 : (  0.0492,  0.0492,  0.0985)
   Mode, Frequency 
      1     31.3301 cm^-1  (      0.9393 THz )
      2     39.2916 cm^-1  (      1.1779 THz )
      3     70.0036 cm^-1  (      2.0987 THz )
      4    577.6663 cm^-1  (     17.3180 THz )
      5    579.3784 cm^-1  (     17.3693 THz )
      6    580.4308 cm^-1  (     17.4009 THz )

 # k point   288 : (  0.0455,  0.0455,  0.0909)
   Mode, Frequency 
      1     28.9372 cm^-1  (      0.8675 THz )
      2     36.2317 cm^-1  (      1.0862 THz )
      3     64.6871 cm^-1  (      1.9393 THz )
      4    578.2942 cm^-1  (     17.3368 THz )
      5    579.7464 cm^-1  (     17.3804 THz )
      6    580.6484 cm^-1  (     17.4074 THz )

 # k point   289 : (  0.0417,  0.0417,  0.0833)
   Mode, Frequency 
      1     26.5402 cm^-1  (      0.7957 THz )
      2     33.1804 cm^-1  (      0.9947 THz )
      3     59.3542 cm^-1  (      1.7794 THz )
      4    578.8720 cm^-1  (     17.3541 THz )
      5    580.0869 cm^-1  (     17.3906 THz )
      6    580.8489 cm^-1  (     17.4134 THz )

 # k point   290 : (  0.0379,  0.0379,  0.0758)
   Mode, Frequency 
      1     24.1394 cm^-1  (      0.7237 THz )
      2     30.1372 cm^-1  (      0.9035 THz )
      3     54.0063 cm^-1  (      1.6191 THz )
      4    579.3995 cm^-1  (     17.3700 THz )
      5    580.3996 cm^-1  (     17.3999 THz )
      6    581.0323 cm^-1  (     17.4189 THz )

 # k point   291 : (  0.0341,  0.0341,  0.0682)
   Mode, Frequency 
      1     21.7353 cm^-1  (      0.6516 THz )
      2     27.1014 cm^-1  (      0.8125 THz )
      3     48.6448 cm^-1  (      1.4583 THz )
      4    579.8768 cm^-1  (     17.3843 THz )
      5    580.6839 cm^-1  (     17.4085 THz )
      6    581.1985 cm^-1  (     17.4239 THz )

 # k point   292 : (  0.0303,  0.0303,  0.0606)
   Mode, Frequency 
      1     19.3280 cm^-1  (      0.5794 THz )
      2     24.0725 cm^-1  (      0.7217 THz )
      3     43.2710 cm^-1  (      1.2972 THz )
      4    580.3039 cm^-1  (     17.3971 THz )
      5    580.9393 cm^-1  (     17.4161 THz )
      6    581.3475 cm^-1  (     17.4284 THz )

 # k point   293 : (  0.0265,  0.0265,  0.0530)
   Mode, Frequency 
      1     16.9180 cm^-1  (      0.5072 THz )
      2     21.0497 cm^-1  (      0.6311 THz )
      3     37.8862 cm^-1  (      1.1358 THz )
      4    580.6807 cm^-1  (     17.4084 THz )
      5    581.1657 cm^-1  (     17.4229 THz )
      6    581.4791 cm^-1  (     17.4323 THz )

 # k point   294 : (  0.0227,  0.0227,  0.0455)
   Mode, Frequency 
      1     14.5057 cm^-1  (      0.4349 THz )
      2     18.0323 cm^-1  (      0.5406 THz )
      3     32.4918 cm^-1  (      0.9741 THz )
      4    581.0072 cm^-1  (     17.4182 THz )
      5    581.3625 cm^-1  (     17.4288 THz )
      6    581.5932 cm^-1  (     17.4357 THz )

 # k point   295 : (  0.0189,  0.0189,  0.0379)
   Mode, Frequency 
      1     12.0913 cm^-1  (      0.3625 THz )
      2     15.0197 cm^-1  (      0.4503 THz )
      3     27.0891 cm^-1  (      0.8121 THz )
      4    581.2836 cm^-1  (     17.4264 THz )
      5    581.5295 cm^-1  (     17.4338 THz )
      6    581.6899 cm^-1  (     17.4386 THz )

 # k point   296 : (  0.0152,  0.0152,  0.0303)
   Mode, Frequency 
      1      9.6751 cm^-1  (      0.2901 THz )
      2     12.0110 cm^-1  (      0.3601 THz )
      3     21.6796 cm^-1  (      0.6499 THz )
      4    581.5096 cm^-1  (     17.4332 THz )
      5    581.6665 cm^-1  (     17.4379 THz )
      6    581.7691 cm^-1  (     17.4410 THz )

 # k point   297 : (  0.0114,  0.0114,  0.0227)
   Mode, Frequency 
      1      7.2577 cm^-1  (      0.2176 THz )
      2      9.0054 cm^-1  (      0.2700 THz )
      3     16.2646 cm^-1  (      0.4876 THz )
      4    581.6855 cm^-1  (     17.4385 THz )
      5    581.7732 cm^-1  (     17.4411 THz )
      6    581.8307 cm^-1  (     17.4428 THz )

 # k point   298 : (  0.0076,  0.0076,  0.0152)
   Mode, Frequency 
      1      4.8393 cm^-1  (      0.1451 THz )
      2      6.0023 cm^-1  (      0.1799 THz )
      3     10.8455 cm^-1  (      0.3251 THz )
      4    581.8110 cm^-1  (     17.4423 THz )
      5    581.8496 cm^-1  (     17.4434 THz )
      6    581.8747 cm^-1  (     17.4442 THz )

 # k point   299 : (  0.0038,  0.0038,  0.0076)
   Mode, Frequency 
      1      2.4205 cm^-1  (      0.0726 THz )
      2      3.0009 cm^-1  (      0.0900 THz )
      3      5.4238 cm^-1  (      0.1626 THz )
      4    581.8863 cm^-1  (     17.4445 THz )
      5    581.8956 cm^-1  (     17.4448 THz )
      6    581.9012 cm^-1  (     17.4450 THz )

 # k point   300 : (  0.0000,  0.0000,  0.0000)
   Mode, Frequency 
      1      0.0183 cm^-1  (      0.0005 THz )
      2      0.0406 cm^-1  (      0.0012 THz )
      3      0.0957 cm^-1  (      0.0029 THz )
      4    581.9100 cm^-1  (     17.4452 THz )
      5    581.9100 cm^-1  (     17.4452 THz )
      6    581.9124 cm^-1  (     17.4453 THz )

 # k point   301 : (  0.0000,  0.0000,  0.0000)
   Mode, Frequency 
      1      0.0183 cm^-1  (      0.0005 THz )
      2      0.0406 cm^-1  (      0.0012 THz )
      3      0.0957 cm^-1  (      0.0029 THz )
      4    581.9100 cm^-1  (     17.4452 THz )
      5    581.9100 cm^-1  (     17.4452 THz )
      6    581.9124 cm^-1  (     17.4453 THz )

 # k point   302 : (  0.0051,  0.0051,  0.0051)
   Mode, Frequency 
      1      2.1457 cm^-1  (      0.0643 THz )
      2      2.1467 cm^-1  (      0.0644 THz )
      3      4.5070 cm^-1  (      0.1351 THz )
      4    581.8942 cm^-1  (     17.4447 THz )
      5    581.9027 cm^-1  (     17.4450 THz )
      6    581.9027 cm^-1  (     17.4450 THz )

 # k point   303 : (  0.0101,  0.0101,  0.0101)
   Mode, Frequency 
      1      4.2905 cm^-1  (      0.1286 THz )
      2      4.2910 cm^-1  (      0.1286 THz )
      3      9.0131 cm^-1  (      0.2702 THz )
      4    581.8396 cm^-1  (     17.4431 THz )
      5    581.8807 cm^-1  (     17.4443 THz )
      6    581.8807 cm^-1  (     17.4443 THz )

 # k point   304 : (  0.0152,  0.0152,  0.0152)
   Mode, Frequency 
      1      6.4347 cm^-1  (      0.1929 THz )
      2      6.4350 cm^-1  (      0.1929 THz )
      3     13.5188 cm^-1  (      0.4053 THz )
      4    581.7487 cm^-1  (     17.4404 THz )
      5    581.8442 cm^-1  (     17.4432 THz )
      6    581.8442 cm^-1  (     17.4432 THz )

 # k point   305 : (  0.0202,  0.0202,  0.0202)
   Mode, Frequency 
      1      8.5779 cm^-1  (      0.2572 THz )
      2      8.5781 cm^-1  (      0.2572 THz )
      3     18.0236 cm^-1  (      0.5403 THz )
      4    581.6214 cm^-1  (     17.4366 THz )
      5    581.7930 cm^-1  (     17.4417 THz )
      6    581.7930 cm^-1  (     17.4417 THz )

 # k point   306 : (  0.0253,  0.0253,  0.0253)
   Mode, Frequency 
      1     10.7196 cm^-1  (      0.3214 THz )
      2     10.7198 cm^-1  (      0.3214 THz )
      3     22.5273 cm^-1  (      0.6754 THz )
      4    581.4578 cm^-1  (     17.4317 THz )
      5    581.7274 cm^-1  (     17.4397 THz )
      6    581.7274 cm^-1  (     17.4397 THz )

 # k point   307 : (  0.0303,  0.0303,  0.0303)
   Mode, Frequency 
      1     12.8595 cm^-1  (      0.3855 THz )
      2     12.8596 cm^-1  (      0.3855 THz )
      3     27.0295 cm^-1  (      0.8103 THz )
      4    581.2578 cm^-1  (     17.4257 THz )
      5    581.6472 cm^-1  (     17.4373 THz )
      6    581.6472 cm^-1  (     17.4373 THz )

 # k point   308 : (  0.0354,  0.0354,  0.0354)
   Mode, Frequency 
      1     14.9972 cm^-1  (      0.4496 THz )
      2     14.9973 cm^-1  (      0.4496 THz )
      3     31.5300 cm^-1  (      0.9452 THz )
      4    581.0215 cm^-1  (     17.4186 THz )
      5    581.5526 cm^-1  (     17.4345 THz )
      6    581.5526 cm^-1  (     17.4345 THz )

 # k point   309 : (  0.0404,  0.0404,  0.0404)
   Mode, Frequency 
      1     17.1324 cm^-1  (      0.5136 THz )
      2     17.1325 cm^-1  (      0.5136 THz )
      3     36.0285 cm^-1  (      1.0801 THz )
      4    580.7490 cm^-1  (     17.4104 THz )
      5    581.4436 cm^-1  (     17.4312 THz )
      6    581.4436 cm^-1  (     17.4312 THz )

 # k point   310 : (  0.0455,  0.0455,  0.0455)
   Mode, Frequency 
      1     19.2646 cm^-1  (      0.5775 THz )
      2     19.2647 cm^-1  (      0.5775 THz )
      3     40.5246 cm^-1  (      1.2149 THz )
      4    580.4401 cm^-1  (     17.4012 THz )
      5    581.3204 cm^-1  (     17.4275 THz )
      6    581.3204 cm^-1  (     17.4275 THz )

 # k point   311 : (  0.0505,  0.0505,  0.0505)
   Mode, Frequency 
      1     21.3936 cm^-1  (      0.6414 THz )
      2     21.3937 cm^-1  (      0.6414 THz )
      3     45.0182 cm^-1  (      1.3496 THz )
      4    580.0951 cm^-1  (     17.3908 THz )
      5    581.1830 cm^-1  (     17.4234 THz )
      6    581.1830 cm^-1  (     17.4234 THz )

 # k point   312 : (  0.0556,  0.0556,  0.0556)
   Mode, Frequency 
      1     23.5189 cm^-1  (      0.7051 THz )
      2     23.5190 cm^-1  (      0.7051 THz )
      3     49.5089 cm^-1  (      1.4842 THz )
      4    579.7139 cm^-1  (     17.3794 THz )
      5    581.0315 cm^-1  (     17.4189 THz )
      6    581.0315 cm^-1  (     17.4189 THz )

 # k point   313 : (  0.0606,  0.0606,  0.0606)
   Mode, Frequency 
      1     25.6402 cm^-1  (      0.7687 THz )
      2     25.6403 cm^-1  (      0.7687 THz )
      3     53.9964 cm^-1  (      1.6188 THz )
      4    579.2965 cm^-1  (     17.3669 THz )
      5    580.8660 cm^-1  (     17.4139 THz )
      6    580.8660 cm^-1  (     17.4139 THz )

 # k point   314 : (  0.0657,  0.0657,  0.0657)
   Mode, Frequency 
      1     27.7571 cm^-1  (      0.8321 THz )
      2     27.7571 cm^-1  (      0.8321 THz )
      3     58.4804 cm^-1  (      1.7532 THz )
      4    578.8430 cm^-1  (     17.3533 THz )
      5    580.6867 cm^-1  (     17.4086 THz )
      6    580.6867 cm^-1  (     17.4086 THz )

 # k point   315 : (  0.0707,  0.0707,  0.0707)
   Mode, Frequency 
      1     29.8692 cm^-1  (      0.8955 THz )
      2     29.8692 cm^-1  (      0.8955 THz )
      3     62.9606 cm^-1  (      1.8875 THz )
      4    578.3534 cm^-1  (     17.3386 THz )
      5    580.4937 cm^-1  (     17.4028 THz )
      6    580.4937 cm^-1  (     17.4028 THz )

 # k point   316 : (  0.0758,  0.0758,  0.0758)
   Mode, Frequency 
      1     31.9761 cm^-1  (      0.9586 THz )
      2     31.9762 cm^-1  (      0.9586 THz )
      3     67.4368 cm^-1  (      2.0217 THz )
      4    577.8278 cm^-1  (     17.3228 THz )
      5    580.2872 cm^-1  (     17.3966 THz )
      6    580.2872 cm^-1  (     17.3966 THz )

 # k point   317 : (  0.0808,  0.0808,  0.0808)
   Mode, Frequency 
      1     34.0775 cm^-1  (      1.0216 THz )
      2     34.0775 cm^-1  (      1.0216 THz )
      3     71.9086 cm^-1  (      2.1558 THz )
      4    577.2662 cm^-1  (     17.3060 THz )
      5    580.0672 cm^-1  (     17.3900 THz )
      6    580.0672 cm^-1  (     17.3900 THz )

 # k point   318 : (  0.0859,  0.0859,  0.0859)
   Mode, Frequency 
      1     36.1729 cm^-1  (      1.0844 THz )
      2     36.1730 cm^-1  (      1.0844 THz )
      3     76.3757 cm^-1  (      2.2897 THz )
      4    576.6688 cm^-1  (     17.2881 THz )
      5    579.8340 cm^-1  (     17.3830 THz )
      6    579.8341 cm^-1  (     17.3830 THz )

 # k point   319 : (  0.0909,  0.0909,  0.0909)
   Mode, Frequency 
      1     38.2620 cm^-1  (      1.1471 THz )
      2     38.2621 cm^-1  (      1.1471 THz )
      3     80.8380 cm^-1  (      2.4235 THz )
      4    576.0355 cm^-1  (     17.2691 THz )
      5    579.5878 cm^-1  (     17.3756 THz )
      6    579.5878 cm^-1  (     17.3756 THz )

 # k point   320 : (  0.0960,  0.0960,  0.0960)
   Mode, Frequency 
      1     40.3445 cm^-1  (      1.2095 THz )
      2     40.3445 cm^-1  (      1.2095 THz )
      3     85.2949 cm^-1  (      2.5571 THz )
      4    575.3664 cm^-1  (     17.2491 THz )
      5    579.3288 cm^-1  (     17.3678 THz )
      6    579.3288 cm^-1  (     17.3678 THz )

 # k point   321 : (  0.1010,  0.1010,  0.1010)
   Mode, Frequency 
      1     42.4198 cm^-1  (      1.2717 THz )
      2     42.4198 cm^-1  (      1.2717 THz )
      3     89.7464 cm^-1  (      2.6905 THz )
      4    574.6616 cm^-1  (     17.2279 THz )
      5    579.0571 cm^-1  (     17.3597 THz )
      6    579.0571 cm^-1  (     17.3597 THz )

 # k point   322 : (  0.1061,  0.1061,  0.1061)
   Mode, Frequency 
      1     44.4875 cm^-1  (      1.3337 THz )
      2     44.4876 cm^-1  (      1.3337 THz )
      3     94.1920 cm^-1  (      2.8238 THz )
      4    573.9212 cm^-1  (     17.2057 THz )
      5    578.7729 cm^-1  (     17.3512 THz )
      6    578.7729 cm^-1  (     17.3512 THz )

 # k point   323 : (  0.1111,  0.1111,  0.1111)
   Mode, Frequency 
      1     46.5474 cm^-1  (      1.3955 THz )
      2     46.5475 cm^-1  (      1.3955 THz )
      3     98.6314 cm^-1  (      2.9569 THz )
      4    573.1452 cm^-1  (     17.1825 THz )
      5    578.4766 cm^-1  (     17.3423 THz )
      6    578.4766 cm^-1  (     17.3423 THz )

 # k point   324 : (  0.1162,  0.1162,  0.1162)
   Mode, Frequency 
      1     48.5990 cm^-1  (      1.4570 THz )
      2     48.5990 cm^-1  (      1.4570 THz )
      3    103.0645 cm^-1  (      3.0898 THz )
      4    572.3337 cm^-1  (     17.1581 THz )
      5    578.1682 cm^-1  (     17.3330 THz )
      6    578.1683 cm^-1  (     17.3330 THz )

 # k point   325 : (  0.1212,  0.1212,  0.1212)
   Mode, Frequency 
      1     50.6418 cm^-1  (      1.5182 THz )
      2     50.6419 cm^-1  (      1.5182 THz )
      3    107.4908 cm^-1  (      3.2225 THz )
      4    571.4869 cm^-1  (     17.1327 THz )
      5    577.8482 cm^-1  (     17.3235 THz )
      6    577.8482 cm^-1  (     17.3235 THz )

 # k point   326 : (  0.1263,  0.1263,  0.1263)
   Mode, Frequency 
      1     52.6755 cm^-1  (      1.5792 THz )
      2     52.6756 cm^-1  (      1.5792 THz )
      3    111.9101 cm^-1  (      3.3550 THz )
      4    570.6047 cm^-1  (     17.1063 THz )
      5    577.5167 cm^-1  (     17.3135 THz )
      6    577.5167 cm^-1  (     17.3135 THz )

 # k point   327 : (  0.1313,  0.1313,  0.1313)
   Mode, Frequency 
      1     54.6997 cm^-1  (      1.6399 THz )
      2     54.6997 cm^-1  (      1.6399 THz )
      3    116.3220 cm^-1  (      3.4872 THz )
      4    569.6874 cm^-1  (     17.0788 THz )
      5    577.1739 cm^-1  (     17.3032 THz )
      6    577.1740 cm^-1  (     17.3032 THz )

 # k point   328 : (  0.1364,  0.1364,  0.1364)
   Mode, Frequency 
      1     56.7138 cm^-1  (      1.7002 THz )
      2     56.7139 cm^-1  (      1.7002 THz )
      3    120.7263 cm^-1  (      3.6193 THz )
      4    568.7349 cm^-1  (     17.0502 THz )
      5    576.8203 cm^-1  (     17.2926 THz )
      6    576.8203 cm^-1  (     17.2926 THz )

 # k point   329 : (  0.1414,  0.1414,  0.1414)
   Mode, Frequency 
      1     58.7176 cm^-1  (      1.7603 THz )
      2     58.7176 cm^-1  (      1.7603 THz )
      3    125.1227 cm^-1  (      3.7511 THz )
      4    567.7474 cm^-1  (     17.0206 THz )
      5    576.4560 cm^-1  (     17.2817 THz )
      6    576.4560 cm^-1  (     17.2817 THz )

 # k point   330 : (  0.1465,  0.1465,  0.1465)
   Mode, Frequency 
      1     60.7105 cm^-1  (      1.8201 THz )
      2     60.7105 cm^-1  (      1.8201 THz )
      3    129.5108 cm^-1  (      3.8826 THz )
      4    566.7251 cm^-1  (     16.9900 THz )
      5    576.0814 cm^-1  (     17.2705 THz )
      6    576.0814 cm^-1  (     17.2705 THz )

 # k point   331 : (  0.1515,  0.1515,  0.1515)
   Mode, Frequency 
      1     62.6921 cm^-1  (      1.8795 THz )
      2     62.6921 cm^-1  (      1.8795 THz )
      3    133.8903 cm^-1  (      4.0139 THz )
      4    565.6679 cm^-1  (     16.9583 THz )
      5    575.6967 cm^-1  (     17.2590 THz )
      6    575.6967 cm^-1  (     17.2590 THz )

 # k point   332 : (  0.1566,  0.1566,  0.1566)
   Mode, Frequency 
      1     64.6620 cm^-1  (      1.9385 THz )
      2     64.6620 cm^-1  (      1.9385 THz )
      3    138.2610 cm^-1  (      4.1450 THz )
      4    564.5761 cm^-1  (     16.9256 THz )
      5    575.3024 cm^-1  (     17.2471 THz )
      6    575.3024 cm^-1  (     17.2471 THz )

 # k point   333 : (  0.1616,  0.1616,  0.1616)
   Mode, Frequency 
      1     66.6197 cm^-1  (      1.9972 THz )
      2     66.6197 cm^-1  (      1.9972 THz )
      3    142.6224 cm^-1  (      4.2757 THz )
      4    563.4498 cm^-1  (     16.8918 THz )
      5    574.8986 cm^-1  (     17.2350 THz )
      6    574.8986 cm^-1  (     17.2350 THz )

 # k point   334 : (  0.1667,  0.1667,  0.1667)
   Mode, Frequency 
      1     68.5648 cm^-1  (      2.0555 THz )
      2     68.5649 cm^-1  (      2.0555 THz )
      3    146.9744 cm^-1  (      4.4062 THz )
      4    562.2891 cm^-1  (     16.8570 THz )
      5    574.4859 cm^-1  (     17.2227 THz )
      6    574.4859 cm^-1  (     17.2227 THz )

 # k point   335 : (  0.1717,  0.1717,  0.1717)
   Mode, Frequency 
      1     70.4969 cm^-1  (      2.1134 THz )
      2     70.4969 cm^-1  (      2.1134 THz )
      3    151.3165 cm^-1  (      4.5364 THz )
      4    561.0941 cm^-1  (     16.8212 THz )
      5    574.0644 cm^-1  (     17.2100 THz )
      6    574.0644 cm^-1  (     17.2100 THz )

 # k point   336 : (  0.1768,  0.1768,  0.1768)
   Mode, Frequency 
      1     72.4154 cm^-1  (      2.1710 THz )
      2     72.4154 cm^-1  (      2.1710 THz )
      3    155.6486 cm^-1  (      4.6662 THz )
      4    559.8649 cm^-1  (     16.7843 THz )
      5    573.6346 cm^-1  (     17.1971 THz )
      6    573.6346 cm^-1  (     17.1971 THz )

 # k point   337 : (  0.1818,  0.1818,  0.1818)
   Mode, Frequency 
      1     74.3199 cm^-1  (      2.2281 THz )
      2     74.3199 cm^-1  (      2.2281 THz )
      3    159.9701 cm^-1  (      4.7958 THz )
      4    558.6018 cm^-1  (     16.7465 THz )
      5    573.1968 cm^-1  (     17.1840 THz )
      6    573.1968 cm^-1  (     17.1840 THz )

 # k point   338 : (  0.1869,  0.1869,  0.1869)
   Mode, Frequency 
      1     76.2099 cm^-1  (      2.2847 THz )
      2     76.2100 cm^-1  (      2.2847 THz )
      3    164.2808 cm^-1  (      4.9250 THz )
      4    557.3049 cm^-1  (     16.7076 THz )
      5    572.7515 cm^-1  (     17.1707 THz )
      6    572.7515 cm^-1  (     17.1707 THz )

 # k point   339 : (  0.1919,  0.1919,  0.1919)
   Mode, Frequency 
      1     78.0850 cm^-1  (      2.3409 THz )
      2     78.0850 cm^-1  (      2.3409 THz )
      3    168.5804 cm^-1  (      5.0539 THz )
      4    555.9743 cm^-1  (     16.6677 THz )
      5    572.2990 cm^-1  (     17.1571 THz )
      6    572.2990 cm^-1  (     17.1571 THz )

 # k point   340 : (  0.1970,  0.1970,  0.1970)
   Mode, Frequency 
      1     79.9447 cm^-1  (      2.3967 THz )
      2     79.9447 cm^-1  (      2.3967 THz )
      3    172.8686 cm^-1  (      5.1825 THz )
      4    554.6102 cm^-1  (     16.6268 THz )
      5    571.8397 cm^-1  (     17.1433 THz )
      6    571.8397 cm^-1  (     17.1433 THz )

 # k point   341 : (  0.2020,  0.2020,  0.2020)
   Mode, Frequency 
      1     81.7884 cm^-1  (      2.4520 THz )
      2     81.7884 cm^-1  (      2.4520 THz )
      3    177.1450 cm^-1  (      5.3107 THz )
      4    553.2127 cm^-1  (     16.5849 THz )
      5    571.3740 cm^-1  (     17.1294 THz )
      6    571.3740 cm^-1  (     17.1294 THz )

 # k point   342 : (  0.2071,  0.2071,  0.2071)
   Mode, Frequency 
      1     83.6158 cm^-1  (      2.5067 THz )
      2     83.6158 cm^-1  (      2.5067 THz )
      3    181.4092 cm^-1  (      5.4385 THz )
      4    551.7821 cm^-1  (     16.5420 THz )
      5    570.9023 cm^-1  (     17.1152 THz )
      6    570.9023 cm^-1  (     17.1152 THz )

 # k point   343 : (  0.2121,  0.2121,  0.2121)
   Mode, Frequency 
      1     85.4262 cm^-1  (      2.5610 THz )
      2     85.4262 cm^-1  (      2.5610 THz )
      3    185.6609 cm^-1  (      5.5660 THz )
      4    550.3186 cm^-1  (     16.4981 THz )
      5    570.4251 cm^-1  (     17.1009 THz )
      6    570.4251 cm^-1  (     17.1009 THz )

 # k point   344 : (  0.2172,  0.2172,  0.2172)
   Mode, Frequency 
      1     87.2192 cm^-1  (      2.6148 THz )
      2     87.2192 cm^-1  (      2.6148 THz )
      3    189.8998 cm^-1  (      5.6931 THz )
      4    548.8222 cm^-1  (     16.4533 THz )
      5    569.9428 cm^-1  (     17.0865 THz )
      6    569.9428 cm^-1  (     17.0865 THz )

 # k point   345 : (  0.2222,  0.2222,  0.2222)
   Mode, Frequency 
      1     88.9943 cm^-1  (      2.6680 THz )
      2     88.9944 cm^-1  (      2.6680 THz )
      3    194.1254 cm^-1  (      5.8197 THz )
      4    547.2934 cm^-1  (     16.4074 THz )
      5    569.4559 cm^-1  (     17.0719 THz )
      6    569.4559 cm^-1  (     17.0719 THz )

 # k point   346 : (  0.2273,  0.2273,  0.2273)
   Mode, Frequency 
      1     90.7510 cm^-1  (      2.7206 THz )
      2     90.7511 cm^-1  (      2.7206 THz )
      3    198.3375 cm^-1  (      5.9460 THz )
      4    545.7322 cm^-1  (     16.3606 THz )
      5    568.9647 cm^-1  (     17.0571 THz )
      6    568.9647 cm^-1  (     17.0571 THz )

 # k point   347 : (  0.2323,  0.2323,  0.2323)
   Mode, Frequency 
      1     92.4888 cm^-1  (      2.7727 THz )
      2     92.4888 cm^-1  (      2.7727 THz )
      3    202.5357 cm^-1  (      6.0719 THz )
      4    544.1388 cm^-1  (     16.3129 THz )
      5    568.4698 cm^-1  (     17.0423 THz )
      6    568.4698 cm^-1  (     17.0423 THz )

 # k point   348 : (  0.2374,  0.2374,  0.2374)
   Mode, Frequency 
      1     94.2071 cm^-1  (      2.8243 THz )
      2     94.2071 cm^-1  (      2.8243 THz )
      3    206.7195 cm^-1  (      6.1973 THz )
      4    542.5136 cm^-1  (     16.2641 THz )
      5    567.9716 cm^-1  (     17.0274 THz )
      6    567.9716 cm^-1  (     17.0274 THz )

 # k point   349 : (  0.2424,  0.2424,  0.2424)
   Mode, Frequency 
      1     95.9055 cm^-1  (      2.8752 THz )
      2     95.9055 cm^-1  (      2.8752 THz )
      3    210.8886 cm^-1  (      6.3223 THz )
      4    540.8567 cm^-1  (     16.2145 THz )
      5    567.4705 cm^-1  (     17.0123 THz )
      6    567.4705 cm^-1  (     17.0123 THz )

 # k point   350 : (  0.2475,  0.2475,  0.2475)
   Mode, Frequency 
      1     97.5833 cm^-1  (      2.9255 THz )
      2     97.5833 cm^-1  (      2.9255 THz )
      3    215.0426 cm^-1  (      6.4468 THz )
      4    539.1685 cm^-1  (     16.1639 THz )
      5    566.9672 cm^-1  (     16.9972 THz )
      6    566.9672 cm^-1  (     16.9972 THz )

 # k point   351 : (  0.2525,  0.2525,  0.2525)
   Mode, Frequency 
      1     99.2401 cm^-1  (      2.9751 THz )
      2     99.2401 cm^-1  (      2.9751 THz )
      3    219.1811 cm^-1  (      6.5709 THz )
      4    537.4492 cm^-1  (     16.1123 THz )
      5    566.4620 cm^-1  (     16.9821 THz )
      6    566.4620 cm^-1  (     16.9821 THz )

 # k point   352 : (  0.2576,  0.2576,  0.2576)
   Mode, Frequency 
      1    100.8753 cm^-1  (      3.0242 THz )
      2    100.8753 cm^-1  (      3.0242 THz )
      3    223.3036 cm^-1  (      6.6945 THz )
      4    535.6990 cm^-1  (     16.0599 THz )
      5    565.9555 cm^-1  (     16.9669 THz )
      6    565.9555 cm^-1  (     16.9669 THz )

 # k point   353 : (  0.2626,  0.2626,  0.2626)
   Mode, Frequency 
      1    102.4884 cm^-1  (      3.0725 THz )
      2    102.4884 cm^-1  (      3.0725 THz )
      3    227.4098 cm^-1  (      6.8176 THz )
      4    533.9184 cm^-1  (     16.0065 THz )
      5    565.4481 cm^-1  (     16.9517 THz )
      6    565.4481 cm^-1  (     16.9517 THz )

 # k point   354 : (  0.2677,  0.2677,  0.2677)
   Mode, Frequency 
      1    104.0788 cm^-1  (      3.1202 THz )
      2    104.0788 cm^-1  (      3.1202 THz )
      3    231.4992 cm^-1  (      6.9402 THz )
      4    532.1075 cm^-1  (     15.9522 THz )
      5    564.9404 cm^-1  (     16.9365 THz )
      6    564.9404 cm^-1  (     16.9365 THz )

 # k point   355 : (  0.2727,  0.2727,  0.2727)
   Mode, Frequency 
      1    105.6461 cm^-1  (      3.1672 THz )
      2    105.6461 cm^-1  (      3.1672 THz )
      3    235.5712 cm^-1  (      7.0622 THz )
      4    530.2667 cm^-1  (     15.8970 THz )
      5    564.4328 cm^-1  (     16.9213 THz )
      6    564.4328 cm^-1  (     16.9213 THz )

 # k point   356 : (  0.2778,  0.2778,  0.2778)
   Mode, Frequency 
      1    107.1896 cm^-1  (      3.2135 THz )
      2    107.1896 cm^-1  (      3.2135 THz )
      3    239.6256 cm^-1  (      7.1838 THz )
      4    528.3965 cm^-1  (     15.8409 THz )
      5    563.9260 cm^-1  (     16.9061 THz )
      6    563.9260 cm^-1  (     16.9061 THz )

 # k point   357 : (  0.2828,  0.2828,  0.2828)
   Mode, Frequency 
      1    108.7088 cm^-1  (      3.2590 THz )
      2    108.7088 cm^-1  (      3.2590 THz )
      3    243.6616 cm^-1  (      7.3048 THz )
      4    526.4971 cm^-1  (     15.7840 THz )
      5    563.4203 cm^-1  (     16.8909 THz )
      6    563.4203 cm^-1  (     16.8909 THz )

 # k point   358 : (  0.2879,  0.2879,  0.2879)
   Mode, Frequency 
      1    110.2032 cm^-1  (      3.3038 THz )
      2    110.2032 cm^-1  (      3.3038 THz )
      3    247.6789 cm^-1  (      7.4252 THz )
      4    524.5690 cm^-1  (     15.7262 THz )
      5    562.9164 cm^-1  (     16.8758 THz )
      6    562.9164 cm^-1  (     16.8758 THz )

 # k point   359 : (  0.2929,  0.2929,  0.2929)
   Mode, Frequency 
      1    111.6721 cm^-1  (      3.3478 THz )
      2    111.6721 cm^-1  (      3.3478 THz )
      3    251.6769 cm^-1  (      7.5451 THz )
      4    522.6126 cm^-1  (     15.6675 THz )
      5    562.4148 cm^-1  (     16.8608 THz )
      6    562.4148 cm^-1  (     16.8608 THz )

 # k point   360 : (  0.2980,  0.2980,  0.2980)
   Mode, Frequency 
      1    113.1151 cm^-1  (      3.3911 THz )
      2    113.1152 cm^-1  (      3.3911 THz )
      3    255.6551 cm^-1  (      7.6643 THz )
      4    520.6283 cm^-1  (     15.6080 THz )
      5    561.9159 cm^-1  (     16.8458 THz )
      6    561.9159 cm^-1  (     16.8458 THz )

 # k point   361 : (  0.3030,  0.3030,  0.3030)
   Mode, Frequency 
      1    114.5316 cm^-1  (      3.4336 THz )
      2    114.5317 cm^-1  (      3.4336 THz )
      3    259.6127 cm^-1  (      7.7830 THz )
      4    518.6166 cm^-1  (     15.5477 THz )
      5    561.4204 cm^-1  (     16.8310 THz )
      6    561.4204 cm^-1  (     16.8310 THz )

 # k point   362 : (  0.3081,  0.3081,  0.3081)
   Mode, Frequency 
      1    115.9211 cm^-1  (      3.4752 THz )
      2    115.9211 cm^-1  (      3.4752 THz )
      3    263.5493 cm^-1  (      7.9010 THz )
      4    516.5781 cm^-1  (     15.4866 THz )
      5    560.9287 cm^-1  (     16.8162 THz )
      6    560.9287 cm^-1  (     16.8162 THz )

 # k point   363 : (  0.3131,  0.3131,  0.3131)
   Mode, Frequency 
      1    117.2829 cm^-1  (      3.5161 THz )
      2    117.2830 cm^-1  (      3.5161 THz )
      3    267.4642 cm^-1  (      8.0184 THz )
      4    514.5133 cm^-1  (     15.4247 THz )
      5    560.4414 cm^-1  (     16.8016 THz )
      6    560.4414 cm^-1  (     16.8016 THz )

 # k point   364 : (  0.3182,  0.3182,  0.3182)
   Mode, Frequency 
      1    118.6166 cm^-1  (      3.5560 THz )
      2    118.6166 cm^-1  (      3.5560 THz )
      3    271.3565 cm^-1  (      8.1351 THz )
      4    512.4228 cm^-1  (     15.3621 THz )
      5    559.9590 cm^-1  (     16.7871 THz )
      6    559.9591 cm^-1  (     16.7872 THz )

 # k point   365 : (  0.3232,  0.3232,  0.3232)
   Mode, Frequency 
      1    119.9216 cm^-1  (      3.5952 THz )
      2    119.9216 cm^-1  (      3.5952 THz )
      3    275.2257 cm^-1  (      8.2511 THz )
      4    510.3073 cm^-1  (     15.2986 THz )
      5    559.4822 cm^-1  (     16.7729 THz )
      6    559.4822 cm^-1  (     16.7729 THz )

 # k point   366 : (  0.3283,  0.3283,  0.3283)
   Mode, Frequency 
      1    121.1973 cm^-1  (      3.6334 THz )
      2    121.1973 cm^-1  (      3.6334 THz )
      3    279.0709 cm^-1  (      8.3663 THz )
      4    508.1674 cm^-1  (     15.2345 THz )
      5    559.0113 cm^-1  (     16.7587 THz )
      6    559.0113 cm^-1  (     16.7587 THz )

 # k point   367 : (  0.3333,  0.3333,  0.3333)
   Mode, Frequency 
      1    122.4432 cm^-1  (      3.6708 THz )
      2    122.4433 cm^-1  (      3.6708 THz )
      3    282.8913 cm^-1  (      8.4809 THz )
      4    506.0040 cm^-1  (     15.1696 THz )
      5    558.5469 cm^-1  (     16.7448 THz )
      6    558.5469 cm^-1  (     16.7448 THz )

 # k point   368 : (  0.3384,  0.3384,  0.3384)
   Mode, Frequency 
      1    123.6588 cm^-1  (      3.7072 THz )
      2    123.6588 cm^-1  (      3.7072 THz )
      3    286.6859 cm^-1  (      8.5946 THz )
      4    503.8178 cm^-1  (     15.1041 THz )
      5    558.0896 cm^-1  (     16.7311 THz )
      6    558.0896 cm^-1  (     16.7311 THz )

 # k point   369 : (  0.3434,  0.3434,  0.3434)
   Mode, Frequency 
      1    124.8435 cm^-1  (      3.7427 THz )
      2    124.8435 cm^-1  (      3.7427 THz )
      3    290.4537 cm^-1  (      8.7076 THz )
      4    501.6097 cm^-1  (     15.0379 THz )
      5    557.6399 cm^-1  (     16.7176 THz )
      6    557.6399 cm^-1  (     16.7176 THz )

 # k point   370 : (  0.3485,  0.3485,  0.3485)
   Mode, Frequency 
      1    125.9968 cm^-1  (      3.7773 THz )
      2    125.9968 cm^-1  (      3.7773 THz )
      3    294.1936 cm^-1  (      8.8197 THz )
      4    499.3809 cm^-1  (     14.9711 THz )
      5    557.1982 cm^-1  (     16.7044 THz )
      6    557.1982 cm^-1  (     16.7044 THz )

 # k point   371 : (  0.3535,  0.3535,  0.3535)
   Mode, Frequency 
      1    127.1182 cm^-1  (      3.8109 THz )
      2    127.1182 cm^-1  (      3.8109 THz )
      3    297.9045 cm^-1  (      8.9310 THz )
      4    497.1323 cm^-1  (     14.9037 THz )
      5    556.7653 cm^-1  (     16.6914 THz )
      6    556.7653 cm^-1  (     16.6914 THz )

 # k point   372 : (  0.3586,  0.3586,  0.3586)
   Mode, Frequency 
      1    128.2071 cm^-1  (      3.8436 THz )
      2    128.2071 cm^-1  (      3.8436 THz )
      3    301.5851 cm^-1  (      9.0413 THz )
      4    494.8652 cm^-1  (     14.8357 THz )
      5    556.3414 cm^-1  (     16.6787 THz )
      6    556.3414 cm^-1  (     16.6787 THz )

 # k point   373 : (  0.3636,  0.3636,  0.3636)
   Mode, Frequency 
      1    129.2630 cm^-1  (      3.8752 THz )
      2    129.2630 cm^-1  (      3.8752 THz )
      3    305.2338 cm^-1  (      9.1507 THz )
      4    492.5810 cm^-1  (     14.7672 THz )
      5    555.9272 cm^-1  (     16.6663 THz )
      6    555.9272 cm^-1  (     16.6663 THz )

 # k point   374 : (  0.3687,  0.3687,  0.3687)
   Mode, Frequency 
      1    130.2855 cm^-1  (      3.9059 THz )
      2    130.2855 cm^-1  (      3.9059 THz )
      3    308.8493 cm^-1  (      9.2591 THz )
      4    490.2811 cm^-1  (     14.6983 THz )
      5    555.5232 cm^-1  (     16.6542 THz )
      6    555.5232 cm^-1  (     16.6542 THz )

 # k point   375 : (  0.3737,  0.3737,  0.3737)
   Mode, Frequency 
      1    131.2740 cm^-1  (      3.9355 THz )
      2    131.2740 cm^-1  (      3.9355 THz )
      3    312.4296 cm^-1  (      9.3664 THz )
      4    487.9673 cm^-1  (     14.6289 THz )
      5    555.1297 cm^-1  (     16.6424 THz )
      6    555.1297 cm^-1  (     16.6424 THz )

 # k point   376 : (  0.3788,  0.3788,  0.3788)
   Mode, Frequency 
      1    132.2280 cm^-1  (      3.9641 THz )
      2    132.2281 cm^-1  (      3.9641 THz )
      3    315.9729 cm^-1  (      9.4726 THz )
      4    485.6414 cm^-1  (     14.5592 THz )
      5    554.7474 cm^-1  (     16.6309 THz )
      6    554.7474 cm^-1  (     16.6309 THz )

 # k point   377 : (  0.3838,  0.3838,  0.3838)
   Mode, Frequency 
      1    133.1472 cm^-1  (      3.9917 THz )
      2    133.1472 cm^-1  (      3.9917 THz )
      3    319.4769 cm^-1  (      9.5777 THz )
      4    483.3056 cm^-1  (     14.4891 THz )
      5    554.3767 cm^-1  (     16.6198 THz )
      6    554.3767 cm^-1  (     16.6198 THz )

 # k point   378 : (  0.3889,  0.3889,  0.3889)
   Mode, Frequency 
      1    134.0309 cm^-1  (      4.0181 THz )
      2    134.0310 cm^-1  (      4.0181 THz )
      3    322.9392 cm^-1  (      9.6815 THz )
      4    480.9623 cm^-1  (     14.4189 THz )
      5    554.0181 cm^-1  (     16.6090 THz )
      6    554.0181 cm^-1  (     16.6090 THz )

 # k point   379 : (  0.3939,  0.3939,  0.3939)
   Mode, Frequency 
      1    134.8789 cm^-1  (      4.0436 THz )
      2    134.8789 cm^-1  (      4.0436 THz )
      3    326.3569 cm^-1  (      9.7839 THz )
      4    478.6142 cm^-1  (     14.3485 THz )
      5    553.6719 cm^-1  (     16.5987 THz )
      6    553.6719 cm^-1  (     16.5987 THz )

 # k point   380 : (  0.3990,  0.3990,  0.3990)
   Mode, Frequency 
      1    135.6905 cm^-1  (      4.0679 THz )
      2    135.6905 cm^-1  (      4.0679 THz )
      3    329.7269 cm^-1  (      9.8850 THz )
      4    476.2644 cm^-1  (     14.2780 THz )
      5    553.3387 cm^-1  (     16.5887 THz )
      6    553.3387 cm^-1  (     16.5887 THz )

 # k point   381 : (  0.4040,  0.4040,  0.4040)
   Mode, Frequency 
      1    136.4654 cm^-1  (      4.0911 THz )
      2    136.4654 cm^-1  (      4.0911 THz )
      3    333.0455 cm^-1  (      9.9845 THz )
      4    473.9166 cm^-1  (     14.2077 THz )
      5    553.0188 cm^-1  (     16.5791 THz )
      6    553.0188 cm^-1  (     16.5791 THz )

 # k point   382 : (  0.4091,  0.4091,  0.4091)
   Mode, Frequency 
      1    137.2033 cm^-1  (      4.1133 THz )
      2    137.2033 cm^-1  (      4.1133 THz )
      3    336.3085 cm^-1  (     10.0823 THz )
      4    471.5749 cm^-1  (     14.1375 THz )
      5    552.7127 cm^-1  (     16.5699 THz )
      6    552.7127 cm^-1  (     16.5699 THz )

 # k point   383 : (  0.4141,  0.4141,  0.4141)
   Mode, Frequency 
      1    137.9036 cm^-1  (      4.1342 THz )
      2    137.9036 cm^-1  (      4.1342 THz )
      3    339.5112 cm^-1  (     10.1783 THz )
      4    469.2441 cm^-1  (     14.0676 THz )
      5    552.4208 cm^-1  (     16.5612 THz )
      6    552.4208 cm^-1  (     16.5612 THz )

 # k point   384 : (  0.4192,  0.4192,  0.4192)
   Mode, Frequency 
      1    138.5660 cm^-1  (      4.1541 THz )
      2    138.5660 cm^-1  (      4.1541 THz )
      3    342.6479 cm^-1  (     10.2723 THz )
      4    466.9295 cm^-1  (     13.9982 THz )
      5    552.1434 cm^-1  (     16.5528 THz )
      6    552.1434 cm^-1  (     16.5528 THz )

 # k point   385 : (  0.4242,  0.4242,  0.4242)
   Mode, Frequency 
      1    139.1902 cm^-1  (      4.1728 THz )
      2    139.1902 cm^-1  (      4.1728 THz )
      3    345.7123 cm^-1  (     10.3642 THz )
      4    464.6378 cm^-1  (     13.9295 THz )
      5    551.8809 cm^-1  (     16.5450 THz )
      6    551.8809 cm^-1  (     16.5450 THz )

 # k point   386 : (  0.4293,  0.4293,  0.4293)
   Mode, Frequency 
      1    139.7758 cm^-1  (      4.1904 THz )
      2    139.7758 cm^-1  (      4.1904 THz )
      3    348.6967 cm^-1  (     10.4537 THz )
      4    462.3763 cm^-1  (     13.8617 THz )
      5    551.6337 cm^-1  (     16.5376 THz )
      6    551.6337 cm^-1  (     16.5376 THz )

 # k point   387 : (  0.4343,  0.4343,  0.4343)
   Mode, Frequency 
      1    140.3225 cm^-1  (      4.2068 THz )
      2    140.3225 cm^-1  (      4.2068 THz )
      3    351.5925 cm^-1  (     10.5405 THz )
      4    460.1538 cm^-1  (     13.7951 THz )
      5    551.4020 cm^-1  (     16.5306 THz )
      6    551.4020 cm^-1  (     16.5306 THz )

 # k point   388 : (  0.4394,  0.4394,  0.4394)
   Mode, Frequency 
      1    140.8299 cm^-1  (      4.2220 THz )
      2    140.8300 cm^-1  (      4.2220 THz )
      3    354.3895 cm^-1  (     10.6243 THz )
      4    457.9804 cm^-1  (     13.7299 THz )
      5    551.1862 cm^-1  (     16.5241 THz )
      6    551.1862 cm^-1  (     16.5241 THz )

 # k point   389 : (  0.4444,  0.4444,  0.4444)
   Mode, Frequency 
      1    141.2979 cm^-1  (      4.2360 THz )
      2    141.2979 cm^-1  (      4.2360 THz )
      3    357.0756 cm^-1  (     10.7049 THz )
      4    455.8681 cm^-1  (     13.6666 THz )
      5    550.9866 cm^-1  (     16.5182 THz )
      6    550.9866 cm^-1  (     16.5182 THz )

 # k point   390 : (  0.4495,  0.4495,  0.4495)
   Mode, Frequency 
      1    141.7261 cm^-1  (      4.2488 THz )
      2    141.7261 cm^-1  (      4.2488 THz )
      3    359.6372 cm^-1  (     10.7817 THz )
      4    453.8305 cm^-1  (     13.6055 THz )
      5    550.8035 cm^-1  (     16.5127 THz )
      6    550.8035 cm^-1  (     16.5127 THz )

 # k point   391 : (  0.4545,  0.4545,  0.4545)
   Mode, Frequency 
      1    142.1142 cm^-1  (      4.2605 THz )
      2    142.1142 cm^-1  (      4.2605 THz )
      3    362.0582 cm^-1  (     10.8542 THz )
      4    451.8837 cm^-1  (     13.5471 THz )
      5    550.6370 cm^-1  (     16.5077 THz )
      6    550.6370 cm^-1  (     16.5077 THz )

 # k point   392 : (  0.4596,  0.4596,  0.4596)
   Mode, Frequency 
      1    142.4621 cm^-1  (      4.2709 THz )
      2    142.4621 cm^-1  (      4.2709 THz )
      3    364.3202 cm^-1  (     10.9220 THz )
      4    450.0459 cm^-1  (     13.4920 THz )
      5    550.4874 cm^-1  (     16.5032 THz )
      6    550.4874 cm^-1  (     16.5032 THz )

 # k point   393 : (  0.4646,  0.4646,  0.4646)
   Mode, Frequency 
      1    142.7696 cm^-1  (      4.2801 THz )
      2    142.7696 cm^-1  (      4.2801 THz )
      3    366.4027 cm^-1  (     10.9845 THz )
      4    448.3379 cm^-1  (     13.4408 THz )
      5    550.3550 cm^-1  (     16.4992 THz )
      6    550.3550 cm^-1  (     16.4992 THz )

 # k point   394 : (  0.4697,  0.4697,  0.4697)
   Mode, Frequency 
      1    143.0364 cm^-1  (      4.2881 THz )
      2    143.0364 cm^-1  (      4.2881 THz )
      3    368.2825 cm^-1  (     11.0408 THz )
      4    446.7827 cm^-1  (     13.3942 THz )
      5    550.2398 cm^-1  (     16.4958 THz )
      6    550.2398 cm^-1  (     16.4958 THz )

 # k point   395 : (  0.4747,  0.4747,  0.4747)
   Mode, Frequency 
      1    143.2624 cm^-1  (      4.2949 THz )
      2    143.2624 cm^-1  (      4.2949 THz )
      3    369.9350 cm^-1  (     11.0904 THz )
      4    445.4048 cm^-1  (     13.3529 THz )
      5    550.1421 cm^-1  (     16.4928 THz )
      6    550.1421 cm^-1  (     16.4928 THz )

 # k point   396 : (  0.4798,  0.4798,  0.4798)
   Mode, Frequency 
      1    143.4476 cm^-1  (      4.3004 THz )
      2    143.4476 cm^-1  (      4.3005 THz )
      3    371.3344 cm^-1  (     11.1323 THz )
      4    444.2301 cm^-1  (     13.3177 THz )
      5    550.0620 cm^-1  (     16.4904 THz )
      6    550.0620 cm^-1  (     16.4904 THz )

 # k point   397 : (  0.4848,  0.4848,  0.4848)
   Mode, Frequency 
      1    143.5917 cm^-1  (      4.3048 THz )
      2    143.5917 cm^-1  (      4.3048 THz )
      3    372.4556 cm^-1  (     11.1659 THz )
      4    443.2838 cm^-1  (     13.2893 THz )
      5    549.9995 cm^-1  (     16.4886 THz )
      6    549.9995 cm^-1  (     16.4886 THz )

 # k point   398 : (  0.4899,  0.4899,  0.4899)
   Mode, Frequency 
      1    143.6947 cm^-1  (      4.3079 THz )
      2    143.6947 cm^-1  (      4.3079 THz )
      3    373.2755 cm^-1  (     11.1905 THz )
      4    442.5887 cm^-1  (     13.2685 THz )
      5    549.9549 cm^-1  (     16.4872 THz )
      6    549.9549 cm^-1  (     16.4872 THz )

 # k point   399 : (  0.4949,  0.4949,  0.4949)
   Mode, Frequency 
      1    143.7565 cm^-1  (      4.3097 THz )
      2    143.7565 cm^-1  (      4.3097 THz )
      3    373.7756 cm^-1  (     11.2055 THz )
      4    442.1636 cm^-1  (     13.2557 THz )
      5    549.9281 cm^-1  (     16.4864 THz )
      6    549.9281 cm^-1  (     16.4864 THz )

 # k point   400 : (  0.5000,  0.5000,  0.5000)
   Mode, Frequency 
      1    143.7771 cm^-1  (      4.3103 THz )
      2    143.7771 cm^-1  (      4.3103 THz )
      3    373.9437 cm^-1  (     11.2106 THz )
      4    442.0205 cm^-1  (     13.2514 THz )
      5    549.9191 cm^-1  (     16.4862 THz )
      6    549.9191 cm^-1  (     16.4862 THz )


 -----------------------------------------------------------------

 The following files are created: 
  si333.bands       : Phonon band structure

 Job finished at Wed Apr 17 12:52:11 2024

