 +-----------------------------------------------------------------+
 +                         Program ANPHON                          +
 +                             Ver.  1.5.0                         +
 +-----------------------------------------------------------------+

 Job started at Wed Apr 17 12:54:15 2024

 The number of MPI processes: 1
 The number of OpenMP threads: 80


 Input variables:
 -----------------------------------------------------------------
 General:
  PREFIX = si333
  MODE = PHONONS
  FCSXML = /home/emeitz/ALM_Test/si333.xml

  NKD = 1; KD =   Si
  MASS =     28.085
  NSYM = 0; TOLERANCE = 0.001; PRINTSYM = 0

  NONANALYTIC = 0

  TMIN = 0; TMAX = 1000; DT = 10
  EMIN = 0; EMAX = 1000; DELTA_E = 10

  ISMEAR = -1; EPSILON = 10

  CLASSICAL = 0
  BCONNECT = 0


 Kpoint:
  KPMODE (1st entry for &kpoint) = 1


 Analysis:
  PRINTVEL = 0
  PRINTVEC = 0
  PRINTXSF = 0

  GRUNEISEN = 0
  NEWFCS = 0


 -----------------------------------------------------------------

                      MODE = phonons                         
                                                             
      Phonon calculation within harmonic approximation       
      Harmonic force constants will be used.                 

 -----------------------------------------------------------------

 Crystal structure
 =================

 Lattice Vectors:

 * Supercell (from /home/emeitz/ALM_Test/si333.xml )

    3.078364e+01   0.000000e+00   0.000000e+00 : a1
    0.000000e+00   3.078364e+01   0.000000e+00 : a2
    0.000000e+00   0.000000e+00   3.078364e+01 : a3

    2.041080e-01   0.000000e+00   0.000000e+00 : b1
    0.000000e+00   2.041080e-01   0.000000e+00 : b2
    0.000000e+00   0.000000e+00   2.041080e-01 : b3

 * Primitive cell 

    0.000000e+00   5.130606e+00   5.130606e+00 : a1
    5.130606e+00   0.000000e+00   5.130606e+00 : a2
    5.130606e+00   5.130606e+00   0.000000e+00 : a3

   -6.123239e-01   6.123239e-01   6.123239e-01 : b1
    6.123239e-01  -6.123239e-01   6.123239e-01 : b2
    6.123239e-01   6.123239e-01  -6.123239e-01 : b3


  Volume of the primitive cell : 2.701071e+02 (a.u.)^3

  Number of atoms in the supercell     : 216
  Number of atoms in the primitive cell: 2

  Atomic positions in the primitive cell (fractional):
   1:   0.000000e+00   0.000000e+00   0.000000e+00  Si
   2:   2.500000e-01   2.500000e-01   2.500000e-01  Si

  Mass of atomic species (u):
  Si:   28.085000


 Symmetry
 ========

  NSYM = 0 is given: Trying to find symmetry operations.

  Number of symmetry operations : 48
 k points
 ========

  KPMODE = 1: Band structure calculation
  Number of paths : 4

  List of k paths : 
   1:  G (  0.0000  0.0000  0.0000)  X (  0.5000  0.5000  0.0000) 100
   2:  X (  0.5000  0.5000  1.0000)  K (  0.3750  0.3750  0.7500) 100
   3:  K (  0.3750  0.3750  0.7500)  G (  0.0000  0.0000  0.0000) 100
   4:  G (  0.0000  0.0000  0.0000)  L (  0.5000  0.5000  0.5000) 100

  Number of k points : 400

 Force constant
 ==============

  Reading force constants from the XML file ... done !
  Number of non-zero IFCs for 2 order: 5022

  Maximum deviation from the translational invariance: 
   Order 2 :   2.3592e-16


 Dynamical matrix
 ================

  NONANALYTIC = 0 : No non-analytic correction. 


 -----------------------------------------------------------------


 ISMEAR = -1: Tetrahedron method will be used.

 Now, move on to phonon calculations.

 Diagonalizing dynamical matrices for all k points ... done!

 -----------------------------------------------------------------

 Phonon frequencies below:

 # k point     1 : (  0.0000,  0.0000,  0.0000)
   Mode, Frequency 
      1      0.0000 cm^-1  (      0.0000 THz )
      2      0.0000 cm^-1  (      0.0000 THz )
      3      0.0000 cm^-1  (      0.0000 THz )
      4    569.0430 cm^-1  (     17.0595 THz )
      5    569.0430 cm^-1  (     17.0595 THz )
      6    569.0430 cm^-1  (     17.0595 THz )

 # k point     2 : (  0.0051,  0.0051,  0.0000)
   Mode, Frequency 
      1      2.7988 cm^-1  (      0.0839 THz )
      2      2.7988 cm^-1  (      0.0839 THz )
      3      4.7882 cm^-1  (      0.1435 THz )
      4    569.0273 cm^-1  (     17.0590 THz )
      5    569.0301 cm^-1  (     17.0591 THz )
      6    569.0301 cm^-1  (     17.0591 THz )

 # k point     3 : (  0.0101,  0.0101,  0.0000)
   Mode, Frequency 
      1      5.5973 cm^-1  (      0.1678 THz )
      2      5.5973 cm^-1  (      0.1678 THz )
      3      9.5760 cm^-1  (      0.2871 THz )
      4    568.9803 cm^-1  (     17.0576 THz )
      5    568.9916 cm^-1  (     17.0579 THz )
      6    568.9916 cm^-1  (     17.0579 THz )

 # k point     4 : (  0.0152,  0.0152,  0.0000)
   Mode, Frequency 
      1      8.3952 cm^-1  (      0.2517 THz )
      2      8.3952 cm^-1  (      0.2517 THz )
      3     14.3630 cm^-1  (      0.4306 THz )
      4    568.9020 cm^-1  (     17.0553 THz )
      5    568.9275 cm^-1  (     17.0560 THz )
      6    568.9275 cm^-1  (     17.0560 THz )

 # k point     5 : (  0.0202,  0.0202,  0.0000)
   Mode, Frequency 
      1     11.1922 cm^-1  (      0.3355 THz )
      2     11.1922 cm^-1  (      0.3355 THz )
      3     19.1488 cm^-1  (      0.5741 THz )
      4    568.7923 cm^-1  (     17.0520 THz )
      5    568.8377 cm^-1  (     17.0533 THz )
      6    568.8377 cm^-1  (     17.0533 THz )

 # k point     6 : (  0.0253,  0.0253,  0.0000)
   Mode, Frequency 
      1     13.9881 cm^-1  (      0.4194 THz )
      2     13.9881 cm^-1  (      0.4194 THz )
      3     23.9330 cm^-1  (      0.7175 THz )
      4    568.6512 cm^-1  (     17.0477 THz )
      5    568.7224 cm^-1  (     17.0499 THz )
      6    568.7224 cm^-1  (     17.0499 THz )

 # k point     7 : (  0.0303,  0.0303,  0.0000)
   Mode, Frequency 
      1     16.7826 cm^-1  (      0.5031 THz )
      2     16.7826 cm^-1  (      0.5031 THz )
      3     28.7151 cm^-1  (      0.8609 THz )
      4    568.4789 cm^-1  (     17.0426 THz )
      5    568.5815 cm^-1  (     17.0456 THz )
      6    568.5815 cm^-1  (     17.0456 THz )

 # k point     8 : (  0.0354,  0.0354,  0.0000)
   Mode, Frequency 
      1     19.5753 cm^-1  (      0.5869 THz )
      2     19.5753 cm^-1  (      0.5869 THz )
      3     33.4949 cm^-1  (      1.0042 THz )
      4    568.2752 cm^-1  (     17.0365 THz )
      5    568.4153 cm^-1  (     17.0407 THz )
      6    568.4153 cm^-1  (     17.0407 THz )

 # k point     9 : (  0.0404,  0.0404,  0.0000)
   Mode, Frequency 
      1     22.3659 cm^-1  (      0.6705 THz )
      2     22.3659 cm^-1  (      0.6705 THz )
      3     38.2719 cm^-1  (      1.1474 THz )
      4    568.0401 cm^-1  (     17.0294 THz )
      5    568.2237 cm^-1  (     17.0349 THz )
      6    568.2237 cm^-1  (     17.0349 THz )

 # k point    10 : (  0.0455,  0.0455,  0.0000)
   Mode, Frequency 
      1     25.1543 cm^-1  (      0.7541 THz )
      2     25.1543 cm^-1  (      0.7541 THz )
      3     43.0456 cm^-1  (      1.2905 THz )
      4    567.7736 cm^-1  (     17.0214 THz )
      5    568.0068 cm^-1  (     17.0284 THz )
      6    568.0068 cm^-1  (     17.0284 THz )

 # k point    11 : (  0.0505,  0.0505,  0.0000)
   Mode, Frequency 
      1     27.9400 cm^-1  (      0.8376 THz )
      2     27.9400 cm^-1  (      0.8376 THz )
      3     47.8157 cm^-1  (      1.4335 THz )
      4    567.4759 cm^-1  (     17.0125 THz )
      5    567.7649 cm^-1  (     17.0212 THz )
      6    567.7649 cm^-1  (     17.0212 THz )

 # k point    12 : (  0.0556,  0.0556,  0.0000)
   Mode, Frequency 
      1     30.7227 cm^-1  (      0.9210 THz )
      2     30.7227 cm^-1  (      0.9210 THz )
      3     52.5819 cm^-1  (      1.5764 THz )
      4    567.1467 cm^-1  (     17.0026 THz )
      5    567.4980 cm^-1  (     17.0132 THz )
      6    567.4980 cm^-1  (     17.0132 THz )

 # k point    13 : (  0.0606,  0.0606,  0.0000)
   Mode, Frequency 
      1     33.5022 cm^-1  (      1.0044 THz )
      2     33.5022 cm^-1  (      1.0044 THz )
      3     57.3436 cm^-1  (      1.7191 THz )
      4    566.7861 cm^-1  (     16.9918 THz )
      5    567.2064 cm^-1  (     17.0044 THz )
      6    567.2064 cm^-1  (     17.0044 THz )

 # k point    14 : (  0.0657,  0.0657,  0.0000)
   Mode, Frequency 
      1     36.2781 cm^-1  (      1.0876 THz )
      2     36.2781 cm^-1  (      1.0876 THz )
      3     62.1006 cm^-1  (      1.8617 THz )
      4    566.3942 cm^-1  (     16.9801 THz )
      5    566.8900 cm^-1  (     16.9949 THz )
      6    566.8900 cm^-1  (     16.9949 THz )

 # k point    15 : (  0.0707,  0.0707,  0.0000)
   Mode, Frequency 
      1     39.0502 cm^-1  (      1.1707 THz )
      2     39.0502 cm^-1  (      1.1707 THz )
      3     66.8523 cm^-1  (      2.0042 THz )
      4    565.9709 cm^-1  (     16.9674 THz )
      5    566.5492 cm^-1  (     16.9847 THz )
      6    566.5492 cm^-1  (     16.9847 THz )

 # k point    16 : (  0.0758,  0.0758,  0.0000)
   Mode, Frequency 
      1     41.8180 cm^-1  (      1.2537 THz )
      2     41.8180 cm^-1  (      1.2537 THz )
      3     71.5984 cm^-1  (      2.1465 THz )
      4    565.5162 cm^-1  (     16.9537 THz )
      5    566.1841 cm^-1  (     16.9738 THz )
      6    566.1841 cm^-1  (     16.9738 THz )

 # k point    17 : (  0.0808,  0.0808,  0.0000)
   Mode, Frequency 
      1     44.5813 cm^-1  (      1.3365 THz )
      2     44.5813 cm^-1  (      1.3365 THz )
      3     76.3386 cm^-1  (      2.2886 THz )
      4    565.0301 cm^-1  (     16.9392 THz )
      5    565.7949 cm^-1  (     16.9621 THz )
      6    565.7949 cm^-1  (     16.9621 THz )

 # k point    18 : (  0.0859,  0.0859,  0.0000)
   Mode, Frequency 
      1     47.3397 cm^-1  (      1.4192 THz )
      2     47.3397 cm^-1  (      1.4192 THz )
      3     81.0724 cm^-1  (      2.4305 THz )
      4    564.5125 cm^-1  (     16.9237 THz )
      5    565.3819 cm^-1  (     16.9497 THz )
      6    565.3819 cm^-1  (     16.9497 THz )

 # k point    19 : (  0.0909,  0.0909,  0.0000)
   Mode, Frequency 
      1     50.0929 cm^-1  (      1.5017 THz )
      2     50.0929 cm^-1  (      1.5017 THz )
      3     85.7994 cm^-1  (      2.5722 THz )
      4    563.9635 cm^-1  (     16.9072 THz )
      5    564.9453 cm^-1  (     16.9366 THz )
      6    564.9453 cm^-1  (     16.9366 THz )

 # k point    20 : (  0.0960,  0.0960,  0.0000)
   Mode, Frequency 
      1     52.8406 cm^-1  (      1.5841 THz )
      2     52.8406 cm^-1  (      1.5841 THz )
      3     90.5193 cm^-1  (      2.7137 THz )
      4    563.3831 cm^-1  (     16.8898 THz )
      5    564.4854 cm^-1  (     16.9228 THz )
      6    564.4854 cm^-1  (     16.9228 THz )

 # k point    21 : (  0.1010,  0.1010,  0.0000)
   Mode, Frequency 
      1     55.5823 cm^-1  (      1.6663 THz )
      2     55.5823 cm^-1  (      1.6663 THz )
      3     95.2316 cm^-1  (      2.8550 THz )
      4    562.7713 cm^-1  (     16.8715 THz )
      5    564.0023 cm^-1  (     16.9084 THz )
      6    564.0023 cm^-1  (     16.9084 THz )

 # k point    22 : (  0.1061,  0.1061,  0.0000)
   Mode, Frequency 
      1     58.3177 cm^-1  (      1.7483 THz )
      2     58.3177 cm^-1  (      1.7483 THz )
      3     99.9360 cm^-1  (      2.9960 THz )
      4    562.1280 cm^-1  (     16.8522 THz )
      5    563.4965 cm^-1  (     16.8932 THz )
      6    563.4965 cm^-1  (     16.8932 THz )

 # k point    23 : (  0.1111,  0.1111,  0.0000)
   Mode, Frequency 
      1     61.0464 cm^-1  (      1.8301 THz )
      2     61.0464 cm^-1  (      1.8301 THz )
      3    104.6321 cm^-1  (      3.1368 THz )
      4    561.4532 cm^-1  (     16.8319 THz )
      5    562.9682 cm^-1  (     16.8774 THz )
      6    562.9682 cm^-1  (     16.8774 THz )

 # k point    24 : (  0.1162,  0.1162,  0.0000)
   Mode, Frequency 
      1     63.7681 cm^-1  (      1.9117 THz )
      2     63.7681 cm^-1  (      1.9117 THz )
      3    109.3195 cm^-1  (      3.2773 THz )
      4    560.7469 cm^-1  (     16.8108 THz )
      5    562.4177 cm^-1  (     16.8609 THz )
      6    562.4177 cm^-1  (     16.8609 THz )

 # k point    25 : (  0.1212,  0.1212,  0.0000)
   Mode, Frequency 
      1     66.4824 cm^-1  (      1.9931 THz )
      2     66.4824 cm^-1  (      1.9931 THz )
      3    113.9978 cm^-1  (      3.4176 THz )
      4    560.0091 cm^-1  (     16.7887 THz )
      5    561.8454 cm^-1  (     16.8437 THz )
      6    561.8454 cm^-1  (     16.8437 THz )

 # k point    26 : (  0.1263,  0.1263,  0.0000)
   Mode, Frequency 
      1     69.1889 cm^-1  (      2.0742 THz )
      2     69.1889 cm^-1  (      2.0742 THz )
      3    118.6666 cm^-1  (      3.5575 THz )
      4    559.2399 cm^-1  (     16.7656 THz )
      5    561.2516 cm^-1  (     16.8259 THz )
      6    561.2516 cm^-1  (     16.8259 THz )

 # k point    27 : (  0.1313,  0.1313,  0.0000)
   Mode, Frequency 
      1     71.8870 cm^-1  (      2.1551 THz )
      2     71.8870 cm^-1  (      2.1551 THz )
      3    123.3256 cm^-1  (      3.6972 THz )
      4    558.4391 cm^-1  (     16.7416 THz )
      5    560.6367 cm^-1  (     16.8075 THz )
      6    560.6367 cm^-1  (     16.8075 THz )

 # k point    28 : (  0.1364,  0.1364,  0.0000)
   Mode, Frequency 
      1     74.5766 cm^-1  (      2.2357 THz )
      2     74.5766 cm^-1  (      2.2357 THz )
      3    127.9743 cm^-1  (      3.8366 THz )
      4    557.6067 cm^-1  (     16.7166 THz )
      5    560.0011 cm^-1  (     16.7884 THz )
      6    560.0011 cm^-1  (     16.7884 THz )

 # k point    29 : (  0.1414,  0.1414,  0.0000)
   Mode, Frequency 
      1     77.2570 cm^-1  (      2.3161 THz )
      2     77.2570 cm^-1  (      2.3161 THz )
      3    132.6125 cm^-1  (      3.9756 THz )
      4    556.7429 cm^-1  (     16.6907 THz )
      5    559.3451 cm^-1  (     16.7687 THz )
      6    559.3451 cm^-1  (     16.7687 THz )

 # k point    30 : (  0.1465,  0.1465,  0.0000)
   Mode, Frequency 
      1     79.9279 cm^-1  (      2.3962 THz )
      2     79.9279 cm^-1  (      2.3962 THz )
      3    137.2397 cm^-1  (      4.1143 THz )
      4    555.8475 cm^-1  (     16.6639 THz )
      5    558.6692 cm^-1  (     16.7485 THz )
      6    558.6692 cm^-1  (     16.7485 THz )

 # k point    31 : (  0.1515,  0.1515,  0.0000)
   Mode, Frequency 
      1     82.5888 cm^-1  (      2.4759 THz )
      2     82.5888 cm^-1  (      2.4759 THz )
      3    141.8555 cm^-1  (      4.2527 THz )
      4    554.9205 cm^-1  (     16.6361 THz )
      5    557.9738 cm^-1  (     16.7276 THz )
      6    557.9738 cm^-1  (     16.7276 THz )

 # k point    32 : (  0.1566,  0.1566,  0.0000)
   Mode, Frequency 
      1     85.2392 cm^-1  (      2.5554 THz )
      2     85.2392 cm^-1  (      2.5554 THz )
      3    146.4597 cm^-1  (      4.3908 THz )
      4    553.9619 cm^-1  (     16.6074 THz )
      5    557.2594 cm^-1  (     16.7062 THz )
      6    557.2594 cm^-1  (     16.7062 THz )

 # k point    33 : (  0.1616,  0.1616,  0.0000)
   Mode, Frequency 
      1     87.8787 cm^-1  (      2.6345 THz )
      2     87.8787 cm^-1  (      2.6345 THz )
      3    151.0518 cm^-1  (      4.5284 THz )
      4    552.9717 cm^-1  (     16.5777 THz )
      5    556.5265 cm^-1  (     16.6842 THz )
      6    556.5265 cm^-1  (     16.6842 THz )

 # k point    34 : (  0.1667,  0.1667,  0.0000)
   Mode, Frequency 
      1     90.5068 cm^-1  (      2.7133 THz )
      2     90.5068 cm^-1  (      2.7133 THz )
      3    155.6314 cm^-1  (      4.6657 THz )
      4    551.9500 cm^-1  (     16.5470 THz )
      5    555.7754 cm^-1  (     16.6617 THz )
      6    555.7754 cm^-1  (     16.6617 THz )

 # k point    35 : (  0.1717,  0.1717,  0.0000)
   Mode, Frequency 
      1     93.1229 cm^-1  (      2.7918 THz )
      2     93.1229 cm^-1  (      2.7918 THz )
      3    160.1983 cm^-1  (      4.8026 THz )
      4    550.8966 cm^-1  (     16.5155 THz )
      5    555.0068 cm^-1  (     16.6387 THz )
      6    555.0068 cm^-1  (     16.6387 THz )

 # k point    36 : (  0.1768,  0.1768,  0.0000)
   Mode, Frequency 
      1     95.7266 cm^-1  (      2.8698 THz )
      2     95.7266 cm^-1  (      2.8698 THz )
      3    164.7520 cm^-1  (      4.9391 THz )
      4    549.8115 cm^-1  (     16.4829 THz )
      5    554.2212 cm^-1  (     16.6151 THz )
      6    554.2212 cm^-1  (     16.6151 THz )

 # k point    37 : (  0.1818,  0.1818,  0.0000)
   Mode, Frequency 
      1     98.3172 cm^-1  (      2.9475 THz )
      2     98.3172 cm^-1  (      2.9475 THz )
      3    169.2921 cm^-1  (      5.0753 THz )
      4    548.6949 cm^-1  (     16.4495 THz )
      5    553.4191 cm^-1  (     16.5911 THz )
      6    553.4191 cm^-1  (     16.5911 THz )

 # k point    38 : (  0.1869,  0.1869,  0.0000)
   Mode, Frequency 
      1    100.8943 cm^-1  (      3.0247 THz )
      2    100.8943 cm^-1  (      3.0247 THz )
      3    173.8184 cm^-1  (      5.2109 THz )
      4    547.5465 cm^-1  (     16.4150 THz )
      5    552.6010 cm^-1  (     16.5666 THz )
      6    552.6010 cm^-1  (     16.5666 THz )

 # k point    39 : (  0.1919,  0.1919,  0.0000)
   Mode, Frequency 
      1    103.4573 cm^-1  (      3.1016 THz )
      2    103.4573 cm^-1  (      3.1016 THz )
      3    178.3305 cm^-1  (      5.3462 THz )
      4    546.3666 cm^-1  (     16.3797 THz )
      5    551.7676 cm^-1  (     16.5416 THz )
      6    551.7676 cm^-1  (     16.5416 THz )

 # k point    40 : (  0.1970,  0.1970,  0.0000)
   Mode, Frequency 
      1    106.0057 cm^-1  (      3.1780 THz )
      2    106.0057 cm^-1  (      3.1780 THz )
      3    182.8281 cm^-1  (      5.4810 THz )
      4    545.1549 cm^-1  (     16.3433 THz )
      5    550.9194 cm^-1  (     16.5161 THz )
      6    550.9194 cm^-1  (     16.5161 THz )

 # k point    41 : (  0.2020,  0.2020,  0.0000)
   Mode, Frequency 
      1    108.5387 cm^-1  (      3.2539 THz )
      2    108.5387 cm^-1  (      3.2539 THz )
      3    187.3107 cm^-1  (      5.6154 THz )
      4    543.9115 cm^-1  (     16.3061 THz )
      5    550.0571 cm^-1  (     16.4903 THz )
      6    550.0571 cm^-1  (     16.4903 THz )

 # k point    42 : (  0.2071,  0.2071,  0.0000)
   Mode, Frequency 
      1    111.0558 cm^-1  (      3.3294 THz )
      2    111.0558 cm^-1  (      3.3294 THz )
      3    191.7780 cm^-1  (      5.7494 THz )
      4    542.6365 cm^-1  (     16.2678 THz )
      5    549.1814 cm^-1  (     16.4640 THz )
      6    549.1814 cm^-1  (     16.4640 THz )

 # k point    43 : (  0.2121,  0.2121,  0.0000)
   Mode, Frequency 
      1    113.5563 cm^-1  (      3.4043 THz )
      2    113.5563 cm^-1  (      3.4043 THz )
      3    196.2297 cm^-1  (      5.8828 THz )
      4    541.3297 cm^-1  (     16.2287 THz )
      5    548.2928 cm^-1  (     16.4374 THz )
      6    548.2928 cm^-1  (     16.4374 THz )

 # k point    44 : (  0.2172,  0.2172,  0.0000)
   Mode, Frequency 
      1    116.0397 cm^-1  (      3.4788 THz )
      2    116.0397 cm^-1  (      3.4788 THz )
      3    200.6655 cm^-1  (      6.0158 THz )
      4    539.9913 cm^-1  (     16.1885 THz )
      5    547.3920 cm^-1  (     16.4104 THz )
      6    547.3920 cm^-1  (     16.4104 THz )

 # k point    45 : (  0.2222,  0.2222,  0.0000)
   Mode, Frequency 
      1    118.5052 cm^-1  (      3.5527 THz )
      2    118.5052 cm^-1  (      3.5527 THz )
      3    205.0851 cm^-1  (      6.1483 THz )
      4    538.6211 cm^-1  (     16.1475 THz )
      5    546.4799 cm^-1  (     16.3831 THz )
      6    546.4799 cm^-1  (     16.3831 THz )

 # k point    46 : (  0.2273,  0.2273,  0.0000)
   Mode, Frequency 
      1    120.9522 cm^-1  (      3.6261 THz )
      2    120.9522 cm^-1  (      3.6261 THz )
      3    209.4880 cm^-1  (      6.2803 THz )
      4    537.2192 cm^-1  (     16.1054 THz )
      5    545.5570 cm^-1  (     16.3554 THz )
      6    545.5570 cm^-1  (     16.3554 THz )

 # k point    47 : (  0.2323,  0.2323,  0.0000)
   Mode, Frequency 
      1    123.3799 cm^-1  (      3.6988 THz )
      2    123.3799 cm^-1  (      3.6988 THz )
      3    213.8740 cm^-1  (      6.4118 THz )
      4    535.7855 cm^-1  (     16.0624 THz )
      5    544.6241 cm^-1  (     16.3274 THz )
      6    544.6241 cm^-1  (     16.3274 THz )

 # k point    48 : (  0.2374,  0.2374,  0.0000)
   Mode, Frequency 
      1    125.7877 cm^-1  (      3.7710 THz )
      2    125.7877 cm^-1  (      3.7710 THz )
      3    218.2427 cm^-1  (      6.5428 THz )
      4    534.3201 cm^-1  (     16.0185 THz )
      5    543.6821 cm^-1  (     16.2992 THz )
      6    543.6821 cm^-1  (     16.2992 THz )

 # k point    49 : (  0.2424,  0.2424,  0.0000)
   Mode, Frequency 
      1    128.1747 cm^-1  (      3.8426 THz )
      2    128.1747 cm^-1  (      3.8426 THz )
      3    222.5939 cm^-1  (      6.6732 THz )
      4    532.8230 cm^-1  (     15.9736 THz )
      5    542.7316 cm^-1  (     16.2707 THz )
      6    542.7316 cm^-1  (     16.2707 THz )

 # k point    50 : (  0.2475,  0.2475,  0.0000)
   Mode, Frequency 
      1    130.5402 cm^-1  (      3.9135 THz )
      2    130.5402 cm^-1  (      3.9135 THz )
      3    226.9272 cm^-1  (      6.8031 THz )
      4    531.2941 cm^-1  (     15.9278 THz )
      5    541.7736 cm^-1  (     16.2420 THz )
      6    541.7736 cm^-1  (     16.2420 THz )

 # k point    51 : (  0.2525,  0.2525,  0.0000)
   Mode, Frequency 
      1    132.8835 cm^-1  (      3.9837 THz )
      2    132.8835 cm^-1  (      3.9837 THz )
      3    231.2422 cm^-1  (      6.9325 THz )
      4    529.7334 cm^-1  (     15.8810 THz )
      5    540.8087 cm^-1  (     16.2130 THz )
      6    540.8087 cm^-1  (     16.2130 THz )

 # k point    52 : (  0.2576,  0.2576,  0.0000)
   Mode, Frequency 
      1    135.2036 cm^-1  (      4.0533 THz )
      2    135.2036 cm^-1  (      4.0533 THz )
      3    235.5387 cm^-1  (      7.0613 THz )
      4    528.1410 cm^-1  (     15.8333 THz )
      5    539.8380 cm^-1  (     16.1839 THz )
      6    539.8380 cm^-1  (     16.1839 THz )

 # k point    53 : (  0.2626,  0.2626,  0.0000)
   Mode, Frequency 
      1    137.4999 cm^-1  (      4.1221 THz )
      2    137.4999 cm^-1  (      4.1221 THz )
      3    239.8164 cm^-1  (      7.1895 THz )
      4    526.5168 cm^-1  (     15.7846 THz )
      5    538.8622 cm^-1  (     16.1547 THz )
      6    538.8622 cm^-1  (     16.1547 THz )

 # k point    54 : (  0.2677,  0.2677,  0.0000)
   Mode, Frequency 
      1    139.7714 cm^-1  (      4.1902 THz )
      2    139.7714 cm^-1  (      4.1902 THz )
      3    244.0749 cm^-1  (      7.3172 THz )
      4    524.8609 cm^-1  (     15.7349 THz )
      5    537.8822 cm^-1  (     16.1253 THz )
      6    537.8822 cm^-1  (     16.1253 THz )

 # k point    55 : (  0.2727,  0.2727,  0.0000)
   Mode, Frequency 
      1    142.0173 cm^-1  (      4.2576 THz )
      2    142.0173 cm^-1  (      4.2576 THz )
      3    248.3140 cm^-1  (      7.4443 THz )
      4    523.1732 cm^-1  (     15.6843 THz )
      5    536.8991 cm^-1  (     16.0958 THz )
      6    536.8991 cm^-1  (     16.0958 THz )

 # k point    56 : (  0.2778,  0.2778,  0.0000)
   Mode, Frequency 
      1    144.2367 cm^-1  (      4.3241 THz )
      2    144.2367 cm^-1  (      4.3241 THz )
      3    252.5334 cm^-1  (      7.5708 THz )
      4    521.4538 cm^-1  (     15.6328 THz )
      5    535.9137 cm^-1  (     16.0663 THz )
      6    535.9137 cm^-1  (     16.0663 THz )

 # k point    57 : (  0.2828,  0.2828,  0.0000)
   Mode, Frequency 
      1    146.4287 cm^-1  (      4.3898 THz )
      2    146.4287 cm^-1  (      4.3898 THz )
      3    256.7327 cm^-1  (      7.6967 THz )
      4    519.7027 cm^-1  (     15.5803 THz )
      5    534.9269 cm^-1  (     16.0367 THz )
      6    534.9269 cm^-1  (     16.0367 THz )

 # k point    58 : (  0.2879,  0.2879,  0.0000)
   Mode, Frequency 
      1    148.5923 cm^-1  (      4.4547 THz )
      2    148.5923 cm^-1  (      4.4547 THz )
      3    260.9116 cm^-1  (      7.8219 THz )
      4    517.9198 cm^-1  (     15.5268 THz )
      5    533.9398 cm^-1  (     16.0071 THz )
      6    533.9398 cm^-1  (     16.0071 THz )

 # k point    59 : (  0.2929,  0.2929,  0.0000)
   Mode, Frequency 
      1    150.7266 cm^-1  (      4.5187 THz )
      2    150.7266 cm^-1  (      4.5187 THz )
      3    265.0700 cm^-1  (      7.9466 THz )
      4    516.1051 cm^-1  (     15.4724 THz )
      5    532.9534 cm^-1  (     15.9775 THz )
      6    532.9534 cm^-1  (     15.9775 THz )

 # k point    60 : (  0.2980,  0.2980,  0.0000)
   Mode, Frequency 
      1    152.8306 cm^-1  (      4.5817 THz )
      2    152.8306 cm^-1  (      4.5817 THz )
      3    269.2074 cm^-1  (      8.0706 THz )
      4    514.2588 cm^-1  (     15.4171 THz )
      5    531.9687 cm^-1  (     15.9480 THz )
      6    531.9687 cm^-1  (     15.9480 THz )

 # k point    61 : (  0.3030,  0.3030,  0.0000)
   Mode, Frequency 
      1    154.9034 cm^-1  (      4.6439 THz )
      2    154.9034 cm^-1  (      4.6439 THz )
      3    273.3236 cm^-1  (      8.1940 THz )
      4    512.3807 cm^-1  (     15.3608 THz )
      5    530.9868 cm^-1  (     15.9186 THz )
      6    530.9868 cm^-1  (     15.9186 THz )

 # k point    62 : (  0.3081,  0.3081,  0.0000)
   Mode, Frequency 
      1    156.9439 cm^-1  (      4.7051 THz )
      2    156.9439 cm^-1  (      4.7051 THz )
      3    277.4184 cm^-1  (      8.3168 THz )
      4    510.4709 cm^-1  (     15.3035 THz )
      5    530.0086 cm^-1  (     15.8893 THz )
      6    530.0086 cm^-1  (     15.8893 THz )

 # k point    63 : (  0.3131,  0.3131,  0.0000)
   Mode, Frequency 
      1    158.9510 cm^-1  (      4.7652 THz )
      2    158.9510 cm^-1  (      4.7652 THz )
      3    281.4914 cm^-1  (      8.4389 THz )
      4    508.5295 cm^-1  (     15.2453 THz )
      5    529.0354 cm^-1  (     15.8601 THz )
      6    529.0354 cm^-1  (     15.8601 THz )

 # k point    64 : (  0.3182,  0.3182,  0.0000)
   Mode, Frequency 
      1    160.9238 cm^-1  (      4.8244 THz )
      2    160.9238 cm^-1  (      4.8244 THz )
      3    285.5425 cm^-1  (      8.5603 THz )
      4    506.5564 cm^-1  (     15.1862 THz )
      5    528.0682 cm^-1  (     15.8311 THz )
      6    528.0682 cm^-1  (     15.8311 THz )

 # k point    65 : (  0.3232,  0.3232,  0.0000)
   Mode, Frequency 
      1    162.8612 cm^-1  (      4.8825 THz )
      2    162.8612 cm^-1  (      4.8825 THz )
      3    289.5712 cm^-1  (      8.6811 THz )
      4    504.5516 cm^-1  (     15.1261 THz )
      5    527.1081 cm^-1  (     15.8023 THz )
      6    527.1081 cm^-1  (     15.8023 THz )

 # k point    66 : (  0.3283,  0.3283,  0.0000)
   Mode, Frequency 
      1    164.7621 cm^-1  (      4.9394 THz )
      2    164.7621 cm^-1  (      4.9394 THz )
      3    293.5774 cm^-1  (      8.8012 THz )
      4    502.5152 cm^-1  (     15.0650 THz )
      5    526.1563 cm^-1  (     15.7738 THz )
      6    526.1563 cm^-1  (     15.7738 THz )

 # k point    67 : (  0.3333,  0.3333,  0.0000)
   Mode, Frequency 
      1    166.6253 cm^-1  (      4.9953 THz )
      2    166.6253 cm^-1  (      4.9953 THz )
      3    297.5608 cm^-1  (      8.9206 THz )
      4    500.4472 cm^-1  (     15.0030 THz )
      5    525.2139 cm^-1  (     15.7455 THz )
      6    525.2139 cm^-1  (     15.7455 THz )

 # k point    68 : (  0.3384,  0.3384,  0.0000)
   Mode, Frequency 
      1    168.4499 cm^-1  (      5.0500 THz )
      2    168.4499 cm^-1  (      5.0500 THz )
      3    301.5212 cm^-1  (      9.0394 THz )
      4    498.3476 cm^-1  (     14.9401 THz )
      5    524.2821 cm^-1  (     15.7176 THz )
      6    524.2821 cm^-1  (     15.7176 THz )

 # k point    69 : (  0.3434,  0.3434,  0.0000)
   Mode, Frequency 
      1    170.2345 cm^-1  (      5.1035 THz )
      2    170.2345 cm^-1  (      5.1035 THz )
      3    305.4582 cm^-1  (      9.1574 THz )
      4    496.2165 cm^-1  (     14.8762 THz )
      5    523.3620 cm^-1  (     15.6900 THz )
      6    523.3620 cm^-1  (     15.6900 THz )

 # k point    70 : (  0.3485,  0.3485,  0.0000)
   Mode, Frequency 
      1    171.9782 cm^-1  (      5.1558 THz )
      2    171.9782 cm^-1  (      5.1558 THz )
      3    309.3717 cm^-1  (      9.2747 THz )
      4    494.0538 cm^-1  (     14.8114 THz )
      5    522.4550 cm^-1  (     15.6628 THz )
      6    522.4550 cm^-1  (     15.6628 THz )

 # k point    71 : (  0.3535,  0.3535,  0.0000)
   Mode, Frequency 
      1    173.6797 cm^-1  (      5.2068 THz )
      2    173.6797 cm^-1  (      5.2068 THz )
      3    313.2614 cm^-1  (      9.3913 THz )
      4    491.8596 cm^-1  (     14.7456 THz )
      5    521.5621 cm^-1  (     15.6360 THz )
      6    521.5621 cm^-1  (     15.6360 THz )

 # k point    72 : (  0.3586,  0.3586,  0.0000)
   Mode, Frequency 
      1    175.3379 cm^-1  (      5.2565 THz )
      2    175.3379 cm^-1  (      5.2565 THz )
      3    317.1271 cm^-1  (      9.5072 THz )
      4    489.6340 cm^-1  (     14.6789 THz )
      5    520.6846 cm^-1  (     15.6097 THz )
      6    520.6846 cm^-1  (     15.6097 THz )

 # k point    73 : (  0.3636,  0.3636,  0.0000)
   Mode, Frequency 
      1    176.9516 cm^-1  (      5.3049 THz )
      2    176.9516 cm^-1  (      5.3049 THz )
      3    320.9685 cm^-1  (      9.6224 THz )
      4    487.3769 cm^-1  (     14.6112 THz )
      5    519.8237 cm^-1  (     15.5839 THz )
      6    519.8237 cm^-1  (     15.5839 THz )

 # k point    74 : (  0.3687,  0.3687,  0.0000)
   Mode, Frequency 
      1    178.5197 cm^-1  (      5.3519 THz )
      2    178.5197 cm^-1  (      5.3519 THz )
      3    324.7854 cm^-1  (      9.7368 THz )
      4    485.0885 cm^-1  (     14.5426 THz )
      5    518.9806 cm^-1  (     15.5586 THz )
      6    518.9806 cm^-1  (     15.5586 THz )

 # k point    75 : (  0.3737,  0.3737,  0.0000)
   Mode, Frequency 
      1    180.0410 cm^-1  (      5.3975 THz )
      2    180.0410 cm^-1  (      5.3975 THz )
      3    328.5775 cm^-1  (      9.8505 THz )
      4    482.7687 cm^-1  (     14.4730 THz )
      5    518.1565 cm^-1  (     15.5339 THz )
      6    518.1565 cm^-1  (     15.5339 THz )

 # k point    76 : (  0.3788,  0.3788,  0.0000)
   Mode, Frequency 
      1    181.5143 cm^-1  (      5.4417 THz )
      2    181.5143 cm^-1  (      5.4417 THz )
      3    332.3447 cm^-1  (      9.9634 THz )
      4    480.4175 cm^-1  (     14.4026 THz )
      5    517.3527 cm^-1  (     15.5098 THz )
      6    517.3527 cm^-1  (     15.5098 THz )

 # k point    77 : (  0.3838,  0.3838,  0.0000)
   Mode, Frequency 
      1    182.9385 cm^-1  (      5.4844 THz )
      2    182.9385 cm^-1  (      5.4844 THz )
      3    336.0868 cm^-1  (     10.0756 THz )
      4    478.0352 cm^-1  (     14.3311 THz )
      5    516.5703 cm^-1  (     15.4864 THz )
      6    516.5703 cm^-1  (     15.4864 THz )

 # k point    78 : (  0.3889,  0.3889,  0.0000)
   Mode, Frequency 
      1    184.3123 cm^-1  (      5.5255 THz )
      2    184.3123 cm^-1  (      5.5255 THz )
      3    339.8034 cm^-1  (     10.1870 THz )
      4    475.6216 cm^-1  (     14.2588 THz )
      5    515.8105 cm^-1  (     15.4636 THz )
      6    515.8105 cm^-1  (     15.4636 THz )

 # k point    79 : (  0.3939,  0.3939,  0.0000)
   Mode, Frequency 
      1    185.6347 cm^-1  (      5.5652 THz )
      2    185.6347 cm^-1  (      5.5652 THz )
      3    343.4944 cm^-1  (     10.2977 THz )
      4    473.1768 cm^-1  (     14.1855 THz )
      5    515.0746 cm^-1  (     15.4415 THz )
      6    515.0746 cm^-1  (     15.4415 THz )

 # k point    80 : (  0.3990,  0.3990,  0.0000)
   Mode, Frequency 
      1    186.9046 cm^-1  (      5.6033 THz )
      2    186.9046 cm^-1  (      5.6033 THz )
      3    347.1597 cm^-1  (     10.4076 THz )
      4    470.7009 cm^-1  (     14.1113 THz )
      5    514.3637 cm^-1  (     15.4202 THz )
      6    514.3637 cm^-1  (     15.4202 THz )

 # k point    81 : (  0.4040,  0.4040,  0.0000)
   Mode, Frequency 
      1    188.1207 cm^-1  (      5.6397 THz )
      2    188.1207 cm^-1  (      5.6397 THz )
      3    350.7989 cm^-1  (     10.5167 THz )
      4    468.1940 cm^-1  (     14.0361 THz )
      5    513.6790 cm^-1  (     15.3997 THz )
      6    513.6790 cm^-1  (     15.3997 THz )

 # k point    82 : (  0.4091,  0.4091,  0.0000)
   Mode, Frequency 
      1    189.2821 cm^-1  (      5.6745 THz )
      2    189.2821 cm^-1  (      5.6745 THz )
      3    354.4119 cm^-1  (     10.6250 THz )
      4    465.6561 cm^-1  (     13.9600 THz )
      5    513.0216 cm^-1  (     15.3800 THz )
      6    513.0216 cm^-1  (     15.3800 THz )

 # k point    83 : (  0.4141,  0.4141,  0.0000)
   Mode, Frequency 
      1    190.3875 cm^-1  (      5.7077 THz )
      2    190.3875 cm^-1  (      5.7077 THz )
      3    357.9984 cm^-1  (     10.7325 THz )
      4    463.0872 cm^-1  (     13.8830 THz )
      5    512.3927 cm^-1  (     15.3611 THz )
      6    512.3927 cm^-1  (     15.3611 THz )

 # k point    84 : (  0.4192,  0.4192,  0.0000)
   Mode, Frequency 
      1    191.4361 cm^-1  (      5.7391 THz )
      2    191.4361 cm^-1  (      5.7391 THz )
      3    361.5584 cm^-1  (     10.8392 THz )
      4    460.4875 cm^-1  (     13.8051 THz )
      5    511.7932 cm^-1  (     15.3432 THz )
      6    511.7932 cm^-1  (     15.3432 THz )

 # k point    85 : (  0.4242,  0.4242,  0.0000)
   Mode, Frequency 
      1    192.4267 cm^-1  (      5.7688 THz )
      2    192.4267 cm^-1  (      5.7688 THz )
      3    365.0916 cm^-1  (     10.9452 THz )
      4    457.8569 cm^-1  (     13.7262 THz )
      5    511.2242 cm^-1  (     15.3261 THz )
      6    511.2242 cm^-1  (     15.3261 THz )

 # k point    86 : (  0.4293,  0.4293,  0.0000)
   Mode, Frequency 
      1    193.3585 cm^-1  (      5.7967 THz )
      2    193.3585 cm^-1  (      5.7967 THz )
      3    368.5978 cm^-1  (     11.0503 THz )
      4    455.1957 cm^-1  (     13.6464 THz )
      5    510.6868 cm^-1  (     15.3100 THz )
      6    510.6868 cm^-1  (     15.3100 THz )

 # k point    87 : (  0.4343,  0.4343,  0.0000)
   Mode, Frequency 
      1    194.2304 cm^-1  (      5.8229 THz )
      2    194.2304 cm^-1  (      5.8229 THz )
      3    372.0769 cm^-1  (     11.1546 THz )
      4    452.5038 cm^-1  (     13.5657 THz )
      5    510.1819 cm^-1  (     15.2949 THz )
      6    510.1819 cm^-1  (     15.2949 THz )

 # k point    88 : (  0.4394,  0.4394,  0.0000)
   Mode, Frequency 
      1    195.0415 cm^-1  (      5.8472 THz )
      2    195.0415 cm^-1  (      5.8472 THz )
      3    375.5286 cm^-1  (     11.2581 THz )
      4    449.7813 cm^-1  (     13.4841 THz )
      5    509.7105 cm^-1  (     15.2807 THz )
      6    509.7105 cm^-1  (     15.2807 THz )

 # k point    89 : (  0.4444,  0.4444,  0.0000)
   Mode, Frequency 
      1    195.7911 cm^-1  (      5.8697 THz )
      2    195.7911 cm^-1  (      5.8697 THz )
      3    378.9529 cm^-1  (     11.3607 THz )
      4    447.0283 cm^-1  (     13.4016 THz )
      5    509.2733 cm^-1  (     15.2676 THz )
      6    509.2733 cm^-1  (     15.2676 THz )

 # k point    90 : (  0.4495,  0.4495,  0.0000)
   Mode, Frequency 
      1    196.4783 cm^-1  (      5.8903 THz )
      2    196.4783 cm^-1  (      5.8903 THz )
      3    382.3494 cm^-1  (     11.4625 THz )
      4    444.2449 cm^-1  (     13.3181 THz )
      5    508.8713 cm^-1  (     15.2556 THz )
      6    508.8713 cm^-1  (     15.2556 THz )

 # k point    91 : (  0.4545,  0.4545,  0.0000)
   Mode, Frequency 
      1    197.1024 cm^-1  (      5.9090 THz )
      2    197.1024 cm^-1  (      5.9090 THz )
      3    385.7181 cm^-1  (     11.5635 THz )
      4    441.4311 cm^-1  (     13.2338 THz )
      5    508.5052 cm^-1  (     15.2446 THz )
      6    508.5052 cm^-1  (     15.2446 THz )

 # k point    92 : (  0.4596,  0.4596,  0.0000)
   Mode, Frequency 
      1    197.6627 cm^-1  (      5.9258 THz )
      2    197.6627 cm^-1  (      5.9258 THz )
      3    389.0589 cm^-1  (     11.6637 THz )
      4    438.5871 cm^-1  (     13.1485 THz )
      5    508.1757 cm^-1  (     15.2347 THz )
      6    508.1757 cm^-1  (     15.2347 THz )

 # k point    93 : (  0.4646,  0.4646,  0.0000)
   Mode, Frequency 
      1    198.1586 cm^-1  (      5.9406 THz )
      2    198.1586 cm^-1  (      5.9406 THz )
      3    392.3714 cm^-1  (     11.7630 THz )
      4    435.7130 cm^-1  (     13.0623 THz )
      5    507.8834 cm^-1  (     15.2260 THz )
      6    507.8834 cm^-1  (     15.2260 THz )

 # k point    94 : (  0.4697,  0.4697,  0.0000)
   Mode, Frequency 
      1    198.5895 cm^-1  (      5.9536 THz )
      2    198.5895 cm^-1  (      5.9536 THz )
      3    395.6557 cm^-1  (     11.8615 THz )
      4    432.8089 cm^-1  (     12.9753 THz )
      5    507.6288 cm^-1  (     15.2183 THz )
      6    507.6288 cm^-1  (     15.2183 THz )

 # k point    95 : (  0.4747,  0.4747,  0.0000)
   Mode, Frequency 
      1    198.9549 cm^-1  (      5.9645 THz )
      2    198.9549 cm^-1  (      5.9645 THz )
      3    398.9115 cm^-1  (     11.9591 THz )
      4    429.8748 cm^-1  (     12.8873 THz )
      5    507.4126 cm^-1  (     15.2118 THz )
      6    507.4126 cm^-1  (     15.2118 THz )

 # k point    96 : (  0.4798,  0.4798,  0.0000)
   Mode, Frequency 
      1    199.2545 cm^-1  (      5.9735 THz )
      2    199.2545 cm^-1  (      5.9735 THz )
      3    402.1387 cm^-1  (     12.0558 THz )
      4    426.9108 cm^-1  (     12.7985 THz )
      5    507.2351 cm^-1  (     15.2065 THz )
      6    507.2351 cm^-1  (     15.2065 THz )

 # k point    97 : (  0.4848,  0.4848,  0.0000)
   Mode, Frequency 
      1    199.4879 cm^-1  (      5.9805 THz )
      2    199.4879 cm^-1  (      5.9805 THz )
      3    405.3372 cm^-1  (     12.1517 THz )
      4    423.9172 cm^-1  (     12.7087 THz )
      5    507.0967 cm^-1  (     15.2024 THz )
      6    507.0967 cm^-1  (     15.2024 THz )

 # k point    98 : (  0.4899,  0.4899,  0.0000)
   Mode, Frequency 
      1    199.6548 cm^-1  (      5.9855 THz )
      2    199.6548 cm^-1  (      5.9855 THz )
      3    408.5068 cm^-1  (     12.2467 THz )
      4    420.8939 cm^-1  (     12.6181 THz )
      5    506.9976 cm^-1  (     15.1994 THz )
      6    506.9976 cm^-1  (     15.1994 THz )

 # k point    99 : (  0.4949,  0.4949,  0.0000)
   Mode, Frequency 
      1    199.7550 cm^-1  (      5.9885 THz )
      2    199.7550 cm^-1  (      5.9885 THz )
      3    411.6474 cm^-1  (     12.3409 THz )
      4    417.8411 cm^-1  (     12.5266 THz )
      5    506.9381 cm^-1  (     15.1976 THz )
      6    506.9381 cm^-1  (     15.1976 THz )

 # k point   100 : (  0.5000,  0.5000,  0.0000)
   Mode, Frequency 
      1    199.7884 cm^-1  (      5.9895 THz )
      2    199.7884 cm^-1  (      5.9895 THz )
      3    414.7589 cm^-1  (     12.4342 THz )
      4    414.7589 cm^-1  (     12.4342 THz )
      5    506.9182 cm^-1  (     15.1970 THz )
      6    506.9182 cm^-1  (     15.1970 THz )

 # k point   101 : (  0.5000,  0.5000,  1.0000)
   Mode, Frequency 
      1    199.7884 cm^-1  (      5.9895 THz )
      2    199.7884 cm^-1  (      5.9895 THz )
      3    414.7589 cm^-1  (     12.4342 THz )
      4    414.7589 cm^-1  (     12.4342 THz )
      5    506.9182 cm^-1  (     15.1970 THz )
      6    506.9182 cm^-1  (     15.1970 THz )

 # k point   102 : (  0.4987,  0.4987,  0.9975)
   Mode, Frequency 
      1    199.7869 cm^-1  (      5.9895 THz )
      2    199.7954 cm^-1  (      5.9897 THz )
      3    414.7540 cm^-1  (     12.4340 THz )
      4    414.7573 cm^-1  (     12.4341 THz )
      5    506.9193 cm^-1  (     15.1971 THz )
      6    506.9203 cm^-1  (     15.1971 THz )

 # k point   103 : (  0.4975,  0.4975,  0.9949)
   Mode, Frequency 
      1    199.7822 cm^-1  (      5.9893 THz )
      2    199.8164 cm^-1  (      5.9903 THz )
      3    414.7393 cm^-1  (     12.4336 THz )
      4    414.7526 cm^-1  (     12.4340 THz )
      5    506.9224 cm^-1  (     15.1972 THz )
      6    506.9267 cm^-1  (     15.1973 THz )

 # k point   104 : (  0.4962,  0.4962,  0.9924)
   Mode, Frequency 
      1    199.7744 cm^-1  (      5.9891 THz )
      2    199.8514 cm^-1  (      5.9914 THz )
      3    414.7148 cm^-1  (     12.4328 THz )
      4    414.7447 cm^-1  (     12.4337 THz )
      5    506.9276 cm^-1  (     15.1973 THz )
      6    506.9372 cm^-1  (     15.1976 THz )

 # k point   105 : (  0.4949,  0.4949,  0.9899)
   Mode, Frequency 
      1    199.7636 cm^-1  (      5.9888 THz )
      2    199.9003 cm^-1  (      5.9929 THz )
      3    414.6805 cm^-1  (     12.4318 THz )
      4    414.7336 cm^-1  (     12.4334 THz )
      5    506.9350 cm^-1  (     15.1975 THz )
      6    506.9519 cm^-1  (     15.1980 THz )

 # k point   106 : (  0.4937,  0.4937,  0.9874)
   Mode, Frequency 
      1    199.7496 cm^-1  (      5.9883 THz )
      2    199.9632 cm^-1  (      5.9947 THz )
      3    414.6365 cm^-1  (     12.4305 THz )
      4    414.7195 cm^-1  (     12.4330 THz )
      5    506.9444 cm^-1  (     15.1978 THz )
      6    506.9708 cm^-1  (     15.1986 THz )

 # k point   107 : (  0.4924,  0.4924,  0.9848)
   Mode, Frequency 
      1    199.7325 cm^-1  (      5.9878 THz )
      2    200.0399 cm^-1  (      5.9970 THz )
      3    414.5827 cm^-1  (     12.4289 THz )
      4    414.7022 cm^-1  (     12.4325 THz )
      5    506.9559 cm^-1  (     15.1982 THz )
      6    506.9939 cm^-1  (     15.1993 THz )

 # k point   108 : (  0.4912,  0.4912,  0.9823)
   Mode, Frequency 
      1    199.7124 cm^-1  (      5.9872 THz )
      2    200.1305 cm^-1  (      5.9998 THz )
      3    414.5192 cm^-1  (     12.4270 THz )
      4    414.6818 cm^-1  (     12.4318 THz )
      5    506.9694 cm^-1  (     15.1986 THz )
      6    507.0211 cm^-1  (     15.2001 THz )

 # k point   109 : (  0.4899,  0.4899,  0.9798)
   Mode, Frequency 
      1    199.6891 cm^-1  (      5.9865 THz )
      2    200.2349 cm^-1  (      6.0029 THz )
      3    414.4461 cm^-1  (     12.4248 THz )
      4    414.6583 cm^-1  (     12.4311 THz )
      5    506.9851 cm^-1  (     15.1990 THz )
      6    507.0525 cm^-1  (     15.2011 THz )

 # k point   110 : (  0.4886,  0.4886,  0.9773)
   Mode, Frequency 
      1    199.6627 cm^-1  (      5.9857 THz )
      2    200.3531 cm^-1  (      6.0064 THz )
      3    414.3632 cm^-1  (     12.4223 THz )
      4    414.6317 cm^-1  (     12.4303 THz )
      5    507.0029 cm^-1  (     15.1996 THz )
      6    507.0879 cm^-1  (     15.2021 THz )

 # k point   111 : (  0.4874,  0.4874,  0.9747)
   Mode, Frequency 
      1    199.6332 cm^-1  (      5.9849 THz )
      2    200.4849 cm^-1  (      6.0104 THz )
      3    414.2707 cm^-1  (     12.4195 THz )
      4    414.6021 cm^-1  (     12.4295 THz )
      5    507.0227 cm^-1  (     15.2002 THz )
      6    507.1274 cm^-1  (     15.2033 THz )

 # k point   112 : (  0.4861,  0.4861,  0.9722)
   Mode, Frequency 
      1    199.6006 cm^-1  (      5.9839 THz )
      2    200.6302 cm^-1  (      6.0147 THz )
      3    414.1687 cm^-1  (     12.4165 THz )
      4    414.5694 cm^-1  (     12.4285 THz )
      5    507.0446 cm^-1  (     15.2008 THz )
      6    507.1709 cm^-1  (     15.2046 THz )

 # k point   113 : (  0.4848,  0.4848,  0.9697)
   Mode, Frequency 
      1    199.5650 cm^-1  (      5.9828 THz )
      2    200.7891 cm^-1  (      6.0195 THz )
      3    414.0571 cm^-1  (     12.4131 THz )
      4    414.5338 cm^-1  (     12.4274 THz )
      5    507.0686 cm^-1  (     15.2015 THz )
      6    507.2184 cm^-1  (     15.2060 THz )

 # k point   114 : (  0.4836,  0.4836,  0.9672)
   Mode, Frequency 
      1    199.5262 cm^-1  (      5.9816 THz )
      2    200.9613 cm^-1  (      6.0247 THz )
      3    413.9359 cm^-1  (     12.4095 THz )
      4    414.4951 cm^-1  (     12.4263 THz )
      5    507.0947 cm^-1  (     15.2023 THz )
      6    507.2699 cm^-1  (     15.2076 THz )

 # k point   115 : (  0.4823,  0.4823,  0.9646)
   Mode, Frequency 
      1    199.4843 cm^-1  (      5.9804 THz )
      2    201.1469 cm^-1  (      6.0302 THz )
      3    413.8054 cm^-1  (     12.4056 THz )
      4    414.4535 cm^-1  (     12.4250 THz )
      5    507.1228 cm^-1  (     15.2032 THz )
      6    507.3253 cm^-1  (     15.2092 THz )

 # k point   116 : (  0.4811,  0.4811,  0.9621)
   Mode, Frequency 
      1    199.4393 cm^-1  (      5.9790 THz )
      2    201.3456 cm^-1  (      6.0362 THz )
      3    413.6654 cm^-1  (     12.4014 THz )
      4    414.4090 cm^-1  (     12.4237 THz )
      5    507.1531 cm^-1  (     15.2041 THz )
      6    507.3845 cm^-1  (     15.2110 THz )

 # k point   117 : (  0.4798,  0.4798,  0.9596)
   Mode, Frequency 
      1    199.3912 cm^-1  (      5.9776 THz )
      2    201.5574 cm^-1  (      6.0425 THz )
      3    413.5161 cm^-1  (     12.3969 THz )
      4    414.3617 cm^-1  (     12.4223 THz )
      5    507.1854 cm^-1  (     15.2050 THz )
      6    507.4475 cm^-1  (     15.2129 THz )

 # k point   118 : (  0.4785,  0.4785,  0.9571)
   Mode, Frequency 
      1    199.3400 cm^-1  (      5.9761 THz )
      2    201.7821 cm^-1  (      6.0493 THz )
      3    413.3576 cm^-1  (     12.3921 THz )
      4    414.3115 cm^-1  (     12.4207 THz )
      5    507.2197 cm^-1  (     15.2061 THz )
      6    507.5143 cm^-1  (     15.2149 THz )

 # k point   119 : (  0.4773,  0.4773,  0.9545)
   Mode, Frequency 
      1    199.2857 cm^-1  (      5.9744 THz )
      2    202.0197 cm^-1  (      6.0564 THz )
      3    413.1898 cm^-1  (     12.3871 THz )
      4    414.2585 cm^-1  (     12.4192 THz )
      5    507.2562 cm^-1  (     15.2072 THz )
      6    507.5848 cm^-1  (     15.2170 THz )

 # k point   120 : (  0.4760,  0.4760,  0.9520)
   Mode, Frequency 
      1    199.2284 cm^-1  (      5.9727 THz )
      2    202.2699 cm^-1  (      6.0639 THz )
      3    413.0128 cm^-1  (     12.3818 THz )
      4    414.2027 cm^-1  (     12.4175 THz )
      5    507.2947 cm^-1  (     15.2083 THz )
      6    507.6589 cm^-1  (     15.2192 THz )

 # k point   121 : (  0.4747,  0.4747,  0.9495)
   Mode, Frequency 
      1    199.1679 cm^-1  (      5.9709 THz )
      2    202.5326 cm^-1  (      6.0718 THz )
      3    412.8268 cm^-1  (     12.3762 THz )
      4    414.1442 cm^-1  (     12.4157 THz )
      5    507.3352 cm^-1  (     15.2095 THz )
      6    507.7366 cm^-1  (     15.2216 THz )

 # k point   122 : (  0.4735,  0.4735,  0.9470)
   Mode, Frequency 
      1    199.1043 cm^-1  (      5.9690 THz )
      2    202.8076 cm^-1  (      6.0800 THz )
      3    412.6318 cm^-1  (     12.3704 THz )
      4    414.0831 cm^-1  (     12.4139 THz )
      5    507.3779 cm^-1  (     15.2108 THz )
      6    507.8178 cm^-1  (     15.2240 THz )

 # k point   123 : (  0.4722,  0.4722,  0.9444)
   Mode, Frequency 
      1    199.0377 cm^-1  (      5.9670 THz )
      2    203.0949 cm^-1  (      6.0886 THz )
      3    412.4278 cm^-1  (     12.3643 THz )
      4    414.0194 cm^-1  (     12.4120 THz )
      5    507.4225 cm^-1  (     15.2121 THz )
      6    507.9024 cm^-1  (     15.2265 THz )

 # k point   124 : (  0.4710,  0.4710,  0.9419)
   Mode, Frequency 
      1    198.9679 cm^-1  (      5.9649 THz )
      2    203.3942 cm^-1  (      6.0976 THz )
      3    412.2150 cm^-1  (     12.3579 THz )
      4    413.9532 cm^-1  (     12.4100 THz )
      5    507.4693 cm^-1  (     15.2135 THz )
      6    507.9904 cm^-1  (     15.2292 THz )

 # k point   125 : (  0.4697,  0.4697,  0.9394)
   Mode, Frequency 
      1    198.8950 cm^-1  (      5.9627 THz )
      2    203.7053 cm^-1  (      6.1069 THz )
      3    411.9934 cm^-1  (     12.3513 THz )
      4    413.8844 cm^-1  (     12.4079 THz )
      5    507.5181 cm^-1  (     15.2150 THz )
      6    508.0818 cm^-1  (     15.2319 THz )

 # k point   126 : (  0.4684,  0.4684,  0.9369)
   Mode, Frequency 
      1    198.8191 cm^-1  (      5.9604 THz )
      2    204.0281 cm^-1  (      6.1166 THz )
      3    411.7631 cm^-1  (     12.3443 THz )
      4    413.8132 cm^-1  (     12.4058 THz )
      5    507.5689 cm^-1  (     15.2165 THz )
      6    508.1763 cm^-1  (     15.2347 THz )

 # k point   127 : (  0.4672,  0.4672,  0.9343)
   Mode, Frequency 
      1    198.7401 cm^-1  (      5.9581 THz )
      2    204.3623 cm^-1  (      6.1266 THz )
      3    411.5242 cm^-1  (     12.3372 THz )
      4    413.7397 cm^-1  (     12.4036 THz )
      5    507.6217 cm^-1  (     15.2181 THz )
      6    508.2741 cm^-1  (     15.2377 THz )

 # k point   128 : (  0.4659,  0.4659,  0.9318)
   Mode, Frequency 
      1    198.6579 cm^-1  (      5.9556 THz )
      2    204.7078 cm^-1  (      6.1370 THz )
      3    411.2768 cm^-1  (     12.3298 THz )
      4    413.6638 cm^-1  (     12.4013 THz )
      5    507.6766 cm^-1  (     15.2198 THz )
      6    508.3749 cm^-1  (     15.2407 THz )

 # k point   129 : (  0.4646,  0.4646,  0.9293)
   Mode, Frequency 
      1    198.5727 cm^-1  (      5.9531 THz )
      2    205.0644 cm^-1  (      6.1477 THz )
      3    411.0209 cm^-1  (     12.3221 THz )
      4    413.5858 cm^-1  (     12.3990 THz )
      5    507.7336 cm^-1  (     15.2215 THz )
      6    508.4787 cm^-1  (     15.2438 THz )

 # k point   130 : (  0.4634,  0.4634,  0.9268)
   Mode, Frequency 
      1    198.4844 cm^-1  (      5.9504 THz )
      2    205.4319 cm^-1  (      6.1587 THz )
      3    410.7567 cm^-1  (     12.3142 THz )
      4    413.5056 cm^-1  (     12.3966 THz )
      5    507.7925 cm^-1  (     15.2232 THz )
      6    508.5855 cm^-1  (     15.2470 THz )

 # k point   131 : (  0.4621,  0.4621,  0.9242)
   Mode, Frequency 
      1    198.3931 cm^-1  (      5.9477 THz )
      2    205.8099 cm^-1  (      6.1700 THz )
      3    410.4842 cm^-1  (     12.3060 THz )
      4    413.4232 cm^-1  (     12.3941 THz )
      5    507.8535 cm^-1  (     15.2251 THz )
      6    508.6952 cm^-1  (     15.2503 THz )

 # k point   132 : (  0.4609,  0.4609,  0.9217)
   Mode, Frequency 
      1    198.2986 cm^-1  (      5.9448 THz )
      2    206.1984 cm^-1  (      6.1817 THz )
      3    410.2035 cm^-1  (     12.2976 THz )
      4    413.3389 cm^-1  (     12.3916 THz )
      5    507.9165 cm^-1  (     15.2270 THz )
      6    508.8076 cm^-1  (     15.2537 THz )

 # k point   133 : (  0.4596,  0.4596,  0.9192)
   Mode, Frequency 
      1    198.2010 cm^-1  (      5.9419 THz )
      2    206.5971 cm^-1  (      6.1936 THz )
      3    409.9148 cm^-1  (     12.2889 THz )
      4    413.2527 cm^-1  (     12.3890 THz )
      5    507.9815 cm^-1  (     15.2289 THz )
      6    508.9227 cm^-1  (     15.2571 THz )

 # k point   134 : (  0.4583,  0.4583,  0.9167)
   Mode, Frequency 
      1    198.1004 cm^-1  (      5.9389 THz )
      2    207.0057 cm^-1  (      6.2059 THz )
      3    409.6180 cm^-1  (     12.2800 THz )
      4    413.1646 cm^-1  (     12.3864 THz )
      5    508.0486 cm^-1  (     15.2309 THz )
      6    509.0405 cm^-1  (     15.2606 THz )

 # k point   135 : (  0.4571,  0.4571,  0.9141)
   Mode, Frequency 
      1    197.9967 cm^-1  (      5.9358 THz )
      2    207.4241 cm^-1  (      6.2184 THz )
      3    409.3134 cm^-1  (     12.2709 THz )
      4    413.0748 cm^-1  (     12.3837 THz )
      5    508.1176 cm^-1  (     15.2330 THz )
      6    509.1608 cm^-1  (     15.2643 THz )

 # k point   136 : (  0.4558,  0.4558,  0.9116)
   Mode, Frequency 
      1    197.8899 cm^-1  (      5.9326 THz )
      2    207.8519 cm^-1  (      6.2312 THz )
      3    409.0010 cm^-1  (     12.2615 THz )
      4    412.9833 cm^-1  (     12.3809 THz )
      5    508.1886 cm^-1  (     15.2351 THz )
      6    509.2835 cm^-1  (     15.2679 THz )

 # k point   137 : (  0.4545,  0.4545,  0.9091)
   Mode, Frequency 
      1    197.7800 cm^-1  (      5.9293 THz )
      2    208.2889 cm^-1  (      6.2443 THz )
      3    408.6809 cm^-1  (     12.2519 THz )
      4    412.8902 cm^-1  (     12.3781 THz )
      5    508.2616 cm^-1  (     15.2373 THz )
      6    509.4087 cm^-1  (     15.2717 THz )

 # k point   138 : (  0.4533,  0.4533,  0.9066)
   Mode, Frequency 
      1    197.6671 cm^-1  (      5.9259 THz )
      2    208.7349 cm^-1  (      6.2577 THz )
      3    408.3531 cm^-1  (     12.2421 THz )
      4    412.7956 cm^-1  (     12.3753 THz )
      5    508.3366 cm^-1  (     15.2395 THz )
      6    509.5361 cm^-1  (     15.2755 THz )

 # k point   139 : (  0.4520,  0.4520,  0.9040)
   Mode, Frequency 
      1    197.5511 cm^-1  (      5.9224 THz )
      2    209.1896 cm^-1  (      6.2713 THz )
      3    408.0179 cm^-1  (     12.2321 THz )
      4    412.6997 cm^-1  (     12.3724 THz )
      5    508.4136 cm^-1  (     15.2419 THz )
      6    509.6658 cm^-1  (     15.2794 THz )

 # k point   140 : (  0.4508,  0.4508,  0.9015)
   Mode, Frequency 
      1    197.4320 cm^-1  (      5.9189 THz )
      2    209.6527 cm^-1  (      6.2852 THz )
      3    407.6752 cm^-1  (     12.2218 THz )
      4    412.6025 cm^-1  (     12.3695 THz )
      5    508.4926 cm^-1  (     15.2442 THz )
      6    509.7975 cm^-1  (     15.2833 THz )

 # k point   141 : (  0.4495,  0.4495,  0.8990)
   Mode, Frequency 
      1    197.3098 cm^-1  (      5.9152 THz )
      2    210.1240 cm^-1  (      6.2994 THz )
      3    407.3253 cm^-1  (     12.2113 THz )
      4    412.5041 cm^-1  (     12.3666 THz )
      5    508.5735 cm^-1  (     15.2467 THz )
      6    509.9314 cm^-1  (     15.2874 THz )

 # k point   142 : (  0.4482,  0.4482,  0.8965)
   Mode, Frequency 
      1    197.1846 cm^-1  (      5.9114 THz )
      2    210.6031 cm^-1  (      6.3137 THz )
      3    406.9681 cm^-1  (     12.2006 THz )
      4    412.4047 cm^-1  (     12.3636 THz )
      5    508.6564 cm^-1  (     15.2491 THz )
      6    510.0672 cm^-1  (     15.2914 THz )

 # k point   143 : (  0.4470,  0.4470,  0.8939)
   Mode, Frequency 
      1    197.0563 cm^-1  (      5.9076 THz )
      2    211.0899 cm^-1  (      6.3283 THz )
      3    406.6038 cm^-1  (     12.1897 THz )
      4    412.3043 cm^-1  (     12.3606 THz )
      5    508.7413 cm^-1  (     15.2517 THz )
      6    510.2049 cm^-1  (     15.2956 THz )

 # k point   144 : (  0.4457,  0.4457,  0.8914)
   Mode, Frequency 
      1    196.9249 cm^-1  (      5.9037 THz )
      2    211.5839 cm^-1  (      6.3431 THz )
      3    406.2324 cm^-1  (     12.1785 THz )
      4    412.2031 cm^-1  (     12.3575 THz )
      5    508.8281 cm^-1  (     15.2543 THz )
      6    510.3444 cm^-1  (     15.2997 THz )

 # k point   145 : (  0.4444,  0.4444,  0.8889)
   Mode, Frequency 
      1    196.7905 cm^-1  (      5.8996 THz )
      2    212.0850 cm^-1  (      6.3581 THz )
      3    405.8542 cm^-1  (     12.1672 THz )
      4    412.1011 cm^-1  (     12.3545 THz )
      5    508.9169 cm^-1  (     15.2569 THz )
      6    510.4856 cm^-1  (     15.3040 THz )

 # k point   146 : (  0.4432,  0.4432,  0.8864)
   Mode, Frequency 
      1    196.6530 cm^-1  (      5.8955 THz )
      2    212.5928 cm^-1  (      6.3734 THz )
      3    405.4691 cm^-1  (     12.1557 THz )
      4    411.9986 cm^-1  (     12.3514 THz )
      5    509.0075 cm^-1  (     15.2597 THz )
      6    510.6285 cm^-1  (     15.3083 THz )

 # k point   147 : (  0.4419,  0.4419,  0.8838)
   Mode, Frequency 
      1    196.5124 cm^-1  (      5.8913 THz )
      2    213.1070 cm^-1  (      6.3888 THz )
      3    405.0773 cm^-1  (     12.1439 THz )
      4    411.8956 cm^-1  (     12.3483 THz )
      5    509.1002 cm^-1  (     15.2624 THz )
      6    510.7730 cm^-1  (     15.3126 THz )

 # k point   148 : (  0.4407,  0.4407,  0.8813)
   Mode, Frequency 
      1    196.3688 cm^-1  (      5.8870 THz )
      2    213.6274 cm^-1  (      6.4044 THz )
      3    404.6788 cm^-1  (     12.1320 THz )
      4    411.7922 cm^-1  (     12.3452 THz )
      5    509.1947 cm^-1  (     15.2653 THz )
      6    510.9189 cm^-1  (     15.3170 THz )

 # k point   149 : (  0.4394,  0.4394,  0.8788)
   Mode, Frequency 
      1    196.2221 cm^-1  (      5.8826 THz )
      2    214.1535 cm^-1  (      6.4202 THz )
      3    404.2738 cm^-1  (     12.1198 THz )
      4    411.6886 cm^-1  (     12.3421 THz )
      5    509.2912 cm^-1  (     15.2682 THz )
      6    511.0663 cm^-1  (     15.3214 THz )

 # k point   150 : (  0.4381,  0.4381,  0.8763)
   Mode, Frequency 
      1    196.0724 cm^-1  (      5.8781 THz )
      2    214.6852 cm^-1  (      6.4361 THz )
      3    403.8623 cm^-1  (     12.1075 THz )
      4    411.5850 cm^-1  (     12.3390 THz )
      5    509.3896 cm^-1  (     15.2711 THz )
      6    511.2150 cm^-1  (     15.3258 THz )

 # k point   151 : (  0.4369,  0.4369,  0.8737)
   Mode, Frequency 
      1    195.9196 cm^-1  (      5.8735 THz )
      2    215.2221 cm^-1  (      6.4522 THz )
      3    403.4445 cm^-1  (     12.0950 THz )
      4    411.4814 cm^-1  (     12.3359 THz )
      5    509.4898 cm^-1  (     15.2741 THz )
      6    511.3650 cm^-1  (     15.3303 THz )

 # k point   152 : (  0.4356,  0.4356,  0.8712)
   Mode, Frequency 
      1    195.7638 cm^-1  (      5.8689 THz )
      2    215.7638 cm^-1  (      6.4684 THz )
      3    403.0204 cm^-1  (     12.0822 THz )
      4    411.3780 cm^-1  (     12.3328 THz )
      5    509.5920 cm^-1  (     15.2772 THz )
      6    511.5162 cm^-1  (     15.3349 THz )

 # k point   153 : (  0.4343,  0.4343,  0.8687)
   Mode, Frequency 
      1    195.6049 cm^-1  (      5.8641 THz )
      2    216.3101 cm^-1  (      6.4848 THz )
      3    402.5901 cm^-1  (     12.0693 THz )
      4    411.2750 cm^-1  (     12.3297 THz )
      5    509.6961 cm^-1  (     15.2803 THz )
      6    511.6685 cm^-1  (     15.3394 THz )

 # k point   154 : (  0.4331,  0.4331,  0.8662)
   Mode, Frequency 
      1    195.4430 cm^-1  (      5.8592 THz )
      2    216.8606 cm^-1  (      6.5013 THz )
      3    402.1538 cm^-1  (     12.0563 THz )
      4    411.1724 cm^-1  (     12.3266 THz )
      5    509.8020 cm^-1  (     15.2835 THz )
      6    511.8219 cm^-1  (     15.3440 THz )

 # k point   155 : (  0.4318,  0.4318,  0.8636)
   Mode, Frequency 
      1    195.2781 cm^-1  (      5.8543 THz )
      2    217.4149 cm^-1  (      6.5179 THz )
      3    401.7114 cm^-1  (     12.0430 THz )
      4    411.0705 cm^-1  (     12.3236 THz )
      5    509.9098 cm^-1  (     15.2867 THz )
      6    511.9762 cm^-1  (     15.3487 THz )

 # k point   156 : (  0.4306,  0.4306,  0.8611)
   Mode, Frequency 
      1    195.1101 cm^-1  (      5.8493 THz )
      2    217.9729 cm^-1  (      6.5347 THz )
      3    401.2632 cm^-1  (     12.0296 THz )
      4    410.9694 cm^-1  (     12.3206 THz )
      5    510.0195 cm^-1  (     15.2900 THz )
      6    512.1315 cm^-1  (     15.3533 THz )

 # k point   157 : (  0.4293,  0.4293,  0.8586)
   Mode, Frequency 
      1    194.9390 cm^-1  (      5.8441 THz )
      2    218.5341 cm^-1  (      6.5515 THz )
      3    400.8091 cm^-1  (     12.0160 THz )
      4    410.8693 cm^-1  (     12.3176 THz )
      5    510.1310 cm^-1  (     15.2933 THz )
      6    512.2875 cm^-1  (     15.3580 THz )

 # k point   158 : (  0.4280,  0.4280,  0.8561)
   Mode, Frequency 
      1    194.7649 cm^-1  (      5.8389 THz )
      2    219.0981 cm^-1  (      6.5684 THz )
      3    400.3493 cm^-1  (     12.0022 THz )
      4    410.7703 cm^-1  (     12.3146 THz )
      5    510.2444 cm^-1  (     15.2967 THz )
      6    512.4444 cm^-1  (     15.3627 THz )

 # k point   159 : (  0.4268,  0.4268,  0.8535)
   Mode, Frequency 
      1    194.5878 cm^-1  (      5.8336 THz )
      2    219.6647 cm^-1  (      6.5854 THz )
      3    399.8839 cm^-1  (     11.9882 THz )
      4    410.6725 cm^-1  (     12.3117 THz )
      5    510.3596 cm^-1  (     15.3002 THz )
      6    512.6020 cm^-1  (     15.3674 THz )

 # k point   160 : (  0.4255,  0.4255,  0.8510)
   Mode, Frequency 
      1    194.4077 cm^-1  (      5.8282 THz )
      2    220.2335 cm^-1  (      6.6024 THz )
      3    399.4129 cm^-1  (     11.9741 THz )
      4    410.5763 cm^-1  (     12.3088 THz )
      5    510.4766 cm^-1  (     15.3037 THz )
      6    512.7602 cm^-1  (     15.3722 THz )

 # k point   161 : (  0.4242,  0.4242,  0.8485)
   Mode, Frequency 
      1    194.2245 cm^-1  (      5.8227 THz )
      2    220.8041 cm^-1  (      6.6195 THz )
      3    398.9364 cm^-1  (     11.9598 THz )
      4    410.4816 cm^-1  (     12.3059 THz )
      5    510.5955 cm^-1  (     15.3073 THz )
      6    512.9190 cm^-1  (     15.3769 THz )

 # k point   162 : (  0.4230,  0.4230,  0.8460)
   Mode, Frequency 
      1    194.0383 cm^-1  (      5.8171 THz )
      2    221.3763 cm^-1  (      6.6367 THz )
      3    398.4545 cm^-1  (     11.9454 THz )
      4    410.3888 cm^-1  (     12.3031 THz )
      5    510.7162 cm^-1  (     15.3109 THz )
      6    513.0783 cm^-1  (     15.3817 THz )

 # k point   163 : (  0.4217,  0.4217,  0.8434)
   Mode, Frequency 
      1    193.8491 cm^-1  (      5.8114 THz )
      2    221.9495 cm^-1  (      6.6539 THz )
      3    397.9673 cm^-1  (     11.9308 THz )
      4    410.2979 cm^-1  (     12.3004 THz )
      5    510.8387 cm^-1  (     15.3146 THz )
      6    513.2381 cm^-1  (     15.3865 THz )

 # k point   164 : (  0.4205,  0.4205,  0.8409)
   Mode, Frequency 
      1    193.6568 cm^-1  (      5.8057 THz )
      2    222.5236 cm^-1  (      6.6711 THz )
      3    397.4749 cm^-1  (     11.9160 THz )
      4    410.2092 cm^-1  (     12.2978 THz )
      5    510.9629 cm^-1  (     15.3183 THz )
      6    513.3983 cm^-1  (     15.3913 THz )

 # k point   165 : (  0.4192,  0.4192,  0.8384)
   Mode, Frequency 
      1    193.4616 cm^-1  (      5.7998 THz )
      2    223.0981 cm^-1  (      6.6883 THz )
      3    396.9773 cm^-1  (     11.9011 THz )
      4    410.1229 cm^-1  (     12.2952 THz )
      5    511.0890 cm^-1  (     15.3221 THz )
      6    513.5589 cm^-1  (     15.3961 THz )

 # k point   166 : (  0.4179,  0.4179,  0.8359)
   Mode, Frequency 
      1    193.2633 cm^-1  (      5.7939 THz )
      2    223.6727 cm^-1  (      6.7055 THz )
      3    396.4746 cm^-1  (     11.8860 THz )
      4    410.0391 cm^-1  (     12.2927 THz )
      5    511.2168 cm^-1  (     15.3259 THz )
      6    513.7197 cm^-1  (     15.4009 THz )

 # k point   167 : (  0.4167,  0.4167,  0.8333)
   Mode, Frequency 
      1    193.0620 cm^-1  (      5.7879 THz )
      2    224.2470 cm^-1  (      6.7228 THz )
      3    395.9670 cm^-1  (     11.8708 THz )
      4    409.9580 cm^-1  (     12.2902 THz )
      5    511.3464 cm^-1  (     15.3298 THz )
      6    513.8808 cm^-1  (     15.4058 THz )

 # k point   168 : (  0.4154,  0.4154,  0.8308)
   Mode, Frequency 
      1    192.8577 cm^-1  (      5.7817 THz )
      2    224.8206 cm^-1  (      6.7400 THz )
      3    395.4543 cm^-1  (     11.8554 THz )
      4    409.8798 cm^-1  (     12.2879 THz )
      5    511.4778 cm^-1  (     15.3337 THz )
      6    514.0421 cm^-1  (     15.4106 THz )

 # k point   169 : (  0.4141,  0.4141,  0.8283)
   Mode, Frequency 
      1    192.6504 cm^-1  (      5.7755 THz )
      2    225.3933 cm^-1  (      6.7571 THz )
      3    394.9369 cm^-1  (     11.8399 THz )
      4    409.8048 cm^-1  (     12.2856 THz )
      5    511.6109 cm^-1  (     15.3377 THz )
      6    514.2035 cm^-1  (     15.4154 THz )

 # k point   170 : (  0.4129,  0.4129,  0.8258)
   Mode, Frequency 
      1    192.4401 cm^-1  (      5.7692 THz )
      2    225.9645 cm^-1  (      6.7742 THz )
      3    394.4146 cm^-1  (     11.8243 THz )
      4    409.7331 cm^-1  (     12.2835 THz )
      5    511.7457 cm^-1  (     15.3417 THz )
      6    514.3650 cm^-1  (     15.4203 THz )

 # k point   171 : (  0.4116,  0.4116,  0.8232)
   Mode, Frequency 
      1    192.2268 cm^-1  (      5.7628 THz )
      2    226.5340 cm^-1  (      6.7913 THz )
      3    393.8876 cm^-1  (     11.8085 THz )
      4    409.6649 cm^-1  (     12.2814 THz )
      5    511.8823 cm^-1  (     15.3458 THz )
      6    514.5266 cm^-1  (     15.4251 THz )

 # k point   172 : (  0.4104,  0.4104,  0.8207)
   Mode, Frequency 
      1    192.0105 cm^-1  (      5.7563 THz )
      2    227.1014 cm^-1  (      6.8083 THz )
      3    393.3560 cm^-1  (     11.7925 THz )
      4    409.6004 cm^-1  (     12.2795 THz )
      5    512.0205 cm^-1  (     15.3500 THz )
      6    514.6882 cm^-1  (     15.4300 THz )

 # k point   173 : (  0.4091,  0.4091,  0.8182)
   Mode, Frequency 
      1    191.7912 cm^-1  (      5.7498 THz )
      2    227.6663 cm^-1  (      6.8253 THz )
      3    392.8198 cm^-1  (     11.7764 THz )
      4    409.5399 cm^-1  (     12.2777 THz )
      5    512.1605 cm^-1  (     15.3542 THz )
      6    514.8497 cm^-1  (     15.4348 THz )

 # k point   174 : (  0.4078,  0.4078,  0.8157)
   Mode, Frequency 
      1    191.5689 cm^-1  (      5.7431 THz )
      2    228.2284 cm^-1  (      6.8421 THz )
      3    392.2790 cm^-1  (     11.7602 THz )
      4    409.4835 cm^-1  (     12.2760 THz )
      5    512.3022 cm^-1  (     15.3584 THz )
      6    515.0111 cm^-1  (     15.4396 THz )

 # k point   175 : (  0.4066,  0.4066,  0.8131)
   Mode, Frequency 
      1    191.3436 cm^-1  (      5.7363 THz )
      2    228.7872 cm^-1  (      6.8589 THz )
      3    391.7338 cm^-1  (     11.7439 THz )
      4    409.4314 cm^-1  (     12.2744 THz )
      5    512.4455 cm^-1  (     15.3627 THz )
      6    515.1724 cm^-1  (     15.4445 THz )

 # k point   176 : (  0.4053,  0.4053,  0.8106)
   Mode, Frequency 
      1    191.1153 cm^-1  (      5.7295 THz )
      2    229.3424 cm^-1  (      6.8755 THz )
      3    391.1842 cm^-1  (     11.7274 THz )
      4    409.3840 cm^-1  (     12.2730 THz )
      5    512.5906 cm^-1  (     15.3671 THz )
      6    515.3335 cm^-1  (     15.4493 THz )

 # k point   177 : (  0.4040,  0.4040,  0.8081)
   Mode, Frequency 
      1    190.8841 cm^-1  (      5.7226 THz )
      2    229.8936 cm^-1  (      6.8920 THz )
      3    390.6302 cm^-1  (     11.7108 THz )
      4    409.3413 cm^-1  (     12.2717 THz )
      5    512.7373 cm^-1  (     15.3715 THz )
      6    515.4945 cm^-1  (     15.4541 THz )

 # k point   178 : (  0.4028,  0.4028,  0.8056)
   Mode, Frequency 
      1    190.6499 cm^-1  (      5.7155 THz )
      2    230.4405 cm^-1  (      6.9084 THz )
      3    390.0720 cm^-1  (     11.6941 THz )
      4    409.3036 cm^-1  (     12.2706 THz )
      5    512.8856 cm^-1  (     15.3759 THz )
      6    515.6551 cm^-1  (     15.4590 THz )

 # k point   179 : (  0.4015,  0.4015,  0.8030)
   Mode, Frequency 
      1    190.4127 cm^-1  (      5.7084 THz )
      2    230.9827 cm^-1  (      6.9247 THz )
      3    389.5096 cm^-1  (     11.6772 THz )
      4    409.2712 cm^-1  (     12.2696 THz )
      5    513.0356 cm^-1  (     15.3804 THz )
      6    515.8156 cm^-1  (     15.4638 THz )

 # k point   180 : (  0.4003,  0.4003,  0.8005)
   Mode, Frequency 
      1    190.1725 cm^-1  (      5.7012 THz )
      2    231.5198 cm^-1  (      6.9408 THz )
      3    388.9430 cm^-1  (     11.6602 THz )
      4    409.2441 cm^-1  (     12.2688 THz )
      5    513.1872 cm^-1  (     15.3850 THz )
      6    515.9757 cm^-1  (     15.4686 THz )

 # k point   181 : (  0.3990,  0.3990,  0.7980)
   Mode, Frequency 
      1    189.9293 cm^-1  (      5.6939 THz )
      2    232.0515 cm^-1  (      6.9567 THz )
      3    388.3722 cm^-1  (     11.6431 THz )
      4    409.2228 cm^-1  (     12.2682 THz )
      5    513.3405 cm^-1  (     15.3896 THz )
      6    516.1354 cm^-1  (     15.4734 THz )

 # k point   182 : (  0.3977,  0.3977,  0.7955)
   Mode, Frequency 
      1    189.6832 cm^-1  (      5.6866 THz )
      2    232.5773 cm^-1  (      6.9725 THz )
      3    387.7974 cm^-1  (     11.6259 THz )
      4    409.2073 cm^-1  (     12.2677 THz )
      5    513.4953 cm^-1  (     15.3942 THz )
      6    516.2948 cm^-1  (     15.4781 THz )

 # k point   183 : (  0.3965,  0.3965,  0.7929)
   Mode, Frequency 
      1    189.4341 cm^-1  (      5.6791 THz )
      2    233.0969 cm^-1  (      6.9881 THz )
      3    387.2187 cm^-1  (     11.6085 THz )
      4    409.1980 cm^-1  (     12.2674 THz )
      5    513.6518 cm^-1  (     15.3989 THz )
      6    516.4538 cm^-1  (     15.4829 THz )

 # k point   184 : (  0.3952,  0.3952,  0.7904)
   Mode, Frequency 
      1    189.1821 cm^-1  (      5.6715 THz )
      2    233.6099 cm^-1  (      7.0034 THz )
      3    386.6359 cm^-1  (     11.5911 THz )
      4    409.1950 cm^-1  (     12.2674 THz )
      5    513.8098 cm^-1  (     15.4036 THz )
      6    516.6124 cm^-1  (     15.4876 THz )

 # k point   185 : (  0.3939,  0.3939,  0.7879)
   Mode, Frequency 
      1    188.9271 cm^-1  (      5.6639 THz )
      2    234.1160 cm^-1  (      7.0186 THz )
      3    386.0493 cm^-1  (     11.5735 THz )
      4    409.1985 cm^-1  (     12.2675 THz )
      5    513.9694 cm^-1  (     15.4084 THz )
      6    516.7705 cm^-1  (     15.4924 THz )

 # k point   186 : (  0.3927,  0.3927,  0.7854)
   Mode, Frequency 
      1    188.6692 cm^-1  (      5.6562 THz )
      2    234.6148 cm^-1  (      7.0336 THz )
      3    385.4587 cm^-1  (     11.5558 THz )
      4    409.2089 cm^-1  (     12.2678 THz )
      5    514.1306 cm^-1  (     15.4132 THz )
      6    516.9282 cm^-1  (     15.4971 THz )

 # k point   187 : (  0.3914,  0.3914,  0.7828)
   Mode, Frequency 
      1    188.4083 cm^-1  (      5.6483 THz )
      2    235.1060 cm^-1  (      7.0483 THz )
      3    384.8644 cm^-1  (     11.5379 THz )
      4    409.2262 cm^-1  (     12.2683 THz )
      5    514.2933 cm^-1  (     15.4181 THz )
      6    517.0853 cm^-1  (     15.5018 THz )

 # k point   188 : (  0.3902,  0.3902,  0.7803)
   Mode, Frequency 
      1    188.1445 cm^-1  (      5.6404 THz )
      2    235.5891 cm^-1  (      7.0628 THz )
      3    384.2663 cm^-1  (     11.5200 THz )
      4    409.2507 cm^-1  (     12.2690 THz )
      5    514.4576 cm^-1  (     15.4230 THz )
      6    517.2419 cm^-1  (     15.5065 THz )

 # k point   189 : (  0.3889,  0.3889,  0.7778)
   Mode, Frequency 
      1    187.8777 cm^-1  (      5.6324 THz )
      2    236.0639 cm^-1  (      7.0770 THz )
      3    383.6644 cm^-1  (     11.5020 THz )
      4    409.2827 cm^-1  (     12.2700 THz )
      5    514.6233 cm^-1  (     15.4280 THz )
      6    517.3980 cm^-1  (     15.5112 THz )

 # k point   190 : (  0.3876,  0.3876,  0.7753)
   Mode, Frequency 
      1    187.6080 cm^-1  (      5.6243 THz )
      2    236.5300 cm^-1  (      7.0910 THz )
      3    383.0589 cm^-1  (     11.4838 THz )
      4    409.3224 cm^-1  (     12.2712 THz )
      5    514.7906 cm^-1  (     15.4330 THz )
      6    517.5536 cm^-1  (     15.5159 THz )

 # k point   191 : (  0.3864,  0.3864,  0.7727)
   Mode, Frequency 
      1    187.3353 cm^-1  (      5.6162 THz )
      2    236.9869 cm^-1  (      7.1047 THz )
      3    382.4497 cm^-1  (     11.4656 THz )
      4    409.3700 cm^-1  (     12.2726 THz )
      5    514.9594 cm^-1  (     15.4381 THz )
      6    517.7085 cm^-1  (     15.5205 THz )

 # k point   192 : (  0.3851,  0.3851,  0.7702)
   Mode, Frequency 
      1    187.0598 cm^-1  (      5.6079 THz )
      2    237.4345 cm^-1  (      7.1181 THz )
      3    381.8369 cm^-1  (     11.4472 THz )
      4    409.4256 cm^-1  (     12.2743 THz )
      5    515.1297 cm^-1  (     15.4432 THz )
      6    517.8629 cm^-1  (     15.5251 THz )

 # k point   193 : (  0.3838,  0.3838,  0.7677)
   Mode, Frequency 
      1    186.7813 cm^-1  (      5.5996 THz )
      2    237.8723 cm^-1  (      7.1312 THz )
      3    381.2205 cm^-1  (     11.4287 THz )
      4    409.4896 cm^-1  (     12.2762 THz )
      5    515.3015 cm^-1  (     15.4484 THz )
      6    518.0167 cm^-1  (     15.5297 THz )

 # k point   194 : (  0.3826,  0.3826,  0.7652)
   Mode, Frequency 
      1    186.4999 cm^-1  (      5.5911 THz )
      2    238.3000 cm^-1  (      7.1441 THz )
      3    380.6006 cm^-1  (     11.4101 THz )
      4    409.5621 cm^-1  (     12.2784 THz )
      5    515.4747 cm^-1  (     15.4535 THz )
      6    518.1699 cm^-1  (     15.5343 THz )

 # k point   195 : (  0.3813,  0.3813,  0.7626)
   Mode, Frequency 
      1    186.2155 cm^-1  (      5.5826 THz )
      2    238.7172 cm^-1  (      7.1566 THz )
      3    379.9772 cm^-1  (     11.3914 THz )
      4    409.6433 cm^-1  (     12.2808 THz )
      5    515.6494 cm^-1  (     15.4588 THz )
      6    518.3224 cm^-1  (     15.5389 THz )

 # k point   196 : (  0.3801,  0.3801,  0.7601)
   Mode, Frequency 
      1    185.9283 cm^-1  (      5.5740 THz )
      2    239.1238 cm^-1  (      7.1687 THz )
      3    379.3503 cm^-1  (     11.3726 THz )
      4    409.7335 cm^-1  (     12.2835 THz )
      5    515.8255 cm^-1  (     15.4641 THz )
      6    518.4743 cm^-1  (     15.5435 THz )

 # k point   197 : (  0.3788,  0.3788,  0.7576)
   Mode, Frequency 
      1    185.6381 cm^-1  (      5.5653 THz )
      2    239.5192 cm^-1  (      7.1806 THz )
      3    378.7199 cm^-1  (     11.3537 THz )
      4    409.8328 cm^-1  (     12.2865 THz )
      5    516.0031 cm^-1  (     15.4694 THz )
      6    518.6255 cm^-1  (     15.5480 THz )

 # k point   198 : (  0.3775,  0.3775,  0.7551)
   Mode, Frequency 
      1    185.3451 cm^-1  (      5.5565 THz )
      2    239.9033 cm^-1  (      7.1921 THz )
      3    378.0861 cm^-1  (     11.3347 THz )
      4    409.9415 cm^-1  (     12.2897 THz )
      5    516.1820 cm^-1  (     15.4747 THz )
      6    518.7761 cm^-1  (     15.5525 THz )

 # k point   199 : (  0.3763,  0.3763,  0.7525)
   Mode, Frequency 
      1    185.0491 cm^-1  (      5.5476 THz )
      2    240.2756 cm^-1  (      7.2033 THz )
      3    377.4490 cm^-1  (     11.3156 THz )
      4    410.0596 cm^-1  (     12.2933 THz )
      5    516.3624 cm^-1  (     15.4802 THz )
      6    518.9261 cm^-1  (     15.5570 THz )

 # k point   200 : (  0.3750,  0.3750,  0.7500)
   Mode, Frequency 
      1    184.7503 cm^-1  (      5.5387 THz )
      2    240.6360 cm^-1  (      7.2141 THz )
      3    376.8084 cm^-1  (     11.2964 THz )
      4    410.1875 cm^-1  (     12.2971 THz )
      5    516.5442 cm^-1  (     15.4856 THz )
      6    519.0754 cm^-1  (     15.5615 THz )

 # k point   201 : (  0.3750,  0.3750,  0.7500)
   Mode, Frequency 
      1    184.7503 cm^-1  (      5.5387 THz )
      2    240.6360 cm^-1  (      7.2141 THz )
      3    376.8084 cm^-1  (     11.2964 THz )
      4    410.1875 cm^-1  (     12.2971 THz )
      5    516.5442 cm^-1  (     15.4856 THz )
      6    519.0754 cm^-1  (     15.5615 THz )

 # k point   202 : (  0.3712,  0.3712,  0.7424)
   Mode, Frequency 
      1    183.8364 cm^-1  (      5.5113 THz )
      2    241.6422 cm^-1  (      7.2443 THz )
      3    374.8669 cm^-1  (     11.2382 THz )
      4    410.6312 cm^-1  (     12.3104 THz )
      5    517.0976 cm^-1  (     15.5022 THz )
      6    519.5192 cm^-1  (     15.5748 THz )

 # k point   203 : (  0.3674,  0.3674,  0.7348)
   Mode, Frequency 
      1    182.8966 cm^-1  (      5.4831 THz )
      2    242.5304 cm^-1  (      7.2709 THz )
      3    372.8959 cm^-1  (     11.1791 THz )
      4    411.1685 cm^-1  (     12.3265 THz )
      5    517.6631 cm^-1  (     15.5192 THz )
      6    519.9569 cm^-1  (     15.5879 THz )

 # k point   204 : (  0.3636,  0.3636,  0.7273)
   Mode, Frequency 
      1    181.9310 cm^-1  (      5.4542 THz )
      2    243.2938 cm^-1  (      7.2938 THz )
      3    370.8960 cm^-1  (     11.1192 THz )
      4    411.8034 cm^-1  (     12.3456 THz )
      5    518.2403 cm^-1  (     15.5365 THz )
      6    520.3887 cm^-1  (     15.6009 THz )

 # k point   205 : (  0.3598,  0.3598,  0.7197)
   Mode, Frequency 
      1    180.9397 cm^-1  (      5.4244 THz )
      2    243.9263 cm^-1  (      7.3127 THz )
      3    368.8674 cm^-1  (     11.0584 THz )
      4    412.5393 cm^-1  (     12.3676 THz )
      5    518.8287 cm^-1  (     15.5541 THz )
      6    520.8146 cm^-1  (     15.6136 THz )

 # k point   206 : (  0.3561,  0.3561,  0.7121)
   Mode, Frequency 
      1    179.9229 cm^-1  (      5.3940 THz )
      2    244.4229 cm^-1  (      7.3276 THz )
      3    366.8106 cm^-1  (     10.9967 THz )
      4    413.3788 cm^-1  (     12.3928 THz )
      5    519.4280 cm^-1  (     15.5721 THz )
      6    521.2349 cm^-1  (     15.6262 THz )

 # k point   207 : (  0.3523,  0.3523,  0.7045)
   Mode, Frequency 
      1    178.8807 cm^-1  (      5.3627 THz )
      2    244.7791 cm^-1  (      7.3383 THz )
      3    364.7257 cm^-1  (     10.9342 THz )
      4    414.3241 cm^-1  (     12.4211 THz )
      5    520.0379 cm^-1  (     15.5903 THz )
      6    521.6499 cm^-1  (     15.6387 THz )

 # k point   208 : (  0.3485,  0.3485,  0.6970)
   Mode, Frequency 
      1    177.8133 cm^-1  (      5.3307 THz )
      2    244.9917 cm^-1  (      7.3447 THz )
      3    362.6127 cm^-1  (     10.8709 THz )
      4    415.3762 cm^-1  (     12.4527 THz )
      5    520.6579 cm^-1  (     15.6089 THz )
      6    522.0599 cm^-1  (     15.6510 THz )

 # k point   209 : (  0.3447,  0.3447,  0.6894)
   Mode, Frequency 
      1    176.7207 cm^-1  (      5.2980 THz )
      2    245.0582 cm^-1  (      7.3467 THz )
      3    360.4717 cm^-1  (     10.8067 THz )
      4    416.5354 cm^-1  (     12.4874 THz )
      5    521.2877 cm^-1  (     15.6278 THz )
      6    522.4654 cm^-1  (     15.6631 THz )

 # k point   210 : (  0.3409,  0.3409,  0.6818)
   Mode, Frequency 
      1    175.6031 cm^-1  (      5.2644 THz )
      2    244.9772 cm^-1  (      7.3442 THz )
      3    358.3025 cm^-1  (     10.7416 THz )
      4    417.8014 cm^-1  (     12.5254 THz )
      5    521.9268 cm^-1  (     15.6470 THz )
      6    522.8668 cm^-1  (     15.6752 THz )

 # k point   211 : (  0.3371,  0.3371,  0.6742)
   Mode, Frequency 
      1    174.4607 cm^-1  (      5.2302 THz )
      2    244.7480 cm^-1  (      7.3374 THz )
      3    356.1050 cm^-1  (     10.6758 THz )
      4    419.1730 cm^-1  (     12.5665 THz )
      5    522.5748 cm^-1  (     15.6664 THz )
      6    523.2648 cm^-1  (     15.6871 THz )

 # k point   212 : (  0.3333,  0.3333,  0.6667)
   Mode, Frequency 
      1    173.2935 cm^-1  (      5.1952 THz )
      2    244.3711 cm^-1  (      7.3261 THz )
      3    353.8790 cm^-1  (     10.6090 THz )
      4    420.6481 cm^-1  (     12.6107 THz )
      5    523.2314 cm^-1  (     15.6861 THz )
      6    523.6599 cm^-1  (     15.6989 THz )

 # k point   213 : (  0.3295,  0.3295,  0.6591)
   Mode, Frequency 
      1    172.1019 cm^-1  (      5.1595 THz )
      2    243.8474 cm^-1  (      7.3104 THz )
      3    351.6241 cm^-1  (     10.5414 THz )
      4    422.2242 cm^-1  (     12.6580 THz )
      5    523.8962 cm^-1  (     15.7060 THz )
      6    524.0528 cm^-1  (     15.7107 THz )

 # k point   214 : (  0.3258,  0.3258,  0.6515)
   Mode, Frequency 
      1    170.8858 cm^-1  (      5.1230 THz )
      2    243.1790 cm^-1  (      7.2903 THz )
      3    349.3398 cm^-1  (     10.4729 THz )
      4    423.8979 cm^-1  (     12.7081 THz )
      5    524.4442 cm^-1  (     15.7224 THz )
      6    524.5687 cm^-1  (     15.7262 THz )

 # k point   215 : (  0.3220,  0.3220,  0.6439)
   Mode, Frequency 
      1    169.6456 cm^-1  (      5.0858 THz )
      2    242.3682 cm^-1  (      7.2660 THz )
      3    347.0257 cm^-1  (     10.4036 THz )
      4    425.6654 cm^-1  (     12.7611 THz )
      5    524.8347 cm^-1  (     15.7341 THz )
      6    525.2485 cm^-1  (     15.7466 THz )

 # k point   216 : (  0.3182,  0.3182,  0.6364)
   Mode, Frequency 
      1    168.3812 cm^-1  (      5.0479 THz )
      2    241.4182 cm^-1  (      7.2375 THz )
      3    344.6813 cm^-1  (     10.3333 THz )
      4    427.5224 cm^-1  (     12.8168 THz )
      5    525.2251 cm^-1  (     15.7459 THz )
      6    525.9352 cm^-1  (     15.7671 THz )

 # k point   217 : (  0.3144,  0.3144,  0.6288)
   Mode, Frequency 
      1    167.0930 cm^-1  (      5.0093 THz )
      2    240.3327 cm^-1  (      7.2050 THz )
      3    342.3059 cm^-1  (     10.2621 THz )
      4    429.4643 cm^-1  (     12.8750 THz )
      5    525.6163 cm^-1  (     15.7576 THz )
      6    526.6284 cm^-1  (     15.7879 THz )

 # k point   218 : (  0.3106,  0.3106,  0.6212)
   Mode, Frequency 
      1    165.7811 cm^-1  (      4.9700 THz )
      2    239.1155 cm^-1  (      7.1685 THz )
      3    339.8989 cm^-1  (     10.1899 THz )
      4    431.4861 cm^-1  (     12.9356 THz )
      5    526.0089 cm^-1  (     15.7693 THz )
      6    527.3277 cm^-1  (     15.8089 THz )

 # k point   219 : (  0.3068,  0.3068,  0.6136)
   Mode, Frequency 
      1    164.4456 cm^-1  (      4.9300 THz )
      2    237.7711 cm^-1  (      7.1282 THz )
      3    337.4596 cm^-1  (     10.1168 THz )
      4    433.5825 cm^-1  (     12.9985 THz )
      5    526.4038 cm^-1  (     15.7812 THz )
      6    528.0326 cm^-1  (     15.8300 THz )

 # k point   220 : (  0.3030,  0.3030,  0.6061)
   Mode, Frequency 
      1    163.0867 cm^-1  (      4.8892 THz )
      2    236.3040 cm^-1  (      7.0842 THz )
      3    334.9873 cm^-1  (     10.0427 THz )
      4    435.7481 cm^-1  (     13.0634 THz )
      5    526.8017 cm^-1  (     15.7931 THz )
      6    528.7427 cm^-1  (     15.8513 THz )

 # k point   221 : (  0.2992,  0.2992,  0.5985)
   Mode, Frequency 
      1    161.7046 cm^-1  (      4.8478 THz )
      2    234.7190 cm^-1  (      7.0367 THz )
      3    332.4812 cm^-1  (      9.9675 THz )
      4    437.9776 cm^-1  (     13.1302 THz )
      5    527.2035 cm^-1  (     15.8052 THz )
      6    529.4576 cm^-1  (     15.8727 THz )

 # k point   222 : (  0.2955,  0.2955,  0.5909)
   Mode, Frequency 
      1    160.2995 cm^-1  (      4.8057 THz )
      2    233.0209 cm^-1  (      6.9858 THz )
      3    329.9404 cm^-1  (      9.8914 THz )
      4    440.2654 cm^-1  (     13.1988 THz )
      5    527.6099 cm^-1  (     15.8173 THz )
      6    530.1768 cm^-1  (     15.8943 THz )

 # k point   223 : (  0.2917,  0.2917,  0.5833)
   Mode, Frequency 
      1    158.8716 cm^-1  (      4.7629 THz )
      2    231.2147 cm^-1  (      6.9316 THz )
      3    327.3641 cm^-1  (      9.8141 THz )
      4    442.6062 cm^-1  (     13.2690 THz )
      5    528.0217 cm^-1  (     15.8297 THz )
      6    530.9000 cm^-1  (     15.9160 THz )

 # k point   224 : (  0.2879,  0.2879,  0.5758)
   Mode, Frequency 
      1    157.4211 cm^-1  (      4.7194 THz )
      2    229.3053 cm^-1  (      6.8744 THz )
      3    324.7515 cm^-1  (      9.7358 THz )
      4    444.9944 cm^-1  (     13.3406 THz )
      5    528.4397 cm^-1  (     15.8422 THz )
      6    531.6267 cm^-1  (     15.9378 THz )

 # k point   225 : (  0.2841,  0.2841,  0.5682)
   Mode, Frequency 
      1    155.9481 cm^-1  (      4.6752 THz )
      2    227.2975 cm^-1  (      6.8142 THz )
      3    322.1017 cm^-1  (      9.6564 THz )
      4    447.4250 cm^-1  (     13.4135 THz )
      5    528.8647 cm^-1  (     15.8550 THz )
      6    532.3565 cm^-1  (     15.9596 THz )

 # k point   226 : (  0.2803,  0.2803,  0.5606)
   Mode, Frequency 
      1    154.4529 cm^-1  (      4.6304 THz )
      2    225.1963 cm^-1  (      6.7512 THz )
      3    319.4138 cm^-1  (      9.5758 THz )
      4    449.8927 cm^-1  (     13.4874 THz )
      5    529.2972 cm^-1  (     15.8679 THz )
      6    533.0890 cm^-1  (     15.9816 THz )

 # k point   227 : (  0.2765,  0.2765,  0.5530)
   Mode, Frequency 
      1    152.9356 cm^-1  (      4.5849 THz )
      2    223.0064 cm^-1  (      6.6856 THz )
      3    316.6869 cm^-1  (      9.4940 THz )
      4    452.3926 cm^-1  (     13.5624 THz )
      5    529.7380 cm^-1  (     15.8811 THz )
      6    533.8236 cm^-1  (     16.0036 THz )

 # k point   228 : (  0.2727,  0.2727,  0.5455)
   Mode, Frequency 
      1    151.3965 cm^-1  (      4.5388 THz )
      2    220.7324 cm^-1  (      6.6174 THz )
      3    313.9201 cm^-1  (      9.4111 THz )
      4    454.9198 cm^-1  (     13.6382 THz )
      5    530.1878 cm^-1  (     15.8946 THz )
      6    534.5601 cm^-1  (     16.0257 THz )

 # k point   229 : (  0.2689,  0.2689,  0.5379)
   Mode, Frequency 
      1    149.8358 cm^-1  (      4.4920 THz )
      2    218.3789 cm^-1  (      6.5468 THz )
      3    311.1126 cm^-1  (      9.3269 THz )
      4    457.4699 cm^-1  (     13.7146 THz )
      5    530.6471 cm^-1  (     15.9084 THz )
      6    535.2979 cm^-1  (     16.0478 THz )

 # k point   230 : (  0.2652,  0.2652,  0.5303)
   Mode, Frequency 
      1    148.2536 cm^-1  (      4.4445 THz )
      2    215.9502 cm^-1  (      6.4740 THz )
      3    308.2634 cm^-1  (      9.2415 THz )
      4    460.0383 cm^-1  (     13.7916 THz )
      5    531.1165 cm^-1  (     15.9225 THz )
      6    536.0367 cm^-1  (     16.0700 THz )

 # k point   231 : (  0.2614,  0.2614,  0.5227)
   Mode, Frequency 
      1    146.6502 cm^-1  (      4.3965 THz )
      2    213.4506 cm^-1  (      6.3991 THz )
      3    305.3718 cm^-1  (      9.1548 THz )
      4    462.6209 cm^-1  (     13.8690 THz )
      5    531.5964 cm^-1  (     15.9369 THz )
      6    536.7761 cm^-1  (     16.0921 THz )

 # k point   232 : (  0.2576,  0.2576,  0.5152)
   Mode, Frequency 
      1    145.0259 cm^-1  (      4.3478 THz )
      2    210.8841 cm^-1  (      6.3221 THz )
      3    302.4368 cm^-1  (      9.0668 THz )
      4    465.2137 cm^-1  (     13.9468 THz )
      5    532.0875 cm^-1  (     15.9516 THz )
      6    537.5155 cm^-1  (     16.1143 THz )

 # k point   233 : (  0.2538,  0.2538,  0.5076)
   Mode, Frequency 
      1    143.3808 cm^-1  (      4.2984 THz )
      2    208.2548 cm^-1  (      6.2433 THz )
      3    299.4576 cm^-1  (      8.9775 THz )
      4    467.8128 cm^-1  (     14.0247 THz )
      5    532.5899 cm^-1  (     15.9666 THz )
      6    538.2546 cm^-1  (     16.1365 THz )

 # k point   234 : (  0.2500,  0.2500,  0.5000)
   Mode, Frequency 
      1    141.7151 cm^-1  (      4.2485 THz )
      2    205.5665 cm^-1  (      6.1627 THz )
      3    296.4336 cm^-1  (      8.8869 THz )
      4    470.4147 cm^-1  (     14.1027 THz )
      5    533.1041 cm^-1  (     15.9821 THz )
      6    538.9930 cm^-1  (     16.1586 THz )

 # k point   235 : (  0.2462,  0.2462,  0.4924)
   Mode, Frequency 
      1    140.0291 cm^-1  (      4.1980 THz )
      2    202.8227 cm^-1  (      6.0805 THz )
      3    293.3639 cm^-1  (      8.7948 THz )
      4    473.0159 cm^-1  (     14.1807 THz )
      5    533.6304 cm^-1  (     15.9978 THz )
      6    539.7303 cm^-1  (     16.1807 THz )

 # k point   236 : (  0.2424,  0.2424,  0.4848)
   Mode, Frequency 
      1    138.3230 cm^-1  (      4.1468 THz )
      2    200.0271 cm^-1  (      5.9967 THz )
      3    290.2478 cm^-1  (      8.7014 THz )
      4    475.6133 cm^-1  (     14.2585 THz )
      5    534.1690 cm^-1  (     16.0140 THz )
      6    540.4660 cm^-1  (     16.2028 THz )

 # k point   237 : (  0.2386,  0.2386,  0.4773)
   Mode, Frequency 
      1    136.5971 cm^-1  (      4.0951 THz )
      2    197.1830 cm^-1  (      5.9114 THz )
      3    287.0847 cm^-1  (      8.6066 THz )
      4    478.2037 cm^-1  (     14.3362 THz )
      5    534.7201 cm^-1  (     16.0305 THz )
      6    541.1997 cm^-1  (     16.2248 THz )

 # k point   238 : (  0.2348,  0.2348,  0.4697)
   Mode, Frequency 
      1    134.8515 cm^-1  (      4.0427 THz )
      2    194.2937 cm^-1  (      5.8248 THz )
      3    283.8739 cm^-1  (      8.5103 THz )
      4    480.7843 cm^-1  (     14.4136 THz )
      5    535.2836 cm^-1  (     16.0474 THz )
      6    541.9311 cm^-1  (     16.2467 THz )

 # k point   239 : (  0.2311,  0.2311,  0.4621)
   Mode, Frequency 
      1    133.0866 cm^-1  (      3.9898 THz )
      2    191.3623 cm^-1  (      5.7369 THz )
      3    280.6148 cm^-1  (      8.4126 THz )
      4    483.3524 cm^-1  (     14.4905 THz )
      5    535.8598 cm^-1  (     16.0647 THz )
      6    542.6597 cm^-1  (     16.2685 THz )

 # k point   240 : (  0.2273,  0.2273,  0.4545)
   Mode, Frequency 
      1    131.3025 cm^-1  (      3.9363 THz )
      2    188.3918 cm^-1  (      5.6478 THz )
      3    277.3070 cm^-1  (      8.3135 THz )
      4    485.9054 cm^-1  (     14.5671 THz )
      5    536.4485 cm^-1  (     16.0823 THz )
      6    543.3851 cm^-1  (     16.2903 THz )

 # k point   241 : (  0.2235,  0.2235,  0.4470)
   Mode, Frequency 
      1    129.4995 cm^-1  (      3.8823 THz )
      2    185.3850 cm^-1  (      5.5577 THz )
      3    273.9500 cm^-1  (      8.2128 THz )
      4    488.4410 cm^-1  (     14.6431 THz )
      5    537.0496 cm^-1  (     16.1003 THz )
      6    544.1069 cm^-1  (     16.3119 THz )

 # k point   242 : (  0.2197,  0.2197,  0.4394)
   Mode, Frequency 
      1    127.6779 cm^-1  (      3.8277 THz )
      2    182.3447 cm^-1  (      5.4666 THz )
      3    270.5432 cm^-1  (      8.1107 THz )
      4    490.9569 cm^-1  (     14.7185 THz )
      5    537.6630 cm^-1  (     16.1187 THz )
      6    544.8248 cm^-1  (     16.3334 THz )

 # k point   243 : (  0.2159,  0.2159,  0.4318)
   Mode, Frequency 
      1    125.8379 cm^-1  (      3.7725 THz )
      2    179.2737 cm^-1  (      5.3745 THz )
      3    267.0864 cm^-1  (      8.0070 THz )
      4    493.4509 cm^-1  (     14.7933 THz )
      5    538.2884 cm^-1  (     16.1375 THz )
      6    545.5384 cm^-1  (     16.3548 THz )

 # k point   244 : (  0.2121,  0.2121,  0.4242)
   Mode, Frequency 
      1    123.9798 cm^-1  (      3.7168 THz )
      2    176.1743 cm^-1  (      5.2816 THz )
      3    263.5792 cm^-1  (      7.9019 THz )
      4    495.9212 cm^-1  (     14.8673 THz )
      5    538.9256 cm^-1  (     16.1566 THz )
      6    546.2472 cm^-1  (     16.3761 THz )

 # k point   245 : (  0.2083,  0.2083,  0.4167)
   Mode, Frequency 
      1    122.1038 cm^-1  (      3.6606 THz )
      2    173.0492 cm^-1  (      5.1879 THz )
      3    260.0213 cm^-1  (      7.7952 THz )
      4    498.3657 cm^-1  (     14.9406 THz )
      5    539.5741 cm^-1  (     16.1760 THz )
      6    546.9509 cm^-1  (     16.3972 THz )

 # k point   246 : (  0.2045,  0.2045,  0.4091)
   Mode, Frequency 
      1    120.2101 cm^-1  (      3.6038 THz )
      2    169.9005 cm^-1  (      5.0935 THz )
      3    256.4127 cm^-1  (      7.6871 THz )
      4    500.7829 cm^-1  (     15.0131 THz )
      5    540.2337 cm^-1  (     16.1958 THz )
      6    547.6491 cm^-1  (     16.4181 THz )

 # k point   247 : (  0.2008,  0.2008,  0.4015)
   Mode, Frequency 
      1    118.2991 cm^-1  (      3.5465 THz )
      2    166.7307 cm^-1  (      4.9985 THz )
      3    252.7531 cm^-1  (      7.5773 THz )
      4    503.1710 cm^-1  (     15.0847 THz )
      5    540.9038 cm^-1  (     16.2159 THz )
      6    548.3415 cm^-1  (     16.4389 THz )

 # k point   248 : (  0.1970,  0.1970,  0.3939)
   Mode, Frequency 
      1    116.3710 cm^-1  (      3.4887 THz )
      2    163.5418 cm^-1  (      4.9029 THz )
      3    249.0424 cm^-1  (      7.4661 THz )
      4    505.5285 cm^-1  (     15.1554 THz )
      5    541.5838 cm^-1  (     16.2363 THz )
      6    549.0276 cm^-1  (     16.4594 THz )

 # k point   249 : (  0.1932,  0.1932,  0.3864)
   Mode, Frequency 
      1    114.4261 cm^-1  (      3.4304 THz )
      2    160.3359 cm^-1  (      4.8067 THz )
      3    245.2806 cm^-1  (      7.3533 THz )
      4    507.8540 cm^-1  (     15.2251 THz )
      5    542.2733 cm^-1  (     16.2569 THz )
      6    549.7071 cm^-1  (     16.4798 THz )

 # k point   250 : (  0.1894,  0.1894,  0.3788)
   Mode, Frequency 
      1    112.4647 cm^-1  (      3.3716 THz )
      2    157.1150 cm^-1  (      4.7102 THz )
      3    241.4677 cm^-1  (      7.2390 THz )
      4    510.1461 cm^-1  (     15.2938 THz )
      5    542.9715 cm^-1  (     16.2779 THz )
      6    550.3797 cm^-1  (     16.5000 THz )

 # k point   251 : (  0.1856,  0.1856,  0.3712)
   Mode, Frequency 
      1    110.4870 cm^-1  (      3.3123 THz )
      2    153.8810 cm^-1  (      4.6132 THz )
      3    237.6039 cm^-1  (      7.1232 THz )
      4    512.4037 cm^-1  (     15.3615 THz )
      5    543.6778 cm^-1  (     16.2991 THz )
      6    551.0450 cm^-1  (     16.5199 THz )

 # k point   252 : (  0.1818,  0.1818,  0.3636)
   Mode, Frequency 
      1    108.4932 cm^-1  (      3.2525 THz )
      2    150.6357 cm^-1  (      4.5159 THz )
      3    233.6893 cm^-1  (      7.0058 THz )
      4    514.6255 cm^-1  (     15.4281 THz )
      5    544.3915 cm^-1  (     16.3204 THz )
      6    551.7026 cm^-1  (     16.5396 THz )

 # k point   253 : (  0.1780,  0.1780,  0.3561)
   Mode, Frequency 
      1    106.4838 cm^-1  (      3.1923 THz )
      2    147.3809 cm^-1  (      4.4184 THz )
      3    229.7241 cm^-1  (      6.8870 THz )
      4    516.8105 cm^-1  (     15.4936 THz )
      5    545.1117 cm^-1  (     16.3420 THz )
      6    552.3523 cm^-1  (     16.5591 THz )

 # k point   254 : (  0.1742,  0.1742,  0.3485)
   Mode, Frequency 
      1    104.4589 cm^-1  (      3.1316 THz )
      2    144.1183 cm^-1  (      4.3206 THz )
      3    225.7085 cm^-1  (      6.7666 THz )
      4    518.9576 cm^-1  (     15.5580 THz )
      5    545.8378 cm^-1  (     16.3638 THz )
      6    552.9936 cm^-1  (     16.5783 THz )

 # k point   255 : (  0.1705,  0.1705,  0.3409)
   Mode, Frequency 
      1    102.4189 cm^-1  (      3.0704 THz )
      2    140.8494 cm^-1  (      4.2226 THz )
      3    221.6429 cm^-1  (      6.6447 THz )
      4    521.0659 cm^-1  (     15.6212 THz )
      5    546.5687 cm^-1  (     16.3857 THz )
      6    553.6263 cm^-1  (     16.5973 THz )

 # k point   256 : (  0.1667,  0.1667,  0.3333)
   Mode, Frequency 
      1    100.3641 cm^-1  (      3.0088 THz )
      2    137.5758 cm^-1  (      4.1244 THz )
      3    217.5276 cm^-1  (      6.5213 THz )
      4    523.1345 cm^-1  (     15.6832 THz )
      5    547.3036 cm^-1  (     16.4078 THz )
      6    554.2500 cm^-1  (     16.6160 THz )

 # k point   257 : (  0.1629,  0.1629,  0.3258)
   Mode, Frequency 
      1     98.2946 cm^-1  (      2.9468 THz )
      2    134.2989 cm^-1  (      4.0262 THz )
      3    213.3630 cm^-1  (      6.3965 THz )
      4    525.1627 cm^-1  (     15.7440 THz )
      5    548.0417 cm^-1  (     16.4299 THz )
      6    554.8644 cm^-1  (     16.6344 THz )

 # k point   258 : (  0.1591,  0.1591,  0.3182)
   Mode, Frequency 
      1     96.2109 cm^-1  (      2.8843 THz )
      2    131.0201 cm^-1  (      3.9279 THz )
      3    209.1497 cm^-1  (      6.2702 THz )
      4    527.1497 cm^-1  (     15.8036 THz )
      5    548.7819 cm^-1  (     16.4521 THz )
      6    555.4692 cm^-1  (     16.6525 THz )

 # k point   259 : (  0.1553,  0.1553,  0.3106)
   Mode, Frequency 
      1     94.1132 cm^-1  (      2.8214 THz )
      2    127.7407 cm^-1  (      3.8296 THz )
      3    204.8881 cm^-1  (      6.1424 THz )
      4    529.0948 cm^-1  (     15.8619 THz )
      5    549.5234 cm^-1  (     16.4743 THz )
      6    556.0641 cm^-1  (     16.6704 THz )

 # k point   260 : (  0.1515,  0.1515,  0.3030)
   Mode, Frequency 
      1     92.0019 cm^-1  (      2.7581 THz )
      2    124.4619 cm^-1  (      3.7313 THz )
      3    200.5788 cm^-1  (      6.0132 THz )
      4    530.9974 cm^-1  (     15.9189 THz )
      5    550.2650 cm^-1  (     16.4965 THz )
      6    556.6488 cm^-1  (     16.6879 THz )

 # k point   261 : (  0.1477,  0.1477,  0.2955)
   Mode, Frequency 
      1     89.8771 cm^-1  (      2.6944 THz )
      2    121.1850 cm^-1  (      3.6330 THz )
      3    196.2225 cm^-1  (      5.8826 THz )
      4    532.8568 cm^-1  (     15.9746 THz )
      5    551.0059 cm^-1  (     16.5187 THz )
      6    557.2229 cm^-1  (     16.7051 THz )

 # k point   262 : (  0.1439,  0.1439,  0.2879)
   Mode, Frequency 
      1     87.7393 cm^-1  (      2.6304 THz )
      2    117.9110 cm^-1  (      3.5349 THz )
      3    191.8197 cm^-1  (      5.7506 THz )
      4    534.6726 cm^-1  (     16.0291 THz )
      5    551.7449 cm^-1  (     16.5409 THz )
      6    557.7863 cm^-1  (     16.7220 THz )

 # k point   263 : (  0.1402,  0.1402,  0.2803)
   Mode, Frequency 
      1     85.5887 cm^-1  (      2.5659 THz )
      2    114.6410 cm^-1  (      3.4368 THz )
      3    187.3713 cm^-1  (      5.6172 THz )
      4    536.4442 cm^-1  (     16.0822 THz )
      5    552.4810 cm^-1  (     16.5630 THz )
      6    558.3386 cm^-1  (     16.7386 THz )

 # k point   264 : (  0.1364,  0.1364,  0.2727)
   Mode, Frequency 
      1     83.4257 cm^-1  (      2.5010 THz )
      2    111.3758 cm^-1  (      3.3390 THz )
      3    182.8778 cm^-1  (      5.4825 THz )
      4    538.1713 cm^-1  (     16.1340 THz )
      5    553.2133 cm^-1  (     16.5849 THz )
      6    558.8796 cm^-1  (     16.7548 THz )

 # k point   265 : (  0.1326,  0.1326,  0.2652)
   Mode, Frequency 
      1     81.2505 cm^-1  (      2.4358 THz )
      2    108.1165 cm^-1  (      3.2413 THz )
      3    178.3402 cm^-1  (      5.3465 THz )
      4    539.8533 cm^-1  (     16.1844 THz )
      5    553.9406 cm^-1  (     16.6067 THz )
      6    559.4089 cm^-1  (     16.7707 THz )

 # k point   266 : (  0.1288,  0.1288,  0.2576)
   Mode, Frequency 
      1     79.0634 cm^-1  (      2.3703 THz )
      2    104.8638 cm^-1  (      3.1437 THz )
      3    173.7593 cm^-1  (      5.2092 THz )
      4    541.4900 cm^-1  (     16.2335 THz )
      5    554.6619 cm^-1  (     16.6283 THz )
      6    559.9263 cm^-1  (     16.7862 THz )

 # k point   267 : (  0.1250,  0.1250,  0.2500)
   Mode, Frequency 
      1     76.8649 cm^-1  (      2.3044 THz )
      2    101.6185 cm^-1  (      3.0464 THz )
      3    169.1359 cm^-1  (      5.0706 THz )
      4    543.0809 cm^-1  (     16.2812 THz )
      5    555.3761 cm^-1  (     16.6498 THz )
      6    560.4316 cm^-1  (     16.8013 THz )

 # k point   268 : (  0.1212,  0.1212,  0.2424)
   Mode, Frequency 
      1     74.6551 cm^-1  (      2.2381 THz )
      2     98.3813 cm^-1  (      2.9494 THz )
      3    164.4709 cm^-1  (      4.9307 THz )
      4    544.6259 cm^-1  (     16.3275 THz )
      5    556.0822 cm^-1  (     16.6709 THz )
      6    560.9245 cm^-1  (     16.8161 THz )

 # k point   269 : (  0.1174,  0.1174,  0.2348)
   Mode, Frequency 
      1     72.4344 cm^-1  (      2.1715 THz )
      2     95.1529 cm^-1  (      2.8526 THz )
      3    159.7652 cm^-1  (      4.7896 THz )
      4    546.1245 cm^-1  (     16.3724 THz )
      5    556.7791 cm^-1  (     16.6918 THz )
      6    561.4048 cm^-1  (     16.8305 THz )

 # k point   270 : (  0.1136,  0.1136,  0.2273)
   Mode, Frequency 
      1     70.2031 cm^-1  (      2.1046 THz )
      2     91.9337 cm^-1  (      2.7561 THz )
      3    155.0199 cm^-1  (      4.6474 THz )
      4    547.5766 cm^-1  (     16.4159 THz )
      5    557.4658 cm^-1  (     16.7124 THz )
      6    561.8722 cm^-1  (     16.8445 THz )

 # k point   271 : (  0.1098,  0.1098,  0.2197)
   Mode, Frequency 
      1     67.9616 cm^-1  (      2.0374 THz )
      2     88.7244 cm^-1  (      2.6599 THz )
      3    150.2359 cm^-1  (      4.5040 THz )
      4    548.9820 cm^-1  (     16.4581 THz )
      5    558.1413 cm^-1  (     16.7327 THz )
      6    562.3266 cm^-1  (     16.8581 THz )

 # k point   272 : (  0.1061,  0.1061,  0.2121)
   Mode, Frequency 
      1     65.7102 cm^-1  (      1.9699 THz )
      2     85.5253 cm^-1  (      2.5640 THz )
      3    145.4143 cm^-1  (      4.3594 THz )
      4    550.3404 cm^-1  (     16.4988 THz )
      5    558.8046 cm^-1  (     16.7525 THz )
      6    562.7676 cm^-1  (     16.8713 THz )

 # k point   273 : (  0.1023,  0.1023,  0.2045)
   Mode, Frequency 
      1     63.4492 cm^-1  (      1.9022 THz )
      2     82.3368 cm^-1  (      2.4684 THz )
      3    140.5560 cm^-1  (      4.2138 THz )
      4    551.6518 cm^-1  (     16.5381 THz )
      5    559.4545 cm^-1  (     16.7720 THz )
      6    563.1951 cm^-1  (     16.8842 THz )

 # k point   274 : (  0.0985,  0.0985,  0.1970)
   Mode, Frequency 
      1     61.1788 cm^-1  (      1.8341 THz )
      2     79.1592 cm^-1  (      2.3731 THz )
      3    135.6623 cm^-1  (      4.0671 THz )
      4    552.9159 cm^-1  (     16.5760 THz )
      5    560.0903 cm^-1  (     16.7911 THz )
      6    563.6088 cm^-1  (     16.8966 THz )

 # k point   275 : (  0.0947,  0.0947,  0.1894)
   Mode, Frequency 
      1     58.8996 cm^-1  (      1.7658 THz )
      2     75.9927 cm^-1  (      2.2782 THz )
      3    130.7342 cm^-1  (      3.9193 THz )
      4    554.1327 cm^-1  (     16.6125 THz )
      5    560.7108 cm^-1  (     16.8097 THz )
      6    564.0086 cm^-1  (     16.9086 THz )

 # k point   276 : (  0.0909,  0.0909,  0.1818)
   Mode, Frequency 
      1     56.6117 cm^-1  (      1.6972 THz )
      2     72.8376 cm^-1  (      2.1836 THz )
      3    125.7728 cm^-1  (      3.7706 THz )
      4    555.3019 cm^-1  (     16.6475 THz )
      5    561.3152 cm^-1  (     16.8278 THz )
      6    564.3943 cm^-1  (     16.9201 THz )

 # k point   277 : (  0.0871,  0.0871,  0.1742)
   Mode, Frequency 
      1     54.3156 cm^-1  (      1.6283 THz )
      2     69.6939 cm^-1  (      2.0894 THz )
      3    120.7794 cm^-1  (      3.6209 THz )
      4    556.4236 cm^-1  (     16.6812 THz )
      5    561.9025 cm^-1  (     16.8454 THz )
      6    564.7657 cm^-1  (     16.9313 THz )

 # k point   278 : (  0.0833,  0.0833,  0.1667)
   Mode, Frequency 
      1     52.0114 cm^-1  (      1.5593 THz )
      2     66.5617 cm^-1  (      1.9955 THz )
      3    115.7550 cm^-1  (      3.4702 THz )
      4    557.4977 cm^-1  (     16.7134 THz )
      5    562.4719 cm^-1  (     16.8625 THz )
      6    565.1226 cm^-1  (     16.9420 THz )

 # k point   279 : (  0.0795,  0.0795,  0.1591)
   Mode, Frequency 
      1     49.6997 cm^-1  (      1.4900 THz )
      2     63.4410 cm^-1  (      1.9019 THz )
      3    110.7009 cm^-1  (      3.3187 THz )
      4    558.5241 cm^-1  (     16.7441 THz )
      5    563.0224 cm^-1  (     16.8790 THz )
      6    565.4649 cm^-1  (     16.9522 THz )

 # k point   280 : (  0.0758,  0.0758,  0.1515)
   Mode, Frequency 
      1     47.3807 cm^-1  (      1.4204 THz )
      2     60.3318 cm^-1  (      1.8087 THz )
      3    105.6184 cm^-1  (      3.1664 THz )
      4    559.5028 cm^-1  (     16.7735 THz )
      5    563.5532 cm^-1  (     16.8949 THz )
      6    565.7923 cm^-1  (     16.9620 THz )

 # k point   281 : (  0.0720,  0.0720,  0.1439)
   Mode, Frequency 
      1     45.0548 cm^-1  (      1.3507 THz )
      2     57.2338 cm^-1  (      1.7158 THz )
      3    100.5085 cm^-1  (      3.0132 THz )
      4    560.4337 cm^-1  (     16.8014 THz )
      5    564.0635 cm^-1  (     16.9102 THz )
      6    566.1047 cm^-1  (     16.9714 THz )

 # k point   282 : (  0.0682,  0.0682,  0.1364)
   Mode, Frequency 
      1     42.7222 cm^-1  (      1.2808 THz )
      2     54.1470 cm^-1  (      1.6233 THz )
      3     95.3728 cm^-1  (      2.8592 THz )
      4    561.3167 cm^-1  (     16.8279 THz )
      5    564.5526 cm^-1  (     16.9249 THz )
      6    566.4021 cm^-1  (     16.9803 THz )

 # k point   283 : (  0.0644,  0.0644,  0.1288)
   Mode, Frequency 
      1     40.3834 cm^-1  (      1.2107 THz )
      2     51.0711 cm^-1  (      1.5311 THz )
      3     90.2123 cm^-1  (      2.7045 THz )
      4    562.1520 cm^-1  (     16.8529 THz )
      5    565.0196 cm^-1  (     16.9389 THz )
      6    566.6841 cm^-1  (     16.9888 THz )

 # k point   284 : (  0.0606,  0.0606,  0.1212)
   Mode, Frequency 
      1     38.0387 cm^-1  (      1.1404 THz )
      2     48.0058 cm^-1  (      1.4392 THz )
      3     85.0284 cm^-1  (      2.5491 THz )
      4    562.9395 cm^-1  (     16.8765 THz )
      5    565.4640 cm^-1  (     16.9522 THz )
      6    566.9508 cm^-1  (     16.9968 THz )

 # k point   285 : (  0.0568,  0.0568,  0.1136)
   Mode, Frequency 
      1     35.6884 cm^-1  (      1.0699 THz )
      2     44.9508 cm^-1  (      1.3476 THz )
      3     79.8223 cm^-1  (      2.3930 THz )
      4    563.6791 cm^-1  (     16.8987 THz )
      5    565.8848 cm^-1  (     16.9648 THz )
      6    567.2019 cm^-1  (     17.0043 THz )

 # k point   286 : (  0.0530,  0.0530,  0.1061)
   Mode, Frequency 
      1     33.3328 cm^-1  (      0.9993 THz )
      2     41.9056 cm^-1  (      1.2563 THz )
      3     74.5955 cm^-1  (      2.2363 THz )
      4    564.3709 cm^-1  (     16.9194 THz )
      5    566.2817 cm^-1  (     16.9767 THz )
      6    567.4374 cm^-1  (     17.0113 THz )

 # k point   287 : (  0.0492,  0.0492,  0.0985)
   Mode, Frequency 
      1     30.9724 cm^-1  (      0.9285 THz )
      2     38.8699 cm^-1  (      1.1653 THz )
      3     69.3493 cm^-1  (      2.0790 THz )
      4    565.0149 cm^-1  (     16.9387 THz )
      5    566.6538 cm^-1  (     16.9879 THz )
      6    567.6571 cm^-1  (     17.0179 THz )

 # k point   288 : (  0.0455,  0.0455,  0.0909)
   Mode, Frequency 
      1     28.6074 cm^-1  (      0.8576 THz )
      2     35.8432 cm^-1  (      1.0746 THz )
      3     64.0849 cm^-1  (      1.9212 THz )
      4    565.6111 cm^-1  (     16.9566 THz )
      5    567.0007 cm^-1  (     16.9983 THz )
      6    567.8609 cm^-1  (     17.0240 THz )

 # k point   289 : (  0.0417,  0.0417,  0.0833)
   Mode, Frequency 
      1     26.2383 cm^-1  (      0.7866 THz )
      2     32.8250 cm^-1  (      0.9841 THz )
      3     58.8037 cm^-1  (      1.7629 THz )
      4    566.1595 cm^-1  (     16.9730 THz )
      5    567.3219 cm^-1  (     17.0079 THz )
      6    568.0488 cm^-1  (     17.0297 THz )

 # k point   290 : (  0.0379,  0.0379,  0.0758)
   Mode, Frequency 
      1     23.8652 cm^-1  (      0.7155 THz )
      2     29.8146 cm^-1  (      0.8938 THz )
      3     53.5072 cm^-1  (      1.6041 THz )
      4    566.6602 cm^-1  (     16.9880 THz )
      5    567.6168 cm^-1  (     17.0167 THz )
      6    568.2207 cm^-1  (     17.0348 THz )

 # k point   291 : (  0.0341,  0.0341,  0.0682)
   Mode, Frequency 
      1     21.4887 cm^-1  (      0.6442 THz )
      2     26.8116 cm^-1  (      0.8038 THz )
      3     48.1966 cm^-1  (      1.4449 THz )
      4    567.1131 cm^-1  (     17.0016 THz )
      5    567.8850 cm^-1  (     17.0248 THz )
      6    568.3764 cm^-1  (     17.0395 THz )

 # k point   292 : (  0.0303,  0.0303,  0.0606)
   Mode, Frequency 
      1     19.1090 cm^-1  (      0.5729 THz )
      2     23.8152 cm^-1  (      0.7140 THz )
      3     42.8734 cm^-1  (      1.2853 THz )
      4    567.5182 cm^-1  (     17.0138 THz )
      5    568.1260 cm^-1  (     17.0320 THz )
      6    568.5160 cm^-1  (     17.0437 THz )

 # k point   293 : (  0.0265,  0.0265,  0.0530)
   Mode, Frequency 
      1     16.7265 cm^-1  (      0.5014 THz )
      2     20.8248 cm^-1  (      0.6243 THz )
      3     37.5389 cm^-1  (      1.1254 THz )
      4    567.8757 cm^-1  (     17.0245 THz )
      5    568.3396 cm^-1  (     17.0384 THz )
      6    568.6393 cm^-1  (     17.0474 THz )

 # k point   294 : (  0.0227,  0.0227,  0.0455)
   Mode, Frequency 
      1     14.3416 cm^-1  (      0.4300 THz )
      2     17.8398 cm^-1  (      0.5348 THz )
      3     32.1946 cm^-1  (      0.9652 THz )
      4    568.1854 cm^-1  (     17.0338 THz )
      5    568.5253 cm^-1  (     17.0440 THz )
      6    568.7462 cm^-1  (     17.0506 THz )

 # k point   295 : (  0.0189,  0.0189,  0.0379)
   Mode, Frequency 
      1     11.9546 cm^-1  (      0.3584 THz )
      2     14.8594 cm^-1  (      0.4455 THz )
      3     26.8418 cm^-1  (      0.8047 THz )
      4    568.4475 cm^-1  (     17.0416 THz )
      5    568.6830 cm^-1  (     17.0487 THz )
      6    568.8368 cm^-1  (     17.0533 THz )

 # k point   296 : (  0.0152,  0.0152,  0.0303)
   Mode, Frequency 
      1      9.5658 cm^-1  (      0.2868 THz )
      2     11.8828 cm^-1  (      0.3562 THz )
      3     21.4819 cm^-1  (      0.6440 THz )
      4    568.6619 cm^-1  (     17.0481 THz )
      5    568.8123 cm^-1  (     17.0526 THz )
      6    568.9110 cm^-1  (     17.0555 THz )

 # k point   297 : (  0.0114,  0.0114,  0.0227)
   Mode, Frequency 
      1      7.1755 cm^-1  (      0.2151 THz )
      2      8.9093 cm^-1  (      0.2671 THz )
      3     16.1164 cm^-1  (      0.4832 THz )
      4    568.8286 cm^-1  (     17.0531 THz )
      5    568.9131 cm^-1  (     17.0556 THz )
      6    568.9687 cm^-1  (     17.0573 THz )

 # k point   298 : (  0.0076,  0.0076,  0.0152)
   Mode, Frequency 
      1      4.7843 cm^-1  (      0.1434 THz )
      2      5.9383 cm^-1  (      0.1780 THz )
      3     10.7466 cm^-1  (      0.3222 THz )
      4    568.9477 cm^-1  (     17.0566 THz )
      5    568.9852 cm^-1  (     17.0577 THz )
      6    569.0100 cm^-1  (     17.0585 THz )

 # k point   299 : (  0.0038,  0.0038,  0.0076)
   Mode, Frequency 
      1      2.3923 cm^-1  (      0.0717 THz )
      2      2.9687 cm^-1  (      0.0890 THz )
      3      5.3740 cm^-1  (      0.1611 THz )
      4    569.0192 cm^-1  (     17.0588 THz )
      5    569.0285 cm^-1  (     17.0590 THz )
      6    569.0347 cm^-1  (     17.0592 THz )

 # k point   300 : (  0.0000,  0.0000,  0.0000)
   Mode, Frequency 
      1      0.0000 cm^-1  (      0.0000 THz )
      2      0.0000 cm^-1  (      0.0000 THz )
      3      0.0000 cm^-1  (      0.0000 THz )
      4    569.0430 cm^-1  (     17.0595 THz )
      5    569.0430 cm^-1  (     17.0595 THz )
      6    569.0430 cm^-1  (     17.0595 THz )

 # k point   301 : (  0.0000,  0.0000,  0.0000)
   Mode, Frequency 
      1      0.0000 cm^-1  (      0.0000 THz )
      2      0.0000 cm^-1  (      0.0000 THz )
      3      0.0000 cm^-1  (      0.0000 THz )
      4    569.0430 cm^-1  (     17.0595 THz )
      5    569.0430 cm^-1  (     17.0595 THz )
      6    569.0430 cm^-1  (     17.0595 THz )

 # k point   302 : (  0.0051,  0.0051,  0.0051)
   Mode, Frequency 
      1      2.1218 cm^-1  (      0.0636 THz )
      2      2.1218 cm^-1  (      0.0636 THz )
      3      4.4655 cm^-1  (      0.1339 THz )
      4    569.0257 cm^-1  (     17.0590 THz )
      5    569.0361 cm^-1  (     17.0593 THz )
      6    569.0361 cm^-1  (     17.0593 THz )

 # k point   303 : (  0.0101,  0.0101,  0.0101)
   Mode, Frequency 
      1      4.2431 cm^-1  (      0.1272 THz )
      2      4.2431 cm^-1  (      0.1272 THz )
      3      8.9308 cm^-1  (      0.2677 THz )
      4    568.9740 cm^-1  (     17.0574 THz )
      5    569.0155 cm^-1  (     17.0587 THz )
      6    569.0155 cm^-1  (     17.0587 THz )

 # k point   304 : (  0.0152,  0.0152,  0.0152)
   Mode, Frequency 
      1      6.3638 cm^-1  (      0.1908 THz )
      2      6.3638 cm^-1  (      0.1908 THz )
      3     13.3954 cm^-1  (      0.4016 THz )
      4    568.8877 cm^-1  (     17.0548 THz )
      5    568.9811 cm^-1  (     17.0576 THz )
      6    568.9811 cm^-1  (     17.0576 THz )

 # k point   305 : (  0.0202,  0.0202,  0.0202)
   Mode, Frequency 
      1      8.4833 cm^-1  (      0.2543 THz )
      2      8.4833 cm^-1  (      0.2543 THz )
      3     17.8590 cm^-1  (      0.5354 THz )
      4    568.7670 cm^-1  (     17.0512 THz )
      5    568.9330 cm^-1  (     17.0562 THz )
      6    568.9330 cm^-1  (     17.0562 THz )

 # k point   306 : (  0.0253,  0.0253,  0.0253)
   Mode, Frequency 
      1     10.6014 cm^-1  (      0.3178 THz )
      2     10.6014 cm^-1  (      0.3178 THz )
      3     22.3215 cm^-1  (      0.6692 THz )
      4    568.6117 cm^-1  (     17.0466 THz )
      5    568.8713 cm^-1  (     17.0543 THz )
      6    568.8713 cm^-1  (     17.0543 THz )

 # k point   307 : (  0.0303,  0.0303,  0.0303)
   Mode, Frequency 
      1     12.7176 cm^-1  (      0.3813 THz )
      2     12.7176 cm^-1  (      0.3813 THz )
      3     26.7823 cm^-1  (      0.8029 THz )
      4    568.4220 cm^-1  (     17.0409 THz )
      5    568.7959 cm^-1  (     17.0521 THz )
      6    568.7959 cm^-1  (     17.0521 THz )

 # k point   308 : (  0.0354,  0.0354,  0.0354)
   Mode, Frequency 
      1     14.8317 cm^-1  (      0.4446 THz )
      2     14.8317 cm^-1  (      0.4446 THz )
      3     31.2413 cm^-1  (      0.9366 THz )
      4    568.1979 cm^-1  (     17.0341 THz )
      5    568.7070 cm^-1  (     17.0494 THz )
      6    568.7070 cm^-1  (     17.0494 THz )

 # k point   309 : (  0.0404,  0.0404,  0.0404)
   Mode, Frequency 
      1     16.9431 cm^-1  (      0.5079 THz )
      2     16.9431 cm^-1  (      0.5079 THz )
      3     35.6981 cm^-1  (      1.0702 THz )
      4    567.9393 cm^-1  (     17.0264 THz )
      5    568.6045 cm^-1  (     17.0463 THz )
      6    568.6045 cm^-1  (     17.0463 THz )

 # k point   310 : (  0.0455,  0.0455,  0.0455)
   Mode, Frequency 
      1     19.0515 cm^-1  (      0.5712 THz )
      2     19.0515 cm^-1  (      0.5712 THz )
      3     40.1524 cm^-1  (      1.2037 THz )
      4    567.6463 cm^-1  (     17.0176 THz )
      5    568.4886 cm^-1  (     17.0429 THz )
      6    568.4886 cm^-1  (     17.0429 THz )

 # k point   311 : (  0.0505,  0.0505,  0.0505)
   Mode, Frequency 
      1     21.1567 cm^-1  (      0.6343 THz )
      2     21.1567 cm^-1  (      0.6343 THz )
      3     44.6039 cm^-1  (      1.3372 THz )
      4    567.3189 cm^-1  (     17.0078 THz )
      5    568.3594 cm^-1  (     17.0390 THz )
      6    568.3594 cm^-1  (     17.0390 THz )

 # k point   312 : (  0.0556,  0.0556,  0.0556)
   Mode, Frequency 
      1     23.2581 cm^-1  (      0.6973 THz )
      2     23.2581 cm^-1  (      0.6973 THz )
      3     49.0523 cm^-1  (      1.4706 THz )
      4    566.9571 cm^-1  (     16.9969 THz )
      5    568.2170 cm^-1  (     17.0347 THz )
      6    568.2170 cm^-1  (     17.0347 THz )

 # k point   313 : (  0.0606,  0.0606,  0.0606)
   Mode, Frequency 
      1     25.3554 cm^-1  (      0.7601 THz )
      2     25.3554 cm^-1  (      0.7601 THz )
      3     53.4973 cm^-1  (      1.6038 THz )
      4    566.5611 cm^-1  (     16.9851 THz )
      5    568.0614 cm^-1  (     17.0301 THz )
      6    568.0614 cm^-1  (     17.0301 THz )

 # k point   314 : (  0.0657,  0.0657,  0.0657)
   Mode, Frequency 
      1     27.4483 cm^-1  (      0.8229 THz )
      2     27.4483 cm^-1  (      0.8229 THz )
      3     57.9385 cm^-1  (      1.7370 THz )
      4    566.1307 cm^-1  (     16.9722 THz )
      5    567.8928 cm^-1  (     17.0250 THz )
      6    567.8928 cm^-1  (     17.0250 THz )

 # k point   315 : (  0.0707,  0.0707,  0.0707)
   Mode, Frequency 
      1     29.5363 cm^-1  (      0.8855 THz )
      2     29.5363 cm^-1  (      0.8855 THz )
      3     62.3756 cm^-1  (      1.8700 THz )
      4    565.6661 cm^-1  (     16.9582 THz )
      5    567.7114 cm^-1  (     17.0196 THz )
      6    567.7114 cm^-1  (     17.0196 THz )

 # k point   316 : (  0.0758,  0.0758,  0.0758)
   Mode, Frequency 
      1     31.6190 cm^-1  (      0.9479 THz )
      2     31.6190 cm^-1  (      0.9479 THz )
      3     66.8083 cm^-1  (      2.0029 THz )
      4    565.1673 cm^-1  (     16.9433 THz )
      5    567.5172 cm^-1  (     17.0137 THz )
      6    567.5172 cm^-1  (     17.0137 THz )

 # k point   317 : (  0.0808,  0.0808,  0.0808)
   Mode, Frequency 
      1     33.6962 cm^-1  (      1.0102 THz )
      2     33.6962 cm^-1  (      1.0102 THz )
      3     71.2364 cm^-1  (      2.1356 THz )
      4    564.6343 cm^-1  (     16.9273 THz )
      5    567.3104 cm^-1  (     17.0075 THz )
      6    567.3104 cm^-1  (     17.0075 THz )

 # k point   318 : (  0.0859,  0.0859,  0.0859)
   Mode, Frequency 
      1     35.7673 cm^-1  (      1.0723 THz )
      2     35.7673 cm^-1  (      1.0723 THz )
      3     75.6595 cm^-1  (      2.2682 THz )
      4    564.0672 cm^-1  (     16.9103 THz )
      5    567.0911 cm^-1  (     17.0010 THz )
      6    567.0911 cm^-1  (     17.0010 THz )

 # k point   319 : (  0.0909,  0.0909,  0.0909)
   Mode, Frequency 
      1     37.8321 cm^-1  (      1.1342 THz )
      2     37.8321 cm^-1  (      1.1342 THz )
      3     80.0772 cm^-1  (      2.4007 THz )
      4    563.4660 cm^-1  (     16.8923 THz )
      5    566.8597 cm^-1  (     16.9940 THz )
      6    566.8597 cm^-1  (     16.9940 THz )

 # k point   320 : (  0.0960,  0.0960,  0.0960)
   Mode, Frequency 
      1     39.8900 cm^-1  (      1.1959 THz )
      2     39.8900 cm^-1  (      1.1959 THz )
      3     84.4893 cm^-1  (      2.5329 THz )
      4    562.8308 cm^-1  (     16.8732 THz )
      5    566.6161 cm^-1  (     16.9867 THz )
      6    566.6161 cm^-1  (     16.9867 THz )

 # k point   321 : (  0.1010,  0.1010,  0.1010)
   Mode, Frequency 
      1     41.9407 cm^-1  (      1.2574 THz )
      2     41.9407 cm^-1  (      1.2574 THz )
      3     88.8955 cm^-1  (      2.6650 THz )
      4    562.1616 cm^-1  (     16.8532 THz )
      5    566.3606 cm^-1  (     16.9791 THz )
      6    566.3606 cm^-1  (     16.9791 THz )

 # k point   322 : (  0.1061,  0.1061,  0.1061)
   Mode, Frequency 
      1     43.9839 cm^-1  (      1.3186 THz )
      2     43.9839 cm^-1  (      1.3186 THz )
      3     93.2953 cm^-1  (      2.7969 THz )
      4    561.4586 cm^-1  (     16.8321 THz )
      5    566.0935 cm^-1  (     16.9711 THz )
      6    566.0935 cm^-1  (     16.9711 THz )

 # k point   323 : (  0.1111,  0.1111,  0.1111)
   Mode, Frequency 
      1     46.0190 cm^-1  (      1.3796 THz )
      2     46.0190 cm^-1  (      1.3796 THz )
      3     97.6886 cm^-1  (      2.9286 THz )
      4    560.7217 cm^-1  (     16.8100 THz )
      5    565.8149 cm^-1  (     16.9627 THz )
      6    565.8149 cm^-1  (     16.9627 THz )

 # k point   324 : (  0.1162,  0.1162,  0.1162)
   Mode, Frequency 
      1     48.0457 cm^-1  (      1.4404 THz )
      2     48.0457 cm^-1  (      1.4404 THz )
      3    102.0750 cm^-1  (      3.0601 THz )
      4    559.9511 cm^-1  (     16.7869 THz )
      5    565.5250 cm^-1  (     16.9540 THz )
      6    565.5250 cm^-1  (     16.9540 THz )

 # k point   325 : (  0.1212,  0.1212,  0.1212)
   Mode, Frequency 
      1     50.0637 cm^-1  (      1.5009 THz )
      2     50.0637 cm^-1  (      1.5009 THz )
      3    106.4542 cm^-1  (      3.1914 THz )
      4    559.1468 cm^-1  (     16.7628 THz )
      5    565.2242 cm^-1  (     16.9450 THz )
      6    565.2242 cm^-1  (     16.9450 THz )

 # k point   326 : (  0.1263,  0.1263,  0.1263)
   Mode, Frequency 
      1     52.0723 cm^-1  (      1.5611 THz )
      2     52.0723 cm^-1  (      1.5611 THz )
      3    110.8258 cm^-1  (      3.3225 THz )
      4    558.3088 cm^-1  (     16.7377 THz )
      5    564.9125 cm^-1  (     16.9357 THz )
      6    564.9125 cm^-1  (     16.9357 THz )

 # k point   327 : (  0.1313,  0.1313,  0.1313)
   Mode, Frequency 
      1     54.0714 cm^-1  (      1.6210 THz )
      2     54.0714 cm^-1  (      1.6210 THz )
      3    115.1895 cm^-1  (      3.4533 THz )
      4    557.4374 cm^-1  (     16.7116 THz )
      5    564.5903 cm^-1  (     16.9260 THz )
      6    564.5903 cm^-1  (     16.9260 THz )

 # k point   328 : (  0.1364,  0.1364,  0.1364)
   Mode, Frequency 
      1     56.0603 cm^-1  (      1.6806 THz )
      2     56.0603 cm^-1  (      1.6806 THz )
      3    119.5450 cm^-1  (      3.5839 THz )
      4    556.5325 cm^-1  (     16.6844 THz )
      5    564.2579 cm^-1  (     16.9160 THz )
      6    564.2579 cm^-1  (     16.9160 THz )

 # k point   329 : (  0.1414,  0.1414,  0.1414)
   Mode, Frequency 
      1     58.0387 cm^-1  (      1.7400 THz )
      2     58.0387 cm^-1  (      1.7400 THz )
      3    123.8921 cm^-1  (      3.7142 THz )
      4    555.5942 cm^-1  (     16.6563 THz )
      5    563.9154 cm^-1  (     16.9058 THz )
      6    563.9154 cm^-1  (     16.9058 THz )

 # k point   330 : (  0.1465,  0.1465,  0.1465)
   Mode, Frequency 
      1     60.0063 cm^-1  (      1.7989 THz )
      2     60.0063 cm^-1  (      1.7989 THz )
      3    128.2302 cm^-1  (      3.8442 THz )
      4    554.6227 cm^-1  (     16.6272 THz )
      5    563.5633 cm^-1  (     16.8952 THz )
      6    563.5633 cm^-1  (     16.8952 THz )

 # k point   331 : (  0.1515,  0.1515,  0.1515)
   Mode, Frequency 
      1     61.9624 cm^-1  (      1.8576 THz )
      2     61.9624 cm^-1  (      1.8576 THz )
      3    132.5593 cm^-1  (      3.9740 THz )
      4    553.6180 cm^-1  (     16.5970 THz )
      5    563.2017 cm^-1  (     16.8844 THz )
      6    563.2017 cm^-1  (     16.8844 THz )

 # k point   332 : (  0.1566,  0.1566,  0.1566)
   Mode, Frequency 
      1     63.9067 cm^-1  (      1.9159 THz )
      2     63.9067 cm^-1  (      1.9159 THz )
      3    136.8788 cm^-1  (      4.1035 THz )
      4    552.5802 cm^-1  (     16.5659 THz )
      5    562.8310 cm^-1  (     16.8732 THz )
      6    562.8310 cm^-1  (     16.8732 THz )

 # k point   333 : (  0.1616,  0.1616,  0.1616)
   Mode, Frequency 
      1     65.8388 cm^-1  (      1.9738 THz )
      2     65.8388 cm^-1  (      1.9738 THz )
      3    141.1884 cm^-1  (      4.2327 THz )
      4    551.5095 cm^-1  (     16.5338 THz )
      5    562.4515 cm^-1  (     16.8619 THz )
      6    562.4515 cm^-1  (     16.8619 THz )

 # k point   334 : (  0.1667,  0.1667,  0.1667)
   Mode, Frequency 
      1     67.7582 cm^-1  (      2.0313 THz )
      2     67.7582 cm^-1  (      2.0313 THz )
      3    145.4880 cm^-1  (      4.3616 THz )
      4    550.4059 cm^-1  (     16.5008 THz )
      5    562.0635 cm^-1  (     16.8502 THz )
      6    562.0635 cm^-1  (     16.8502 THz )

 # k point   335 : (  0.1717,  0.1717,  0.1717)
   Mode, Frequency 
      1     69.6645 cm^-1  (      2.0885 THz )
      2     69.6645 cm^-1  (      2.0885 THz )
      3    149.7770 cm^-1  (      4.4902 THz )
      4    549.2696 cm^-1  (     16.4667 THz )
      5    561.6674 cm^-1  (     16.8384 THz )
      6    561.6674 cm^-1  (     16.8384 THz )

 # k point   336 : (  0.1768,  0.1768,  0.1768)
   Mode, Frequency 
      1     71.5571 cm^-1  (      2.1452 THz )
      2     71.5571 cm^-1  (      2.1452 THz )
      3    154.0552 cm^-1  (      4.6185 THz )
      4    548.1007 cm^-1  (     16.4316 THz )
      5    561.2634 cm^-1  (     16.8263 THz )
      6    561.2634 cm^-1  (     16.8263 THz )

 # k point   337 : (  0.1818,  0.1818,  0.1818)
   Mode, Frequency 
      1     73.4357 cm^-1  (      2.2015 THz )
      2     73.4357 cm^-1  (      2.2015 THz )
      3    158.3222 cm^-1  (      4.7464 THz )
      4    546.8993 cm^-1  (     16.3956 THz )
      5    560.8520 cm^-1  (     16.8139 THz )
      6    560.8520 cm^-1  (     16.8139 THz )

 # k point   338 : (  0.1869,  0.1869,  0.1869)
   Mode, Frequency 
      1     75.2997 cm^-1  (      2.2574 THz )
      2     75.2997 cm^-1  (      2.2574 THz )
      3    162.5777 cm^-1  (      4.8740 THz )
      4    545.6655 cm^-1  (     16.3586 THz )
      5    560.4335 cm^-1  (     16.8014 THz )
      6    560.4335 cm^-1  (     16.8014 THz )

 # k point   339 : (  0.1919,  0.1919,  0.1919)
   Mode, Frequency 
      1     77.1487 cm^-1  (      2.3129 THz )
      2     77.1487 cm^-1  (      2.3129 THz )
      3    166.8213 cm^-1  (      5.0012 THz )
      4    544.3996 cm^-1  (     16.3207 THz )
      5    560.0082 cm^-1  (     16.7886 THz )
      6    560.0082 cm^-1  (     16.7886 THz )

 # k point   340 : (  0.1970,  0.1970,  0.1970)
   Mode, Frequency 
      1     78.9823 cm^-1  (      2.3678 THz )
      2     78.9823 cm^-1  (      2.3678 THz )
      3    171.0527 cm^-1  (      5.1280 THz )
      4    543.1016 cm^-1  (     16.2818 THz )
      5    559.5765 cm^-1  (     16.7757 THz )
      6    559.5765 cm^-1  (     16.7757 THz )

 # k point   341 : (  0.2020,  0.2020,  0.2020)
   Mode, Frequency 
      1     80.7999 cm^-1  (      2.4223 THz )
      2     80.7999 cm^-1  (      2.4223 THz )
      3    175.2716 cm^-1  (      5.2545 THz )
      4    541.7717 cm^-1  (     16.2419 THz )
      5    559.1389 cm^-1  (     16.7626 THz )
      6    559.1389 cm^-1  (     16.7626 THz )

 # k point   342 : (  0.2071,  0.2071,  0.2071)
   Mode, Frequency 
      1     82.6011 cm^-1  (      2.4763 THz )
      2     82.6011 cm^-1  (      2.4763 THz )
      3    179.4775 cm^-1  (      5.3806 THz )
      4    540.4100 cm^-1  (     16.2011 THz )
      5    558.6957 cm^-1  (     16.7493 THz )
      6    558.6957 cm^-1  (     16.7493 THz )

 # k point   343 : (  0.2121,  0.2121,  0.2121)
   Mode, Frequency 
      1     84.3853 cm^-1  (      2.5298 THz )
      2     84.3853 cm^-1  (      2.5298 THz )
      3    183.6701 cm^-1  (      5.5063 THz )
      4    539.0168 cm^-1  (     16.1593 THz )
      5    558.2472 cm^-1  (     16.7358 THz )
      6    558.2472 cm^-1  (     16.7358 THz )

 # k point   344 : (  0.2172,  0.2172,  0.2172)
   Mode, Frequency 
      1     86.1521 cm^-1  (      2.5828 THz )
      2     86.1521 cm^-1  (      2.5828 THz )
      3    187.8491 cm^-1  (      5.6316 THz )
      4    537.5921 cm^-1  (     16.1166 THz )
      5    557.7940 cm^-1  (     16.7222 THz )
      6    557.7940 cm^-1  (     16.7222 THz )

 # k point   345 : (  0.2222,  0.2222,  0.2222)
   Mode, Frequency 
      1     87.9010 cm^-1  (      2.6352 THz )
      2     87.9010 cm^-1  (      2.6352 THz )
      3    192.0140 cm^-1  (      5.7564 THz )
      4    536.1362 cm^-1  (     16.0730 THz )
      5    557.3364 cm^-1  (     16.7085 THz )
      6    557.3364 cm^-1  (     16.7085 THz )

 # k point   346 : (  0.2273,  0.2273,  0.2273)
   Mode, Frequency 
      1     89.6315 cm^-1  (      2.6871 THz )
      2     89.6315 cm^-1  (      2.6871 THz )
      3    196.1646 cm^-1  (      5.8809 THz )
      4    534.6494 cm^-1  (     16.0284 THz )
      5    556.8749 cm^-1  (     16.6947 THz )
      6    556.8749 cm^-1  (     16.6947 THz )

 # k point   347 : (  0.2323,  0.2323,  0.2323)
   Mode, Frequency 
      1     91.3431 cm^-1  (      2.7384 THz )
      2     91.3431 cm^-1  (      2.7384 THz )
      3    200.3003 cm^-1  (      6.0049 THz )
      4    533.1317 cm^-1  (     15.9829 THz )
      5    556.4099 cm^-1  (     16.6807 THz )
      6    556.4099 cm^-1  (     16.6807 THz )

 # k point   348 : (  0.2374,  0.2374,  0.2374)
   Mode, Frequency 
      1     93.0352 cm^-1  (      2.7891 THz )
      2     93.0352 cm^-1  (      2.7891 THz )
      3    204.4209 cm^-1  (      6.1284 THz )
      4    531.5833 cm^-1  (     15.9365 THz )
      5    555.9418 cm^-1  (     16.6667 THz )
      6    555.9418 cm^-1  (     16.6667 THz )

 # k point   349 : (  0.2424,  0.2424,  0.2424)
   Mode, Frequency 
      1     94.7074 cm^-1  (      2.8393 THz )
      2     94.7074 cm^-1  (      2.8393 THz )
      3    208.5259 cm^-1  (      6.2514 THz )
      4    530.0047 cm^-1  (     15.8891 THz )
      5    555.4711 cm^-1  (     16.6526 THz )
      6    555.4711 cm^-1  (     16.6526 THz )

 # k point   350 : (  0.2475,  0.2475,  0.2475)
   Mode, Frequency 
      1     96.3592 cm^-1  (      2.8888 THz )
      2     96.3592 cm^-1  (      2.8888 THz )
      3    212.6149 cm^-1  (      6.3740 THz )
      4    528.3958 cm^-1  (     15.8409 THz )
      5    554.9982 cm^-1  (     16.6384 THz )
      6    554.9982 cm^-1  (     16.6384 THz )

 # k point   351 : (  0.2525,  0.2525,  0.2525)
   Mode, Frequency 
      1     97.9900 cm^-1  (      2.9377 THz )
      2     97.9900 cm^-1  (      2.9377 THz )
      3    216.6874 cm^-1  (      6.4961 THz )
      4    526.7571 cm^-1  (     15.7918 THz )
      5    554.5236 cm^-1  (     16.6242 THz )
      6    554.5236 cm^-1  (     16.6242 THz )

 # k point   352 : (  0.2576,  0.2576,  0.2576)
   Mode, Frequency 
      1     99.5992 cm^-1  (      2.9859 THz )
      2     99.5992 cm^-1  (      2.9859 THz )
      3    220.7432 cm^-1  (      6.6177 THz )
      4    525.0888 cm^-1  (     15.7418 THz )
      5    554.0477 cm^-1  (     16.6099 THz )
      6    554.0477 cm^-1  (     16.6099 THz )

 # k point   353 : (  0.2626,  0.2626,  0.2626)
   Mode, Frequency 
      1    101.1865 cm^-1  (      3.0335 THz )
      2    101.1865 cm^-1  (      3.0335 THz )
      3    224.7816 cm^-1  (      6.7388 THz )
      4    523.3911 cm^-1  (     15.6909 THz )
      5    553.5711 cm^-1  (     16.5956 THz )
      6    553.5711 cm^-1  (     16.5956 THz )

 # k point   354 : (  0.2677,  0.2677,  0.2677)
   Mode, Frequency 
      1    102.7512 cm^-1  (      3.0804 THz )
      2    102.7512 cm^-1  (      3.0804 THz )
      3    228.8023 cm^-1  (      6.8593 THz )
      4    521.6643 cm^-1  (     15.6391 THz )
      5    553.0942 cm^-1  (     16.5813 THz )
      6    553.0942 cm^-1  (     16.5813 THz )

 # k point   355 : (  0.2727,  0.2727,  0.2727)
   Mode, Frequency 
      1    104.2929 cm^-1  (      3.1266 THz )
      2    104.2929 cm^-1  (      3.1266 THz )
      3    232.8048 cm^-1  (      6.9793 THz )
      4    519.9088 cm^-1  (     15.5865 THz )
      5    552.6174 cm^-1  (     16.5671 THz )
      6    552.6174 cm^-1  (     16.5671 THz )

 # k point   356 : (  0.2778,  0.2778,  0.2778)
   Mode, Frequency 
      1    105.8110 cm^-1  (      3.1721 THz )
      2    105.8110 cm^-1  (      3.1721 THz )
      3    236.7885 cm^-1  (      7.0987 THz )
      4    518.1249 cm^-1  (     15.5330 THz )
      5    552.1414 cm^-1  (     16.5528 THz )
      6    552.1414 cm^-1  (     16.5528 THz )

 # k point   357 : (  0.2828,  0.2828,  0.2828)
   Mode, Frequency 
      1    107.3049 cm^-1  (      3.2169 THz )
      2    107.3049 cm^-1  (      3.2169 THz )
      3    240.7531 cm^-1  (      7.2176 THz )
      4    516.3130 cm^-1  (     15.4787 THz )
      5    551.6664 cm^-1  (     16.5385 THz )
      6    551.6664 cm^-1  (     16.5385 THz )

 # k point   358 : (  0.2879,  0.2879,  0.2879)
   Mode, Frequency 
      1    108.7741 cm^-1  (      3.2610 THz )
      2    108.7741 cm^-1  (      3.2610 THz )
      3    244.6979 cm^-1  (      7.3359 THz )
      4    514.4734 cm^-1  (     15.4235 THz )
      5    551.1931 cm^-1  (     16.5244 THz )
      6    551.1931 cm^-1  (     16.5244 THz )

 # k point   359 : (  0.2929,  0.2929,  0.2929)
   Mode, Frequency 
      1    110.2182 cm^-1  (      3.3043 THz )
      2    110.2182 cm^-1  (      3.3043 THz )
      3    248.6224 cm^-1  (      7.4535 THz )
      4    512.6066 cm^-1  (     15.3676 THz )
      5    550.7220 cm^-1  (     16.5102 THz )
      6    550.7220 cm^-1  (     16.5102 THz )

 # k point   360 : (  0.2980,  0.2980,  0.2980)
   Mode, Frequency 
      1    111.6365 cm^-1  (      3.3468 THz )
      2    111.6365 cm^-1  (      3.3468 THz )
      3    252.5261 cm^-1  (      7.5705 THz )
      4    510.7129 cm^-1  (     15.3108 THz )
      5    550.2535 cm^-1  (     16.4962 THz )
      6    550.2535 cm^-1  (     16.4962 THz )

 # k point   361 : (  0.3030,  0.3030,  0.3030)
   Mode, Frequency 
      1    113.0285 cm^-1  (      3.3885 THz )
      2    113.0285 cm^-1  (      3.3885 THz )
      3    256.4082 cm^-1  (      7.6869 THz )
      4    508.7929 cm^-1  (     15.2532 THz )
      5    549.7881 cm^-1  (     16.4822 THz )
      6    549.7881 cm^-1  (     16.4822 THz )

 # k point   362 : (  0.3081,  0.3081,  0.3081)
   Mode, Frequency 
      1    114.3938 cm^-1  (      3.4294 THz )
      2    114.3938 cm^-1  (      3.4294 THz )
      3    260.2683 cm^-1  (      7.8026 THz )
      4    506.8470 cm^-1  (     15.1949 THz )
      5    549.3264 cm^-1  (     16.4684 THz )
      6    549.3264 cm^-1  (     16.4684 THz )

 # k point   363 : (  0.3131,  0.3131,  0.3131)
   Mode, Frequency 
      1    115.7317 cm^-1  (      3.4695 THz )
      2    115.7317 cm^-1  (      3.4695 THz )
      3    264.1056 cm^-1  (      7.9177 THz )
      4    504.8758 cm^-1  (     15.1358 THz )
      5    548.8688 cm^-1  (     16.4547 THz )
      6    548.8688 cm^-1  (     16.4547 THz )

 # k point   364 : (  0.3182,  0.3182,  0.3182)
   Mode, Frequency 
      1    117.0417 cm^-1  (      3.5088 THz )
      2    117.0417 cm^-1  (      3.5088 THz )
      3    267.9194 cm^-1  (      8.0320 THz )
      4    502.8799 cm^-1  (     15.0760 THz )
      5    548.4159 cm^-1  (     16.4411 THz )
      6    548.4159 cm^-1  (     16.4411 THz )

 # k point   365 : (  0.3232,  0.3232,  0.3232)
   Mode, Frequency 
      1    118.3234 cm^-1  (      3.5472 THz )
      2    118.3234 cm^-1  (      3.5472 THz )
      3    271.7090 cm^-1  (      8.1456 THz )
      4    500.8599 cm^-1  (     15.0154 THz )
      5    547.9681 cm^-1  (     16.4277 THz )
      6    547.9681 cm^-1  (     16.4277 THz )

 # k point   366 : (  0.3283,  0.3283,  0.3283)
   Mode, Frequency 
      1    119.5761 cm^-1  (      3.5848 THz )
      2    119.5761 cm^-1  (      3.5848 THz )
      3    275.4734 cm^-1  (      8.2585 THz )
      4    498.8165 cm^-1  (     14.9541 THz )
      5    547.5260 cm^-1  (     16.4144 THz )
      6    547.5260 cm^-1  (     16.4144 THz )

 # k point   367 : (  0.3333,  0.3333,  0.3333)
   Mode, Frequency 
      1    120.7993 cm^-1  (      3.6215 THz )
      2    120.7993 cm^-1  (      3.6215 THz )
      3    279.2120 cm^-1  (      8.3706 THz )
      4    496.7504 cm^-1  (     14.8922 THz )
      5    547.0900 cm^-1  (     16.4013 THz )
      6    547.0900 cm^-1  (     16.4013 THz )

 # k point   368 : (  0.3384,  0.3384,  0.3384)
   Mode, Frequency 
      1    121.9926 cm^-1  (      3.6572 THz )
      2    121.9926 cm^-1  (      3.6572 THz )
      3    282.9237 cm^-1  (      8.4818 THz )
      4    494.6626 cm^-1  (     14.8296 THz )
      5    546.6607 cm^-1  (     16.3885 THz )
      6    546.6607 cm^-1  (     16.3885 THz )

 # k point   369 : (  0.3434,  0.3434,  0.3434)
   Mode, Frequency 
      1    123.1554 cm^-1  (      3.6921 THz )
      2    123.1554 cm^-1  (      3.6921 THz )
      3    286.6074 cm^-1  (      8.5923 THz )
      4    492.5538 cm^-1  (     14.7664 THz )
      5    546.2385 cm^-1  (     16.3758 THz )
      6    546.2385 cm^-1  (     16.3758 THz )

 # k point   370 : (  0.3485,  0.3485,  0.3485)
   Mode, Frequency 
      1    124.2873 cm^-1  (      3.7260 THz )
      2    124.2873 cm^-1  (      3.7260 THz )
      3    290.2622 cm^-1  (      8.7018 THz )
      4    490.4251 cm^-1  (     14.7026 THz )
      5    545.8239 cm^-1  (     16.3634 THz )
      6    545.8239 cm^-1  (     16.3634 THz )

 # k point   371 : (  0.3535,  0.3535,  0.3535)
   Mode, Frequency 
      1    125.3876 cm^-1  (      3.7590 THz )
      2    125.3876 cm^-1  (      3.7590 THz )
      3    293.8868 cm^-1  (      8.8105 THz )
      4    488.2776 cm^-1  (     14.6382 THz )
      5    545.4174 cm^-1  (     16.3512 THz )
      6    545.4174 cm^-1  (     16.3512 THz )

 # k point   372 : (  0.3586,  0.3586,  0.3586)
   Mode, Frequency 
      1    126.4559 cm^-1  (      3.7911 THz )
      2    126.4559 cm^-1  (      3.7911 THz )
      3    297.4799 cm^-1  (      8.9182 THz )
      4    486.1124 cm^-1  (     14.5733 THz )
      5    545.0196 cm^-1  (     16.3393 THz )
      6    545.0196 cm^-1  (     16.3393 THz )

 # k point   373 : (  0.3636,  0.3636,  0.3636)
   Mode, Frequency 
      1    127.4918 cm^-1  (      3.8221 THz )
      2    127.4918 cm^-1  (      3.8221 THz )
      3    301.0400 cm^-1  (      9.0250 THz )
      4    483.9311 cm^-1  (     14.5079 THz )
      5    544.6308 cm^-1  (     16.3276 THz )
      6    544.6308 cm^-1  (     16.3276 THz )

 # k point   374 : (  0.3687,  0.3687,  0.3687)
   Mode, Frequency 
      1    128.4947 cm^-1  (      3.8522 THz )
      2    128.4947 cm^-1  (      3.8522 THz )
      3    304.5655 cm^-1  (      9.1306 THz )
      4    481.7349 cm^-1  (     14.4420 THz )
      5    544.2515 cm^-1  (     16.3163 THz )
      6    544.2515 cm^-1  (     16.3163 THz )

 # k point   375 : (  0.3737,  0.3737,  0.3737)
   Mode, Frequency 
      1    129.4641 cm^-1  (      3.8812 THz )
      2    129.4641 cm^-1  (      3.8812 THz )
      3    308.0547 cm^-1  (      9.2352 THz )
      4    479.5257 cm^-1  (     14.3758 THz )
      5    543.8823 cm^-1  (     16.3052 THz )
      6    543.8823 cm^-1  (     16.3052 THz )

 # k point   376 : (  0.3788,  0.3788,  0.3788)
   Mode, Frequency 
      1    130.3997 cm^-1  (      3.9093 THz )
      2    130.3997 cm^-1  (      3.9093 THz )
      3    311.5056 cm^-1  (      9.3387 THz )
      4    477.3053 cm^-1  (     14.3093 THz )
      5    543.5235 cm^-1  (     16.2944 THz )
      6    543.5235 cm^-1  (     16.2944 THz )

 # k point   377 : (  0.3838,  0.3838,  0.3838)
   Mode, Frequency 
      1    131.3009 cm^-1  (      3.9363 THz )
      2    131.3009 cm^-1  (      3.9363 THz )
      3    314.9160 cm^-1  (      9.4409 THz )
      4    475.0759 cm^-1  (     14.2424 THz )
      5    543.1755 cm^-1  (     16.2840 THz )
      6    543.1755 cm^-1  (     16.2840 THz )

 # k point   378 : (  0.3889,  0.3889,  0.3889)
   Mode, Frequency 
      1    132.1673 cm^-1  (      3.9623 THz )
      2    132.1673 cm^-1  (      3.9623 THz )
      3    318.2833 cm^-1  (      9.5419 THz )
      4    472.8399 cm^-1  (     14.1754 THz )
      5    542.8389 cm^-1  (     16.2739 THz )
      6    542.8389 cm^-1  (     16.2739 THz )

 # k point   379 : (  0.3939,  0.3939,  0.3939)
   Mode, Frequency 
      1    132.9984 cm^-1  (      3.9872 THz )
      2    132.9984 cm^-1  (      3.9872 THz )
      3    321.6047 cm^-1  (      9.6415 THz )
      4    470.6000 cm^-1  (     14.1082 THz )
      5    542.5141 cm^-1  (     16.2642 THz )
      6    542.5141 cm^-1  (     16.2642 THz )

 # k point   380 : (  0.3990,  0.3990,  0.3990)
   Mode, Frequency 
      1    133.7940 cm^-1  (      4.0110 THz )
      2    133.7940 cm^-1  (      4.0110 THz )
      3    324.8771 cm^-1  (      9.7396 THz )
      4    468.3594 cm^-1  (     14.0411 THz )
      5    542.2014 cm^-1  (     16.2548 THz )
      6    542.2014 cm^-1  (     16.2548 THz )

 # k point   381 : (  0.4040,  0.4040,  0.4040)
   Mode, Frequency 
      1    134.5534 cm^-1  (      4.0338 THz )
      2    134.5534 cm^-1  (      4.0338 THz )
      3    328.0967 cm^-1  (      9.8361 THz )
      4    466.1216 cm^-1  (     13.9740 THz )
      5    541.9012 cm^-1  (     16.2458 THz )
      6    541.9012 cm^-1  (     16.2458 THz )

 # k point   382 : (  0.4091,  0.4091,  0.4091)
   Mode, Frequency 
      1    135.2764 cm^-1  (      4.0555 THz )
      2    135.2764 cm^-1  (      4.0555 THz )
      3    331.2595 cm^-1  (      9.9309 THz )
      4    463.8907 cm^-1  (     13.9071 THz )
      5    541.6140 cm^-1  (     16.2372 THz )
      6    541.6140 cm^-1  (     16.2372 THz )

 # k point   383 : (  0.4141,  0.4141,  0.4141)
   Mode, Frequency 
      1    135.9626 cm^-1  (      4.0761 THz )
      2    135.9626 cm^-1  (      4.0761 THz )
      3    334.3606 cm^-1  (     10.0239 THz )
      4    461.6716 cm^-1  (     13.8406 THz )
      5    541.3400 cm^-1  (     16.2290 THz )
      6    541.3400 cm^-1  (     16.2290 THz )

 # k point   384 : (  0.4192,  0.4192,  0.4192)
   Mode, Frequency 
      1    136.6117 cm^-1  (      4.0955 THz )
      2    136.6117 cm^-1  (      4.0955 THz )
      3    337.3944 cm^-1  (     10.1148 THz )
      4    459.4695 cm^-1  (     13.7746 THz )
      5    541.0798 cm^-1  (     16.2212 THz )
      6    541.0798 cm^-1  (     16.2212 THz )

 # k point   385 : (  0.4242,  0.4242,  0.4242)
   Mode, Frequency 
      1    137.2231 cm^-1  (      4.1138 THz )
      2    137.2231 cm^-1  (      4.1138 THz )
      3    340.3547 cm^-1  (     10.2036 THz )
      4    457.2910 cm^-1  (     13.7092 THz )
      5    540.8335 cm^-1  (     16.2138 THz )
      6    540.8335 cm^-1  (     16.2138 THz )

 # k point   386 : (  0.4293,  0.4293,  0.4293)
   Mode, Frequency 
      1    137.7968 cm^-1  (      4.1310 THz )
      2    137.7968 cm^-1  (      4.1310 THz )
      3    343.2340 cm^-1  (     10.2899 THz )
      4    455.1432 cm^-1  (     13.6448 THz )
      5    540.6015 cm^-1  (     16.2068 THz )
      6    540.6015 cm^-1  (     16.2068 THz )

 # k point   387 : (  0.4343,  0.4343,  0.4343)
   Mode, Frequency 
      1    138.3323 cm^-1  (      4.1471 THz )
      2    138.3323 cm^-1  (      4.1471 THz )
      3    346.0237 cm^-1  (     10.3735 THz )
      4    453.0347 cm^-1  (     13.5816 THz )
      5    540.3842 cm^-1  (     16.2003 THz )
      6    540.3842 cm^-1  (     16.2003 THz )

 # k point   388 : (  0.4394,  0.4394,  0.4394)
   Mode, Frequency 
      1    138.8293 cm^-1  (      4.1620 THz )
      2    138.8293 cm^-1  (      4.1620 THz )
      3    348.7140 cm^-1  (     10.4542 THz )
      4    450.9755 cm^-1  (     13.5199 THz )
      5    540.1817 cm^-1  (     16.1942 THz )
      6    540.1817 cm^-1  (     16.1942 THz )

 # k point   389 : (  0.4444,  0.4444,  0.4444)
   Mode, Frequency 
      1    139.2876 cm^-1  (      4.1757 THz )
      2    139.2876 cm^-1  (      4.1757 THz )
      3    351.2933 cm^-1  (     10.5315 THz )
      4    448.9769 cm^-1  (     13.4600 THz )
      5    539.9945 cm^-1  (     16.1886 THz )
      6    539.9945 cm^-1  (     16.1886 THz )

 # k point   390 : (  0.4495,  0.4495,  0.4495)
   Mode, Frequency 
      1    139.7069 cm^-1  (      4.1883 THz )
      2    139.7069 cm^-1  (      4.1883 THz )
      3    353.7484 cm^-1  (     10.6051 THz )
      4    447.0521 cm^-1  (     13.4023 THz )
      5    539.8226 cm^-1  (     16.1835 THz )
      6    539.8226 cm^-1  (     16.1835 THz )

 # k point   391 : (  0.4545,  0.4545,  0.4545)
   Mode, Frequency 
      1    140.0870 cm^-1  (      4.1997 THz )
      2    140.0870 cm^-1  (      4.1997 THz )
      3    356.0641 cm^-1  (     10.6745 THz )
      4    445.2164 cm^-1  (     13.3473 THz )
      5    539.6665 cm^-1  (     16.1788 THz )
      6    539.6665 cm^-1  (     16.1788 THz )

 # k point   392 : (  0.4596,  0.4596,  0.4596)
   Mode, Frequency 
      1    140.4276 cm^-1  (      4.2099 THz )
      2    140.4276 cm^-1  (      4.2099 THz )
      3    358.2231 cm^-1  (     10.7393 THz )
      4    443.4868 cm^-1  (     13.2954 THz )
      5    539.5261 cm^-1  (     16.1746 THz )
      6    539.5261 cm^-1  (     16.1746 THz )

 # k point   393 : (  0.4646,  0.4646,  0.4646)
   Mode, Frequency 
      1    140.7287 cm^-1  (      4.2189 THz )
      2    140.7287 cm^-1  (      4.2189 THz )
      3    360.2061 cm^-1  (     10.7987 THz )
      4    441.8828 cm^-1  (     13.2473 THz )
      5    539.4019 cm^-1  (     16.1709 THz )
      6    539.4019 cm^-1  (     16.1709 THz )

 # k point   394 : (  0.4697,  0.4697,  0.4697)
   Mode, Frequency 
      1    140.9899 cm^-1  (      4.2268 THz )
      2    140.9899 cm^-1  (      4.2268 THz )
      3    361.9920 cm^-1  (     10.8522 THz )
      4    440.4255 cm^-1  (     13.2036 THz )
      5    539.2939 cm^-1  (     16.1676 THz )
      6    539.2939 cm^-1  (     16.1676 THz )

 # k point   395 : (  0.4747,  0.4747,  0.4747)
   Mode, Frequency 
      1    141.2112 cm^-1  (      4.2334 THz )
      2    141.2112 cm^-1  (      4.2334 THz )
      3    363.5582 cm^-1  (     10.8992 THz )
      4    439.1373 cm^-1  (     13.1650 THz )
      5    539.2022 cm^-1  (     16.1649 THz )
      6    539.2022 cm^-1  (     16.1649 THz )

 # k point   396 : (  0.4798,  0.4798,  0.4798)
   Mode, Frequency 
      1    141.3925 cm^-1  (      4.2388 THz )
      2    141.3925 cm^-1  (      4.2388 THz )
      3    364.8816 cm^-1  (     10.9389 THz )
      4    438.0415 cm^-1  (     13.1322 THz )
      5    539.1270 cm^-1  (     16.1626 THz )
      6    539.1270 cm^-1  (     16.1626 THz )

 # k point   397 : (  0.4848,  0.4848,  0.4848)
   Mode, Frequency 
      1    141.5336 cm^-1  (      4.2431 THz )
      2    141.5336 cm^-1  (      4.2431 THz )
      3    365.9396 cm^-1  (     10.9706 THz )
      4    437.1605 cm^-1  (     13.1057 THz )
      5    539.0685 cm^-1  (     16.1609 THz )
      6    539.0685 cm^-1  (     16.1609 THz )

 # k point   398 : (  0.4899,  0.4899,  0.4899)
   Mode, Frequency 
      1    141.6344 cm^-1  (      4.2461 THz )
      2    141.6344 cm^-1  (      4.2461 THz )
      3    366.7119 cm^-1  (     10.9937 THz )
      4    436.5145 cm^-1  (     13.0864 THz )
      5    539.0266 cm^-1  (     16.1596 THz )
      6    539.0266 cm^-1  (     16.1596 THz )

 # k point   399 : (  0.4949,  0.4949,  0.4949)
   Mode, Frequency 
      1    141.6949 cm^-1  (      4.2479 THz )
      2    141.6949 cm^-1  (      4.2479 THz )
      3    367.1824 cm^-1  (     11.0079 THz )
      4    436.1199 cm^-1  (     13.0745 THz )
      5    539.0014 cm^-1  (     16.1589 THz )
      6    539.0014 cm^-1  (     16.1589 THz )

 # k point   400 : (  0.5000,  0.5000,  0.5000)
   Mode, Frequency 
      1    141.7151 cm^-1  (      4.2485 THz )
      2    141.7151 cm^-1  (      4.2485 THz )
      3    367.3405 cm^-1  (     11.0126 THz )
      4    435.9871 cm^-1  (     13.0706 THz )
      5    538.9930 cm^-1  (     16.1586 THz )
      6    538.9930 cm^-1  (     16.1586 THz )


 -----------------------------------------------------------------

 The following files are created: 
  si333.bands       : Phonon band structure

 Job finished at Wed Apr 17 12:54:16 2024

