 +-----------------------------------------------------------------+
 +                         Program ANPHON                          +
 +                             Ver.  1.5.0                         +
 +-----------------------------------------------------------------+

 Job started at Wed Apr 10 13:42:34 2024

 The number of MPI processes: 1
 The number of OpenMP threads: 80


 Input variables:
 -----------------------------------------------------------------
 General:
  PREFIX = si222
  MODE = PHONONS
  FCSXML = /home/emeitz/ALM_Test/si222.xml

  NKD = 1; KD =   Si
  MASS =     28.085
  NSYM = 0; TOLERANCE = 0.001; PRINTSYM = 0

  NONANALYTIC = 0

  TMIN = 0; TMAX = 1000; DT = 10
  EMIN = 0; EMAX = 1000; DELTA_E = 10

  ISMEAR = -1; EPSILON = 10

  CLASSICAL = 0
  BCONNECT = 0


 Kpoint:
  KPMODE (1st entry for &kpoint) = 1


 Analysis:
  PRINTVEL = 0
  PRINTVEC = 0
  PRINTXSF = 0

  GRUNEISEN = 0
  NEWFCS = 0


 -----------------------------------------------------------------

                      MODE = phonons                         
                                                             
      Phonon calculation within harmonic approximation       
      Harmonic force constants will be used.                 

 -----------------------------------------------------------------

 Crystal structure
 =================

 Lattice Vectors:

 * Supercell (from /home/emeitz/ALM_Test/si222.xml )

    2.052242e+01   0.000000e+00   0.000000e+00 : a1
    0.000000e+00   2.052242e+01   0.000000e+00 : a2
    0.000000e+00   0.000000e+00   2.052242e+01 : a3

    3.061619e-01   0.000000e+00   0.000000e+00 : b1
    0.000000e+00   3.061619e-01   0.000000e+00 : b2
    0.000000e+00   0.000000e+00   3.061619e-01 : b3

 * Primitive cell 

    0.000000e+00   5.130606e+00   5.130606e+00 : a1
    5.130606e+00   0.000000e+00   5.130606e+00 : a2
    5.130606e+00   5.130606e+00   0.000000e+00 : a3

   -6.123239e-01   6.123239e-01   6.123239e-01 : b1
    6.123239e-01  -6.123239e-01   6.123239e-01 : b2
    6.123239e-01   6.123239e-01  -6.123239e-01 : b3


  Volume of the primitive cell : 2.701071e+02 (a.u.)^3

  Number of atoms in the supercell     : 64
  Number of atoms in the primitive cell: 2

  Atomic positions in the primitive cell (fractional):
   1:   0.000000e+00   0.000000e+00   0.000000e+00  Si
   2:   2.500000e-01   2.500000e-01   2.500000e-01  Si

  Mass of atomic species (u):
  Si:   28.085000


 Symmetry
 ========

  NSYM = 0 is given: Trying to find symmetry operations.

  Number of symmetry operations : 48
 k points
 ========

  KPMODE = 1: Band structure calculation
  Number of paths : 4

  List of k paths : 
   1:  G (  0.0000  0.0000  0.0000)  X (  0.5000  0.5000  0.0000) 100
   2:  X (  0.5000  0.5000  1.0000)  K (  0.3750  0.3750  0.7500) 100
   3:  K (  0.3750  0.3750  0.7500)  G (  0.0000  0.0000  0.0000) 100
   4:  G (  0.0000  0.0000  0.0000)  L (  0.5000  0.5000  0.5000) 100

  Number of k points : 400

 Force constant
 ==============

  Reading force constants from the XML file ... done !
  Number of non-zero IFCs for 2 order: 1710

  Maximum deviation from the translational invariance: 
   Order 2 :   1.3878e-16


 Dynamical matrix
 ================

  NONANALYTIC = 0 : No non-analytic correction. 


 -----------------------------------------------------------------


 ISMEAR = -1: Tetrahedron method will be used.

 Now, move on to phonon calculations.

 Diagonalizing dynamical matrices for all k points ... done!

 -----------------------------------------------------------------

 Phonon frequencies below:

 # k point     1 : (  0.0000,  0.0000,  0.0000)
   Mode, Frequency 
      1      0.0000 cm^-1  (      0.0000 THz )
      2      0.0000 cm^-1  (      0.0000 THz )
      3      0.0000 cm^-1  (      0.0000 THz )
      4    595.0845 cm^-1  (     17.8402 THz )
      5    595.0845 cm^-1  (     17.8402 THz )
      6    595.0845 cm^-1  (     17.8402 THz )

 # k point     2 : (  0.0051,  0.0051,  0.0000)
   Mode, Frequency 
      1      3.0542 cm^-1  (      0.0916 THz )
      2      3.0542 cm^-1  (      0.0916 THz )
      3      5.0045 cm^-1  (      0.1500 THz )
      4    595.0681 cm^-1  (     17.8397 THz )
      5    595.0697 cm^-1  (     17.8397 THz )
      6    595.0697 cm^-1  (     17.8397 THz )

 # k point     3 : (  0.0101,  0.0101,  0.0000)
   Mode, Frequency 
      1      6.1082 cm^-1  (      0.1831 THz )
      2      6.1082 cm^-1  (      0.1831 THz )
      3     10.0086 cm^-1  (      0.3001 THz )
      4    595.0189 cm^-1  (     17.8382 THz )
      5    595.0254 cm^-1  (     17.8384 THz )
      6    595.0254 cm^-1  (     17.8384 THz )

 # k point     4 : (  0.0152,  0.0152,  0.0000)
   Mode, Frequency 
      1      9.1616 cm^-1  (      0.2747 THz )
      2      9.1616 cm^-1  (      0.2747 THz )
      3     15.0119 cm^-1  (      0.4500 THz )
      4    594.9368 cm^-1  (     17.8358 THz )
      5    594.9514 cm^-1  (     17.8362 THz )
      6    594.9514 cm^-1  (     17.8362 THz )

 # k point     5 : (  0.0202,  0.0202,  0.0000)
   Mode, Frequency 
      1     12.2142 cm^-1  (      0.3662 THz )
      2     12.2142 cm^-1  (      0.3662 THz )
      3     20.0139 cm^-1  (      0.6000 THz )
      4    594.8220 cm^-1  (     17.8323 THz )
      5    594.8480 cm^-1  (     17.8331 THz )
      6    594.8480 cm^-1  (     17.8331 THz )

 # k point     6 : (  0.0253,  0.0253,  0.0000)
   Mode, Frequency 
      1     15.2658 cm^-1  (      0.4577 THz )
      2     15.2658 cm^-1  (      0.4577 THz )
      3     25.0142 cm^-1  (      0.7499 THz )
      4    594.6743 cm^-1  (     17.8279 THz )
      5    594.7151 cm^-1  (     17.8291 THz )
      6    594.7151 cm^-1  (     17.8291 THz )

 # k point     7 : (  0.0303,  0.0303,  0.0000)
   Mode, Frequency 
      1     18.3160 cm^-1  (      0.5491 THz )
      2     18.3160 cm^-1  (      0.5491 THz )
      3     30.0124 cm^-1  (      0.8998 THz )
      4    594.4937 cm^-1  (     17.8225 THz )
      5    594.5529 cm^-1  (     17.8242 THz )
      6    594.5529 cm^-1  (     17.8242 THz )

 # k point     8 : (  0.0354,  0.0354,  0.0000)
   Mode, Frequency 
      1     21.3646 cm^-1  (      0.6405 THz )
      2     21.3646 cm^-1  (      0.6405 THz )
      3     35.0082 cm^-1  (      1.0495 THz )
      4    594.2804 cm^-1  (     17.8161 THz )
      5    594.3613 cm^-1  (     17.8185 THz )
      6    594.3613 cm^-1  (     17.8185 THz )

 # k point     9 : (  0.0404,  0.0404,  0.0000)
   Mode, Frequency 
      1     24.4113 cm^-1  (      0.7318 THz )
      2     24.4113 cm^-1  (      0.7318 THz )
      3     40.0009 cm^-1  (      1.1992 THz )
      4    594.0342 cm^-1  (     17.8087 THz )
      5    594.1405 cm^-1  (     17.8119 THz )
      6    594.1405 cm^-1  (     17.8119 THz )

 # k point    10 : (  0.0455,  0.0455,  0.0000)
   Mode, Frequency 
      1     27.4559 cm^-1  (      0.8231 THz )
      2     27.4559 cm^-1  (      0.8231 THz )
      3     44.9904 cm^-1  (      1.3488 THz )
      4    593.7552 cm^-1  (     17.8003 THz )
      5    593.8906 cm^-1  (     17.8044 THz )
      6    593.8906 cm^-1  (     17.8044 THz )

 # k point    11 : (  0.0505,  0.0505,  0.0000)
   Mode, Frequency 
      1     30.4980 cm^-1  (      0.9143 THz )
      2     30.4980 cm^-1  (      0.9143 THz )
      3     49.9761 cm^-1  (      1.4982 THz )
      4    593.4433 cm^-1  (     17.7910 THz )
      5    593.6118 cm^-1  (     17.7960 THz )
      6    593.6118 cm^-1  (     17.7960 THz )

 # k point    12 : (  0.0556,  0.0556,  0.0000)
   Mode, Frequency 
      1     33.5374 cm^-1  (      1.0054 THz )
      2     33.5374 cm^-1  (      1.0054 THz )
      3     54.9576 cm^-1  (      1.6476 THz )
      4    593.0986 cm^-1  (     17.7806 THz )
      5    593.3041 cm^-1  (     17.7868 THz )
      6    593.3041 cm^-1  (     17.7868 THz )

 # k point    13 : (  0.0606,  0.0606,  0.0000)
   Mode, Frequency 
      1     36.5737 cm^-1  (      1.0965 THz )
      2     36.5737 cm^-1  (      1.0965 THz )
      3     59.9345 cm^-1  (      1.7968 THz )
      4    592.7210 cm^-1  (     17.7693 THz )
      5    592.9678 cm^-1  (     17.7767 THz )
      6    592.9678 cm^-1  (     17.7767 THz )

 # k point    14 : (  0.0657,  0.0657,  0.0000)
   Mode, Frequency 
      1     39.6067 cm^-1  (      1.1874 THz )
      2     39.6067 cm^-1  (      1.1874 THz )
      3     64.9064 cm^-1  (      1.9458 THz )
      4    592.3106 cm^-1  (     17.7570 THz )
      5    592.6029 cm^-1  (     17.7658 THz )
      6    592.6029 cm^-1  (     17.7658 THz )

 # k point    15 : (  0.0707,  0.0707,  0.0000)
   Mode, Frequency 
      1     42.6361 cm^-1  (      1.2782 THz )
      2     42.6361 cm^-1  (      1.2782 THz )
      3     69.8729 cm^-1  (      2.0947 THz )
      4    591.8673 cm^-1  (     17.7437 THz )
      5    592.2098 cm^-1  (     17.7540 THz )
      6    592.2098 cm^-1  (     17.7540 THz )

 # k point    16 : (  0.0758,  0.0758,  0.0000)
   Mode, Frequency 
      1     45.6616 cm^-1  (      1.3689 THz )
      2     45.6616 cm^-1  (      1.3689 THz )
      3     74.8336 cm^-1  (      2.2435 THz )
      4    591.3911 cm^-1  (     17.7295 THz )
      5    591.7886 cm^-1  (     17.7414 THz )
      6    591.7886 cm^-1  (     17.7414 THz )

 # k point    17 : (  0.0808,  0.0808,  0.0000)
   Mode, Frequency 
      1     48.6829 cm^-1  (      1.4595 THz )
      2     48.6829 cm^-1  (      1.4595 THz )
      3     79.7880 cm^-1  (      2.3920 THz )
      4    590.8820 cm^-1  (     17.7142 THz )
      5    591.3395 cm^-1  (     17.7279 THz )
      6    591.3395 cm^-1  (     17.7279 THz )

 # k point    18 : (  0.0859,  0.0859,  0.0000)
   Mode, Frequency 
      1     51.6995 cm^-1  (      1.5499 THz )
      2     51.6995 cm^-1  (      1.5499 THz )
      3     84.7358 cm^-1  (      2.5403 THz )
      4    590.3400 cm^-1  (     17.6979 THz )
      5    590.8628 cm^-1  (     17.7136 THz )
      6    590.8628 cm^-1  (     17.7136 THz )

 # k point    19 : (  0.0909,  0.0909,  0.0000)
   Mode, Frequency 
      1     54.7113 cm^-1  (      1.6402 THz )
      2     54.7113 cm^-1  (      1.6402 THz )
      3     89.6765 cm^-1  (      2.6884 THz )
      4    589.7651 cm^-1  (     17.6807 THz )
      5    590.3588 cm^-1  (     17.6985 THz )
      6    590.3588 cm^-1  (     17.6985 THz )

 # k point    20 : (  0.0960,  0.0960,  0.0000)
   Mode, Frequency 
      1     57.7178 cm^-1  (      1.7303 THz )
      2     57.7178 cm^-1  (      1.7303 THz )
      3     94.6098 cm^-1  (      2.8363 THz )
      4    589.1573 cm^-1  (     17.6625 THz )
      5    589.8276 cm^-1  (     17.6826 THz )
      6    589.8276 cm^-1  (     17.6826 THz )

 # k point    21 : (  0.1010,  0.1010,  0.0000)
   Mode, Frequency 
      1     60.7188 cm^-1  (      1.8203 THz )
      2     60.7188 cm^-1  (      1.8203 THz )
      3     99.5352 cm^-1  (      2.9840 THz )
      4    588.5165 cm^-1  (     17.6433 THz )
      5    589.2696 cm^-1  (     17.6659 THz )
      6    589.2696 cm^-1  (     17.6659 THz )

 # k point    22 : (  0.1061,  0.1061,  0.0000)
   Mode, Frequency 
      1     63.7139 cm^-1  (      1.9101 THz )
      2     63.7139 cm^-1  (      1.9101 THz )
      3    104.4523 cm^-1  (      3.1314 THz )
      4    587.8429 cm^-1  (     17.6231 THz )
      5    588.6851 cm^-1  (     17.6483 THz )
      6    588.6851 cm^-1  (     17.6483 THz )

 # k point    23 : (  0.1111,  0.1111,  0.0000)
   Mode, Frequency 
      1     66.7026 cm^-1  (      1.9997 THz )
      2     66.7026 cm^-1  (      1.9997 THz )
      3    109.3607 cm^-1  (      3.2786 THz )
      4    587.1362 cm^-1  (     17.6019 THz )
      5    588.0745 cm^-1  (     17.6300 THz )
      6    588.0745 cm^-1  (     17.6300 THz )

 # k point    24 : (  0.1162,  0.1162,  0.0000)
   Mode, Frequency 
      1     69.6847 cm^-1  (      2.0891 THz )
      2     69.6847 cm^-1  (      2.0891 THz )
      3    114.2601 cm^-1  (      3.4254 THz )
      4    586.3966 cm^-1  (     17.5797 THz )
      5    587.4380 cm^-1  (     17.6109 THz )
      6    587.4380 cm^-1  (     17.6109 THz )

 # k point    25 : (  0.1212,  0.1212,  0.0000)
   Mode, Frequency 
      1     72.6598 cm^-1  (      2.1783 THz )
      2     72.6598 cm^-1  (      2.1783 THz )
      3    119.1500 cm^-1  (      3.5720 THz )
      4    585.6241 cm^-1  (     17.5566 THz )
      5    586.7760 cm^-1  (     17.5911 THz )
      6    586.7760 cm^-1  (     17.5911 THz )

 # k point    26 : (  0.1263,  0.1263,  0.0000)
   Mode, Frequency 
      1     75.6275 cm^-1  (      2.2673 THz )
      2     75.6275 cm^-1  (      2.2673 THz )
      3    124.0300 cm^-1  (      3.7183 THz )
      4    584.8185 cm^-1  (     17.5324 THz )
      5    586.0889 cm^-1  (     17.5705 THz )
      6    586.0889 cm^-1  (     17.5705 THz )

 # k point    27 : (  0.1313,  0.1313,  0.0000)
   Mode, Frequency 
      1     78.5873 cm^-1  (      2.3560 THz )
      2     78.5873 cm^-1  (      2.3560 THz )
      3    128.8998 cm^-1  (      3.8643 THz )
      4    583.9799 cm^-1  (     17.5073 THz )
      5    585.3771 cm^-1  (     17.5492 THz )
      6    585.3771 cm^-1  (     17.5492 THz )

 # k point    28 : (  0.1364,  0.1364,  0.0000)
   Mode, Frequency 
      1     81.5388 cm^-1  (      2.4445 THz )
      2     81.5388 cm^-1  (      2.4445 THz )
      3    133.7589 cm^-1  (      4.0100 THz )
      4    583.1084 cm^-1  (     17.4811 THz )
      5    584.6410 cm^-1  (     17.5271 THz )
      6    584.6410 cm^-1  (     17.5271 THz )

 # k point    29 : (  0.1414,  0.1414,  0.0000)
   Mode, Frequency 
      1     84.4816 cm^-1  (      2.5327 THz )
      2     84.4816 cm^-1  (      2.5327 THz )
      3    138.6069 cm^-1  (      4.1553 THz )
      4    582.2038 cm^-1  (     17.4540 THz )
      5    583.8810 cm^-1  (     17.5043 THz )
      6    583.8810 cm^-1  (     17.5043 THz )

 # k point    30 : (  0.1465,  0.1465,  0.0000)
   Mode, Frequency 
      1     87.4154 cm^-1  (      2.6206 THz )
      2     87.4154 cm^-1  (      2.6206 THz )
      3    143.4435 cm^-1  (      4.3003 THz )
      4    581.2662 cm^-1  (     17.4259 THz )
      5    583.0977 cm^-1  (     17.4808 THz )
      6    583.0977 cm^-1  (     17.4808 THz )

 # k point    31 : (  0.1515,  0.1515,  0.0000)
   Mode, Frequency 
      1     90.3395 cm^-1  (      2.7083 THz )
      2     90.3395 cm^-1  (      2.7083 THz )
      3    148.2683 cm^-1  (      4.4450 THz )
      4    580.2955 cm^-1  (     17.3968 THz )
      5    582.2913 cm^-1  (     17.4567 THz )
      6    582.2913 cm^-1  (     17.4567 THz )

 # k point    32 : (  0.1566,  0.1566,  0.0000)
   Mode, Frequency 
      1     93.2536 cm^-1  (      2.7957 THz )
      2     93.2536 cm^-1  (      2.7957 THz )
      3    153.0809 cm^-1  (      4.5893 THz )
      4    579.2918 cm^-1  (     17.3667 THz )
      5    581.4625 cm^-1  (     17.4318 THz )
      6    581.4625 cm^-1  (     17.4318 THz )

 # k point    33 : (  0.1616,  0.1616,  0.0000)
   Mode, Frequency 
      1     96.1572 cm^-1  (      2.8827 THz )
      2     96.1572 cm^-1  (      2.8827 THz )
      3    157.8809 cm^-1  (      4.7332 THz )
      4    578.2549 cm^-1  (     17.3356 THz )
      5    580.6117 cm^-1  (     17.4063 THz )
      6    580.6117 cm^-1  (     17.4063 THz )

 # k point    34 : (  0.1667,  0.1667,  0.0000)
   Mode, Frequency 
      1     99.0497 cm^-1  (      2.9694 THz )
      2     99.0497 cm^-1  (      2.9694 THz )
      3    162.6679 cm^-1  (      4.8767 THz )
      4    577.1851 cm^-1  (     17.3036 THz )
      5    579.7395 cm^-1  (     17.3802 THz )
      6    579.7395 cm^-1  (     17.3802 THz )

 # k point    35 : (  0.1717,  0.1717,  0.0000)
   Mode, Frequency 
      1    101.9306 cm^-1  (      3.0558 THz )
      2    101.9306 cm^-1  (      3.0558 THz )
      3    167.4416 cm^-1  (      5.0198 THz )
      4    576.0821 cm^-1  (     17.2705 THz )
      5    578.8465 cm^-1  (     17.3534 THz )
      6    578.8465 cm^-1  (     17.3534 THz )

 # k point    36 : (  0.1768,  0.1768,  0.0000)
   Mode, Frequency 
      1    104.7995 cm^-1  (      3.1418 THz )
      2    104.7995 cm^-1  (      3.1418 THz )
      3    172.2015 cm^-1  (      5.1625 THz )
      4    574.9460 cm^-1  (     17.2364 THz )
      5    577.9331 cm^-1  (     17.3260 THz )
      6    577.9331 cm^-1  (     17.3260 THz )

 # k point    37 : (  0.1818,  0.1818,  0.0000)
   Mode, Frequency 
      1    107.6557 cm^-1  (      3.2274 THz )
      2    107.6557 cm^-1  (      3.2274 THz )
      3    176.9474 cm^-1  (      5.3047 THz )
      4    573.7767 cm^-1  (     17.2014 THz )
      5    577.0000 cm^-1  (     17.2980 THz )
      6    577.0000 cm^-1  (     17.2980 THz )

 # k point    38 : (  0.1869,  0.1869,  0.0000)
   Mode, Frequency 
      1    110.4987 cm^-1  (      3.3127 THz )
      2    110.4987 cm^-1  (      3.3127 THz )
      3    181.6787 cm^-1  (      5.4466 THz )
      4    572.5744 cm^-1  (     17.1653 THz )
      5    576.0478 cm^-1  (     17.2695 THz )
      6    576.0478 cm^-1  (     17.2695 THz )

 # k point    39 : (  0.1919,  0.1919,  0.0000)
   Mode, Frequency 
      1    113.3279 cm^-1  (      3.3975 THz )
      2    113.3279 cm^-1  (      3.3975 THz )
      3    186.3953 cm^-1  (      5.5880 THz )
      4    571.3389 cm^-1  (     17.1283 THz )
      5    575.0771 cm^-1  (     17.2404 THz )
      6    575.0771 cm^-1  (     17.2404 THz )

 # k point    40 : (  0.1970,  0.1970,  0.0000)
   Mode, Frequency 
      1    116.1426 cm^-1  (      3.4819 THz )
      2    116.1426 cm^-1  (      3.4819 THz )
      3    191.0966 cm^-1  (      5.7289 THz )
      4    570.0703 cm^-1  (     17.0903 THz )
      5    574.0886 cm^-1  (     17.2107 THz )
      6    574.0886 cm^-1  (     17.2107 THz )

 # k point    41 : (  0.2020,  0.2020,  0.0000)
   Mode, Frequency 
      1    118.9424 cm^-1  (      3.5658 THz )
      2    118.9424 cm^-1  (      3.5658 THz )
      3    195.7824 cm^-1  (      5.8694 THz )
      4    568.7685 cm^-1  (     17.0512 THz )
      5    573.0830 cm^-1  (     17.1806 THz )
      6    573.0830 cm^-1  (     17.1806 THz )

 # k point    42 : (  0.2071,  0.2071,  0.0000)
   Mode, Frequency 
      1    121.7264 cm^-1  (      3.6493 THz )
      2    121.7264 cm^-1  (      3.6493 THz )
      3    200.4523 cm^-1  (      6.0094 THz )
      4    567.4335 cm^-1  (     17.0112 THz )
      5    572.0610 cm^-1  (     17.1500 THz )
      6    572.0610 cm^-1  (     17.1500 THz )

 # k point    43 : (  0.2121,  0.2121,  0.0000)
   Mode, Frequency 
      1    124.4942 cm^-1  (      3.7322 THz )
      2    124.4942 cm^-1  (      3.7322 THz )
      3    205.1059 cm^-1  (      6.1489 THz )
      4    566.0653 cm^-1  (     16.9702 THz )
      5    571.0232 cm^-1  (     17.1188 THz )
      6    571.0232 cm^-1  (     17.1188 THz )

 # k point    44 : (  0.2172,  0.2172,  0.0000)
   Mode, Frequency 
      1    127.2448 cm^-1  (      3.8147 THz )
      2    127.2448 cm^-1  (      3.8147 THz )
      3    209.7429 cm^-1  (      6.2879 THz )
      4    564.6640 cm^-1  (     16.9282 THz )
      5    569.9706 cm^-1  (     17.0873 THz )
      6    569.9706 cm^-1  (     17.0873 THz )

 # k point    45 : (  0.2222,  0.2222,  0.0000)
   Mode, Frequency 
      1    129.9777 cm^-1  (      3.8966 THz )
      2    129.9777 cm^-1  (      3.8966 THz )
      3    214.3629 cm^-1  (      6.4264 THz )
      4    563.2294 cm^-1  (     16.8852 THz )
      5    568.9037 cm^-1  (     17.0553 THz )
      6    568.9037 cm^-1  (     17.0553 THz )

 # k point    46 : (  0.2273,  0.2273,  0.0000)
   Mode, Frequency 
      1    132.6921 cm^-1  (      3.9780 THz )
      2    132.6921 cm^-1  (      3.9780 THz )
      3    218.9656 cm^-1  (      6.5644 THz )
      4    561.7617 cm^-1  (     16.8412 THz )
      5    567.8235 cm^-1  (     17.0229 THz )
      6    567.8235 cm^-1  (     17.0229 THz )

 # k point    47 : (  0.2323,  0.2323,  0.0000)
   Mode, Frequency 
      1    135.3873 cm^-1  (      4.0588 THz )
      2    135.3873 cm^-1  (      4.0588 THz )
      3    223.5507 cm^-1  (      6.7019 THz )
      4    560.2607 cm^-1  (     16.7962 THz )
      5    566.7307 cm^-1  (     16.9902 THz )
      6    566.7307 cm^-1  (     16.9902 THz )

 # k point    48 : (  0.2374,  0.2374,  0.0000)
   Mode, Frequency 
      1    138.0624 cm^-1  (      4.1390 THz )
      2    138.0624 cm^-1  (      4.1390 THz )
      3    228.1177 cm^-1  (      6.8388 THz )
      4    558.7266 cm^-1  (     16.7502 THz )
      5    565.6263 cm^-1  (     16.9570 THz )
      6    565.6263 cm^-1  (     16.9570 THz )

 # k point    49 : (  0.2424,  0.2424,  0.0000)
   Mode, Frequency 
      1    140.7167 cm^-1  (      4.2186 THz )
      2    140.7167 cm^-1  (      4.2186 THz )
      3    232.6664 cm^-1  (      6.9752 THz )
      4    557.1592 cm^-1  (     16.7032 THz )
      5    564.5110 cm^-1  (     16.9236 THz )
      6    564.5110 cm^-1  (     16.9236 THz )

 # k point    50 : (  0.2475,  0.2475,  0.0000)
   Mode, Frequency 
      1    143.3493 cm^-1  (      4.2975 THz )
      2    143.3493 cm^-1  (      4.2975 THz )
      3    237.1964 cm^-1  (      7.1110 THz )
      4    555.5586 cm^-1  (     16.6552 THz )
      5    563.3859 cm^-1  (     16.8899 THz )
      6    563.3859 cm^-1  (     16.8899 THz )

 # k point    51 : (  0.2525,  0.2525,  0.0000)
   Mode, Frequency 
      1    145.9594 cm^-1  (      4.3758 THz )
      2    145.9594 cm^-1  (      4.3758 THz )
      3    241.7074 cm^-1  (      7.2462 THz )
      4    553.9248 cm^-1  (     16.6062 THz )
      5    562.2518 cm^-1  (     16.8559 THz )
      6    562.2518 cm^-1  (     16.8559 THz )

 # k point    52 : (  0.2576,  0.2576,  0.0000)
   Mode, Frequency 
      1    148.5460 cm^-1  (      4.4533 THz )
      2    148.5460 cm^-1  (      4.4533 THz )
      3    246.1991 cm^-1  (      7.3809 THz )
      4    552.2577 cm^-1  (     16.5563 THz )
      5    561.1097 cm^-1  (     16.8216 THz )
      6    561.1097 cm^-1  (     16.8216 THz )

 # k point    53 : (  0.2626,  0.2626,  0.0000)
   Mode, Frequency 
      1    151.1083 cm^-1  (      4.5301 THz )
      2    151.1083 cm^-1  (      4.5301 THz )
      3    250.6711 cm^-1  (      7.5149 THz )
      4    550.5575 cm^-1  (     16.5053 THz )
      5    559.9606 cm^-1  (     16.7872 THz )
      6    559.9606 cm^-1  (     16.7872 THz )

 # k point    54 : (  0.2677,  0.2677,  0.0000)
   Mode, Frequency 
      1    153.6453 cm^-1  (      4.6062 THz )
      2    153.6453 cm^-1  (      4.6062 THz )
      3    255.1232 cm^-1  (      7.6484 THz )
      4    548.8240 cm^-1  (     16.4533 THz )
      5    558.8055 cm^-1  (     16.7526 THz )
      6    558.8055 cm^-1  (     16.7526 THz )

 # k point    55 : (  0.2727,  0.2727,  0.0000)
   Mode, Frequency 
      1    156.1561 cm^-1  (      4.6814 THz )
      2    156.1561 cm^-1  (      4.6814 THz )
      3    259.5549 cm^-1  (      7.7813 THz )
      4    547.0573 cm^-1  (     16.4004 THz )
      5    557.6455 cm^-1  (     16.7178 THz )
      6    557.6455 cm^-1  (     16.7178 THz )

 # k point    56 : (  0.2778,  0.2778,  0.0000)
   Mode, Frequency 
      1    158.6396 cm^-1  (      4.7559 THz )
      2    158.6396 cm^-1  (      4.7559 THz )
      3    263.9661 cm^-1  (      7.9135 THz )
      4    545.2574 cm^-1  (     16.3464 THz )
      5    556.4816 cm^-1  (     16.6829 THz )
      6    556.4816 cm^-1  (     16.6829 THz )

 # k point    57 : (  0.2828,  0.2828,  0.0000)
   Mode, Frequency 
      1    161.0948 cm^-1  (      4.8295 THz )
      2    161.0948 cm^-1  (      4.8295 THz )
      3    268.3564 cm^-1  (      8.0451 THz )
      4    543.4243 cm^-1  (     16.2915 THz )
      5    555.3150 cm^-1  (     16.6479 THz )
      6    555.3150 cm^-1  (     16.6479 THz )

 # k point    58 : (  0.2879,  0.2879,  0.0000)
   Mode, Frequency 
      1    163.5206 cm^-1  (      4.9022 THz )
      2    163.5206 cm^-1  (      4.9022 THz )
      3    272.7254 cm^-1  (      8.1761 THz )
      4    541.5580 cm^-1  (     16.2355 THz )
      5    554.1467 cm^-1  (     16.6129 THz )
      6    554.1467 cm^-1  (     16.6129 THz )

 # k point    59 : (  0.2929,  0.2929,  0.0000)
   Mode, Frequency 
      1    165.9161 cm^-1  (      4.9740 THz )
      2    165.9161 cm^-1  (      4.9740 THz )
      3    277.0729 cm^-1  (      8.3064 THz )
      4    539.6585 cm^-1  (     16.1786 THz )
      5    552.9780 cm^-1  (     16.5779 THz )
      6    552.9780 cm^-1  (     16.5779 THz )

 # k point    60 : (  0.2980,  0.2980,  0.0000)
   Mode, Frequency 
      1    168.2800 cm^-1  (      5.0449 THz )
      2    168.2800 cm^-1  (      5.0449 THz )
      3    281.3987 cm^-1  (      8.4361 THz )
      4    537.7258 cm^-1  (     16.1206 THz )
      5    551.8101 cm^-1  (     16.5428 THz )
      6    551.8101 cm^-1  (     16.5428 THz )

 # k point    61 : (  0.3030,  0.3030,  0.0000)
   Mode, Frequency 
      1    170.6112 cm^-1  (      5.1148 THz )
      2    170.6112 cm^-1  (      5.1148 THz )
      3    285.7023 cm^-1  (      8.5651 THz )
      4    535.7600 cm^-1  (     16.0617 THz )
      5    550.6441 cm^-1  (     16.5079 THz )
      6    550.6441 cm^-1  (     16.5079 THz )

 # k point    62 : (  0.3081,  0.3081,  0.0000)
   Mode, Frequency 
      1    172.9085 cm^-1  (      5.1837 THz )
      2    172.9085 cm^-1  (      5.1837 THz )
      3    289.9835 cm^-1  (      8.6935 THz )
      4    533.7610 cm^-1  (     16.0018 THz )
      5    549.4813 cm^-1  (     16.4730 THz )
      6    549.4813 cm^-1  (     16.4730 THz )

 # k point    63 : (  0.3131,  0.3131,  0.0000)
   Mode, Frequency 
      1    175.1708 cm^-1  (      5.2515 THz )
      2    175.1708 cm^-1  (      5.2515 THz )
      3    294.2420 cm^-1  (      8.8212 THz )
      4    531.7289 cm^-1  (     15.9408 THz )
      5    548.3230 cm^-1  (     16.4383 THz )
      6    548.3230 cm^-1  (     16.4383 THz )

 # k point    64 : (  0.3182,  0.3182,  0.0000)
   Mode, Frequency 
      1    177.3968 cm^-1  (      5.3182 THz )
      2    177.3968 cm^-1  (      5.3182 THz )
      3    298.4776 cm^-1  (      8.9481 THz )
      4    529.6637 cm^-1  (     15.8789 THz )
      5    547.1705 cm^-1  (     16.4038 THz )
      6    547.1705 cm^-1  (     16.4038 THz )

 # k point    65 : (  0.3232,  0.3232,  0.0000)
   Mode, Frequency 
      1    179.5852 cm^-1  (      5.3838 THz )
      2    179.5852 cm^-1  (      5.3838 THz )
      3    302.6899 cm^-1  (      9.0744 THz )
      4    527.5653 cm^-1  (     15.8160 THz )
      5    546.0252 cm^-1  (     16.3694 THz )
      6    546.0252 cm^-1  (     16.3694 THz )

 # k point    66 : (  0.3283,  0.3283,  0.0000)
   Mode, Frequency 
      1    181.7348 cm^-1  (      5.4483 THz )
      2    181.7348 cm^-1  (      5.4483 THz )
      3    306.8787 cm^-1  (      9.2000 THz )
      4    525.4340 cm^-1  (     15.7521 THz )
      5    544.8884 cm^-1  (     16.3353 THz )
      6    544.8884 cm^-1  (     16.3353 THz )

 # k point    67 : (  0.3333,  0.3333,  0.0000)
   Mode, Frequency 
      1    183.8442 cm^-1  (      5.5115 THz )
      2    183.8442 cm^-1  (      5.5115 THz )
      3    311.0437 cm^-1  (      9.3249 THz )
      4    523.2695 cm^-1  (     15.6872 THz )
      5    543.7614 cm^-1  (     16.3016 THz )
      6    543.7614 cm^-1  (     16.3016 THz )

 # k point    68 : (  0.3384,  0.3384,  0.0000)
   Mode, Frequency 
      1    185.9121 cm^-1  (      5.5735 THz )
      2    185.9121 cm^-1  (      5.5735 THz )
      3    315.1847 cm^-1  (      9.4490 THz )
      4    521.0720 cm^-1  (     15.6213 THz )
      5    542.6458 cm^-1  (     16.2681 THz )
      6    542.6458 cm^-1  (     16.2681 THz )

 # k point    69 : (  0.3434,  0.3434,  0.0000)
   Mode, Frequency 
      1    187.9372 cm^-1  (      5.6342 THz )
      2    187.9372 cm^-1  (      5.6342 THz )
      3    319.3013 cm^-1  (      9.5724 THz )
      4    518.8416 cm^-1  (     15.5545 THz )
      5    541.5429 cm^-1  (     16.2350 THz )
      6    541.5429 cm^-1  (     16.2350 THz )

 # k point    70 : (  0.3485,  0.3485,  0.0000)
   Mode, Frequency 
      1    189.9181 cm^-1  (      5.6936 THz )
      2    189.9181 cm^-1  (      5.6936 THz )
      3    323.3934 cm^-1  (      9.6951 THz )
      4    516.5782 cm^-1  (     15.4866 THz )
      5    540.4541 cm^-1  (     16.2024 THz )
      6    540.4541 cm^-1  (     16.2024 THz )

 # k point    71 : (  0.3535,  0.3535,  0.0000)
   Mode, Frequency 
      1    191.8533 cm^-1  (      5.7516 THz )
      2    191.8533 cm^-1  (      5.7516 THz )
      3    327.4606 cm^-1  (      9.8170 THz )
      4    514.2818 cm^-1  (     15.4178 THz )
      5    539.3811 cm^-1  (     16.1702 THz )
      6    539.3811 cm^-1  (     16.1702 THz )

 # k point    72 : (  0.3586,  0.3586,  0.0000)
   Mode, Frequency 
      1    193.7414 cm^-1  (      5.8082 THz )
      2    193.7414 cm^-1  (      5.8082 THz )
      3    331.5027 cm^-1  (      9.9382 THz )
      4    511.9526 cm^-1  (     15.3480 THz )
      5    538.3252 cm^-1  (     16.1386 THz )
      6    538.3252 cm^-1  (     16.1386 THz )

 # k point    73 : (  0.3636,  0.3636,  0.0000)
   Mode, Frequency 
      1    195.5811 cm^-1  (      5.8634 THz )
      2    195.5811 cm^-1  (      5.8634 THz )
      3    335.5195 cm^-1  (     10.0586 THz )
      4    509.5905 cm^-1  (     15.2771 THz )
      5    537.2879 cm^-1  (     16.1075 THz )
      6    537.2879 cm^-1  (     16.1075 THz )

 # k point    74 : (  0.3687,  0.3687,  0.0000)
   Mode, Frequency 
      1    197.3708 cm^-1  (      5.9170 THz )
      2    197.3708 cm^-1  (      5.9170 THz )
      3    339.5108 cm^-1  (     10.1783 THz )
      4    507.1955 cm^-1  (     15.2053 THz )
      5    536.2708 cm^-1  (     16.0770 THz )
      6    536.2708 cm^-1  (     16.0770 THz )

 # k point    75 : (  0.3737,  0.3737,  0.0000)
   Mode, Frequency 
      1    199.1091 cm^-1  (      5.9691 THz )
      2    199.1091 cm^-1  (      5.9691 THz )
      3    343.4762 cm^-1  (     10.2972 THz )
      4    504.7678 cm^-1  (     15.1326 THz )
      5    535.2754 cm^-1  (     16.0472 THz )
      6    535.2754 cm^-1  (     16.0472 THz )

 # k point    76 : (  0.3788,  0.3788,  0.0000)
   Mode, Frequency 
      1    200.7945 cm^-1  (      6.0197 THz )
      2    200.7945 cm^-1  (      6.0197 THz )
      3    347.4156 cm^-1  (     10.4153 THz )
      4    502.3074 cm^-1  (     15.0588 THz )
      5    534.3033 cm^-1  (     16.0180 THz )
      6    534.3033 cm^-1  (     16.0180 THz )

 # k point    77 : (  0.3838,  0.3838,  0.0000)
   Mode, Frequency 
      1    202.4255 cm^-1  (      6.0686 THz )
      2    202.4255 cm^-1  (      6.0686 THz )
      3    351.3287 cm^-1  (     10.5326 THz )
      4    499.8143 cm^-1  (     14.9841 THz )
      5    533.3559 cm^-1  (     15.9896 THz )
      6    533.3559 cm^-1  (     15.9896 THz )

 # k point    78 : (  0.3889,  0.3889,  0.0000)
   Mode, Frequency 
      1    204.0007 cm^-1  (      6.1158 THz )
      2    204.0007 cm^-1  (      6.1158 THz )
      3    355.2153 cm^-1  (     10.6491 THz )
      4    497.2886 cm^-1  (     14.9083 THz )
      5    532.4348 cm^-1  (     15.9620 THz )
      6    532.4348 cm^-1  (     15.9620 THz )

 # k point    79 : (  0.3939,  0.3939,  0.0000)
   Mode, Frequency 
      1    205.5187 cm^-1  (      6.1613 THz )
      2    205.5187 cm^-1  (      6.1613 THz )
      3    359.0752 cm^-1  (     10.7648 THz )
      4    494.7303 cm^-1  (     14.8316 THz )
      5    531.5415 cm^-1  (     15.9352 THz )
      6    531.5415 cm^-1  (     15.9352 THz )

 # k point    80 : (  0.3990,  0.3990,  0.0000)
   Mode, Frequency 
      1    206.9778 cm^-1  (      6.2050 THz )
      2    206.9778 cm^-1  (      6.2050 THz )
      3    362.9081 cm^-1  (     10.8797 THz )
      4    492.1395 cm^-1  (     14.7540 THz )
      5    530.6776 cm^-1  (     15.9093 THz )
      6    530.6776 cm^-1  (     15.9093 THz )

 # k point    81 : (  0.4040,  0.4040,  0.0000)
   Mode, Frequency 
      1    208.3768 cm^-1  (      6.2470 THz )
      2    208.3768 cm^-1  (      6.2470 THz )
      3    366.7139 cm^-1  (     10.9938 THz )
      4    489.5163 cm^-1  (     14.6753 THz )
      5    529.8444 cm^-1  (     15.8843 THz )
      6    529.8444 cm^-1  (     15.8843 THz )

 # k point    82 : (  0.4091,  0.4091,  0.0000)
   Mode, Frequency 
      1    209.7141 cm^-1  (      6.2871 THz )
      2    209.7141 cm^-1  (      6.2871 THz )
      3    370.4923 cm^-1  (     11.1071 THz )
      4    486.8606 cm^-1  (     14.5957 THz )
      5    529.0436 cm^-1  (     15.8603 THz )
      6    529.0436 cm^-1  (     15.8603 THz )

 # k point    83 : (  0.4141,  0.4141,  0.0000)
   Mode, Frequency 
      1    210.9884 cm^-1  (      6.3253 THz )
      2    210.9884 cm^-1  (      6.3253 THz )
      3    374.2432 cm^-1  (     11.2195 THz )
      4    484.1727 cm^-1  (     14.5151 THz )
      5    528.2765 cm^-1  (     15.8373 THz )
      6    528.2765 cm^-1  (     15.8373 THz )

 # k point    84 : (  0.4192,  0.4192,  0.0000)
   Mode, Frequency 
      1    212.1983 cm^-1  (      6.3615 THz )
      2    212.1983 cm^-1  (      6.3615 THz )
      3    377.9663 cm^-1  (     11.3311 THz )
      4    481.4524 cm^-1  (     14.4336 THz )
      5    527.5447 cm^-1  (     15.8154 THz )
      6    527.5447 cm^-1  (     15.8154 THz )

 # k point    85 : (  0.4242,  0.4242,  0.0000)
   Mode, Frequency 
      1    213.3425 cm^-1  (      6.3958 THz )
      2    213.3425 cm^-1  (      6.3958 THz )
      3    381.6614 cm^-1  (     11.4419 THz )
      4    478.7000 cm^-1  (     14.3511 THz )
      5    526.8493 cm^-1  (     15.7945 THz )
      6    526.8493 cm^-1  (     15.7945 THz )

 # k point    86 : (  0.4293,  0.4293,  0.0000)
   Mode, Frequency 
      1    214.4196 cm^-1  (      6.4281 THz )
      2    214.4196 cm^-1  (      6.4281 THz )
      3    385.3284 cm^-1  (     11.5519 THz )
      4    475.9155 cm^-1  (     14.2676 THz )
      5    526.1919 cm^-1  (     15.7748 THz )
      6    526.1919 cm^-1  (     15.7748 THz )

 # k point    87 : (  0.4343,  0.4343,  0.0000)
   Mode, Frequency 
      1    215.4284 cm^-1  (      6.4584 THz )
      2    215.4284 cm^-1  (      6.4584 THz )
      3    388.9670 cm^-1  (     11.6609 THz )
      4    473.0989 cm^-1  (     14.1831 THz )
      5    525.5736 cm^-1  (     15.7563 THz )
      6    525.5736 cm^-1  (     15.7563 THz )

 # k point    88 : (  0.4394,  0.4394,  0.0000)
   Mode, Frequency 
      1    216.3677 cm^-1  (      6.4865 THz )
      2    216.3677 cm^-1  (      6.4865 THz )
      3    392.5771 cm^-1  (     11.7692 THz )
      4    470.2504 cm^-1  (     14.0978 THz )
      5    524.9958 cm^-1  (     15.7390 THz )
      6    524.9958 cm^-1  (     15.7390 THz )

 # k point    89 : (  0.4444,  0.4444,  0.0000)
   Mode, Frequency 
      1    217.2364 cm^-1  (      6.5126 THz )
      2    217.2364 cm^-1  (      6.5126 THz )
      3    396.1585 cm^-1  (     11.8765 THz )
      4    467.3701 cm^-1  (     14.0114 THz )
      5    524.4595 cm^-1  (     15.7229 THz )
      6    524.4595 cm^-1  (     15.7229 THz )

 # k point    90 : (  0.4495,  0.4495,  0.0000)
   Mode, Frequency 
      1    218.0334 cm^-1  (      6.5365 THz )
      2    218.0334 cm^-1  (      6.5365 THz )
      3    399.7110 cm^-1  (     11.9830 THz )
      4    464.4579 cm^-1  (     13.9241 THz )
      5    523.9660 cm^-1  (     15.7081 THz )
      6    523.9660 cm^-1  (     15.7081 THz )

 # k point    91 : (  0.4545,  0.4545,  0.0000)
   Mode, Frequency 
      1    218.7577 cm^-1  (      6.5582 THz )
      2    218.7577 cm^-1  (      6.5582 THz )
      3    403.2344 cm^-1  (     12.0887 THz )
      4    461.5141 cm^-1  (     13.8358 THz )
      5    523.5161 cm^-1  (     15.6946 THz )
      6    523.5161 cm^-1  (     15.6946 THz )

 # k point    92 : (  0.4596,  0.4596,  0.0000)
   Mode, Frequency 
      1    219.4083 cm^-1  (      6.5777 THz )
      2    219.4083 cm^-1  (      6.5777 THz )
      3    406.7286 cm^-1  (     12.1934 THz )
      4    458.5387 cm^-1  (     13.7466 THz )
      5    523.1110 cm^-1  (     15.6825 THz )
      6    523.1110 cm^-1  (     15.6825 THz )

 # k point    93 : (  0.4646,  0.4646,  0.0000)
   Mode, Frequency 
      1    219.9845 cm^-1  (      6.5950 THz )
      2    219.9845 cm^-1  (      6.5950 THz )
      3    410.1934 cm^-1  (     12.2973 THz )
      4    455.5318 cm^-1  (     13.6565 THz )
      5    522.7514 cm^-1  (     15.6717 THz )
      6    522.7514 cm^-1  (     15.6717 THz )

 # k point    94 : (  0.4697,  0.4697,  0.0000)
   Mode, Frequency 
      1    220.4854 cm^-1  (      6.6100 THz )
      2    220.4854 cm^-1  (      6.6100 THz )
      3    413.6286 cm^-1  (     12.4003 THz )
      4    452.4935 cm^-1  (     13.5654 THz )
      5    522.4381 cm^-1  (     15.6623 THz )
      6    522.4381 cm^-1  (     15.6623 THz )

 # k point    95 : (  0.4747,  0.4747,  0.0000)
   Mode, Frequency 
      1    220.9104 cm^-1  (      6.6227 THz )
      2    220.9104 cm^-1  (      6.6227 THz )
      3    417.0342 cm^-1  (     12.5024 THz )
      4    449.4240 cm^-1  (     13.4734 THz )
      5    522.1718 cm^-1  (     15.6543 THz )
      6    522.1718 cm^-1  (     15.6543 THz )

 # k point    96 : (  0.4798,  0.4798,  0.0000)
   Mode, Frequency 
      1    221.2589 cm^-1  (      6.6332 THz )
      2    221.2589 cm^-1  (      6.6332 THz )
      3    420.4098 cm^-1  (     12.6036 THz )
      4    446.3233 cm^-1  (     13.3804 THz )
      5    521.9531 cm^-1  (     15.6478 THz )
      6    521.9531 cm^-1  (     15.6478 THz )

 # k point    97 : (  0.4848,  0.4848,  0.0000)
   Mode, Frequency 
      1    221.5305 cm^-1  (      6.6413 THz )
      2    221.5305 cm^-1  (      6.6413 THz )
      3    423.7555 cm^-1  (     12.7039 THz )
      4    443.1915 cm^-1  (     13.2865 THz )
      5    521.7825 cm^-1  (     15.6426 THz )
      6    521.7825 cm^-1  (     15.6426 THz )

 # k point    98 : (  0.4899,  0.4899,  0.0000)
   Mode, Frequency 
      1    221.7248 cm^-1  (      6.6471 THz )
      2    221.7248 cm^-1  (      6.6471 THz )
      3    427.0710 cm^-1  (     12.8033 THz )
      4    440.0288 cm^-1  (     13.1917 THz )
      5    521.6604 cm^-1  (     15.6390 THz )
      6    521.6604 cm^-1  (     15.6390 THz )

 # k point    99 : (  0.4949,  0.4949,  0.0000)
   Mode, Frequency 
      1    221.8414 cm^-1  (      6.6506 THz )
      2    221.8414 cm^-1  (      6.6506 THz )
      3    430.3562 cm^-1  (     12.9018 THz )
      4    436.8352 cm^-1  (     13.0960 THz )
      5    521.5870 cm^-1  (     15.6368 THz )
      6    521.5870 cm^-1  (     15.6368 THz )

 # k point   100 : (  0.5000,  0.5000,  0.0000)
   Mode, Frequency 
      1    221.8803 cm^-1  (      6.6518 THz )
      2    221.8803 cm^-1  (      6.6518 THz )
      3    433.6110 cm^-1  (     12.9993 THz )
      4    433.6110 cm^-1  (     12.9993 THz )
      5    521.5626 cm^-1  (     15.6361 THz )
      6    521.5626 cm^-1  (     15.6361 THz )

 # k point   101 : (  0.5000,  0.5000,  1.0000)
   Mode, Frequency 
      1    221.8803 cm^-1  (      6.6518 THz )
      2    221.8803 cm^-1  (      6.6518 THz )
      3    433.6110 cm^-1  (     12.9993 THz )
      4    433.6110 cm^-1  (     12.9993 THz )
      5    521.5626 cm^-1  (     15.6361 THz )
      6    521.5626 cm^-1  (     15.6361 THz )

 # k point   102 : (  0.4987,  0.4987,  0.9975)
   Mode, Frequency 
      1    221.8786 cm^-1  (      6.6518 THz )
      2    221.8878 cm^-1  (      6.6520 THz )
      3    433.6056 cm^-1  (     12.9992 THz )
      4    433.6089 cm^-1  (     12.9993 THz )
      5    521.5638 cm^-1  (     15.6361 THz )
      6    521.5652 cm^-1  (     15.6361 THz )

 # k point   103 : (  0.4975,  0.4975,  0.9949)
   Mode, Frequency 
      1    221.8733 cm^-1  (      6.6516 THz )
      2    221.9103 cm^-1  (      6.6527 THz )
      3    433.5892 cm^-1  (     12.9987 THz )
      4    433.6026 cm^-1  (     12.9991 THz )
      5    521.5675 cm^-1  (     15.6362 THz )
      6    521.5730 cm^-1  (     15.6364 THz )

 # k point   104 : (  0.4962,  0.4962,  0.9924)
   Mode, Frequency 
      1    221.8646 cm^-1  (      6.6513 THz )
      2    221.9478 cm^-1  (      6.6538 THz )
      3    433.5619 cm^-1  (     12.9979 THz )
      4    433.5920 cm^-1  (     12.9988 THz )
      5    521.5737 cm^-1  (     15.6364 THz )
      6    521.5860 cm^-1  (     15.6368 THz )

 # k point   105 : (  0.4949,  0.4949,  0.9899)
   Mode, Frequency 
      1    221.8524 cm^-1  (      6.6510 THz )
      2    222.0002 cm^-1  (      6.6554 THz )
      3    433.5238 cm^-1  (     12.9967 THz )
      4    433.5772 cm^-1  (     12.9983 THz )
      5    521.5824 cm^-1  (     15.6366 THz )
      6    521.6042 cm^-1  (     15.6373 THz )

 # k point   106 : (  0.4937,  0.4937,  0.9874)
   Mode, Frequency 
      1    221.8367 cm^-1  (      6.6505 THz )
      2    222.0675 cm^-1  (      6.6574 THz )
      3    433.4747 cm^-1  (     12.9952 THz )
      4    433.5583 cm^-1  (     12.9977 THz )
      5    521.5935 cm^-1  (     15.6370 THz )
      6    521.6276 cm^-1  (     15.6380 THz )

 # k point   107 : (  0.4924,  0.4924,  0.9848)
   Mode, Frequency 
      1    221.8175 cm^-1  (      6.6499 THz )
      2    222.1497 cm^-1  (      6.6599 THz )
      3    433.4149 cm^-1  (     12.9935 THz )
      4    433.5351 cm^-1  (     12.9971 THz )
      5    521.6071 cm^-1  (     15.6374 THz )
      6    521.6562 cm^-1  (     15.6389 THz )

 # k point   108 : (  0.4912,  0.4912,  0.9823)
   Mode, Frequency 
      1    221.7948 cm^-1  (      6.6492 THz )
      2    222.2468 cm^-1  (      6.6628 THz )
      3    433.3442 cm^-1  (     12.9913 THz )
      4    433.5078 cm^-1  (     12.9962 THz )
      5    521.6232 cm^-1  (     15.6379 THz )
      6    521.6899 cm^-1  (     15.6399 THz )

 # k point   109 : (  0.4899,  0.4899,  0.9798)
   Mode, Frequency 
      1    221.7686 cm^-1  (      6.6485 THz )
      2    222.3586 cm^-1  (      6.6661 THz )
      3    433.2627 cm^-1  (     12.9889 THz )
      4    433.4762 cm^-1  (     12.9953 THz )
      5    521.6418 cm^-1  (     15.6384 THz )
      6    521.7286 cm^-1  (     15.6410 THz )

 # k point   110 : (  0.4886,  0.4886,  0.9773)
   Mode, Frequency 
      1    221.7390 cm^-1  (      6.6476 THz )
      2    222.4852 cm^-1  (      6.6699 THz )
      3    433.1705 cm^-1  (     12.9861 THz )
      4    433.4406 cm^-1  (     12.9942 THz )
      5    521.6628 cm^-1  (     15.6391 THz )
      6    521.7725 cm^-1  (     15.6423 THz )

 # k point   111 : (  0.4874,  0.4874,  0.9747)
   Mode, Frequency 
      1    221.7058 cm^-1  (      6.6466 THz )
      2    222.6264 cm^-1  (      6.6742 THz )
      3    433.0676 cm^-1  (     12.9830 THz )
      4    433.4008 cm^-1  (     12.9930 THz )
      5    521.6863 cm^-1  (     15.6398 THz )
      6    521.8213 cm^-1  (     15.6438 THz )

 # k point   112 : (  0.4861,  0.4861,  0.9722)
   Mode, Frequency 
      1    221.6691 cm^-1  (      6.6455 THz )
      2    222.7822 cm^-1  (      6.6788 THz )
      3    432.9541 cm^-1  (     12.9796 THz )
      4    433.3570 cm^-1  (     12.9917 THz )
      5    521.7123 cm^-1  (     15.6405 THz )
      6    521.8751 cm^-1  (     15.6454 THz )

 # k point   113 : (  0.4848,  0.4848,  0.9697)
   Mode, Frequency 
      1    221.6290 cm^-1  (      6.6443 THz )
      2    222.9525 cm^-1  (      6.6839 THz )
      3    432.8300 cm^-1  (     12.9759 THz )
      4    433.3090 cm^-1  (     12.9903 THz )
      5    521.7407 cm^-1  (     15.6414 THz )
      6    521.9338 cm^-1  (     15.6472 THz )

 # k point   114 : (  0.4836,  0.4836,  0.9672)
   Mode, Frequency 
      1    221.5854 cm^-1  (      6.6430 THz )
      2    223.1371 cm^-1  (      6.6895 THz )
      3    432.6954 cm^-1  (     12.9719 THz )
      4    433.2570 cm^-1  (     12.9887 THz )
      5    521.7716 cm^-1  (     15.6423 THz )
      6    521.9973 cm^-1  (     15.6491 THz )

 # k point   115 : (  0.4823,  0.4823,  0.9646)
   Mode, Frequency 
      1    221.5383 cm^-1  (      6.6416 THz )
      2    223.3361 cm^-1  (      6.6954 THz )
      3    432.5504 cm^-1  (     12.9675 THz )
      4    433.2011 cm^-1  (     12.9870 THz )
      5    521.8050 cm^-1  (     15.6433 THz )
      6    522.0657 cm^-1  (     15.6511 THz )

 # k point   116 : (  0.4811,  0.4811,  0.9621)
   Mode, Frequency 
      1    221.4877 cm^-1  (      6.6400 THz )
      2    223.5492 cm^-1  (      6.7018 THz )
      3    432.3950 cm^-1  (     12.9629 THz )
      4    433.1411 cm^-1  (     12.9852 THz )
      5    521.8408 cm^-1  (     15.6444 THz )
      6    522.1387 cm^-1  (     15.6533 THz )

 # k point   117 : (  0.4798,  0.4798,  0.9596)
   Mode, Frequency 
      1    221.4336 cm^-1  (      6.6384 THz )
      2    223.7764 cm^-1  (      6.7086 THz )
      3    432.2293 cm^-1  (     12.9579 THz )
      4    433.0772 cm^-1  (     12.9833 THz )
      5    521.8791 cm^-1  (     15.6455 THz )
      6    522.2165 cm^-1  (     15.6557 THz )

 # k point   118 : (  0.4785,  0.4785,  0.9571)
   Mode, Frequency 
      1    221.3760 cm^-1  (      6.6367 THz )
      2    224.0175 cm^-1  (      6.7159 THz )
      3    432.0533 cm^-1  (     12.9526 THz )
      4    433.0094 cm^-1  (     12.9813 THz )
      5    521.9198 cm^-1  (     15.6468 THz )
      6    522.2988 cm^-1  (     15.6581 THz )

 # k point   119 : (  0.4773,  0.4773,  0.9545)
   Mode, Frequency 
      1    221.3150 cm^-1  (      6.6349 THz )
      2    224.2724 cm^-1  (      6.7235 THz )
      3    431.8672 cm^-1  (     12.9471 THz )
      4    432.9378 cm^-1  (     12.9791 THz )
      5    521.9629 cm^-1  (     15.6481 THz )
      6    522.3856 cm^-1  (     15.6607 THz )

 # k point   120 : (  0.4760,  0.4760,  0.9520)
   Mode, Frequency 
      1    221.2505 cm^-1  (      6.6329 THz )
      2    224.5410 cm^-1  (      6.7316 THz )
      3    431.6711 cm^-1  (     12.9412 THz )
      4    432.8624 cm^-1  (     12.9769 THz )
      5    522.0086 cm^-1  (     15.6494 THz )
      6    522.4768 cm^-1  (     15.6635 THz )

 # k point   121 : (  0.4747,  0.4747,  0.9495)
   Mode, Frequency 
      1    221.1825 cm^-1  (      6.6309 THz )
      2    224.8231 cm^-1  (      6.7400 THz )
      3    431.4650 cm^-1  (     12.9350 THz )
      4    432.7832 cm^-1  (     12.9745 THz )
      5    522.0566 cm^-1  (     15.6509 THz )
      6    522.5724 cm^-1  (     15.6663 THz )

 # k point   122 : (  0.4735,  0.4735,  0.9470)
   Mode, Frequency 
      1    221.1110 cm^-1  (      6.6287 THz )
      2    225.1185 cm^-1  (      6.7489 THz )
      3    431.2491 cm^-1  (     12.9285 THz )
      4    432.7003 cm^-1  (     12.9720 THz )
      5    522.1071 cm^-1  (     15.6524 THz )
      6    522.6723 cm^-1  (     15.6693 THz )

 # k point   123 : (  0.4722,  0.4722,  0.9444)
   Mode, Frequency 
      1    221.0360 cm^-1  (      6.6265 THz )
      2    225.4270 cm^-1  (      6.7581 THz )
      3    431.0234 cm^-1  (     12.9218 THz )
      4    432.6138 cm^-1  (     12.9694 THz )
      5    522.1601 cm^-1  (     15.6540 THz )
      6    522.7763 cm^-1  (     15.6724 THz )

 # k point   124 : (  0.4710,  0.4710,  0.9419)
   Mode, Frequency 
      1    220.9576 cm^-1  (      6.6241 THz )
      2    225.7486 cm^-1  (      6.7678 THz )
      3    430.7880 cm^-1  (     12.9147 THz )
      4    432.5236 cm^-1  (     12.9667 THz )
      5    522.2154 cm^-1  (     15.6556 THz )
      6    522.8844 cm^-1  (     15.6757 THz )

 # k point   125 : (  0.4697,  0.4697,  0.9394)
   Mode, Frequency 
      1    220.8756 cm^-1  (      6.6217 THz )
      2    226.0831 cm^-1  (      6.7778 THz )
      3    430.5431 cm^-1  (     12.9074 THz )
      4    432.4300 cm^-1  (     12.9639 THz )
      5    522.2732 cm^-1  (     15.6574 THz )
      6    522.9965 cm^-1  (     15.6790 THz )

 # k point   126 : (  0.4684,  0.4684,  0.9369)
   Mode, Frequency 
      1    220.7902 cm^-1  (      6.6191 THz )
      2    226.4301 cm^-1  (      6.7882 THz )
      3    430.2887 cm^-1  (     12.8997 THz )
      4    432.3329 cm^-1  (     12.9610 THz )
      5    522.3334 cm^-1  (     15.6592 THz )
      6    523.1126 cm^-1  (     15.6825 THz )

 # k point   127 : (  0.4672,  0.4672,  0.9343)
   Mode, Frequency 
      1    220.7014 cm^-1  (      6.6165 THz )
      2    226.7897 cm^-1  (      6.7990 THz )
      3    430.0250 cm^-1  (     12.8918 THz )
      4    432.2324 cm^-1  (     12.9580 THz )
      5    522.3961 cm^-1  (     15.6610 THz )
      6    523.2324 cm^-1  (     15.6861 THz )

 # k point   128 : (  0.4659,  0.4659,  0.9318)
   Mode, Frequency 
      1    220.6090 cm^-1  (      6.6137 THz )
      2    227.1614 cm^-1  (      6.8101 THz )
      3    429.7520 cm^-1  (     12.8836 THz )
      4    432.1285 cm^-1  (     12.9549 THz )
      5    522.4611 cm^-1  (     15.6630 THz )
      6    523.3559 cm^-1  (     15.6898 THz )

 # k point   129 : (  0.4646,  0.4646,  0.9293)
   Mode, Frequency 
      1    220.5132 cm^-1  (      6.6108 THz )
      2    227.5452 cm^-1  (      6.8216 THz )
      3    429.4700 cm^-1  (     12.8752 THz )
      4    432.0214 cm^-1  (     12.9517 THz )
      5    522.5285 cm^-1  (     15.6650 THz )
      6    523.4830 cm^-1  (     15.6936 THz )

 # k point   130 : (  0.4634,  0.4634,  0.9268)
   Mode, Frequency 
      1    220.4139 cm^-1  (      6.6078 THz )
      2    227.9409 cm^-1  (      6.8335 THz )
      3    429.1789 cm^-1  (     12.8665 THz )
      4    431.9112 cm^-1  (     12.9484 THz )
      5    522.5984 cm^-1  (     15.6671 THz )
      6    523.6136 cm^-1  (     15.6975 THz )

 # k point   131 : (  0.4621,  0.4621,  0.9242)
   Mode, Frequency 
      1    220.3112 cm^-1  (      6.6048 THz )
      2    228.3481 cm^-1  (      6.8457 THz )
      3    428.8789 cm^-1  (     12.8575 THz )
      4    431.7978 cm^-1  (     12.9450 THz )
      5    522.6706 cm^-1  (     15.6693 THz )
      6    523.7476 cm^-1  (     15.7016 THz )

 # k point   132 : (  0.4609,  0.4609,  0.9217)
   Mode, Frequency 
      1    220.2049 cm^-1  (      6.6016 THz )
      2    228.7668 cm^-1  (      6.8583 THz )
      3    428.5701 cm^-1  (     12.8482 THz )
      4    431.6814 cm^-1  (     12.9415 THz )
      5    522.7453 cm^-1  (     15.6715 THz )
      6    523.8849 cm^-1  (     15.7057 THz )

 # k point   133 : (  0.4596,  0.4596,  0.9192)
   Mode, Frequency 
      1    220.0953 cm^-1  (      6.5983 THz )
      2    229.1965 cm^-1  (      6.8711 THz )
      3    428.2527 cm^-1  (     12.8387 THz )
      4    431.5621 cm^-1  (     12.9379 THz )
      5    522.8223 cm^-1  (     15.6738 THz )
      6    524.0254 cm^-1  (     15.7099 THz )

 # k point   134 : (  0.4583,  0.4583,  0.9167)
   Mode, Frequency 
      1    219.9821 cm^-1  (      6.5949 THz )
      2    229.6372 cm^-1  (      6.8844 THz )
      3    427.9267 cm^-1  (     12.8289 THz )
      4    431.4399 cm^-1  (     12.9342 THz )
      5    522.9017 cm^-1  (     15.6762 THz )
      6    524.1690 cm^-1  (     15.7142 THz )

 # k point   135 : (  0.4571,  0.4571,  0.9141)
   Mode, Frequency 
      1    219.8655 cm^-1  (      6.5914 THz )
      2    230.0886 cm^-1  (      6.8979 THz )
      3    427.5924 cm^-1  (     12.8189 THz )
      4    431.3150 cm^-1  (     12.9305 THz )
      5    522.9835 cm^-1  (     15.6787 THz )
      6    524.3156 cm^-1  (     15.7186 THz )

 # k point   136 : (  0.4558,  0.4558,  0.9116)
   Mode, Frequency 
      1    219.7454 cm^-1  (      6.5878 THz )
      2    230.5504 cm^-1  (      6.9117 THz )
      3    427.2497 cm^-1  (     12.8086 THz )
      4    431.1875 cm^-1  (     12.9267 THz )
      5    523.0676 cm^-1  (     15.6812 THz )
      6    524.4651 cm^-1  (     15.7231 THz )

 # k point   137 : (  0.4545,  0.4545,  0.9091)
   Mode, Frequency 
      1    219.6219 cm^-1  (      6.5841 THz )
      2    231.0223 cm^-1  (      6.9259 THz )
      3    426.8988 cm^-1  (     12.7981 THz )
      4    431.0573 cm^-1  (     12.9228 THz )
      5    523.1542 cm^-1  (     15.6838 THz )
      6    524.6173 cm^-1  (     15.7276 THz )

 # k point   138 : (  0.4533,  0.4533,  0.9066)
   Mode, Frequency 
      1    219.4949 cm^-1  (      6.5803 THz )
      2    231.5042 cm^-1  (      6.9403 THz )
      3    426.5399 cm^-1  (     12.7873 THz )
      4    430.9248 cm^-1  (     12.9188 THz )
      5    523.2430 cm^-1  (     15.6864 THz )
      6    524.7723 cm^-1  (     15.7323 THz )

 # k point   139 : (  0.4520,  0.4520,  0.9040)
   Mode, Frequency 
      1    219.3645 cm^-1  (      6.5764 THz )
      2    231.9956 cm^-1  (      6.9551 THz )
      3    426.1730 cm^-1  (     12.7763 THz )
      4    430.7899 cm^-1  (     12.9148 THz )
      5    523.3342 cm^-1  (     15.6892 THz )
      6    524.9298 cm^-1  (     15.7370 THz )

 # k point   140 : (  0.4508,  0.4508,  0.9015)
   Mode, Frequency 
      1    219.2306 cm^-1  (      6.5724 THz )
      2    232.4964 cm^-1  (      6.9701 THz )
      3    425.7983 cm^-1  (     12.7651 THz )
      4    430.6527 cm^-1  (     12.9106 THz )
      5    523.4278 cm^-1  (     15.6920 THz )
      6    525.0897 cm^-1  (     15.7418 THz )

 # k point   141 : (  0.4495,  0.4495,  0.8990)
   Mode, Frequency 
      1    219.0933 cm^-1  (      6.5683 THz )
      2    233.0063 cm^-1  (      6.9854 THz )
      3    425.4159 cm^-1  (     12.7536 THz )
      4    430.5135 cm^-1  (     12.9065 THz )
      5    523.5237 cm^-1  (     15.6948 THz )
      6    525.2520 cm^-1  (     15.7467 THz )

 # k point   142 : (  0.4482,  0.4482,  0.8965)
   Mode, Frequency 
      1    218.9525 cm^-1  (      6.5640 THz )
      2    233.5250 cm^-1  (      7.0009 THz )
      3    425.0260 cm^-1  (     12.7420 THz )
      4    430.3722 cm^-1  (     12.9022 THz )
      5    523.6219 cm^-1  (     15.6978 THz )
      6    525.4166 cm^-1  (     15.7516 THz )

 # k point   143 : (  0.4470,  0.4470,  0.8939)
   Mode, Frequency 
      1    218.8083 cm^-1  (      6.5597 THz )
      2    234.0521 cm^-1  (      7.0167 THz )
      3    424.6285 cm^-1  (     12.7300 THz )
      4    430.2291 cm^-1  (     12.8979 THz )
      5    523.7224 cm^-1  (     15.7008 THz )
      6    525.5833 cm^-1  (     15.7566 THz )

 # k point   144 : (  0.4457,  0.4457,  0.8914)
   Mode, Frequency 
      1    218.6606 cm^-1  (      6.5553 THz )
      2    234.5875 cm^-1  (      7.0328 THz )
      3    424.2238 cm^-1  (     12.7179 THz )
      4    430.0842 cm^-1  (     12.8936 THz )
      5    523.8253 cm^-1  (     15.7039 THz )
      6    525.7521 cm^-1  (     15.7617 THz )

 # k point   145 : (  0.4444,  0.4444,  0.8889)
   Mode, Frequency 
      1    218.5095 cm^-1  (      6.5507 THz )
      2    235.1307 cm^-1  (      7.0490 THz )
      3    423.8118 cm^-1  (     12.7056 THz )
      4    429.9377 cm^-1  (     12.8892 THz )
      5    523.9304 cm^-1  (     15.7070 THz )
      6    525.9229 cm^-1  (     15.7668 THz )

 # k point   146 : (  0.4432,  0.4432,  0.8864)
   Mode, Frequency 
      1    218.3549 cm^-1  (      6.5461 THz )
      2    235.6816 cm^-1  (      7.0656 THz )
      3    423.3927 cm^-1  (     12.6930 THz )
      4    429.7896 cm^-1  (     12.8848 THz )
      5    524.0378 cm^-1  (     15.7103 THz )
      6    526.0955 cm^-1  (     15.7719 THz )

 # k point   147 : (  0.4419,  0.4419,  0.8838)
   Mode, Frequency 
      1    218.1969 cm^-1  (      6.5414 THz )
      2    236.2397 cm^-1  (      7.0823 THz )
      3    422.9666 cm^-1  (     12.6802 THz )
      4    429.6403 cm^-1  (     12.8803 THz )
      5    524.1476 cm^-1  (     15.7135 THz )
      6    526.2699 cm^-1  (     15.7772 THz )

 # k point   148 : (  0.4407,  0.4407,  0.8813)
   Mode, Frequency 
      1    218.0355 cm^-1  (      6.5365 THz )
      2    236.8048 cm^-1  (      7.0992 THz )
      3    422.5336 cm^-1  (     12.6672 THz )
      4    429.4897 cm^-1  (     12.8758 THz )
      5    524.2596 cm^-1  (     15.7169 THz )
      6    526.4460 cm^-1  (     15.7825 THz )

 # k point   149 : (  0.4394,  0.4394,  0.8788)
   Mode, Frequency 
      1    217.8707 cm^-1  (      6.5316 THz )
      2    237.3765 cm^-1  (      7.1164 THz )
      3    422.0939 cm^-1  (     12.6541 THz )
      4    429.3381 cm^-1  (     12.8712 THz )
      5    524.3738 cm^-1  (     15.7203 THz )
      6    526.6236 cm^-1  (     15.7878 THz )

 # k point   150 : (  0.4381,  0.4381,  0.8763)
   Mode, Frequency 
      1    217.7024 cm^-1  (      6.5266 THz )
      2    237.9545 cm^-1  (      7.1337 THz )
      3    421.6476 cm^-1  (     12.6407 THz )
      4    429.1855 cm^-1  (     12.8667 THz )
      5    524.4904 cm^-1  (     15.7238 THz )
      6    526.8027 cm^-1  (     15.7931 THz )

 # k point   151 : (  0.4369,  0.4369,  0.8737)
   Mode, Frequency 
      1    217.5307 cm^-1  (      6.5214 THz )
      2    238.5385 cm^-1  (      7.1512 THz )
      3    421.1947 cm^-1  (     12.6271 THz )
      4    429.0322 cm^-1  (     12.8621 THz )
      5    524.6092 cm^-1  (     15.7274 THz )
      6    526.9832 cm^-1  (     15.7986 THz )

 # k point   152 : (  0.4356,  0.4356,  0.8712)
   Mode, Frequency 
      1    217.3556 cm^-1  (      6.5162 THz )
      2    239.1282 cm^-1  (      7.1689 THz )
      3    420.7353 cm^-1  (     12.6133 THz )
      4    428.8782 cm^-1  (     12.8574 THz )
      5    524.7302 cm^-1  (     15.7310 THz )
      6    527.1650 cm^-1  (     15.8040 THz )

 # k point   153 : (  0.4343,  0.4343,  0.8687)
   Mode, Frequency 
      1    217.1770 cm^-1  (      6.5108 THz )
      2    239.7231 cm^-1  (      7.1867 THz )
      3    420.2697 cm^-1  (     12.5994 THz )
      4    428.7238 cm^-1  (     12.8528 THz )
      5    524.8535 cm^-1  (     15.7347 THz )
      6    527.3480 cm^-1  (     15.8095 THz )

 # k point   154 : (  0.4331,  0.4331,  0.8662)
   Mode, Frequency 
      1    216.9950 cm^-1  (      6.5053 THz )
      2    240.3230 cm^-1  (      7.2047 THz )
      3    419.7979 cm^-1  (     12.5852 THz )
      4    428.5692 cm^-1  (     12.8482 THz )
      5    524.9790 cm^-1  (     15.7385 THz )
      6    527.5322 cm^-1  (     15.8150 THz )

 # k point   155 : (  0.4318,  0.4318,  0.8636)
   Mode, Frequency 
      1    216.8097 cm^-1  (      6.4998 THz )
      2    240.9276 cm^-1  (      7.2228 THz )
      3    419.3199 cm^-1  (     12.5709 THz )
      4    428.4144 cm^-1  (     12.8435 THz )
      5    525.1067 cm^-1  (     15.7423 THz )
      6    527.7174 cm^-1  (     15.8206 THz )

 # k point   156 : (  0.4306,  0.4306,  0.8611)
   Mode, Frequency 
      1    216.6209 cm^-1  (      6.4941 THz )
      2    241.5363 cm^-1  (      7.2411 THz )
      3    418.8360 cm^-1  (     12.5564 THz )
      4    428.2598 cm^-1  (     12.8389 THz )
      5    525.2366 cm^-1  (     15.7462 THz )
      6    527.9035 cm^-1  (     15.8261 THz )

 # k point   157 : (  0.4293,  0.4293,  0.8586)
   Mode, Frequency 
      1    216.4287 cm^-1  (      6.4884 THz )
      2    242.1490 cm^-1  (      7.2594 THz )
      3    418.3461 cm^-1  (     12.5417 THz )
      4    428.1053 cm^-1  (     12.8343 THz )
      5    525.3687 cm^-1  (     15.7502 THz )
      6    528.0905 cm^-1  (     15.8318 THz )

 # k point   158 : (  0.4280,  0.4280,  0.8561)
   Mode, Frequency 
      1    216.2331 cm^-1  (      6.4825 THz )
      2    242.7652 cm^-1  (      7.2779 THz )
      3    417.8505 cm^-1  (     12.5268 THz )
      4    427.9513 cm^-1  (     12.8297 THz )
      5    525.5030 cm^-1  (     15.7542 THz )
      6    528.2784 cm^-1  (     15.8374 THz )

 # k point   159 : (  0.4268,  0.4268,  0.8535)
   Mode, Frequency 
      1    216.0341 cm^-1  (      6.4765 THz )
      2    243.3845 cm^-1  (      7.2965 THz )
      3    417.3492 cm^-1  (     12.5118 THz )
      4    427.7979 cm^-1  (     12.8251 THz )
      5    525.6395 cm^-1  (     15.7583 THz )
      6    528.4669 cm^-1  (     15.8430 THz )

 # k point   160 : (  0.4255,  0.4255,  0.8510)
   Mode, Frequency 
      1    215.8317 cm^-1  (      6.4705 THz )
      2    244.0067 cm^-1  (      7.3151 THz )
      3    416.8423 cm^-1  (     12.4966 THz )
      4    427.6454 cm^-1  (     12.8205 THz )
      5    525.7781 cm^-1  (     15.7624 THz )
      6    528.6561 cm^-1  (     15.8487 THz )

 # k point   161 : (  0.4242,  0.4242,  0.8485)
   Mode, Frequency 
      1    215.6259 cm^-1  (      6.4643 THz )
      2    244.6312 cm^-1  (      7.3339 THz )
      3    416.3298 cm^-1  (     12.4813 THz )
      4    427.4939 cm^-1  (     12.8159 THz )
      5    525.9189 cm^-1  (     15.7667 THz )
      6    528.8459 cm^-1  (     15.8544 THz )

 # k point   162 : (  0.4230,  0.4230,  0.8460)
   Mode, Frequency 
      1    215.4167 cm^-1  (      6.4580 THz )
      2    245.2578 cm^-1  (      7.3526 THz )
      3    415.8120 cm^-1  (     12.4657 THz )
      4    427.3435 cm^-1  (     12.8114 THz )
      5    526.0618 cm^-1  (     15.7709 THz )
      6    529.0362 cm^-1  (     15.8601 THz )

 # k point   163 : (  0.4217,  0.4217,  0.8434)
   Mode, Frequency 
      1    215.2041 cm^-1  (      6.4517 THz )
      2    245.8861 cm^-1  (      7.3715 THz )
      3    415.2889 cm^-1  (     12.4500 THz )
      4    427.1947 cm^-1  (     12.8070 THz )
      5    526.2069 cm^-1  (     15.7753 THz )
      6    529.2269 cm^-1  (     15.8658 THz )

 # k point   164 : (  0.4205,  0.4205,  0.8409)
   Mode, Frequency 
      1    214.9881 cm^-1  (      6.4452 THz )
      2    246.5156 cm^-1  (      7.3904 THz )
      3    414.7605 cm^-1  (     12.4342 THz )
      4    427.0474 cm^-1  (     12.8026 THz )
      5    526.3541 cm^-1  (     15.7797 THz )
      6    529.4180 cm^-1  (     15.8716 THz )

 # k point   165 : (  0.4192,  0.4192,  0.8384)
   Mode, Frequency 
      1    214.7688 cm^-1  (      6.4386 THz )
      2    247.1460 cm^-1  (      7.4093 THz )
      3    414.2271 cm^-1  (     12.4182 THz )
      4    426.9020 cm^-1  (     12.7982 THz )
      5    526.5034 cm^-1  (     15.7842 THz )
      6    529.6094 cm^-1  (     15.8773 THz )

 # k point   166 : (  0.4179,  0.4179,  0.8359)
   Mode, Frequency 
      1    214.5460 cm^-1  (      6.4319 THz )
      2    247.7769 cm^-1  (      7.4282 THz )
      3    413.6885 cm^-1  (     12.4021 THz )
      4    426.7587 cm^-1  (     12.7939 THz )
      5    526.6548 cm^-1  (     15.7887 THz )
      6    529.8010 cm^-1  (     15.8830 THz )

 # k point   167 : (  0.4167,  0.4167,  0.8333)
   Mode, Frequency 
      1    214.3199 cm^-1  (      6.4252 THz )
      2    248.4078 cm^-1  (      7.4471 THz )
      3    413.1451 cm^-1  (     12.3858 THz )
      4    426.6178 cm^-1  (     12.7897 THz )
      5    526.8083 cm^-1  (     15.7933 THz )
      6    529.9928 cm^-1  (     15.8888 THz )

 # k point   168 : (  0.4154,  0.4154,  0.8308)
   Mode, Frequency 
      1    214.0905 cm^-1  (      6.4183 THz )
      2    249.0384 cm^-1  (      7.4660 THz )
      3    412.5967 cm^-1  (     12.3693 THz )
      4    426.4793 cm^-1  (     12.7855 THz )
      5    526.9639 cm^-1  (     15.7980 THz )
      6    530.1848 cm^-1  (     15.8945 THz )

 # k point   169 : (  0.4141,  0.4141,  0.8283)
   Mode, Frequency 
      1    213.8576 cm^-1  (      6.4113 THz )
      2    249.6683 cm^-1  (      7.4849 THz )
      3    412.0435 cm^-1  (     12.3528 THz )
      4    426.3436 cm^-1  (     12.7815 THz )
      5    527.1216 cm^-1  (     15.8027 THz )
      6    530.3767 cm^-1  (     15.9003 THz )

 # k point   170 : (  0.4129,  0.4129,  0.8258)
   Mode, Frequency 
      1    213.6214 cm^-1  (      6.4042 THz )
      2    250.2971 cm^-1  (      7.5037 THz )
      3    411.4857 cm^-1  (     12.3360 THz )
      4    426.2110 cm^-1  (     12.7775 THz )
      5    527.2813 cm^-1  (     15.8075 THz )
      6    530.5688 cm^-1  (     15.9061 THz )

 # k point   171 : (  0.4116,  0.4116,  0.8232)
   Mode, Frequency 
      1    213.3818 cm^-1  (      6.3970 THz )
      2    250.9243 cm^-1  (      7.5225 THz )
      3    410.9232 cm^-1  (     12.3192 THz )
      4    426.0815 cm^-1  (     12.7736 THz )
      5    527.4430 cm^-1  (     15.8123 THz )
      6    530.7607 cm^-1  (     15.9118 THz )

 # k point   172 : (  0.4104,  0.4104,  0.8207)
   Mode, Frequency 
      1    213.1389 cm^-1  (      6.3897 THz )
      2    251.5496 cm^-1  (      7.5413 THz )
      3    410.3561 cm^-1  (     12.3022 THz )
      4    425.9556 cm^-1  (     12.7698 THz )
      5    527.6068 cm^-1  (     15.8173 THz )
      6    530.9526 cm^-1  (     15.9176 THz )

 # k point   173 : (  0.4091,  0.4091,  0.8182)
   Mode, Frequency 
      1    212.8926 cm^-1  (      6.3824 THz )
      2    252.1724 cm^-1  (      7.5599 THz )
      3    409.7845 cm^-1  (     12.2850 THz )
      4    425.8335 cm^-1  (     12.7662 THz )
      5    527.7726 cm^-1  (     15.8222 THz )
      6    531.1443 cm^-1  (     15.9233 THz )

 # k point   174 : (  0.4078,  0.4078,  0.8157)
   Mode, Frequency 
      1    212.6430 cm^-1  (      6.3749 THz )
      2    252.7925 cm^-1  (      7.5785 THz )
      3    409.2086 cm^-1  (     12.2678 THz )
      4    425.7154 cm^-1  (     12.7626 THz )
      5    527.9404 cm^-1  (     15.8273 THz )
      6    531.3358 cm^-1  (     15.9290 THz )

 # k point   175 : (  0.4066,  0.4066,  0.8131)
   Mode, Frequency 
      1    212.3900 cm^-1  (      6.3673 THz )
      2    253.4094 cm^-1  (      7.5970 THz )
      3    408.6282 cm^-1  (     12.2504 THz )
      4    425.6015 cm^-1  (     12.7592 THz )
      5    528.1102 cm^-1  (     15.8323 THz )
      6    531.5271 cm^-1  (     15.9348 THz )

 # k point   176 : (  0.4053,  0.4053,  0.8106)
   Mode, Frequency 
      1    212.1337 cm^-1  (      6.3596 THz )
      2    254.0226 cm^-1  (      7.6154 THz )
      3    408.0437 cm^-1  (     12.2328 THz )
      4    425.4922 cm^-1  (     12.7559 THz )
      5    528.2819 cm^-1  (     15.8375 THz )
      6    531.7181 cm^-1  (     15.9405 THz )

 # k point   177 : (  0.4040,  0.4040,  0.8081)
   Mode, Frequency 
      1    211.8740 cm^-1  (      6.3518 THz )
      2    254.6317 cm^-1  (      7.6337 THz )
      3    407.4549 cm^-1  (     12.2152 THz )
      4    425.3876 cm^-1  (     12.7528 THz )
      5    528.4557 cm^-1  (     15.8427 THz )
      6    531.9088 cm^-1  (     15.9462 THz )

 # k point   178 : (  0.4028,  0.4028,  0.8056)
   Mode, Frequency 
      1    211.6110 cm^-1  (      6.3439 THz )
      2    255.2363 cm^-1  (      7.6518 THz )
      3    406.8619 cm^-1  (     12.1974 THz )
      4    425.2882 cm^-1  (     12.7498 THz )
      5    528.6314 cm^-1  (     15.8480 THz )
      6    532.0991 cm^-1  (     15.9519 THz )

 # k point   179 : (  0.4015,  0.4015,  0.8030)
   Mode, Frequency 
      1    211.3447 cm^-1  (      6.3360 THz )
      2    255.8360 cm^-1  (      7.6698 THz )
      3    406.2649 cm^-1  (     12.1795 THz )
      4    425.1941 cm^-1  (     12.7470 THz )
      5    528.8090 cm^-1  (     15.8533 THz )
      6    532.2891 cm^-1  (     15.9576 THz )

 # k point   180 : (  0.4003,  0.4003,  0.8005)
   Mode, Frequency 
      1    211.0751 cm^-1  (      6.3279 THz )
      2    256.4304 cm^-1  (      7.6876 THz )
      3    405.6638 cm^-1  (     12.1615 THz )
      4    425.1056 cm^-1  (     12.7443 THz )
      5    528.9886 cm^-1  (     15.8587 THz )
      6    532.4786 cm^-1  (     15.9633 THz )

 # k point   181 : (  0.3990,  0.3990,  0.7980)
   Mode, Frequency 
      1    210.8021 cm^-1  (      6.3197 THz )
      2    257.0189 cm^-1  (      7.7052 THz )
      3    405.0588 cm^-1  (     12.1434 THz )
      4    425.0231 cm^-1  (     12.7419 THz )
      5    529.1701 cm^-1  (     15.8641 THz )
      6    532.6676 cm^-1  (     15.9690 THz )

 # k point   182 : (  0.3977,  0.3977,  0.7955)
   Mode, Frequency 
      1    210.5258 cm^-1  (      6.3114 THz )
      2    257.6012 cm^-1  (      7.7227 THz )
      3    404.4499 cm^-1  (     12.1251 THz )
      4    424.9467 cm^-1  (     12.7396 THz )
      5    529.3535 cm^-1  (     15.8696 THz )
      6    532.8561 cm^-1  (     15.9746 THz )

 # k point   183 : (  0.3965,  0.3965,  0.7929)
   Mode, Frequency 
      1    210.2462 cm^-1  (      6.3030 THz )
      2    258.1769 cm^-1  (      7.7399 THz )
      3    403.8371 cm^-1  (     12.1067 THz )
      4    424.8768 cm^-1  (     12.7375 THz )
      5    529.5387 cm^-1  (     15.8752 THz )
      6    533.0441 cm^-1  (     15.9803 THz )

 # k point   184 : (  0.3952,  0.3952,  0.7904)
   Mode, Frequency 
      1    209.9633 cm^-1  (      6.2945 THz )
      2    258.7455 cm^-1  (      7.7570 THz )
      3    403.2205 cm^-1  (     12.0882 THz )
      4    424.8137 cm^-1  (     12.7356 THz )
      5    529.7259 cm^-1  (     15.8808 THz )
      6    533.2316 cm^-1  (     15.9859 THz )

 # k point   185 : (  0.3939,  0.3939,  0.7879)
   Mode, Frequency 
      1    209.6771 cm^-1  (      6.2860 THz )
      2    259.3065 cm^-1  (      7.7738 THz )
      3    402.6002 cm^-1  (     12.0697 THz )
      4    424.7576 cm^-1  (     12.7339 THz )
      5    529.9149 cm^-1  (     15.8864 THz )
      6    533.4184 cm^-1  (     15.9915 THz )

 # k point   186 : (  0.3927,  0.3927,  0.7854)
   Mode, Frequency 
      1    209.3876 cm^-1  (      6.2773 THz )
      2    259.8596 cm^-1  (      7.7904 THz )
      3    401.9762 cm^-1  (     12.0509 THz )
      4    424.7088 cm^-1  (     12.7324 THz )
      5    530.1058 cm^-1  (     15.8922 THz )
      6    533.6047 cm^-1  (     15.9971 THz )

 # k point   187 : (  0.3914,  0.3914,  0.7828)
   Mode, Frequency 
      1    209.0948 cm^-1  (      6.2685 THz )
      2    260.4042 cm^-1  (      7.8067 THz )
      3    401.3485 cm^-1  (     12.0321 THz )
      4    424.6677 cm^-1  (     12.7312 THz )
      5    530.2985 cm^-1  (     15.8979 THz )
      6    533.7903 cm^-1  (     16.0026 THz )

 # k point   188 : (  0.3902,  0.3902,  0.7803)
   Mode, Frequency 
      1    208.7987 cm^-1  (      6.2596 THz )
      2    260.9401 cm^-1  (      7.8228 THz )
      3    400.7173 cm^-1  (     12.0132 THz )
      4    424.6344 cm^-1  (     12.7302 THz )
      5    530.4930 cm^-1  (     15.9038 THz )
      6    533.9752 cm^-1  (     16.0082 THz )

 # k point   189 : (  0.3889,  0.3889,  0.7778)
   Mode, Frequency 
      1    208.4993 cm^-1  (      6.2507 THz )
      2    261.4667 cm^-1  (      7.8386 THz )
      3    400.0824 cm^-1  (     11.9942 THz )
      4    424.6094 cm^-1  (     12.7295 THz )
      5    530.6893 cm^-1  (     15.9097 THz )
      6    534.1595 cm^-1  (     16.0137 THz )

 # k point   190 : (  0.3876,  0.3876,  0.7753)
   Mode, Frequency 
      1    208.1966 cm^-1  (      6.2416 THz )
      2    261.9836 cm^-1  (      7.8541 THz )
      3    399.4441 cm^-1  (     11.9750 THz )
      4    424.5929 cm^-1  (     12.7290 THz )
      5    530.8874 cm^-1  (     15.9156 THz )
      6    534.3431 cm^-1  (     16.0192 THz )

 # k point   191 : (  0.3864,  0.3864,  0.7727)
   Mode, Frequency 
      1    207.8907 cm^-1  (      6.2324 THz )
      2    262.4904 cm^-1  (      7.8693 THz )
      3    398.8023 cm^-1  (     11.9558 THz )
      4    424.5852 cm^-1  (     12.7287 THz )
      5    531.0873 cm^-1  (     15.9216 THz )
      6    534.5260 cm^-1  (     16.0247 THz )

 # k point   192 : (  0.3851,  0.3851,  0.7702)
   Mode, Frequency 
      1    207.5815 cm^-1  (      6.2231 THz )
      2    262.9867 cm^-1  (      7.8841 THz )
      3    398.1570 cm^-1  (     11.9364 THz )
      4    424.5865 cm^-1  (     12.7288 THz )
      5    531.2890 cm^-1  (     15.9276 THz )
      6    534.7082 cm^-1  (     16.0301 THz )

 # k point   193 : (  0.3838,  0.3838,  0.7677)
   Mode, Frequency 
      1    207.2690 cm^-1  (      6.2138 THz )
      2    263.4721 cm^-1  (      7.8987 THz )
      3    397.5084 cm^-1  (     11.9170 THz )
      4    424.5972 cm^-1  (     12.7291 THz )
      5    531.4924 cm^-1  (     15.9337 THz )
      6    534.8896 cm^-1  (     16.0356 THz )

 # k point   194 : (  0.3826,  0.3826,  0.7652)
   Mode, Frequency 
      1    206.9533 cm^-1  (      6.2043 THz )
      2    263.9461 cm^-1  (      7.9129 THz )
      3    396.8564 cm^-1  (     11.8975 THz )
      4    424.6175 cm^-1  (     12.7297 THz )
      5    531.6975 cm^-1  (     15.9399 THz )
      6    535.0703 cm^-1  (     16.0410 THz )

 # k point   195 : (  0.3813,  0.3813,  0.7626)
   Mode, Frequency 
      1    206.6343 cm^-1  (      6.1947 THz )
      2    264.4084 cm^-1  (      7.9268 THz )
      3    396.2010 cm^-1  (     11.8778 THz )
      4    424.6477 cm^-1  (     12.7306 THz )
      5    531.9044 cm^-1  (     15.9461 THz )
      6    535.2502 cm^-1  (     16.0464 THz )

 # k point   196 : (  0.3801,  0.3801,  0.7601)
   Mode, Frequency 
      1    206.3121 cm^-1  (      6.1851 THz )
      2    264.8585 cm^-1  (      7.9403 THz )
      3    395.5424 cm^-1  (     11.8581 THz )
      4    424.6882 cm^-1  (     12.7318 THz )
      5    532.1129 cm^-1  (     15.9523 THz )
      6    535.4294 cm^-1  (     16.0518 THz )

 # k point   197 : (  0.3788,  0.3788,  0.7576)
   Mode, Frequency 
      1    205.9866 cm^-1  (      6.1753 THz )
      2    265.2960 cm^-1  (      7.9534 THz )
      3    394.8805 cm^-1  (     11.8382 THz )
      4    424.7391 cm^-1  (     12.7334 THz )
      5    532.3232 cm^-1  (     15.9586 THz )
      6    535.6078 cm^-1  (     16.0571 THz )

 # k point   198 : (  0.3775,  0.3775,  0.7551)
   Mode, Frequency 
      1    205.6579 cm^-1  (      6.1655 THz )
      2    265.7206 cm^-1  (      7.9661 THz )
      3    394.2154 cm^-1  (     11.8183 THz )
      4    424.8007 cm^-1  (     12.7352 THz )
      5    532.5351 cm^-1  (     15.9650 THz )
      6    535.7854 cm^-1  (     16.0624 THz )

 # k point   199 : (  0.3763,  0.3763,  0.7525)
   Mode, Frequency 
      1    205.3259 cm^-1  (      6.1555 THz )
      2    266.1319 cm^-1  (      7.9784 THz )
      3    393.5471 cm^-1  (     11.7982 THz )
      4    424.8733 cm^-1  (     12.7374 THz )
      5    532.7487 cm^-1  (     15.9714 THz )
      6    535.9622 cm^-1  (     16.0677 THz )

 # k point   200 : (  0.3750,  0.3750,  0.7500)
   Mode, Frequency 
      1    204.9907 cm^-1  (      6.1455 THz )
      2    266.5295 cm^-1  (      7.9904 THz )
      3    392.8755 cm^-1  (     11.7781 THz )
      4    424.9572 cm^-1  (     12.7399 THz )
      5    532.9639 cm^-1  (     15.9779 THz )
      6    536.1382 cm^-1  (     16.0730 THz )

 # k point   201 : (  0.3750,  0.3750,  0.7500)
   Mode, Frequency 
      1    204.9907 cm^-1  (      6.1455 THz )
      2    266.5295 cm^-1  (      7.9904 THz )
      3    392.8755 cm^-1  (     11.7781 THz )
      4    424.9572 cm^-1  (     12.7399 THz )
      5    532.9639 cm^-1  (     15.9779 THz )
      6    536.1382 cm^-1  (     16.0730 THz )

 # k point   202 : (  0.3712,  0.3712,  0.7424)
   Mode, Frequency 
      1    203.9658 cm^-1  (      6.1147 THz )
      2    267.6364 cm^-1  (      8.0235 THz )
      3    390.8421 cm^-1  (     11.7172 THz )
      4    425.2788 cm^-1  (     12.7495 THz )
      5    533.6192 cm^-1  (     15.9975 THz )
      6    536.6616 cm^-1  (     16.0887 THz )

 # k point   203 : (  0.3674,  0.3674,  0.7348)
   Mode, Frequency 
      1    202.9120 cm^-1  (      6.0831 THz )
      2    268.6074 cm^-1  (      8.0526 THz )
      3    388.7809 cm^-1  (     11.6554 THz )
      4    425.7103 cm^-1  (     12.7625 THz )
      5    534.2888 cm^-1  (     16.0176 THz )
      6    537.1780 cm^-1  (     16.1042 THz )

 # k point   204 : (  0.3636,  0.3636,  0.7273)
   Mode, Frequency 
      1    201.8294 cm^-1  (      6.0507 THz )
      2    269.4340 cm^-1  (      8.0774 THz )
      3    386.6922 cm^-1  (     11.5927 THz )
      4    426.2573 cm^-1  (     12.7789 THz )
      5    534.9721 cm^-1  (     16.0381 THz )
      6    537.6874 cm^-1  (     16.1195 THz )

 # k point   205 : (  0.3598,  0.3598,  0.7197)
   Mode, Frequency 
      1    200.7183 cm^-1  (      6.0174 THz )
      2    270.1087 cm^-1  (      8.0977 THz )
      3    384.5765 cm^-1  (     11.5293 THz )
      4    426.9245 cm^-1  (     12.7989 THz )
      5    535.6688 cm^-1  (     16.0589 THz )
      6    538.1902 cm^-1  (     16.1345 THz )

 # k point   206 : (  0.3561,  0.3561,  0.7121)
   Mode, Frequency 
      1    199.5788 cm^-1  (      5.9832 THz )
      2    270.6250 cm^-1  (      8.1131 THz )
      3    382.4339 cm^-1  (     11.4651 THz )
      4    427.7159 cm^-1  (     12.8226 THz )
      5    536.3783 cm^-1  (     16.0802 THz )
      6    538.6866 cm^-1  (     16.1494 THz )

 # k point   207 : (  0.3523,  0.3523,  0.7045)
   Mode, Frequency 
      1    198.4110 cm^-1  (      5.9482 THz )
      2    270.9777 cm^-1  (      8.1237 THz )
      3    380.2646 cm^-1  (     11.4000 THz )
      4    428.6343 cm^-1  (     12.8501 THz )
      5    537.1003 cm^-1  (     16.1019 THz )
      6    539.1771 cm^-1  (     16.1641 THz )

 # k point   208 : (  0.3485,  0.3485,  0.6970)
   Mode, Frequency 
      1    197.2151 cm^-1  (      5.9124 THz )
      2    271.1628 cm^-1  (      8.1293 THz )
      3    378.0685 cm^-1  (     11.3342 THz )
      4    429.6814 cm^-1  (     12.8815 THz )
      5    537.8343 cm^-1  (     16.1239 THz )
      6    539.6621 cm^-1  (     16.1787 THz )

 # k point   209 : (  0.3447,  0.3447,  0.6894)
   Mode, Frequency 
      1    195.9913 cm^-1  (      5.8757 THz )
      2    271.1776 cm^-1  (      8.1297 THz )
      3    375.8455 cm^-1  (     11.2676 THz )
      4    430.8577 cm^-1  (     12.9168 THz )
      5    538.5798 cm^-1  (     16.1462 THz )
      6    540.1423 cm^-1  (     16.1931 THz )

 # k point   210 : (  0.3409,  0.3409,  0.6818)
   Mode, Frequency 
      1    194.7397 cm^-1  (      5.8381 THz )
      2    271.0206 cm^-1  (      8.1250 THz )
      3    373.5954 cm^-1  (     11.2001 THz )
      4    432.1626 cm^-1  (     12.9559 THz )
      5    539.3364 cm^-1  (     16.1689 THz )
      6    540.6182 cm^-1  (     16.2073 THz )

 # k point   211 : (  0.3371,  0.3371,  0.6742)
   Mode, Frequency 
      1    193.4605 cm^-1  (      5.7998 THz )
      2    270.6918 cm^-1  (      8.1151 THz )
      3    371.3179 cm^-1  (     11.1318 THz )
      4    433.5946 cm^-1  (     12.9988 THz )
      5    540.1035 cm^-1  (     16.1919 THz )
      6    541.0905 cm^-1  (     16.2215 THz )

 # k point   212 : (  0.3333,  0.3333,  0.6667)
   Mode, Frequency 
      1    192.1540 cm^-1  (      5.7606 THz )
      2    270.1921 cm^-1  (      8.1002 THz )
      3    369.0126 cm^-1  (     11.0627 THz )
      4    435.1509 cm^-1  (     13.0455 THz )
      5    540.8808 cm^-1  (     16.2152 THz )
      6    541.5600 cm^-1  (     16.2356 THz )

 # k point   213 : (  0.3295,  0.3295,  0.6591)
   Mode, Frequency 
      1    190.8202 cm^-1  (      5.7206 THz )
      2    269.5235 cm^-1  (      8.0801 THz )
      3    366.6790 cm^-1  (     10.9928 THz )
      4    436.8277 cm^-1  (     13.0958 THz )
      5    541.6676 cm^-1  (     16.2388 THz )
      6    542.0274 cm^-1  (     16.2496 THz )

 # k point   214 : (  0.3258,  0.3258,  0.6515)
   Mode, Frequency 
      1    189.4595 cm^-1  (      5.6799 THz )
      2    268.6890 cm^-1  (      8.0551 THz )
      3    364.3166 cm^-1  (     10.9219 THz )
      4    438.6207 cm^-1  (     13.1495 THz )
      5    542.4636 cm^-1  (     16.2627 THz )
      6    542.4936 cm^-1  (     16.2635 THz )

 # k point   215 : (  0.3220,  0.3220,  0.6439)
   Mode, Frequency 
      1    188.0719 cm^-1  (      5.6383 THz )
      2    267.6926 cm^-1  (      8.0252 THz )
      3    361.9247 cm^-1  (     10.8502 THz )
      4    440.5246 cm^-1  (     13.2066 THz )
      5    542.9594 cm^-1  (     16.2775 THz )
      6    543.2682 cm^-1  (     16.2868 THz )

 # k point   216 : (  0.3182,  0.3182,  0.6364)
   Mode, Frequency 
      1    186.6576 cm^-1  (      5.5959 THz )
      2    266.5386 cm^-1  (      7.9906 THz )
      3    359.5027 cm^-1  (     10.7776 THz )
      4    442.5337 cm^-1  (     13.2668 THz )
      5    543.4257 cm^-1  (     16.2915 THz )
      6    544.0810 cm^-1  (     16.3111 THz )

 # k point   217 : (  0.3144,  0.3144,  0.6288)
   Mode, Frequency 
      1    185.2169 cm^-1  (      5.5527 THz )
      2    265.2323 cm^-1  (      7.9515 THz )
      3    357.0496 cm^-1  (     10.7041 THz )
      4    444.6416 cm^-1  (     13.3300 THz )
      5    543.8935 cm^-1  (     16.3055 THz )
      6    544.9014 cm^-1  (     16.3357 THz )

 # k point   218 : (  0.3106,  0.3106,  0.6212)
   Mode, Frequency 
      1    183.7500 cm^-1  (      5.5087 THz )
      2    263.7791 cm^-1  (      7.9079 THz )
      3    354.5649 cm^-1  (     10.6296 THz )
      4    446.8419 cm^-1  (     13.3960 THz )
      5    544.3636 cm^-1  (     16.3196 THz )
      6    545.7290 cm^-1  (     16.3605 THz )

 # k point   219 : (  0.3068,  0.3068,  0.6136)
   Mode, Frequency 
      1    182.2571 cm^-1  (      5.4639 THz )
      2    262.1848 cm^-1  (      7.8601 THz )
      3    352.0474 cm^-1  (     10.5541 THz )
      4    449.1277 cm^-1  (     13.4645 THz )
      5    544.8369 cm^-1  (     16.3338 THz )
      6    546.5632 cm^-1  (     16.3856 THz )

 # k point   220 : (  0.3030,  0.3030,  0.6061)
   Mode, Frequency 
      1    180.7384 cm^-1  (      5.4184 THz )
      2    260.4556 cm^-1  (      7.8083 THz )
      3    349.4964 cm^-1  (     10.4776 THz )
      4    451.4922 cm^-1  (     13.5354 THz )
      5    545.3144 cm^-1  (     16.3481 THz )
      6    547.4036 cm^-1  (     16.4107 THz )

 # k point   221 : (  0.2992,  0.2992,  0.5985)
   Mode, Frequency 
      1    179.1941 cm^-1  (      5.3721 THz )
      2    258.5976 cm^-1  (      7.7526 THz )
      3    346.9109 cm^-1  (     10.4001 THz )
      4    453.9286 cm^-1  (     13.6084 THz )
      5    545.7969 cm^-1  (     16.3626 THz )
      6    548.2496 cm^-1  (     16.4361 THz )

 # k point   222 : (  0.2955,  0.2955,  0.5909)
   Mode, Frequency 
      1    177.6244 cm^-1  (      5.3250 THz )
      2    256.6170 cm^-1  (      7.6932 THz )
      3    344.2898 cm^-1  (     10.3215 THz )
      4    456.4299 cm^-1  (     13.6834 THz )
      5    546.2855 cm^-1  (     16.3772 THz )
      6    549.1008 cm^-1  (     16.4616 THz )

 # k point   223 : (  0.2917,  0.2917,  0.5833)
   Mode, Frequency 
      1    176.0295 cm^-1  (      5.2772 THz )
      2    254.5198 cm^-1  (      7.6303 THz )
      3    341.6323 cm^-1  (     10.2419 THz )
      4    458.9895 cm^-1  (     13.7602 THz )
      5    546.7809 cm^-1  (     16.3921 THz )
      6    549.9566 cm^-1  (     16.4873 THz )

 # k point   224 : (  0.2879,  0.2879,  0.5758)
   Mode, Frequency 
      1    174.4097 cm^-1  (      5.2287 THz )
      2    252.3123 cm^-1  (      7.5641 THz )
      3    338.9371 cm^-1  (     10.1611 THz )
      4    461.6008 cm^-1  (     13.8384 THz )
      5    547.2841 cm^-1  (     16.4072 THz )
      6    550.8165 cm^-1  (     16.5131 THz )

 # k point   225 : (  0.2841,  0.2841,  0.5682)
   Mode, Frequency 
      1    172.7652 cm^-1  (      5.1794 THz )
      2    250.0002 cm^-1  (      7.4948 THz )
      3    336.2034 cm^-1  (     10.0791 THz )
      4    464.2576 cm^-1  (     13.9181 THz )
      5    547.7958 cm^-1  (     16.4225 THz )
      6    551.6801 cm^-1  (     16.5390 THz )

 # k point   226 : (  0.2803,  0.2803,  0.5606)
   Mode, Frequency 
      1    171.0963 cm^-1  (      5.1293 THz )
      2    247.5893 cm^-1  (      7.4225 THz )
      3    333.4299 cm^-1  (      9.9960 THz )
      4    466.9538 cm^-1  (     13.9989 THz )
      5    548.3169 cm^-1  (     16.4381 THz )
      6    552.5468 cm^-1  (     16.5649 THz )

 # k point   227 : (  0.2765,  0.2765,  0.5530)
   Mode, Frequency 
      1    169.4031 cm^-1  (      5.0786 THz )
      2    245.0853 cm^-1  (      7.3475 THz )
      3    330.6157 cm^-1  (      9.9116 THz )
      4    469.6836 cm^-1  (     14.0808 THz )
      5    548.8481 cm^-1  (     16.4541 THz )
      6    553.4161 cm^-1  (     16.5910 THz )

 # k point   228 : (  0.2727,  0.2727,  0.5455)
   Mode, Frequency 
      1    167.6860 cm^-1  (      5.0271 THz )
      2    242.4934 cm^-1  (      7.2698 THz )
      3    327.7598 cm^-1  (      9.8260 THz )
      4    472.4414 cm^-1  (     14.1634 THz )
      5    549.3900 cm^-1  (     16.4703 THz )
      6    554.2875 cm^-1  (     16.6171 THz )

 # k point   229 : (  0.2689,  0.2689,  0.5379)
   Mode, Frequency 
      1    165.9451 cm^-1  (      4.9749 THz )
      2    239.8190 cm^-1  (      7.1896 THz )
      3    324.8610 cm^-1  (      9.7391 THz )
      4    475.2220 cm^-1  (     14.2468 THz )
      5    549.9435 cm^-1  (     16.4869 THz )
      6    555.1605 cm^-1  (     16.6433 THz )

 # k point   230 : (  0.2652,  0.2652,  0.5303)
   Mode, Frequency 
      1    164.1807 cm^-1  (      4.9220 THz )
      2    237.0668 cm^-1  (      7.1071 THz )
      3    321.9184 cm^-1  (      9.6509 THz )
      4    478.0205 cm^-1  (     14.3307 THz )
      5    550.5090 cm^-1  (     16.5038 THz )
      6    556.0347 cm^-1  (     16.6695 THz )

 # k point   231 : (  0.2614,  0.2614,  0.5227)
   Mode, Frequency 
      1    162.3930 cm^-1  (      4.8684 THz )
      2    234.2417 cm^-1  (      7.0224 THz )
      3    318.9309 cm^-1  (      9.5613 THz )
      4    480.8320 cm^-1  (     14.4150 THz )
      5    551.0871 cm^-1  (     16.5212 THz )
      6    556.9094 cm^-1  (     16.6957 THz )

 # k point   232 : (  0.2576,  0.2576,  0.5152)
   Mode, Frequency 
      1    160.5823 cm^-1  (      4.8141 THz )
      2    231.3482 cm^-1  (      6.9356 THz )
      3    315.8976 cm^-1  (      9.4704 THz )
      4    483.6522 cm^-1  (     14.4995 THz )
      5    551.6783 cm^-1  (     16.5389 THz )
      6    557.7843 cm^-1  (     16.7220 THz )

 # k point   233 : (  0.2538,  0.2538,  0.5076)
   Mode, Frequency 
      1    158.7490 cm^-1  (      4.7592 THz )
      2    228.3906 cm^-1  (      6.8470 THz )
      3    312.8175 cm^-1  (      9.3780 THz )
      4    486.4769 cm^-1  (     14.5842 THz )
      5    552.2830 cm^-1  (     16.5570 THz )
      6    558.6588 cm^-1  (     16.7482 THz )

 # k point   234 : (  0.2500,  0.2500,  0.5000)
   Mode, Frequency 
      1    156.8931 cm^-1  (      4.7035 THz )
      2    225.3730 cm^-1  (      6.7565 THz )
      3    309.6898 cm^-1  (      9.2843 THz )
      4    489.3022 cm^-1  (     14.6689 THz )
      5    552.9016 cm^-1  (     16.5756 THz )
      6    559.5324 cm^-1  (     16.7744 THz )

 # k point   235 : (  0.2462,  0.2462,  0.4924)
   Mode, Frequency 
      1    155.0150 cm^-1  (      4.6472 THz )
      2    222.2995 cm^-1  (      6.6644 THz )
      3    306.5135 cm^-1  (      9.1890 THz )
      4    492.1243 cm^-1  (     14.7535 THz )
      5    553.5342 cm^-1  (     16.5945 THz )
      6    560.4047 cm^-1  (     16.8005 THz )

 # k point   236 : (  0.2424,  0.2424,  0.4848)
   Mode, Frequency 
      1    153.1150 cm^-1  (      4.5903 THz )
      2    219.1737 cm^-1  (      6.5707 THz )
      3    303.2879 cm^-1  (      9.0923 THz )
      4    494.9399 cm^-1  (     14.8379 THz )
      5    554.1812 cm^-1  (     16.6139 THz )
      6    561.2751 cm^-1  (     16.8266 THz )

 # k point   237 : (  0.2386,  0.2386,  0.4773)
   Mode, Frequency 
      1    151.1932 cm^-1  (      4.5327 THz )
      2    215.9994 cm^-1  (      6.4755 THz )
      3    300.0122 cm^-1  (      8.9941 THz )
      4    497.7456 cm^-1  (     14.9220 THz )
      5    554.8426 cm^-1  (     16.6338 THz )
      6    562.1432 cm^-1  (     16.8526 THz )

 # k point   238 : (  0.2348,  0.2348,  0.4697)
   Mode, Frequency 
      1    149.2501 cm^-1  (      4.4744 THz )
      2    212.7798 cm^-1  (      6.3790 THz )
      3    296.6857 cm^-1  (      8.8944 THz )
      4    500.5385 cm^-1  (     15.0058 THz )
      5    555.5185 cm^-1  (     16.6540 THz )
      6    563.0084 cm^-1  (     16.8786 THz )

 # k point   239 : (  0.2311,  0.2311,  0.4621)
   Mode, Frequency 
      1    147.2858 cm^-1  (      4.4155 THz )
      2    209.5183 cm^-1  (      6.2812 THz )
      3    293.3077 cm^-1  (      8.7931 THz )
      4    503.3156 cm^-1  (     15.0890 THz )
      5    556.2089 cm^-1  (     16.6747 THz )
      6    563.8704 cm^-1  (     16.9044 THz )

 # k point   240 : (  0.2273,  0.2273,  0.4545)
   Mode, Frequency 
      1    145.3007 cm^-1  (      4.3560 THz )
      2    206.2180 cm^-1  (      6.1823 THz )
      3    289.8776 cm^-1  (      8.6903 THz )
      4    506.0744 cm^-1  (     15.1717 THz )
      5    556.9137 cm^-1  (     16.6959 THz )
      6    564.7286 cm^-1  (     16.9301 THz )

 # k point   241 : (  0.2235,  0.2235,  0.4470)
   Mode, Frequency 
      1    143.2950 cm^-1  (      4.2959 THz )
      2    202.8820 cm^-1  (      6.0822 THz )
      3    286.3948 cm^-1  (      8.5859 THz )
      4    508.8123 cm^-1  (     15.2538 THz )
      5    557.6326 cm^-1  (     16.7174 THz )
      6    565.5826 cm^-1  (     16.9557 THz )

 # k point   242 : (  0.2197,  0.2197,  0.4394)
   Mode, Frequency 
      1    141.2690 cm^-1  (      4.2351 THz )
      2    199.5131 cm^-1  (      5.9813 THz )
      3    282.8590 cm^-1  (      8.4799 THz )
      4    511.5270 cm^-1  (     15.3352 THz )
      5    558.3656 cm^-1  (     16.7394 THz )
      6    566.4319 cm^-1  (     16.9812 THz )

 # k point   243 : (  0.2159,  0.2159,  0.4318)
   Mode, Frequency 
      1    139.2230 cm^-1  (      4.1738 THz )
      2    196.1140 cm^-1  (      5.8793 THz )
      3    279.2696 cm^-1  (      8.3723 THz )
      4    514.2162 cm^-1  (     15.4158 THz )
      5    559.1122 cm^-1  (     16.7618 THz )
      6    567.2761 cm^-1  (     17.0065 THz )

 # k point   244 : (  0.2121,  0.2121,  0.4242)
   Mode, Frequency 
      1    137.1573 cm^-1  (      4.1119 THz )
      2    192.6873 cm^-1  (      5.7766 THz )
      3    275.6264 cm^-1  (      8.2631 THz )
      4    516.8781 cm^-1  (     15.4956 THz )
      5    559.8720 cm^-1  (     16.7845 THz )
      6    568.1146 cm^-1  (     17.0316 THz )

 # k point   245 : (  0.2083,  0.2083,  0.4167)
   Mode, Frequency 
      1    135.0722 cm^-1  (      4.0494 THz )
      2    189.2357 cm^-1  (      5.6731 THz )
      3    271.9290 cm^-1  (      8.1522 THz )
      4    519.5106 cm^-1  (     15.5745 THz )
      5    560.6446 cm^-1  (     16.8077 THz )
      6    568.9471 cm^-1  (     17.0566 THz )

 # k point   246 : (  0.2045,  0.2045,  0.4091)
   Mode, Frequency 
      1    132.9679 cm^-1  (      3.9863 THz )
      2    185.7614 cm^-1  (      5.5690 THz )
      3    268.1772 cm^-1  (      8.0398 THz )
      4    522.1121 cm^-1  (     15.6525 THz )
      5    561.4295 cm^-1  (     16.8312 THz )
      6    569.7731 cm^-1  (     17.0814 THz )

 # k point   247 : (  0.2008,  0.2008,  0.4015)
   Mode, Frequency 
      1    130.8448 cm^-1  (      3.9226 THz )
      2    182.2668 cm^-1  (      5.4642 THz )
      3    264.3709 cm^-1  (      7.9256 THz )
      4    524.6807 cm^-1  (     15.7295 THz )
      5    562.2261 cm^-1  (     16.8551 THz )
      6    570.5922 cm^-1  (     17.1059 THz )

 # k point   248 : (  0.1970,  0.1970,  0.3939)
   Mode, Frequency 
      1    128.7032 cm^-1  (      3.8584 THz )
      2    178.7542 cm^-1  (      5.3589 THz )
      3    260.5100 cm^-1  (      7.8099 THz )
      4    527.2151 cm^-1  (     15.8055 THz )
      5    563.0336 cm^-1  (     16.8793 THz )
      6    571.4038 cm^-1  (     17.1303 THz )

 # k point   249 : (  0.1932,  0.1932,  0.3864)
   Mode, Frequency 
      1    126.5434 cm^-1  (      3.7937 THz )
      2    175.2255 cm^-1  (      5.2531 THz )
      3    256.5944 cm^-1  (      7.6925 THz )
      4    529.7137 cm^-1  (     15.8804 THz )
      5    563.8515 cm^-1  (     16.9038 THz )
      6    572.2077 cm^-1  (     17.1544 THz )

 # k point   250 : (  0.1894,  0.1894,  0.3788)
   Mode, Frequency 
      1    124.3656 cm^-1  (      3.7284 THz )
      2    171.6830 cm^-1  (      5.1469 THz )
      3    252.6242 cm^-1  (      7.5735 THz )
      4    532.1752 cm^-1  (     15.9542 THz )
      5    564.6789 cm^-1  (     16.9286 THz )
      6    573.0034 cm^-1  (     17.1782 THz )

 # k point   251 : (  0.1856,  0.1856,  0.3712)
   Mode, Frequency 
      1    122.1702 cm^-1  (      3.6626 THz )
      2    168.1284 cm^-1  (      5.0404 THz )
      3    248.5995 cm^-1  (      7.4528 THz )
      4    534.5984 cm^-1  (     16.0269 THz )
      5    565.5150 cm^-1  (     16.9537 THz )
      6    573.7905 cm^-1  (     17.2018 THz )

 # k point   252 : (  0.1818,  0.1818,  0.3636)
   Mode, Frequency 
      1    119.9576 cm^-1  (      3.5962 THz )
      2    164.5637 cm^-1  (      4.9335 THz )
      3    244.5205 cm^-1  (      7.3305 THz )
      4    536.9821 cm^-1  (     16.0983 THz )
      5    566.3590 cm^-1  (     16.9790 THz )
      6    574.5685 cm^-1  (     17.2251 THz )

 # k point   253 : (  0.1780,  0.1780,  0.3561)
   Mode, Frequency 
      1    117.7279 cm^-1  (      3.5294 THz )
      2    160.9906 cm^-1  (      4.8264 THz )
      3    240.3874 cm^-1  (      7.2066 THz )
      4    539.3252 cm^-1  (     16.1686 THz )
      5    567.2098 cm^-1  (     17.0045 THz )
      6    575.3370 cm^-1  (     17.2482 THz )

 # k point   254 : (  0.1742,  0.1742,  0.3485)
   Mode, Frequency 
      1    115.4816 cm^-1  (      3.4621 THz )
      2    157.4108 cm^-1  (      4.7191 THz )
      3    236.2004 cm^-1  (      7.0811 THz )
      4    541.6267 cm^-1  (     16.2376 THz )
      5    568.0666 cm^-1  (     17.0302 THz )
      6    576.0957 cm^-1  (     17.2709 THz )

 # k point   255 : (  0.1705,  0.1705,  0.3409)
   Mode, Frequency 
      1    113.2189 cm^-1  (      3.3942 THz )
      2    153.8260 cm^-1  (      4.6116 THz )
      3    231.9601 cm^-1  (      6.9540 THz )
      4    543.8858 cm^-1  (     16.3053 THz )
      5    568.9284 cm^-1  (     17.0560 THz )
      6    576.8442 cm^-1  (     17.2934 THz )

 # k point   256 : (  0.1667,  0.1667,  0.3333)
   Mode, Frequency 
      1    110.9402 cm^-1  (      3.3259 THz )
      2    150.2378 cm^-1  (      4.5040 THz )
      3    227.6666 cm^-1  (      6.8253 THz )
      4    546.1014 cm^-1  (     16.3717 THz )
      5    569.7940 cm^-1  (     17.0820 THz )
      6    577.5821 cm^-1  (     17.3155 THz )

 # k point   257 : (  0.1629,  0.1629,  0.3258)
   Mode, Frequency 
      1    108.6457 cm^-1  (      3.2571 THz )
      2    146.6474 cm^-1  (      4.3964 THz )
      3    223.3206 cm^-1  (      6.6950 THz )
      4    548.2729 cm^-1  (     16.4368 THz )
      5    570.6624 cm^-1  (     17.1080 THz )
      6    578.3089 cm^-1  (     17.3373 THz )

 # k point   258 : (  0.1591,  0.1591,  0.3182)
   Mode, Frequency 
      1    106.3359 cm^-1  (      3.1879 THz )
      2    143.0565 cm^-1  (      4.2887 THz )
      3    218.9226 cm^-1  (      6.5631 THz )
      4    550.3995 cm^-1  (     16.5006 THz )
      5    571.5326 cm^-1  (     17.1341 THz )
      6    579.0245 cm^-1  (     17.3587 THz )

 # k point   259 : (  0.1553,  0.1553,  0.3106)
   Mode, Frequency 
      1    104.0111 cm^-1  (      3.1182 THz )
      2    139.4662 cm^-1  (      4.1811 THz )
      3    214.4730 cm^-1  (      6.4297 THz )
      4    552.4805 cm^-1  (     16.5630 THz )
      5    572.4034 cm^-1  (     17.1602 THz )
      6    579.7282 cm^-1  (     17.3798 THz )

 # k point   260 : (  0.1515,  0.1515,  0.3030)
   Mode, Frequency 
      1    101.6715 cm^-1  (      3.0480 THz )
      2    135.8779 cm^-1  (      4.0735 THz )
      3    209.9727 cm^-1  (      6.2948 THz )
      4    554.5154 cm^-1  (     16.6240 THz )
      5    573.2736 cm^-1  (     17.1863 THz )
      6    580.4199 cm^-1  (     17.4006 THz )

 # k point   261 : (  0.1477,  0.1477,  0.2955)
   Mode, Frequency 
      1     99.3175 cm^-1  (      2.9775 THz )
      2    132.2927 cm^-1  (      3.9660 THz )
      3    205.4221 cm^-1  (      6.1584 THz )
      4    556.5035 cm^-1  (     16.6836 THz )
      5    574.1421 cm^-1  (     17.2123 THz )
      6    581.0992 cm^-1  (     17.4209 THz )

 # k point   262 : (  0.1439,  0.1439,  0.2879)
   Mode, Frequency 
      1     96.9494 cm^-1  (      2.9065 THz )
      2    128.7118 cm^-1  (      3.8587 THz )
      3    200.8221 cm^-1  (      6.0205 THz )
      4    558.4444 cm^-1  (     16.7417 THz )
      5    575.0076 cm^-1  (     17.2383 THz )
      6    581.7657 cm^-1  (     17.4409 THz )

 # k point   263 : (  0.1402,  0.1402,  0.2803)
   Mode, Frequency 
      1     94.5676 cm^-1  (      2.8351 THz )
      2    125.1362 cm^-1  (      3.7515 THz )
      3    196.1734 cm^-1  (      5.8811 THz )
      4    560.3375 cm^-1  (     16.7985 THz )
      5    575.8691 cm^-1  (     17.2641 THz )
      6    582.4191 cm^-1  (     17.4605 THz )

 # k point   264 : (  0.1364,  0.1364,  0.2727)
   Mode, Frequency 
      1     92.1724 cm^-1  (      2.7633 THz )
      2    121.5668 cm^-1  (      3.6445 THz )
      3    191.4769 cm^-1  (      5.7403 THz )
      4    562.1824 cm^-1  (     16.8538 THz )
      5    576.7253 cm^-1  (     17.2898 THz )
      6    583.0591 cm^-1  (     17.4797 THz )

 # k point   265 : (  0.1326,  0.1326,  0.2652)
   Mode, Frequency 
      1     89.7642 cm^-1  (      2.6911 THz )
      2    118.0045 cm^-1  (      3.5377 THz )
      3    186.7333 cm^-1  (      5.5981 THz )
      4    563.9788 cm^-1  (     16.9077 THz )
      5    577.5751 cm^-1  (     17.3153 THz )
      6    583.6854 cm^-1  (     17.4984 THz )

 # k point   266 : (  0.1288,  0.1288,  0.2576)
   Mode, Frequency 
      1     87.3432 cm^-1  (      2.6185 THz )
      2    114.4503 cm^-1  (      3.4311 THz )
      3    181.9436 cm^-1  (      5.4545 THz )
      4    565.7263 cm^-1  (     16.9600 THz )
      5    578.4171 cm^-1  (     17.3405 THz )
      6    584.2975 cm^-1  (     17.5168 THz )

 # k point   267 : (  0.1250,  0.1250,  0.2500)
   Mode, Frequency 
      1     84.9099 cm^-1  (      2.5455 THz )
      2    110.9048 cm^-1  (      3.3248 THz )
      3    177.1088 cm^-1  (      5.3096 THz )
      4    567.4246 cm^-1  (     17.0110 THz )
      5    579.2502 cm^-1  (     17.3655 THz )
      6    584.8954 cm^-1  (     17.5347 THz )

 # k point   268 : (  0.1212,  0.1212,  0.2424)
   Mode, Frequency 
      1     82.4646 cm^-1  (      2.4722 THz )
      2    107.3688 cm^-1  (      3.2188 THz )
      3    172.2298 cm^-1  (      5.1633 THz )
      4    569.0733 cm^-1  (     17.0604 THz )
      5    580.0733 cm^-1  (     17.3902 THz )
      6    585.4785 cm^-1  (     17.5522 THz )

 # k point   269 : (  0.1174,  0.1174,  0.2348)
   Mode, Frequency 
      1     80.0076 cm^-1  (      2.3986 THz )
      2    103.8428 cm^-1  (      3.1131 THz )
      3    167.3075 cm^-1  (      5.0158 THz )
      4    570.6723 cm^-1  (     17.1083 THz )
      5    580.8850 cm^-1  (     17.4145 THz )
      6    586.0468 cm^-1  (     17.5692 THz )

 # k point   270 : (  0.1136,  0.1136,  0.2273)
   Mode, Frequency 
      1     77.5392 cm^-1  (      2.3246 THz )
      2    100.3275 cm^-1  (      3.0077 THz )
      3    162.3432 cm^-1  (      4.8669 THz )
      4    572.2214 cm^-1  (     17.1548 THz )
      5    581.6843 cm^-1  (     17.4385 THz )
      6    586.5998 cm^-1  (     17.5858 THz )

 # k point   271 : (  0.1098,  0.1098,  0.2197)
   Mode, Frequency 
      1     75.0599 cm^-1  (      2.2502 THz )
      2     96.8233 cm^-1  (      2.9027 THz )
      3    157.3378 cm^-1  (      4.7169 THz )
      4    573.7202 cm^-1  (     17.1997 THz )
      5    582.4701 cm^-1  (     17.4620 THz )
      6    587.1373 cm^-1  (     17.6019 THz )

 # k point   272 : (  0.1061,  0.1061,  0.2121)
   Mode, Frequency 
      1     72.5699 cm^-1  (      2.1756 THz )
      2     93.3307 cm^-1  (      2.7980 THz )
      3    152.2924 cm^-1  (      4.5656 THz )
      4    575.1688 cm^-1  (     17.2431 THz )
      5    583.2410 cm^-1  (     17.4851 THz )
      6    587.6591 cm^-1  (     17.6176 THz )

 # k point   273 : (  0.1023,  0.1023,  0.2045)
   Mode, Frequency 
      1     70.0697 cm^-1  (      2.1006 THz )
      2     89.8500 cm^-1  (      2.6936 THz )
      3    147.2082 cm^-1  (      4.4132 THz )
      4    576.5668 cm^-1  (     17.2850 THz )
      5    583.9961 cm^-1  (     17.5078 THz )
      6    588.1649 cm^-1  (     17.6327 THz )

 # k point   274 : (  0.0985,  0.0985,  0.1970)
   Mode, Frequency 
      1     67.5596 cm^-1  (      2.0254 THz )
      2     86.3815 cm^-1  (      2.5897 THz )
      3    142.0863 cm^-1  (      4.2596 THz )
      4    577.9142 cm^-1  (     17.3254 THz )
      5    584.7341 cm^-1  (     17.5299 THz )
      6    588.6545 cm^-1  (     17.6474 THz )

 # k point   275 : (  0.0947,  0.0947,  0.1894)
   Mode, Frequency 
      1     65.0398 cm^-1  (      1.9498 THz )
      2     82.9254 cm^-1  (      2.4860 THz )
      3    136.9280 cm^-1  (      4.1050 THz )
      4    579.2110 cm^-1  (     17.3643 THz )
      5    585.4542 cm^-1  (     17.5515 THz )
      6    589.1275 cm^-1  (     17.6616 THz )

 # k point   276 : (  0.0909,  0.0909,  0.1818)
   Mode, Frequency 
      1     62.5109 cm^-1  (      1.8740 THz )
      2     79.4819 cm^-1  (      2.3828 THz )
      3    131.7345 cm^-1  (      3.9493 THz )
      4    580.4569 cm^-1  (     17.4017 THz )
      5    586.1550 cm^-1  (     17.5725 THz )
      6    589.5839 cm^-1  (     17.6753 THz )

 # k point   277 : (  0.0871,  0.0871,  0.1742)
   Mode, Frequency 
      1     59.9731 cm^-1  (      1.7979 THz )
      2     76.0510 cm^-1  (      2.2800 THz )
      3    126.5069 cm^-1  (      3.7926 THz )
      4    581.6520 cm^-1  (     17.4375 THz )
      5    586.8357 cm^-1  (     17.5929 THz )
      6    590.0233 cm^-1  (     17.6885 THz )

 # k point   278 : (  0.0833,  0.0833,  0.1667)
   Mode, Frequency 
      1     57.4269 cm^-1  (      1.7216 THz )
      2     72.6329 cm^-1  (      2.1775 THz )
      3    121.2466 cm^-1  (      3.6349 THz )
      4    582.7961 cm^-1  (     17.4718 THz )
      5    587.4953 cm^-1  (     17.6127 THz )
      6    590.4456 cm^-1  (     17.7011 THz )

 # k point   279 : (  0.0795,  0.0795,  0.1591)
   Mode, Frequency 
      1     54.8724 cm^-1  (      1.6450 THz )
      2     69.2274 cm^-1  (      2.0754 THz )
      3    115.9549 cm^-1  (      3.4762 THz )
      4    583.8894 cm^-1  (     17.5046 THz )
      5    588.1327 cm^-1  (     17.6318 THz )
      6    590.8506 cm^-1  (     17.7133 THz )

 # k point   280 : (  0.0758,  0.0758,  0.1515)
   Mode, Frequency 
      1     52.3103 cm^-1  (      1.5682 THz )
      2     65.8345 cm^-1  (      1.9737 THz )
      3    110.6329 cm^-1  (      3.3167 THz )
      4    584.9316 cm^-1  (     17.5358 THz )
      5    588.7470 cm^-1  (     17.6502 THz )
      6    591.2380 cm^-1  (     17.7249 THz )

 # k point   281 : (  0.0720,  0.0720,  0.1439)
   Mode, Frequency 
      1     49.7407 cm^-1  (      1.4912 THz )
      2     62.4540 cm^-1  (      1.8723 THz )
      3    105.2822 cm^-1  (      3.1563 THz )
      4    585.9228 cm^-1  (     17.5655 THz )
      5    589.3373 cm^-1  (     17.6679 THz )
      6    591.6077 cm^-1  (     17.7360 THz )

 # k point   282 : (  0.0682,  0.0682,  0.1364)
   Mode, Frequency 
      1     47.1641 cm^-1  (      1.4139 THz )
      2     59.0858 cm^-1  (      1.7713 THz )
      3     99.9040 cm^-1  (      2.9950 THz )
      4    586.8630 cm^-1  (     17.5937 THz )
      5    589.9028 cm^-1  (     17.6848 THz )
      6    591.9595 cm^-1  (     17.7465 THz )

 # k point   283 : (  0.0644,  0.0644,  0.1288)
   Mode, Frequency 
      1     44.5807 cm^-1  (      1.3365 THz )
      2     55.7294 cm^-1  (      1.6707 THz )
      3     94.4996 cm^-1  (      2.8330 THz )
      4    587.7522 cm^-1  (     17.6204 THz )
      5    590.4427 cm^-1  (     17.7010 THz )
      6    592.2932 cm^-1  (     17.7565 THz )

 # k point   284 : (  0.0606,  0.0606,  0.1212)
   Mode, Frequency 
      1     41.9911 cm^-1  (      1.2589 THz )
      2     52.3847 cm^-1  (      1.5705 THz )
      3     89.0704 cm^-1  (      2.6703 THz )
      4    588.5904 cm^-1  (     17.6455 THz )
      5    590.9560 cm^-1  (     17.7164 THz )
      6    592.6088 cm^-1  (     17.7660 THz )

 # k point   285 : (  0.0568,  0.0568,  0.1136)
   Mode, Frequency 
      1     39.3956 cm^-1  (      1.1810 THz )
      2     49.0511 cm^-1  (      1.4705 THz )
      3     83.6179 cm^-1  (      2.5068 THz )
      4    589.3777 cm^-1  (     17.6691 THz )
      5    591.4421 cm^-1  (     17.7310 THz )
      6    592.9059 cm^-1  (     17.7749 THz )

 # k point   286 : (  0.0530,  0.0530,  0.1061)
   Mode, Frequency 
      1     36.7944 cm^-1  (      1.1031 THz )
      2     45.7284 cm^-1  (      1.3709 THz )
      3     78.1434 cm^-1  (      2.3427 THz )
      4    590.1139 cm^-1  (     17.6912 THz )
      5    591.9003 cm^-1  (     17.7447 THz )
      6    593.1845 cm^-1  (     17.7832 THz )

 # k point   287 : (  0.0492,  0.0492,  0.0985)
   Mode, Frequency 
      1     34.1881 cm^-1  (      1.0249 THz )
      2     42.4160 cm^-1  (      1.2716 THz )
      3     72.6484 cm^-1  (      2.1779 THz )
      4    590.7993 cm^-1  (     17.7117 THz )
      5    592.3298 cm^-1  (     17.7576 THz )
      6    593.4445 cm^-1  (     17.7910 THz )

 # k point   288 : (  0.0455,  0.0455,  0.0909)
   Mode, Frequency 
      1     31.5769 cm^-1  (      0.9467 THz )
      2     39.1133 cm^-1  (      1.1726 THz )
      3     67.1342 cm^-1  (      2.0126 THz )
      4    591.4337 cm^-1  (     17.7307 THz )
      5    592.7302 cm^-1  (     17.7696 THz )
      6    593.6858 cm^-1  (     17.7983 THz )

 # k point   289 : (  0.0417,  0.0417,  0.0833)
   Mode, Frequency 
      1     28.9612 cm^-1  (      0.8682 THz )
      2     35.8198 cm^-1  (      1.0739 THz )
      3     61.6022 cm^-1  (      1.8468 THz )
      4    592.0172 cm^-1  (     17.7482 THz )
      5    593.1006 cm^-1  (     17.7807 THz )
      6    593.9081 cm^-1  (     17.8049 THz )

 # k point   290 : (  0.0379,  0.0379,  0.0758)
   Mode, Frequency 
      1     26.3414 cm^-1  (      0.7897 THz )
      2     32.5350 cm^-1  (      0.9754 THz )
      3     56.0540 cm^-1  (      1.6805 THz )
      4    592.5498 cm^-1  (     17.7642 THz )
      5    593.4407 cm^-1  (     17.7909 THz )
      6    594.1115 cm^-1  (     17.8110 THz )

 # k point   291 : (  0.0341,  0.0341,  0.0682)
   Mode, Frequency 
      1     23.7179 cm^-1  (      0.7110 THz )
      2     29.2581 cm^-1  (      0.8771 THz )
      3     50.4910 cm^-1  (      1.5137 THz )
      4    593.0316 cm^-1  (     17.7786 THz )
      5    593.7500 cm^-1  (     17.8002 THz )
      6    594.2958 cm^-1  (     17.8165 THz )

 # k point   292 : (  0.0303,  0.0303,  0.0606)
   Mode, Frequency 
      1     21.0911 cm^-1  (      0.6323 THz )
      2     25.9884 cm^-1  (      0.7791 THz )
      3     44.9147 cm^-1  (      1.3465 THz )
      4    593.4627 cm^-1  (     17.7916 THz )
      5    594.0279 cm^-1  (     17.8085 THz )
      6    594.4609 cm^-1  (     17.8215 THz )

 # k point   293 : (  0.0265,  0.0265,  0.0530)
   Mode, Frequency 
      1     18.4612 cm^-1  (      0.5535 THz )
      2     22.7252 cm^-1  (      0.6813 THz )
      3     39.3264 cm^-1  (      1.1790 THz )
      4    593.8429 cm^-1  (     17.8030 THz )
      5    594.2740 cm^-1  (     17.8159 THz )
      6    594.6068 cm^-1  (     17.8259 THz )

 # k point   294 : (  0.0227,  0.0227,  0.0455)
   Mode, Frequency 
      1     15.8288 cm^-1  (      0.4745 THz )
      2     19.4678 cm^-1  (      0.5836 THz )
      3     33.7277 cm^-1  (      1.0111 THz )
      4    594.1724 cm^-1  (     17.8128 THz )
      5    594.4881 cm^-1  (     17.8223 THz )
      6    594.7333 cm^-1  (     17.8297 THz )

 # k point   295 : (  0.0189,  0.0189,  0.0379)
   Mode, Frequency 
      1     13.1941 cm^-1  (      0.3955 THz )
      2     16.2155 cm^-1  (      0.4861 THz )
      3     28.1201 cm^-1  (      0.8430 THz )
      4    594.4511 cm^-1  (     17.8212 THz )
      5    594.6698 cm^-1  (     17.8278 THz )
      6    594.8405 cm^-1  (     17.8329 THz )

 # k point   296 : (  0.0152,  0.0152,  0.0303)
   Mode, Frequency 
      1     10.5575 cm^-1  (      0.3165 THz )
      2     12.9673 cm^-1  (      0.3887 THz )
      3     22.5051 cm^-1  (      0.6747 THz )
      4    594.6792 cm^-1  (     17.8280 THz )
      5    594.8188 cm^-1  (     17.8322 THz )
      6    594.9283 cm^-1  (     17.8355 THz )

 # k point   297 : (  0.0114,  0.0114,  0.0227)
   Mode, Frequency 
      1      7.9194 cm^-1  (      0.2374 THz )
      2      9.7225 cm^-1  (      0.2915 THz )
      3     16.8840 cm^-1  (      0.5062 THz )
      4    594.8565 cm^-1  (     17.8333 THz )
      5    594.9349 cm^-1  (     17.8357 THz )
      6    594.9966 cm^-1  (     17.8375 THz )

 # k point   298 : (  0.0076,  0.0076,  0.0152)
   Mode, Frequency 
      1      5.2802 cm^-1  (      0.1583 THz )
      2      6.4802 cm^-1  (      0.1943 THz )
      3     11.2585 cm^-1  (      0.3375 THz )
      4    594.9832 cm^-1  (     17.8371 THz )
      5    595.0180 cm^-1  (     17.8382 THz )
      6    595.0454 cm^-1  (     17.8390 THz )

 # k point   299 : (  0.0038,  0.0038,  0.0076)
   Mode, Frequency 
      1      2.6403 cm^-1  (      0.0792 THz )
      2      3.2397 cm^-1  (      0.0971 THz )
      3      5.6300 cm^-1  (      0.1688 THz )
      4    595.0592 cm^-1  (     17.8394 THz )
      5    595.0679 cm^-1  (     17.8397 THz )
      6    595.0747 cm^-1  (     17.8399 THz )

 # k point   300 : (  0.0000,  0.0000,  0.0000)
   Mode, Frequency 
      1      0.0000 cm^-1  (      0.0000 THz )
      2      0.0000 cm^-1  (      0.0000 THz )
      3      0.0000 cm^-1  (      0.0000 THz )
      4    595.0845 cm^-1  (     17.8402 THz )
      5    595.0845 cm^-1  (     17.8402 THz )
      6    595.0845 cm^-1  (     17.8402 THz )

 # k point   301 : (  0.0000,  0.0000,  0.0000)
   Mode, Frequency 
      1      0.0000 cm^-1  (      0.0000 THz )
      2      0.0000 cm^-1  (      0.0000 THz )
      3      0.0000 cm^-1  (      0.0000 THz )
      4    595.0845 cm^-1  (     17.8402 THz )
      5    595.0845 cm^-1  (     17.8402 THz )
      6    595.0845 cm^-1  (     17.8402 THz )

 # k point   302 : (  0.0051,  0.0051,  0.0051)
   Mode, Frequency 
      1      2.3303 cm^-1  (      0.0699 THz )
      2      2.3303 cm^-1  (      0.0699 THz )
      3      4.6814 cm^-1  (      0.1403 THz )
      4    595.0661 cm^-1  (     17.8396 THz )
      5    595.0765 cm^-1  (     17.8399 THz )
      6    595.0765 cm^-1  (     17.8399 THz )

 # k point   303 : (  0.0101,  0.0101,  0.0101)
   Mode, Frequency 
      1      4.6602 cm^-1  (      0.1397 THz )
      2      4.6602 cm^-1  (      0.1397 THz )
      3      9.3625 cm^-1  (      0.2807 THz )
      4    595.0109 cm^-1  (     17.8380 THz )
      5    595.0524 cm^-1  (     17.8392 THz )
      6    595.0524 cm^-1  (     17.8392 THz )

 # k point   304 : (  0.0152,  0.0152,  0.0152)
   Mode, Frequency 
      1      6.9894 cm^-1  (      0.2095 THz )
      2      6.9894 cm^-1  (      0.2095 THz )
      3     14.0430 cm^-1  (      0.4210 THz )
      4    594.9188 cm^-1  (     17.8352 THz )
      5    595.0122 cm^-1  (     17.8380 THz )
      6    595.0122 cm^-1  (     17.8380 THz )

 # k point   305 : (  0.0202,  0.0202,  0.0202)
   Mode, Frequency 
      1      9.3174 cm^-1  (      0.2793 THz )
      2      9.3174 cm^-1  (      0.2793 THz )
      3     18.7225 cm^-1  (      0.5613 THz )
      4    594.7899 cm^-1  (     17.8314 THz )
      5    594.9560 cm^-1  (     17.8363 THz )
      6    594.9560 cm^-1  (     17.8363 THz )

 # k point   306 : (  0.0253,  0.0253,  0.0253)
   Mode, Frequency 
      1     11.6439 cm^-1  (      0.3491 THz )
      2     11.6439 cm^-1  (      0.3491 THz )
      3     23.4008 cm^-1  (      0.7015 THz )
      4    594.6242 cm^-1  (     17.8264 THz )
      5    594.8838 cm^-1  (     17.8342 THz )
      6    594.8838 cm^-1  (     17.8342 THz )

 # k point   307 : (  0.0303,  0.0303,  0.0303)
   Mode, Frequency 
      1     13.9684 cm^-1  (      0.4188 THz )
      2     13.9684 cm^-1  (      0.4188 THz )
      3     28.0776 cm^-1  (      0.8417 THz )
      4    594.4217 cm^-1  (     17.8203 THz )
      5    594.7957 cm^-1  (     17.8315 THz )
      6    594.7957 cm^-1  (     17.8315 THz )

 # k point   308 : (  0.0354,  0.0354,  0.0354)
   Mode, Frequency 
      1     16.2907 cm^-1  (      0.4884 THz )
      2     16.2907 cm^-1  (      0.4884 THz )
      3     32.7525 cm^-1  (      0.9819 THz )
      4    594.1825 cm^-1  (     17.8131 THz )
      5    594.6918 cm^-1  (     17.8284 THz )
      6    594.6918 cm^-1  (     17.8284 THz )

 # k point   309 : (  0.0404,  0.0404,  0.0404)
   Mode, Frequency 
      1     18.6103 cm^-1  (      0.5579 THz )
      2     18.6103 cm^-1  (      0.5579 THz )
      3     37.4253 cm^-1  (      1.1220 THz )
      4    593.9065 cm^-1  (     17.8049 THz )
      5    594.5720 cm^-1  (     17.8248 THz )
      6    594.5720 cm^-1  (     17.8248 THz )

 # k point   310 : (  0.0455,  0.0455,  0.0455)
   Mode, Frequency 
      1     20.9268 cm^-1  (      0.6274 THz )
      2     20.9268 cm^-1  (      0.6274 THz )
      3     42.0955 cm^-1  (      1.2620 THz )
      4    593.5937 cm^-1  (     17.7955 THz )
      5    594.4365 cm^-1  (     17.8208 THz )
      6    594.4365 cm^-1  (     17.8208 THz )

 # k point   311 : (  0.0505,  0.0505,  0.0505)
   Mode, Frequency 
      1     23.2398 cm^-1  (      0.6967 THz )
      2     23.2398 cm^-1  (      0.6967 THz )
      3     46.7630 cm^-1  (      1.4019 THz )
      4    593.2443 cm^-1  (     17.7850 THz )
      5    594.2855 cm^-1  (     17.8162 THz )
      6    594.2855 cm^-1  (     17.8162 THz )

 # k point   312 : (  0.0556,  0.0556,  0.0556)
   Mode, Frequency 
      1     25.5489 cm^-1  (      0.7659 THz )
      2     25.5489 cm^-1  (      0.7659 THz )
      3     51.4274 cm^-1  (      1.5418 THz )
      4    592.8582 cm^-1  (     17.7734 THz )
      5    594.1189 cm^-1  (     17.8112 THz )
      6    594.1189 cm^-1  (     17.8112 THz )

 # k point   313 : (  0.0606,  0.0606,  0.0606)
   Mode, Frequency 
      1     27.8539 cm^-1  (      0.8350 THz )
      2     27.8539 cm^-1  (      0.8350 THz )
      3     56.0884 cm^-1  (      1.6815 THz )
      4    592.4354 cm^-1  (     17.7608 THz )
      5    593.9370 cm^-1  (     17.8058 THz )
      6    593.9370 cm^-1  (     17.8058 THz )

 # k point   314 : (  0.0657,  0.0657,  0.0657)
   Mode, Frequency 
      1     30.1541 cm^-1  (      0.9040 THz )
      2     30.1541 cm^-1  (      0.9040 THz )
      3     60.7456 cm^-1  (      1.8211 THz )
      4    591.9760 cm^-1  (     17.7470 THz )
      5    593.7398 cm^-1  (     17.7999 THz )
      6    593.7398 cm^-1  (     17.7999 THz )

 # k point   315 : (  0.0707,  0.0707,  0.0707)
   Mode, Frequency 
      1     32.4493 cm^-1  (      0.9728 THz )
      2     32.4493 cm^-1  (      0.9728 THz )
      3     65.3989 cm^-1  (      1.9606 THz )
      4    591.4800 cm^-1  (     17.7321 THz )
      5    593.5276 cm^-1  (     17.7935 THz )
      6    593.5276 cm^-1  (     17.7935 THz )

 # k point   316 : (  0.0758,  0.0758,  0.0758)
   Mode, Frequency 
      1     34.7391 cm^-1  (      1.0415 THz )
      2     34.7391 cm^-1  (      1.0415 THz )
      3     70.0478 cm^-1  (      2.1000 THz )
      4    590.9474 cm^-1  (     17.7162 THz )
      5    593.3004 cm^-1  (     17.7867 THz )
      6    593.3004 cm^-1  (     17.7867 THz )

 # k point   317 : (  0.0808,  0.0808,  0.0808)
   Mode, Frequency 
      1     37.0230 cm^-1  (      1.1099 THz )
      2     37.0230 cm^-1  (      1.1099 THz )
      3     74.6920 cm^-1  (      2.2392 THz )
      4    590.3784 cm^-1  (     17.6991 THz )
      5    593.0584 cm^-1  (     17.7794 THz )
      6    593.0584 cm^-1  (     17.7794 THz )

 # k point   318 : (  0.0859,  0.0859,  0.0859)
   Mode, Frequency 
      1     39.3006 cm^-1  (      1.1782 THz )
      2     39.3006 cm^-1  (      1.1782 THz )
      3     79.3313 cm^-1  (      2.3783 THz )
      4    589.7729 cm^-1  (     17.6809 THz )
      5    592.8019 cm^-1  (     17.7718 THz )
      6    592.8019 cm^-1  (     17.7718 THz )

 # k point   319 : (  0.0909,  0.0909,  0.0909)
   Mode, Frequency 
      1     41.5716 cm^-1  (      1.2463 THz )
      2     41.5716 cm^-1  (      1.2463 THz )
      3     83.9654 cm^-1  (      2.5172 THz )
      4    589.1310 cm^-1  (     17.6617 THz )
      5    592.5310 cm^-1  (     17.7636 THz )
      6    592.5310 cm^-1  (     17.7636 THz )

 # k point   320 : (  0.0960,  0.0960,  0.0960)
   Mode, Frequency 
      1     43.8354 cm^-1  (      1.3142 THz )
      2     43.8354 cm^-1  (      1.3142 THz )
      3     88.5938 cm^-1  (      2.6560 THz )
      4    588.4528 cm^-1  (     17.6414 THz )
      5    592.2459 cm^-1  (     17.7551 THz )
      6    592.2459 cm^-1  (     17.7551 THz )

 # k point   321 : (  0.1010,  0.1010,  0.1010)
   Mode, Frequency 
      1     46.0918 cm^-1  (      1.3818 THz )
      2     46.0918 cm^-1  (      1.3818 THz )
      3     93.2164 cm^-1  (      2.7946 THz )
      4    587.7383 cm^-1  (     17.6200 THz )
      5    591.9468 cm^-1  (     17.7461 THz )
      6    591.9468 cm^-1  (     17.7461 THz )

 # k point   322 : (  0.1061,  0.1061,  0.1061)
   Mode, Frequency 
      1     48.3402 cm^-1  (      1.4492 THz )
      2     48.3402 cm^-1  (      1.4492 THz )
      3     97.8327 cm^-1  (      2.9330 THz )
      4    586.9875 cm^-1  (     17.5974 THz )
      5    591.6340 cm^-1  (     17.7367 THz )
      6    591.6340 cm^-1  (     17.7367 THz )

 # k point   323 : (  0.1111,  0.1111,  0.1111)
   Mode, Frequency 
      1     50.5802 cm^-1  (      1.5164 THz )
      2     50.5802 cm^-1  (      1.5164 THz )
      3    102.4426 cm^-1  (      3.0712 THz )
      4    586.2006 cm^-1  (     17.5739 THz )
      5    591.3077 cm^-1  (     17.7270 THz )
      6    591.3077 cm^-1  (     17.7270 THz )

 # k point   324 : (  0.1162,  0.1162,  0.1162)
   Mode, Frequency 
      1     52.8115 cm^-1  (      1.5832 THz )
      2     52.8115 cm^-1  (      1.5832 THz )
      3    107.0456 cm^-1  (      3.2091 THz )
      4    585.3775 cm^-1  (     17.5492 THz )
      5    590.9682 cm^-1  (     17.7168 THz )
      6    590.9682 cm^-1  (     17.7168 THz )

 # k point   325 : (  0.1212,  0.1212,  0.1212)
   Mode, Frequency 
      1     55.0335 cm^-1  (      1.6499 THz )
      2     55.0335 cm^-1  (      1.6499 THz )
      3    111.6415 cm^-1  (      3.3469 THz )
      4    584.5184 cm^-1  (     17.5234 THz )
      5    590.6157 cm^-1  (     17.7062 THz )
      6    590.6157 cm^-1  (     17.7062 THz )

 # k point   326 : (  0.1263,  0.1263,  0.1263)
   Mode, Frequency 
      1     57.2458 cm^-1  (      1.7162 THz )
      2     57.2458 cm^-1  (      1.7162 THz )
      3    116.2299 cm^-1  (      3.4845 THz )
      4    583.6233 cm^-1  (     17.4966 THz )
      5    590.2504 cm^-1  (     17.6953 THz )
      6    590.2504 cm^-1  (     17.6953 THz )

 # k point   327 : (  0.1313,  0.1313,  0.1313)
   Mode, Frequency 
      1     59.4480 cm^-1  (      1.7822 THz )
      2     59.4480 cm^-1  (      1.7822 THz )
      3    120.8105 cm^-1  (      3.6218 THz )
      4    582.6924 cm^-1  (     17.4687 THz )
      5    589.8728 cm^-1  (     17.6839 THz )
      6    589.8728 cm^-1  (     17.6839 THz )

 # k point   328 : (  0.1364,  0.1364,  0.1364)
   Mode, Frequency 
      1     61.6396 cm^-1  (      1.8479 THz )
      2     61.6396 cm^-1  (      1.8479 THz )
      3    125.3831 cm^-1  (      3.7589 THz )
      4    581.7256 cm^-1  (     17.4397 THz )
      5    589.4830 cm^-1  (     17.6723 THz )
      6    589.4830 cm^-1  (     17.6723 THz )

 # k point   329 : (  0.1414,  0.1414,  0.1414)
   Mode, Frequency 
      1     63.8202 cm^-1  (      1.9133 THz )
      2     63.8202 cm^-1  (      1.9133 THz )
      3    129.9473 cm^-1  (      3.8957 THz )
      4    580.7231 cm^-1  (     17.4096 THz )
      5    589.0814 cm^-1  (     17.6602 THz )
      6    589.0814 cm^-1  (     17.6602 THz )

 # k point   330 : (  0.1465,  0.1465,  0.1465)
   Mode, Frequency 
      1     65.9894 cm^-1  (      1.9783 THz )
      2     65.9894 cm^-1  (      1.9783 THz )
      3    134.5027 cm^-1  (      4.0323 THz )
      4    579.6849 cm^-1  (     17.3785 THz )
      5    588.6683 cm^-1  (     17.6478 THz )
      6    588.6683 cm^-1  (     17.6478 THz )

 # k point   331 : (  0.1515,  0.1515,  0.1515)
   Mode, Frequency 
      1     68.1465 cm^-1  (      2.0430 THz )
      2     68.1465 cm^-1  (      2.0430 THz )
      3    139.0492 cm^-1  (      4.1686 THz )
      4    578.6112 cm^-1  (     17.3463 THz )
      5    588.2440 cm^-1  (     17.6351 THz )
      6    588.2440 cm^-1  (     17.6351 THz )

 # k point   332 : (  0.1566,  0.1566,  0.1566)
   Mode, Frequency 
      1     70.2912 cm^-1  (      2.1073 THz )
      2     70.2912 cm^-1  (      2.1073 THz )
      3    143.5863 cm^-1  (      4.3046 THz )
      4    577.5020 cm^-1  (     17.3131 THz )
      5    587.8090 cm^-1  (     17.6221 THz )
      6    587.8090 cm^-1  (     17.6221 THz )

 # k point   333 : (  0.1616,  0.1616,  0.1616)
   Mode, Frequency 
      1     72.4230 cm^-1  (      2.1712 THz )
      2     72.4230 cm^-1  (      2.1712 THz )
      3    148.1137 cm^-1  (      4.4403 THz )
      4    576.3574 cm^-1  (     17.2788 THz )
      5    587.3634 cm^-1  (     17.6087 THz )
      6    587.3634 cm^-1  (     17.6087 THz )

 # k point   334 : (  0.1667,  0.1667,  0.1667)
   Mode, Frequency 
      1     74.5414 cm^-1  (      2.2347 THz )
      2     74.5414 cm^-1  (      2.2347 THz )
      3    152.6311 cm^-1  (      4.5758 THz )
      4    575.1776 cm^-1  (     17.2434 THz )
      5    586.9078 cm^-1  (     17.5951 THz )
      6    586.9078 cm^-1  (     17.5951 THz )

 # k point   335 : (  0.1717,  0.1717,  0.1717)
   Mode, Frequency 
      1     76.6459 cm^-1  (      2.2978 THz )
      2     76.6459 cm^-1  (      2.2978 THz )
      3    157.1382 cm^-1  (      4.7109 THz )
      4    573.9627 cm^-1  (     17.2070 THz )
      5    586.4424 cm^-1  (     17.5811 THz )
      6    586.4424 cm^-1  (     17.5811 THz )

 # k point   336 : (  0.1768,  0.1768,  0.1768)
   Mode, Frequency 
      1     78.7361 cm^-1  (      2.3604 THz )
      2     78.7361 cm^-1  (      2.3604 THz )
      3    161.6347 cm^-1  (      4.8457 THz )
      4    572.7127 cm^-1  (     17.1695 THz )
      5    585.9678 cm^-1  (     17.5669 THz )
      6    585.9678 cm^-1  (     17.5669 THz )

 # k point   337 : (  0.1818,  0.1818,  0.1818)
   Mode, Frequency 
      1     80.8113 cm^-1  (      2.4227 THz )
      2     80.8113 cm^-1  (      2.4227 THz )
      3    166.1202 cm^-1  (      4.9802 THz )
      4    571.4277 cm^-1  (     17.1310 THz )
      5    585.4841 cm^-1  (     17.5524 THz )
      6    585.4841 cm^-1  (     17.5524 THz )

 # k point   338 : (  0.1869,  0.1869,  0.1869)
   Mode, Frequency 
      1     82.8712 cm^-1  (      2.4844 THz )
      2     82.8712 cm^-1  (      2.4844 THz )
      3    170.5945 cm^-1  (      5.1143 THz )
      4    570.1080 cm^-1  (     17.0914 THz )
      5    584.9920 cm^-1  (     17.5376 THz )
      6    584.9920 cm^-1  (     17.5376 THz )

 # k point   339 : (  0.1919,  0.1919,  0.1919)
   Mode, Frequency 
      1     84.9151 cm^-1  (      2.5457 THz )
      2     84.9151 cm^-1  (      2.5457 THz )
      3    175.0571 cm^-1  (      5.2481 THz )
      4    568.7535 cm^-1  (     17.0508 THz )
      5    584.4918 cm^-1  (     17.5226 THz )
      6    584.4918 cm^-1  (     17.5226 THz )

 # k point   340 : (  0.1970,  0.1970,  0.1970)
   Mode, Frequency 
      1     86.9426 cm^-1  (      2.6065 THz )
      2     86.9426 cm^-1  (      2.6065 THz )
      3    179.5079 cm^-1  (      5.3815 THz )
      4    567.3645 cm^-1  (     17.0092 THz )
      5    583.9839 cm^-1  (     17.5074 THz )
      6    583.9839 cm^-1  (     17.5074 THz )

 # k point   341 : (  0.2020,  0.2020,  0.2020)
   Mode, Frequency 
      1     88.9532 cm^-1  (      2.6667 THz )
      2     88.9532 cm^-1  (      2.6667 THz )
      3    183.9463 cm^-1  (      5.5146 THz )
      4    565.9411 cm^-1  (     16.9665 THz )
      5    583.4688 cm^-1  (     17.4920 THz )
      6    583.4688 cm^-1  (     17.4920 THz )

 # k point   342 : (  0.2071,  0.2071,  0.2071)
   Mode, Frequency 
      1     90.9463 cm^-1  (      2.7265 THz )
      2     90.9463 cm^-1  (      2.7265 THz )
      3    188.3721 cm^-1  (      5.6473 THz )
      4    564.4834 cm^-1  (     16.9228 THz )
      5    582.9469 cm^-1  (     17.4763 THz )
      6    582.9469 cm^-1  (     17.4763 THz )

 # k point   343 : (  0.2121,  0.2121,  0.2121)
   Mode, Frequency 
      1     92.9213 cm^-1  (      2.7857 THz )
      2     92.9213 cm^-1  (      2.7857 THz )
      3    192.7850 cm^-1  (      5.7796 THz )
      4    562.9916 cm^-1  (     16.8781 THz )
      5    582.4187 cm^-1  (     17.4605 THz )
      6    582.4187 cm^-1  (     17.4605 THz )

 # k point   344 : (  0.2172,  0.2172,  0.2172)
   Mode, Frequency 
      1     94.8778 cm^-1  (      2.8444 THz )
      2     94.8778 cm^-1  (      2.8444 THz )
      3    197.1847 cm^-1  (      5.9114 THz )
      4    561.4657 cm^-1  (     16.8323 THz )
      5    581.8847 cm^-1  (     17.4445 THz )
      6    581.8847 cm^-1  (     17.4445 THz )

 # k point   345 : (  0.2222,  0.2222,  0.2222)
   Mode, Frequency 
      1     96.8151 cm^-1  (      2.9024 THz )
      2     96.8151 cm^-1  (      2.9024 THz )
      3    201.5707 cm^-1  (      6.0429 THz )
      4    559.9061 cm^-1  (     16.7856 THz )
      5    581.3454 cm^-1  (     17.4283 THz )
      6    581.3454 cm^-1  (     17.4283 THz )

 # k point   346 : (  0.2273,  0.2273,  0.2273)
   Mode, Frequency 
      1     98.7328 cm^-1  (      2.9599 THz )
      2     98.7328 cm^-1  (      2.9599 THz )
      3    205.9427 cm^-1  (      6.1740 THz )
      4    558.3128 cm^-1  (     16.7378 THz )
      5    580.8012 cm^-1  (     17.4120 THz )
      6    580.8012 cm^-1  (     17.4120 THz )

 # k point   347 : (  0.2323,  0.2323,  0.2323)
   Mode, Frequency 
      1    100.6302 cm^-1  (      3.0168 THz )
      2    100.6302 cm^-1  (      3.0168 THz )
      3    210.3004 cm^-1  (      6.3046 THz )
      4    556.6860 cm^-1  (     16.6890 THz )
      5    580.2526 cm^-1  (     17.3955 THz )
      6    580.2526 cm^-1  (     17.3955 THz )

 # k point   348 : (  0.2374,  0.2374,  0.2374)
   Mode, Frequency 
      1    102.5068 cm^-1  (      3.0731 THz )
      2    102.5068 cm^-1  (      3.0731 THz )
      3    214.6435 cm^-1  (      6.4348 THz )
      4    555.0259 cm^-1  (     16.6393 THz )
      5    579.7002 cm^-1  (     17.3790 THz )
      6    579.7002 cm^-1  (     17.3790 THz )

 # k point   349 : (  0.2424,  0.2424,  0.2424)
   Mode, Frequency 
      1    104.3620 cm^-1  (      3.1287 THz )
      2    104.3620 cm^-1  (      3.1287 THz )
      3    218.9715 cm^-1  (      6.5646 THz )
      4    553.3327 cm^-1  (     16.5885 THz )
      5    579.1445 cm^-1  (     17.3623 THz )
      6    579.1445 cm^-1  (     17.3623 THz )

 # k point   350 : (  0.2475,  0.2475,  0.2475)
   Mode, Frequency 
      1    106.1952 cm^-1  (      3.1837 THz )
      2    106.1952 cm^-1  (      3.1837 THz )
      3    223.2841 cm^-1  (      6.6939 THz )
      4    551.6066 cm^-1  (     16.5367 THz )
      5    578.5860 cm^-1  (     17.3456 THz )
      6    578.5860 cm^-1  (     17.3456 THz )

 # k point   351 : (  0.2525,  0.2525,  0.2525)
   Mode, Frequency 
      1    108.0059 cm^-1  (      3.2379 THz )
      2    108.0059 cm^-1  (      3.2379 THz )
      3    227.5809 cm^-1  (      6.8227 THz )
      4    549.8477 cm^-1  (     16.4840 THz )
      5    578.0252 cm^-1  (     17.3288 THz )
      6    578.0252 cm^-1  (     17.3288 THz )

 # k point   352 : (  0.2576,  0.2576,  0.2576)
   Mode, Frequency 
      1    109.7934 cm^-1  (      3.2915 THz )
      2    109.7934 cm^-1  (      3.2915 THz )
      3    231.8616 cm^-1  (      6.9510 THz )
      4    548.0564 cm^-1  (     16.4303 THz )
      5    577.4627 cm^-1  (     17.3119 THz )
      6    577.4627 cm^-1  (     17.3119 THz )

 # k point   353 : (  0.2626,  0.2626,  0.2626)
   Mode, Frequency 
      1    111.5572 cm^-1  (      3.3444 THz )
      2    111.5572 cm^-1  (      3.3444 THz )
      3    236.1257 cm^-1  (      7.0789 THz )
      4    546.2327 cm^-1  (     16.3756 THz )
      5    576.8991 cm^-1  (     17.2950 THz )
      6    576.8991 cm^-1  (     17.2950 THz )

 # k point   354 : (  0.2677,  0.2677,  0.2677)
   Mode, Frequency 
      1    113.2967 cm^-1  (      3.3965 THz )
      2    113.2967 cm^-1  (      3.3965 THz )
      3    240.3729 cm^-1  (      7.2062 THz )
      4    544.3771 cm^-1  (     16.3200 THz )
      5    576.3349 cm^-1  (     17.2781 THz )
      6    576.3349 cm^-1  (     17.2781 THz )

 # k point   355 : (  0.2727,  0.2727,  0.2727)
   Mode, Frequency 
      1    115.0112 cm^-1  (      3.4479 THz )
      2    115.0112 cm^-1  (      3.4479 THz )
      3    244.6028 cm^-1  (      7.3330 THz )
      4    542.4897 cm^-1  (     16.2634 THz )
      5    575.7706 cm^-1  (     17.2612 THz )
      6    575.7706 cm^-1  (     17.2612 THz )

 # k point   356 : (  0.2778,  0.2778,  0.2778)
   Mode, Frequency 
      1    116.7002 cm^-1  (      3.4986 THz )
      2    116.7002 cm^-1  (      3.4986 THz )
      3    248.8150 cm^-1  (      7.4593 THz )
      4    540.5707 cm^-1  (     16.2059 THz )
      5    575.2069 cm^-1  (     17.2443 THz )
      6    575.2069 cm^-1  (     17.2443 THz )

 # k point   357 : (  0.2828,  0.2828,  0.2828)
   Mode, Frequency 
      1    118.3630 cm^-1  (      3.5484 THz )
      2    118.3630 cm^-1  (      3.5484 THz )
      3    253.0089 cm^-1  (      7.5850 THz )
      4    538.6205 cm^-1  (     16.1474 THz )
      5    574.6443 cm^-1  (     17.2274 THz )
      6    574.6443 cm^-1  (     17.2274 THz )

 # k point   358 : (  0.2879,  0.2879,  0.2879)
   Mode, Frequency 
      1    119.9990 cm^-1  (      3.5975 THz )
      2    119.9990 cm^-1  (      3.5975 THz )
      3    257.1842 cm^-1  (      7.7102 THz )
      4    536.6394 cm^-1  (     16.0880 THz )
      5    574.0835 cm^-1  (     17.2106 THz )
      6    574.0835 cm^-1  (     17.2106 THz )

 # k point   359 : (  0.2929,  0.2929,  0.2929)
   Mode, Frequency 
      1    121.6077 cm^-1  (      3.6457 THz )
      2    121.6077 cm^-1  (      3.6457 THz )
      3    261.3405 cm^-1  (      7.8348 THz )
      4    534.6276 cm^-1  (     16.0277 THz )
      5    573.5249 cm^-1  (     17.1938 THz )
      6    573.5249 cm^-1  (     17.1938 THz )

 # k point   360 : (  0.2980,  0.2980,  0.2980)
   Mode, Frequency 
      1    123.1884 cm^-1  (      3.6931 THz )
      2    123.1884 cm^-1  (      3.6931 THz )
      3    265.4772 cm^-1  (      7.9588 THz )
      4    532.5856 cm^-1  (     15.9665 THz )
      5    572.9692 cm^-1  (     17.1772 THz )
      6    572.9692 cm^-1  (     17.1772 THz )

 # k point   361 : (  0.3030,  0.3030,  0.3030)
   Mode, Frequency 
      1    124.7404 cm^-1  (      3.7396 THz )
      2    124.7404 cm^-1  (      3.7396 THz )
      3    269.5939 cm^-1  (      8.0822 THz )
      4    530.5136 cm^-1  (     15.9044 THz )
      5    572.4169 cm^-1  (     17.1606 THz )
      6    572.4169 cm^-1  (     17.1606 THz )

 # k point   362 : (  0.3081,  0.3081,  0.3081)
   Mode, Frequency 
      1    126.2632 cm^-1  (      3.7853 THz )
      2    126.2632 cm^-1  (      3.7853 THz )
      3    273.6900 cm^-1  (      8.2050 THz )
      4    528.4121 cm^-1  (     15.8414 THz )
      5    571.8688 cm^-1  (     17.1442 THz )
      6    571.8688 cm^-1  (     17.1442 THz )

 # k point   363 : (  0.3131,  0.3131,  0.3131)
   Mode, Frequency 
      1    127.7561 cm^-1  (      3.8300 THz )
      2    127.7561 cm^-1  (      3.8300 THz )
      3    277.7651 cm^-1  (      8.3272 THz )
      4    526.2814 cm^-1  (     15.7775 THz )
      5    571.3253 cm^-1  (     17.1279 THz )
      6    571.3253 cm^-1  (     17.1279 THz )

 # k point   364 : (  0.3182,  0.3182,  0.3182)
   Mode, Frequency 
      1    129.2186 cm^-1  (      3.8739 THz )
      2    129.2186 cm^-1  (      3.8739 THz )
      3    281.8185 cm^-1  (      8.4487 THz )
      4    524.1220 cm^-1  (     15.7128 THz )
      5    570.7871 cm^-1  (     17.1118 THz )
      6    570.7871 cm^-1  (     17.1118 THz )

 # k point   365 : (  0.3232,  0.3232,  0.3232)
   Mode, Frequency 
      1    130.6500 cm^-1  (      3.9168 THz )
      2    130.6500 cm^-1  (      3.9168 THz )
      3    285.8497 cm^-1  (      8.5696 THz )
      4    521.9344 cm^-1  (     15.6472 THz )
      5    570.2548 cm^-1  (     17.0958 THz )
      6    570.2548 cm^-1  (     17.0958 THz )

 # k point   366 : (  0.3283,  0.3283,  0.3283)
   Mode, Frequency 
      1    132.0496 cm^-1  (      3.9587 THz )
      2    132.0496 cm^-1  (      3.9587 THz )
      3    289.8580 cm^-1  (      8.6897 THz )
      4    519.7191 cm^-1  (     15.5808 THz )
      5    569.7290 cm^-1  (     17.0800 THz )
      6    569.7290 cm^-1  (     17.0800 THz )

 # k point   367 : (  0.3333,  0.3333,  0.3333)
   Mode, Frequency 
      1    133.4169 cm^-1  (      3.9997 THz )
      2    133.4169 cm^-1  (      3.9997 THz )
      3    293.8427 cm^-1  (      8.8092 THz )
      4    517.4766 cm^-1  (     15.5136 THz )
      5    569.2102 cm^-1  (     17.0645 THz )
      6    569.2102 cm^-1  (     17.0645 THz )

 # k point   368 : (  0.3384,  0.3384,  0.3384)
   Mode, Frequency 
      1    134.7513 cm^-1  (      4.0397 THz )
      2    134.7513 cm^-1  (      4.0397 THz )
      3    297.8032 cm^-1  (      8.9279 THz )
      4    515.2075 cm^-1  (     15.4455 THz )
      5    568.6992 cm^-1  (     17.0492 THz )
      6    568.6992 cm^-1  (     17.0492 THz )

 # k point   369 : (  0.3434,  0.3434,  0.3434)
   Mode, Frequency 
      1    136.0521 cm^-1  (      4.0787 THz )
      2    136.0521 cm^-1  (      4.0787 THz )
      3    301.7387 cm^-1  (      9.0459 THz )
      4    512.9126 cm^-1  (     15.3767 THz )
      5    568.1964 cm^-1  (     17.0341 THz )
      6    568.1964 cm^-1  (     17.0341 THz )

 # k point   370 : (  0.3485,  0.3485,  0.3485)
   Mode, Frequency 
      1    137.3187 cm^-1  (      4.1167 THz )
      2    137.3187 cm^-1  (      4.1167 THz )
      3    305.6483 cm^-1  (      9.1631 THz )
      4    510.5925 cm^-1  (     15.3072 THz )
      5    567.7025 cm^-1  (     17.0193 THz )
      6    567.7025 cm^-1  (     17.0193 THz )

 # k point   371 : (  0.3535,  0.3535,  0.3535)
   Mode, Frequency 
      1    138.5506 cm^-1  (      4.1536 THz )
      2    138.5506 cm^-1  (      4.1536 THz )
      3    309.5311 cm^-1  (      9.2795 THz )
      4    508.2480 cm^-1  (     15.2369 THz )
      5    567.2181 cm^-1  (     17.0048 THz )
      6    567.2181 cm^-1  (     17.0048 THz )

 # k point   372 : (  0.3586,  0.3586,  0.3586)
   Mode, Frequency 
      1    139.7472 cm^-1  (      4.1895 THz )
      2    139.7472 cm^-1  (      4.1895 THz )
      3    313.3862 cm^-1  (      9.3951 THz )
      4    505.8801 cm^-1  (     15.1659 THz )
      5    566.7437 cm^-1  (     16.9905 THz )
      6    566.7437 cm^-1  (     16.9905 THz )

 # k point   373 : (  0.3636,  0.3636,  0.3636)
   Mode, Frequency 
      1    140.9078 cm^-1  (      4.2243 THz )
      2    140.9078 cm^-1  (      4.2243 THz )
      3    317.2124 cm^-1  (      9.5098 THz )
      4    503.4897 cm^-1  (     15.0942 THz )
      5    566.2799 cm^-1  (     16.9766 THz )
      6    566.2799 cm^-1  (     16.9766 THz )

 # k point   374 : (  0.3687,  0.3687,  0.3687)
   Mode, Frequency 
      1    142.0319 cm^-1  (      4.2580 THz )
      2    142.0319 cm^-1  (      4.2580 THz )
      3    321.0086 cm^-1  (      9.6236 THz )
      4    501.0779 cm^-1  (     15.0219 THz )
      5    565.8273 cm^-1  (     16.9631 THz )
      6    565.8273 cm^-1  (     16.9631 THz )

 # k point   375 : (  0.3737,  0.3737,  0.3737)
   Mode, Frequency 
      1    143.1190 cm^-1  (      4.2906 THz )
      2    143.1190 cm^-1  (      4.2906 THz )
      3    324.7734 cm^-1  (      9.7365 THz )
      4    498.6459 cm^-1  (     14.9490 THz )
      5    565.3865 cm^-1  (     16.9499 THz )
      6    565.3865 cm^-1  (     16.9499 THz )

 # k point   376 : (  0.3788,  0.3788,  0.3788)
   Mode, Frequency 
      1    144.1684 cm^-1  (      4.3221 THz )
      2    144.1684 cm^-1  (      4.3221 THz )
      3    328.5054 cm^-1  (      9.8483 THz )
      4    496.1953 cm^-1  (     14.8756 THz )
      5    564.9579 cm^-1  (     16.9370 THz )
      6    564.9579 cm^-1  (     16.9370 THz )

 # k point   377 : (  0.3838,  0.3838,  0.3838)
   Mode, Frequency 
      1    145.1797 cm^-1  (      4.3524 THz )
      2    145.1797 cm^-1  (      4.3524 THz )
      3    332.2028 cm^-1  (      9.9592 THz )
      4    493.7275 cm^-1  (     14.8016 THz )
      5    564.5422 cm^-1  (     16.9246 THz )
      6    564.5422 cm^-1  (     16.9246 THz )

 # k point   378 : (  0.3889,  0.3889,  0.3889)
   Mode, Frequency 
      1    146.1522 cm^-1  (      4.3815 THz )
      2    146.1522 cm^-1  (      4.3815 THz )
      3    335.8638 cm^-1  (     10.0689 THz )
      4    491.2444 cm^-1  (     14.7271 THz )
      5    564.1399 cm^-1  (     16.9125 THz )
      6    564.1399 cm^-1  (     16.9125 THz )

 # k point   379 : (  0.3939,  0.3939,  0.3939)
   Mode, Frequency 
      1    147.0855 cm^-1  (      4.4095 THz )
      2    147.0855 cm^-1  (      4.4095 THz )
      3    339.4862 cm^-1  (     10.1775 THz )
      4    488.7481 cm^-1  (     14.6523 THz )
      5    563.7515 cm^-1  (     16.9008 THz )
      6    563.7515 cm^-1  (     16.9008 THz )

 # k point   380 : (  0.3990,  0.3990,  0.3990)
   Mode, Frequency 
      1    147.9791 cm^-1  (      4.4363 THz )
      2    147.9791 cm^-1  (      4.4363 THz )
      3    343.0676 cm^-1  (     10.2849 THz )
      4    486.2409 cm^-1  (     14.5771 THz )
      5    563.3775 cm^-1  (     16.8896 THz )
      6    563.3775 cm^-1  (     16.8896 THz )

 # k point   381 : (  0.4040,  0.4040,  0.4040)
   Mode, Frequency 
      1    148.8324 cm^-1  (      4.4619 THz )
      2    148.8324 cm^-1  (      4.4619 THz )
      3    346.6049 cm^-1  (     10.3910 THz )
      4    483.7257 cm^-1  (     14.5017 THz )
      5    563.0184 cm^-1  (     16.8789 THz )
      6    563.0184 cm^-1  (     16.8789 THz )

 # k point   382 : (  0.4091,  0.4091,  0.4091)
   Mode, Frequency 
      1    149.6451 cm^-1  (      4.4862 THz )
      2    149.6451 cm^-1  (      4.4862 THz )
      3    350.0950 cm^-1  (     10.4956 THz )
      4    481.2058 cm^-1  (     14.4262 THz )
      5    562.6746 cm^-1  (     16.8686 THz )
      6    562.6746 cm^-1  (     16.8686 THz )

 # k point   383 : (  0.4141,  0.4141,  0.4141)
   Mode, Frequency 
      1    150.4166 cm^-1  (      4.5094 THz )
      2    150.4166 cm^-1  (      4.5094 THz )
      3    353.5340 cm^-1  (     10.5987 THz )
      4    478.6850 cm^-1  (     14.3506 THz )
      5    562.3466 cm^-1  (     16.8587 THz )
      6    562.3466 cm^-1  (     16.8587 THz )

 # k point   384 : (  0.4192,  0.4192,  0.4192)
   Mode, Frequency 
      1    151.1465 cm^-1  (      4.5313 THz )
      2    151.1465 cm^-1  (      4.5313 THz )
      3    356.9171 cm^-1  (     10.7001 THz )
      4    476.1678 cm^-1  (     14.2752 THz )
      5    562.0349 cm^-1  (     16.8494 THz )
      6    562.0349 cm^-1  (     16.8494 THz )

 # k point   385 : (  0.4242,  0.4242,  0.4242)
   Mode, Frequency 
      1    151.8344 cm^-1  (      4.5519 THz )
      2    151.8344 cm^-1  (      4.5519 THz )
      3    360.2390 cm^-1  (     10.7997 THz )
      4    473.6596 cm^-1  (     14.2000 THz )
      5    561.7399 cm^-1  (     16.8405 THz )
      6    561.7399 cm^-1  (     16.8405 THz )

 # k point   386 : (  0.4293,  0.4293,  0.4293)
   Mode, Frequency 
      1    152.4798 cm^-1  (      4.5712 THz )
      2    152.4798 cm^-1  (      4.5712 THz )
      3    363.4931 cm^-1  (     10.8972 THz )
      4    471.1670 cm^-1  (     14.1252 THz )
      5    561.4619 cm^-1  (     16.8322 THz )
      6    561.4619 cm^-1  (     16.8322 THz )

 # k point   387 : (  0.4343,  0.4343,  0.4343)
   Mode, Frequency 
      1    153.0825 cm^-1  (      4.5893 THz )
      2    153.0825 cm^-1  (      4.5893 THz )
      3    366.6716 cm^-1  (     10.9925 THz )
      4    468.6977 cm^-1  (     14.0512 THz )
      5    561.2014 cm^-1  (     16.8244 THz )
      6    561.2014 cm^-1  (     16.8244 THz )

 # k point   388 : (  0.4394,  0.4394,  0.4394)
   Mode, Frequency 
      1    153.6420 cm^-1  (      4.6061 THz )
      2    153.6420 cm^-1  (      4.6061 THz )
      3    369.7650 cm^-1  (     11.0853 THz )
      4    466.2611 cm^-1  (     13.9782 THz )
      5    560.9587 cm^-1  (     16.8171 THz )
      6    560.9587 cm^-1  (     16.8171 THz )

 # k point   389 : (  0.4444,  0.4444,  0.4444)
   Mode, Frequency 
      1    154.1580 cm^-1  (      4.6215 THz )
      2    154.1580 cm^-1  (      4.6215 THz )
      3    372.7617 cm^-1  (     11.1751 THz )
      4    463.8688 cm^-1  (     13.9064 THz )
      5    560.7342 cm^-1  (     16.8104 THz )
      6    560.7342 cm^-1  (     16.8104 THz )

 # k point   390 : (  0.4495,  0.4495,  0.4495)
   Mode, Frequency 
      1    154.6302 cm^-1  (      4.6357 THz )
      2    154.6302 cm^-1  (      4.6357 THz )
      3    375.6479 cm^-1  (     11.2616 THz )
      4    461.5347 cm^-1  (     13.8365 THz )
      5    560.5281 cm^-1  (     16.8042 THz )
      6    560.5281 cm^-1  (     16.8042 THz )

 # k point   391 : (  0.4545,  0.4545,  0.4545)
   Mode, Frequency 
      1    155.0584 cm^-1  (      4.6485 THz )
      2    155.0584 cm^-1  (      4.6485 THz )
      3    378.4063 cm^-1  (     11.3443 THz )
      4    459.2758 cm^-1  (     13.7687 THz )
      5    560.3407 cm^-1  (     16.7986 THz )
      6    560.3407 cm^-1  (     16.7986 THz )

 # k point   392 : (  0.4596,  0.4596,  0.4596)
   Mode, Frequency 
      1    155.4421 cm^-1  (      4.6600 THz )
      2    155.4421 cm^-1  (      4.6600 THz )
      3    381.0161 cm^-1  (     11.4226 THz )
      4    457.1130 cm^-1  (     13.7039 THz )
      5    560.1724 cm^-1  (     16.7935 THz )
      6    560.1724 cm^-1  (     16.7935 THz )

 # k point   393 : (  0.4646,  0.4646,  0.4646)
   Mode, Frequency 
      1    155.7813 cm^-1  (      4.6702 THz )
      2    155.7813 cm^-1  (      4.6702 THz )
      3    383.4524 cm^-1  (     11.4956 THz )
      4    455.0713 cm^-1  (     13.6427 THz )
      5    560.0232 cm^-1  (     16.7891 THz )
      6    560.0232 cm^-1  (     16.7891 THz )

 # k point   394 : (  0.4697,  0.4697,  0.4697)
   Mode, Frequency 
      1    156.0757 cm^-1  (      4.6790 THz )
      2    156.0757 cm^-1  (      4.6790 THz )
      3    385.6850 cm^-1  (     11.5625 THz )
      4    453.1806 cm^-1  (     13.5860 THz )
      5    559.8936 cm^-1  (     16.7852 THz )
      6    559.8936 cm^-1  (     16.7852 THz )

 # k point   395 : (  0.4747,  0.4747,  0.4747)
   Mode, Frequency 
      1    156.3252 cm^-1  (      4.6865 THz )
      2    156.3252 cm^-1  (      4.6865 THz )
      3    387.6790 cm^-1  (     11.6223 THz )
      4    451.4760 cm^-1  (     13.5349 THz )
      5    559.7836 cm^-1  (     16.7819 THz )
      6    559.7836 cm^-1  (     16.7819 THz )

 # k point   396 : (  0.4798,  0.4798,  0.4798)
   Mode, Frequency 
      1    156.5294 cm^-1  (      4.6926 THz )
      2    156.5294 cm^-1  (      4.6926 THz )
      3    389.3950 cm^-1  (     11.6738 THz )
      4    449.9968 cm^-1  (     13.4906 THz )
      5    559.6933 cm^-1  (     16.7792 THz )
      6    559.6933 cm^-1  (     16.7792 THz )

 # k point   397 : (  0.4848,  0.4848,  0.4848)
   Mode, Frequency 
      1    156.6885 cm^-1  (      4.6974 THz )
      2    156.6885 cm^-1  (      4.6974 THz )
      3    390.7909 cm^-1  (     11.7156 THz )
      4    448.7851 cm^-1  (     13.4542 THz )
      5    559.6230 cm^-1  (     16.7771 THz )
      6    559.6230 cm^-1  (     16.7771 THz )

 # k point   398 : (  0.4899,  0.4899,  0.4899)
   Mode, Frequency 
      1    156.8021 cm^-1  (      4.7008 THz )
      2    156.8021 cm^-1  (      4.7008 THz )
      3    391.8253 cm^-1  (     11.7466 THz )
      4    447.8822 cm^-1  (     13.4272 THz )
      5    559.5727 cm^-1  (     16.7756 THz )
      6    559.5727 cm^-1  (     16.7756 THz )

 # k point   399 : (  0.4949,  0.4949,  0.4949)
   Mode, Frequency 
      1    156.8703 cm^-1  (      4.7029 THz )
      2    156.8703 cm^-1  (      4.7029 THz )
      3    392.4625 cm^-1  (     11.7657 THz )
      4    447.3240 cm^-1  (     13.4104 THz )
      5    559.5425 cm^-1  (     16.7747 THz )
      6    559.5425 cm^-1  (     16.7747 THz )

 # k point   400 : (  0.5000,  0.5000,  0.5000)
   Mode, Frequency 
      1    156.8931 cm^-1  (      4.7035 THz )
      2    156.8931 cm^-1  (      4.7035 THz )
      3    392.6778 cm^-1  (     11.7722 THz )
      4    447.1350 cm^-1  (     13.4048 THz )
      5    559.5324 cm^-1  (     16.7744 THz )
      6    559.5324 cm^-1  (     16.7744 THz )


 -----------------------------------------------------------------

 The following files are created: 
  si222.bands       : Phonon band structure

 Job finished at Wed Apr 10 13:42:34 2024

