 +-----------------------------------------------------------------+
 +                         Program ANPHON                          +
 +                             Ver.  1.5.0                         +
 +-----------------------------------------------------------------+

 Job started at Wed Apr 10 13:42:36 2024

 The number of MPI processes: 1
 The number of OpenMP threads: 80


 Input variables:
 -----------------------------------------------------------------
 General:
  PREFIX = si222
  MODE = PHONONS
  FCSXML = /home/emeitz/ALM_Test/si222.xml

  NKD = 1; KD =   Si
  MASS =     28.085
  NSYM = 0; TOLERANCE = 0.001; PRINTSYM = 0

  NONANALYTIC = 0

  TMIN = 0; TMAX = 1000; DT = 10
  EMIN = 0; EMAX = 1000; DELTA_E = 10

  ISMEAR = -1; EPSILON = 10

  CLASSICAL = 0
  BCONNECT = 0


 Kpoint:
  KPMODE (1st entry for &kpoint) = 2


 Analysis:
  PRINTVEL = 0
  PRINTVEC = 0
  PRINTXSF = 0

  PDOS = 0; TDOS = 0
  PRINTMSD = 0
  SPS = 0

  GRUNEISEN = 0
  NEWFCS = 0


 -----------------------------------------------------------------

                      MODE = phonons                         
                                                             
      Phonon calculation within harmonic approximation       
      Harmonic force constants will be used.                 

 -----------------------------------------------------------------

 Crystal structure
 =================

 Lattice Vectors:

 * Supercell (from /home/emeitz/ALM_Test/si222.xml )

    2.052242e+01   0.000000e+00   0.000000e+00 : a1
    0.000000e+00   2.052242e+01   0.000000e+00 : a2
    0.000000e+00   0.000000e+00   2.052242e+01 : a3

    3.061619e-01   0.000000e+00   0.000000e+00 : b1
    0.000000e+00   3.061619e-01   0.000000e+00 : b2
    0.000000e+00   0.000000e+00   3.061619e-01 : b3

 * Primitive cell 

    0.000000e+00   5.130606e+00   5.130606e+00 : a1
    5.130606e+00   0.000000e+00   5.130606e+00 : a2
    5.130606e+00   5.130606e+00   0.000000e+00 : a3

   -6.123239e-01   6.123239e-01   6.123239e-01 : b1
    6.123239e-01  -6.123239e-01   6.123239e-01 : b2
    6.123239e-01   6.123239e-01  -6.123239e-01 : b3


  Volume of the primitive cell : 2.701071e+02 (a.u.)^3

  Number of atoms in the supercell     : 64
  Number of atoms in the primitive cell: 2

  Atomic positions in the primitive cell (fractional):
   1:   0.000000e+00   0.000000e+00   0.000000e+00  Si
   2:   2.500000e-01   2.500000e-01   2.500000e-01  Si

  Mass of atomic species (u):
  Si:   28.085000


 Symmetry
 ========

  NSYM = 0 is given: Trying to find symmetry operations.

  Number of symmetry operations : 48
 k points
 ========

  KPMODE = 2: Uniform grid
  Gamma-centered uniform grid with the following mesh density: 
  nk1:  30
  nk2:  30
  nk3:  30

  Number of k points : 27000
  Number of irreducible k points : 752

  List of irreducible k points (reciprocal coordinate, weight) : 
      1:   0.00000e+00   0.00000e+00   0.00000e+00   0.000037
      2:   0.00000e+00   0.00000e+00   3.33333e-02   0.000296
      3:   0.00000e+00   0.00000e+00   6.66667e-02   0.000296
      4:   0.00000e+00   0.00000e+00   1.00000e-01   0.000296
      5:   0.00000e+00   0.00000e+00   1.33333e-01   0.000296
      6:   0.00000e+00   0.00000e+00   1.66667e-01   0.000296
      7:   0.00000e+00   0.00000e+00   2.00000e-01   0.000296
      8:   0.00000e+00   0.00000e+00   2.33333e-01   0.000296
      9:   0.00000e+00   0.00000e+00   2.66667e-01   0.000296
     10:   0.00000e+00   0.00000e+00   3.00000e-01   0.000296
     11:   0.00000e+00   0.00000e+00   3.33333e-01   0.000296
     12:   0.00000e+00   0.00000e+00   3.66667e-01   0.000296
     13:   0.00000e+00   0.00000e+00   4.00000e-01   0.000296
     14:   0.00000e+00   0.00000e+00   4.33333e-01   0.000296
     15:   0.00000e+00   0.00000e+00   4.66667e-01   0.000296
     16:   0.00000e+00   0.00000e+00  -5.00000e-01   0.000148
     17:   0.00000e+00   3.33333e-02   3.33333e-02   0.000222
     18:   0.00000e+00   3.33333e-02   6.66667e-02   0.000889
     19:   0.00000e+00   3.33333e-02   1.00000e-01   0.000889
     20:   0.00000e+00   3.33333e-02   1.33333e-01   0.000889
     21:   0.00000e+00   3.33333e-02   1.66667e-01   0.000889
     22:   0.00000e+00   3.33333e-02   2.00000e-01   0.000889
     23:   0.00000e+00   3.33333e-02   2.33333e-01   0.000889
     24:   0.00000e+00   3.33333e-02   2.66667e-01   0.000889
     25:   0.00000e+00   3.33333e-02   3.00000e-01   0.000889
     26:   0.00000e+00   3.33333e-02   3.33333e-01   0.000889
     27:   0.00000e+00   3.33333e-02   3.66667e-01   0.000889
     28:   0.00000e+00   3.33333e-02   4.00000e-01   0.000889
     29:   0.00000e+00   3.33333e-02   4.33333e-01   0.000889
     30:   0.00000e+00   3.33333e-02   4.66667e-01   0.000889
     31:   0.00000e+00   3.33333e-02  -5.00000e-01   0.000889
     32:   0.00000e+00   3.33333e-02  -4.66667e-01   0.000889
     33:   0.00000e+00   3.33333e-02  -4.33333e-01   0.000889
     34:   0.00000e+00   3.33333e-02  -4.00000e-01   0.000889
     35:   0.00000e+00   3.33333e-02  -3.66667e-01   0.000889
     36:   0.00000e+00   3.33333e-02  -3.33333e-01   0.000889
     37:   0.00000e+00   3.33333e-02  -3.00000e-01   0.000889
     38:   0.00000e+00   3.33333e-02  -2.66667e-01   0.000889
     39:   0.00000e+00   3.33333e-02  -2.33333e-01   0.000889
     40:   0.00000e+00   3.33333e-02  -2.00000e-01   0.000889
     41:   0.00000e+00   3.33333e-02  -1.66667e-01   0.000889
     42:   0.00000e+00   3.33333e-02  -1.33333e-01   0.000889
     43:   0.00000e+00   3.33333e-02  -1.00000e-01   0.000889
     44:   0.00000e+00   3.33333e-02  -6.66667e-02   0.000889
     45:   0.00000e+00   3.33333e-02  -3.33333e-02   0.000444
     46:   0.00000e+00   6.66667e-02   6.66667e-02   0.000222
     47:   0.00000e+00   6.66667e-02   1.00000e-01   0.000889
     48:   0.00000e+00   6.66667e-02   1.33333e-01   0.000889
     49:   0.00000e+00   6.66667e-02   1.66667e-01   0.000889
     50:   0.00000e+00   6.66667e-02   2.00000e-01   0.000889
     51:   0.00000e+00   6.66667e-02   2.33333e-01   0.000889
     52:   0.00000e+00   6.66667e-02   2.66667e-01   0.000889
     53:   0.00000e+00   6.66667e-02   3.00000e-01   0.000889
     54:   0.00000e+00   6.66667e-02   3.33333e-01   0.000889
     55:   0.00000e+00   6.66667e-02   3.66667e-01   0.000889
     56:   0.00000e+00   6.66667e-02   4.00000e-01   0.000889
     57:   0.00000e+00   6.66667e-02   4.33333e-01   0.000889
     58:   0.00000e+00   6.66667e-02   4.66667e-01   0.000889
     59:   0.00000e+00   6.66667e-02  -5.00000e-01   0.000889
     60:   0.00000e+00   6.66667e-02  -4.66667e-01   0.000889
     61:   0.00000e+00   6.66667e-02  -4.33333e-01   0.000889
     62:   0.00000e+00   6.66667e-02  -4.00000e-01   0.000889
     63:   0.00000e+00   6.66667e-02  -3.66667e-01   0.000889
     64:   0.00000e+00   6.66667e-02  -3.33333e-01   0.000889
     65:   0.00000e+00   6.66667e-02  -3.00000e-01   0.000889
     66:   0.00000e+00   6.66667e-02  -2.66667e-01   0.000889
     67:   0.00000e+00   6.66667e-02  -2.33333e-01   0.000889
     68:   0.00000e+00   6.66667e-02  -2.00000e-01   0.000889
     69:   0.00000e+00   6.66667e-02  -1.66667e-01   0.000889
     70:   0.00000e+00   6.66667e-02  -1.33333e-01   0.000889
     71:   0.00000e+00   6.66667e-02  -1.00000e-01   0.000889
     72:   0.00000e+00   6.66667e-02  -6.66667e-02   0.000444
     73:   0.00000e+00   1.00000e-01   1.00000e-01   0.000222
     74:   0.00000e+00   1.00000e-01   1.33333e-01   0.000889
     75:   0.00000e+00   1.00000e-01   1.66667e-01   0.000889
     76:   0.00000e+00   1.00000e-01   2.00000e-01   0.000889
     77:   0.00000e+00   1.00000e-01   2.33333e-01   0.000889
     78:   0.00000e+00   1.00000e-01   2.66667e-01   0.000889
     79:   0.00000e+00   1.00000e-01   3.00000e-01   0.000889
     80:   0.00000e+00   1.00000e-01   3.33333e-01   0.000889
     81:   0.00000e+00   1.00000e-01   3.66667e-01   0.000889
     82:   0.00000e+00   1.00000e-01   4.00000e-01   0.000889
     83:   0.00000e+00   1.00000e-01   4.33333e-01   0.000889
     84:   0.00000e+00   1.00000e-01   4.66667e-01   0.000889
     85:   0.00000e+00   1.00000e-01  -5.00000e-01   0.000889
     86:   0.00000e+00   1.00000e-01  -4.66667e-01   0.000889
     87:   0.00000e+00   1.00000e-01  -4.33333e-01   0.000889
     88:   0.00000e+00   1.00000e-01  -4.00000e-01   0.000889
     89:   0.00000e+00   1.00000e-01  -3.66667e-01   0.000889
     90:   0.00000e+00   1.00000e-01  -3.33333e-01   0.000889
     91:   0.00000e+00   1.00000e-01  -3.00000e-01   0.000889
     92:   0.00000e+00   1.00000e-01  -2.66667e-01   0.000889
     93:   0.00000e+00   1.00000e-01  -2.33333e-01   0.000889
     94:   0.00000e+00   1.00000e-01  -2.00000e-01   0.000889
     95:   0.00000e+00   1.00000e-01  -1.66667e-01   0.000889
     96:   0.00000e+00   1.00000e-01  -1.33333e-01   0.000889
     97:   0.00000e+00   1.00000e-01  -1.00000e-01   0.000444
     98:   0.00000e+00   1.33333e-01   1.33333e-01   0.000222
     99:   0.00000e+00   1.33333e-01   1.66667e-01   0.000889
    100:   0.00000e+00   1.33333e-01   2.00000e-01   0.000889
    101:   0.00000e+00   1.33333e-01   2.33333e-01   0.000889
    102:   0.00000e+00   1.33333e-01   2.66667e-01   0.000889
    103:   0.00000e+00   1.33333e-01   3.00000e-01   0.000889
    104:   0.00000e+00   1.33333e-01   3.33333e-01   0.000889
    105:   0.00000e+00   1.33333e-01   3.66667e-01   0.000889
    106:   0.00000e+00   1.33333e-01   4.00000e-01   0.000889
    107:   0.00000e+00   1.33333e-01   4.33333e-01   0.000889
    108:   0.00000e+00   1.33333e-01   4.66667e-01   0.000889
    109:   0.00000e+00   1.33333e-01  -5.00000e-01   0.000889
    110:   0.00000e+00   1.33333e-01  -4.66667e-01   0.000889
    111:   0.00000e+00   1.33333e-01  -4.33333e-01   0.000889
    112:   0.00000e+00   1.33333e-01  -4.00000e-01   0.000889
    113:   0.00000e+00   1.33333e-01  -3.66667e-01   0.000889
    114:   0.00000e+00   1.33333e-01  -3.33333e-01   0.000889
    115:   0.00000e+00   1.33333e-01  -3.00000e-01   0.000889
    116:   0.00000e+00   1.33333e-01  -2.66667e-01   0.000889
    117:   0.00000e+00   1.33333e-01  -2.33333e-01   0.000889
    118:   0.00000e+00   1.33333e-01  -2.00000e-01   0.000889
    119:   0.00000e+00   1.33333e-01  -1.66667e-01   0.000889
    120:   0.00000e+00   1.33333e-01  -1.33333e-01   0.000444
    121:   0.00000e+00   1.66667e-01   1.66667e-01   0.000222
    122:   0.00000e+00   1.66667e-01   2.00000e-01   0.000889
    123:   0.00000e+00   1.66667e-01   2.33333e-01   0.000889
    124:   0.00000e+00   1.66667e-01   2.66667e-01   0.000889
    125:   0.00000e+00   1.66667e-01   3.00000e-01   0.000889
    126:   0.00000e+00   1.66667e-01   3.33333e-01   0.000889
    127:   0.00000e+00   1.66667e-01   3.66667e-01   0.000889
    128:   0.00000e+00   1.66667e-01   4.00000e-01   0.000889
    129:   0.00000e+00   1.66667e-01   4.33333e-01   0.000889
    130:   0.00000e+00   1.66667e-01   4.66667e-01   0.000889
    131:   0.00000e+00   1.66667e-01  -5.00000e-01   0.000889
    132:   0.00000e+00   1.66667e-01  -4.66667e-01   0.000889
    133:   0.00000e+00   1.66667e-01  -4.33333e-01   0.000889
    134:   0.00000e+00   1.66667e-01  -4.00000e-01   0.000889
    135:   0.00000e+00   1.66667e-01  -3.66667e-01   0.000889
    136:   0.00000e+00   1.66667e-01  -3.33333e-01   0.000889
    137:   0.00000e+00   1.66667e-01  -3.00000e-01   0.000889
    138:   0.00000e+00   1.66667e-01  -2.66667e-01   0.000889
    139:   0.00000e+00   1.66667e-01  -2.33333e-01   0.000889
    140:   0.00000e+00   1.66667e-01  -2.00000e-01   0.000889
    141:   0.00000e+00   1.66667e-01  -1.66667e-01   0.000444
    142:   0.00000e+00   2.00000e-01   2.00000e-01   0.000222
    143:   0.00000e+00   2.00000e-01   2.33333e-01   0.000889
    144:   0.00000e+00   2.00000e-01   2.66667e-01   0.000889
    145:   0.00000e+00   2.00000e-01   3.00000e-01   0.000889
    146:   0.00000e+00   2.00000e-01   3.33333e-01   0.000889
    147:   0.00000e+00   2.00000e-01   3.66667e-01   0.000889
    148:   0.00000e+00   2.00000e-01   4.00000e-01   0.000889
    149:   0.00000e+00   2.00000e-01   4.33333e-01   0.000889
    150:   0.00000e+00   2.00000e-01   4.66667e-01   0.000889
    151:   0.00000e+00   2.00000e-01  -5.00000e-01   0.000889
    152:   0.00000e+00   2.00000e-01  -4.66667e-01   0.000889
    153:   0.00000e+00   2.00000e-01  -4.33333e-01   0.000889
    154:   0.00000e+00   2.00000e-01  -4.00000e-01   0.000889
    155:   0.00000e+00   2.00000e-01  -3.66667e-01   0.000889
    156:   0.00000e+00   2.00000e-01  -3.33333e-01   0.000889
    157:   0.00000e+00   2.00000e-01  -3.00000e-01   0.000889
    158:   0.00000e+00   2.00000e-01  -2.66667e-01   0.000889
    159:   0.00000e+00   2.00000e-01  -2.33333e-01   0.000889
    160:   0.00000e+00   2.00000e-01  -2.00000e-01   0.000444
    161:   0.00000e+00   2.33333e-01   2.33333e-01   0.000222
    162:   0.00000e+00   2.33333e-01   2.66667e-01   0.000889
    163:   0.00000e+00   2.33333e-01   3.00000e-01   0.000889
    164:   0.00000e+00   2.33333e-01   3.33333e-01   0.000889
    165:   0.00000e+00   2.33333e-01   3.66667e-01   0.000889
    166:   0.00000e+00   2.33333e-01   4.00000e-01   0.000889
    167:   0.00000e+00   2.33333e-01   4.33333e-01   0.000889
    168:   0.00000e+00   2.33333e-01   4.66667e-01   0.000889
    169:   0.00000e+00   2.33333e-01  -5.00000e-01   0.000889
    170:   0.00000e+00   2.33333e-01  -4.66667e-01   0.000889
    171:   0.00000e+00   2.33333e-01  -4.33333e-01   0.000889
    172:   0.00000e+00   2.33333e-01  -4.00000e-01   0.000889
    173:   0.00000e+00   2.33333e-01  -3.66667e-01   0.000889
    174:   0.00000e+00   2.33333e-01  -3.33333e-01   0.000889
    175:   0.00000e+00   2.33333e-01  -3.00000e-01   0.000889
    176:   0.00000e+00   2.33333e-01  -2.66667e-01   0.000889
    177:   0.00000e+00   2.33333e-01  -2.33333e-01   0.000444
    178:   0.00000e+00   2.66667e-01   2.66667e-01   0.000222
    179:   0.00000e+00   2.66667e-01   3.00000e-01   0.000889
    180:   0.00000e+00   2.66667e-01   3.33333e-01   0.000889
    181:   0.00000e+00   2.66667e-01   3.66667e-01   0.000889
    182:   0.00000e+00   2.66667e-01   4.00000e-01   0.000889
    183:   0.00000e+00   2.66667e-01   4.33333e-01   0.000889
    184:   0.00000e+00   2.66667e-01   4.66667e-01   0.000889
    185:   0.00000e+00   2.66667e-01  -5.00000e-01   0.000889
    186:   0.00000e+00   2.66667e-01  -4.66667e-01   0.000889
    187:   0.00000e+00   2.66667e-01  -4.33333e-01   0.000889
    188:   0.00000e+00   2.66667e-01  -4.00000e-01   0.000889
    189:   0.00000e+00   2.66667e-01  -3.66667e-01   0.000889
    190:   0.00000e+00   2.66667e-01  -3.33333e-01   0.000889
    191:   0.00000e+00   2.66667e-01  -3.00000e-01   0.000889
    192:   0.00000e+00   2.66667e-01  -2.66667e-01   0.000444
    193:   0.00000e+00   3.00000e-01   3.00000e-01   0.000222
    194:   0.00000e+00   3.00000e-01   3.33333e-01   0.000889
    195:   0.00000e+00   3.00000e-01   3.66667e-01   0.000889
    196:   0.00000e+00   3.00000e-01   4.00000e-01   0.000889
    197:   0.00000e+00   3.00000e-01   4.33333e-01   0.000889
    198:   0.00000e+00   3.00000e-01   4.66667e-01   0.000889
    199:   0.00000e+00   3.00000e-01  -5.00000e-01   0.000889
    200:   0.00000e+00   3.00000e-01  -4.66667e-01   0.000889
    201:   0.00000e+00   3.00000e-01  -4.33333e-01   0.000889
    202:   0.00000e+00   3.00000e-01  -4.00000e-01   0.000889
    203:   0.00000e+00   3.00000e-01  -3.66667e-01   0.000889
    204:   0.00000e+00   3.00000e-01  -3.33333e-01   0.000889
    205:   0.00000e+00   3.00000e-01  -3.00000e-01   0.000444
    206:   0.00000e+00   3.33333e-01   3.33333e-01   0.000222
    207:   0.00000e+00   3.33333e-01   3.66667e-01   0.000889
    208:   0.00000e+00   3.33333e-01   4.00000e-01   0.000889
    209:   0.00000e+00   3.33333e-01   4.33333e-01   0.000889
    210:   0.00000e+00   3.33333e-01   4.66667e-01   0.000889
    211:   0.00000e+00   3.33333e-01  -5.00000e-01   0.000889
    212:   0.00000e+00   3.33333e-01  -4.66667e-01   0.000889
    213:   0.00000e+00   3.33333e-01  -4.33333e-01   0.000889
    214:   0.00000e+00   3.33333e-01  -4.00000e-01   0.000889
    215:   0.00000e+00   3.33333e-01  -3.66667e-01   0.000889
    216:   0.00000e+00   3.33333e-01  -3.33333e-01   0.000444
    217:   0.00000e+00   3.66667e-01   3.66667e-01   0.000222
    218:   0.00000e+00   3.66667e-01   4.00000e-01   0.000889
    219:   0.00000e+00   3.66667e-01   4.33333e-01   0.000889
    220:   0.00000e+00   3.66667e-01   4.66667e-01   0.000889
    221:   0.00000e+00   3.66667e-01  -5.00000e-01   0.000889
    222:   0.00000e+00   3.66667e-01  -4.66667e-01   0.000889
    223:   0.00000e+00   3.66667e-01  -4.33333e-01   0.000889
    224:   0.00000e+00   3.66667e-01  -4.00000e-01   0.000889
    225:   0.00000e+00   3.66667e-01  -3.66667e-01   0.000444
    226:   0.00000e+00   4.00000e-01   4.00000e-01   0.000222
    227:   0.00000e+00   4.00000e-01   4.33333e-01   0.000889
    228:   0.00000e+00   4.00000e-01   4.66667e-01   0.000889
    229:   0.00000e+00   4.00000e-01  -5.00000e-01   0.000889
    230:   0.00000e+00   4.00000e-01  -4.66667e-01   0.000889
    231:   0.00000e+00   4.00000e-01  -4.33333e-01   0.000889
    232:   0.00000e+00   4.00000e-01  -4.00000e-01   0.000444
    233:   0.00000e+00   4.33333e-01   4.33333e-01   0.000222
    234:   0.00000e+00   4.33333e-01   4.66667e-01   0.000889
    235:   0.00000e+00   4.33333e-01  -5.00000e-01   0.000889
    236:   0.00000e+00   4.33333e-01  -4.66667e-01   0.000889
    237:   0.00000e+00   4.33333e-01  -4.33333e-01   0.000444
    238:   0.00000e+00   4.66667e-01   4.66667e-01   0.000222
    239:   0.00000e+00   4.66667e-01  -5.00000e-01   0.000889
    240:   0.00000e+00   4.66667e-01  -4.66667e-01   0.000444
    241:   0.00000e+00  -5.00000e-01  -5.00000e-01   0.000111
    242:   3.33333e-02   6.66667e-02   1.00000e-01   0.000889
    243:   3.33333e-02   6.66667e-02   1.33333e-01   0.001778
    244:   3.33333e-02   6.66667e-02   1.66667e-01   0.001778
    245:   3.33333e-02   6.66667e-02   2.00000e-01   0.001778
    246:   3.33333e-02   6.66667e-02   2.33333e-01   0.001778
    247:   3.33333e-02   6.66667e-02   2.66667e-01   0.001778
    248:   3.33333e-02   6.66667e-02   3.00000e-01   0.001778
    249:   3.33333e-02   6.66667e-02   3.33333e-01   0.001778
    250:   3.33333e-02   6.66667e-02   3.66667e-01   0.001778
    251:   3.33333e-02   6.66667e-02   4.00000e-01   0.001778
    252:   3.33333e-02   6.66667e-02   4.33333e-01   0.001778
    253:   3.33333e-02   6.66667e-02   4.66667e-01   0.001778
    254:   3.33333e-02   6.66667e-02  -5.00000e-01   0.001778
    255:   3.33333e-02   6.66667e-02  -4.66667e-01   0.000889
    256:   3.33333e-02   1.00000e-01   1.33333e-01   0.000889
    257:   3.33333e-02   1.00000e-01   1.66667e-01   0.001778
    258:   3.33333e-02   1.00000e-01   2.00000e-01   0.001778
    259:   3.33333e-02   1.00000e-01   2.33333e-01   0.001778
    260:   3.33333e-02   1.00000e-01   2.66667e-01   0.001778
    261:   3.33333e-02   1.00000e-01   3.00000e-01   0.001778
    262:   3.33333e-02   1.00000e-01   3.33333e-01   0.001778
    263:   3.33333e-02   1.00000e-01   3.66667e-01   0.001778
    264:   3.33333e-02   1.00000e-01   4.00000e-01   0.001778
    265:   3.33333e-02   1.00000e-01   4.33333e-01   0.001778
    266:   3.33333e-02   1.00000e-01   4.66667e-01   0.001778
    267:   3.33333e-02   1.00000e-01  -5.00000e-01   0.001778
    268:   3.33333e-02   1.00000e-01  -4.66667e-01   0.001778
    269:   3.33333e-02   1.00000e-01  -4.33333e-01   0.001778
    270:   3.33333e-02   1.00000e-01  -4.00000e-01   0.001778
    271:   3.33333e-02   1.00000e-01  -3.66667e-01   0.001778
    272:   3.33333e-02   1.00000e-01  -3.33333e-01   0.001778
    273:   3.33333e-02   1.00000e-01  -3.00000e-01   0.001778
    274:   3.33333e-02   1.00000e-01  -2.66667e-01   0.001778
    275:   3.33333e-02   1.00000e-01  -2.33333e-01   0.001778
    276:   3.33333e-02   1.00000e-01  -2.00000e-01   0.001778
    277:   3.33333e-02   1.00000e-01  -1.66667e-01   0.001778
    278:   3.33333e-02   1.00000e-01  -1.33333e-01   0.001778
    279:   3.33333e-02   1.00000e-01  -1.00000e-01   0.001778
    280:   3.33333e-02   1.00000e-01  -6.66667e-02   0.000889
    281:   3.33333e-02   1.33333e-01   1.66667e-01   0.000889
    282:   3.33333e-02   1.33333e-01   2.00000e-01   0.001778
    283:   3.33333e-02   1.33333e-01   2.33333e-01   0.001778
    284:   3.33333e-02   1.33333e-01   2.66667e-01   0.001778
    285:   3.33333e-02   1.33333e-01   3.00000e-01   0.001778
    286:   3.33333e-02   1.33333e-01   3.33333e-01   0.001778
    287:   3.33333e-02   1.33333e-01   3.66667e-01   0.001778
    288:   3.33333e-02   1.33333e-01   4.00000e-01   0.001778
    289:   3.33333e-02   1.33333e-01   4.33333e-01   0.001778
    290:   3.33333e-02   1.33333e-01   4.66667e-01   0.001778
    291:   3.33333e-02   1.33333e-01  -5.00000e-01   0.001778
    292:   3.33333e-02   1.33333e-01  -4.66667e-01   0.001778
    293:   3.33333e-02   1.33333e-01  -4.33333e-01   0.001778
    294:   3.33333e-02   1.33333e-01  -4.00000e-01   0.001778
    295:   3.33333e-02   1.33333e-01  -3.66667e-01   0.001778
    296:   3.33333e-02   1.33333e-01  -3.33333e-01   0.001778
    297:   3.33333e-02   1.33333e-01  -3.00000e-01   0.001778
    298:   3.33333e-02   1.33333e-01  -2.66667e-01   0.001778
    299:   3.33333e-02   1.33333e-01  -2.33333e-01   0.001778
    300:   3.33333e-02   1.33333e-01  -2.00000e-01   0.001778
    301:   3.33333e-02   1.33333e-01  -1.66667e-01   0.001778
    302:   3.33333e-02   1.33333e-01  -1.33333e-01   0.001778
    303:   3.33333e-02   1.33333e-01  -1.00000e-01   0.000889
    304:   3.33333e-02   1.66667e-01   2.00000e-01   0.000889
    305:   3.33333e-02   1.66667e-01   2.33333e-01   0.001778
    306:   3.33333e-02   1.66667e-01   2.66667e-01   0.001778
    307:   3.33333e-02   1.66667e-01   3.00000e-01   0.001778
    308:   3.33333e-02   1.66667e-01   3.33333e-01   0.001778
    309:   3.33333e-02   1.66667e-01   3.66667e-01   0.001778
    310:   3.33333e-02   1.66667e-01   4.00000e-01   0.001778
    311:   3.33333e-02   1.66667e-01   4.33333e-01   0.001778
    312:   3.33333e-02   1.66667e-01   4.66667e-01   0.001778
    313:   3.33333e-02   1.66667e-01  -5.00000e-01   0.001778
    314:   3.33333e-02   1.66667e-01  -4.66667e-01   0.001778
    315:   3.33333e-02   1.66667e-01  -4.33333e-01   0.001778
    316:   3.33333e-02   1.66667e-01  -4.00000e-01   0.001778
    317:   3.33333e-02   1.66667e-01  -3.66667e-01   0.001778
    318:   3.33333e-02   1.66667e-01  -3.33333e-01   0.001778
    319:   3.33333e-02   1.66667e-01  -3.00000e-01   0.001778
    320:   3.33333e-02   1.66667e-01  -2.66667e-01   0.001778
    321:   3.33333e-02   1.66667e-01  -2.33333e-01   0.001778
    322:   3.33333e-02   1.66667e-01  -2.00000e-01   0.001778
    323:   3.33333e-02   1.66667e-01  -1.66667e-01   0.001778
    324:   3.33333e-02   1.66667e-01  -1.33333e-01   0.000889
    325:   3.33333e-02   2.00000e-01   2.33333e-01   0.000889
    326:   3.33333e-02   2.00000e-01   2.66667e-01   0.001778
    327:   3.33333e-02   2.00000e-01   3.00000e-01   0.001778
    328:   3.33333e-02   2.00000e-01   3.33333e-01   0.001778
    329:   3.33333e-02   2.00000e-01   3.66667e-01   0.001778
    330:   3.33333e-02   2.00000e-01   4.00000e-01   0.001778
    331:   3.33333e-02   2.00000e-01   4.33333e-01   0.001778
    332:   3.33333e-02   2.00000e-01   4.66667e-01   0.001778
    333:   3.33333e-02   2.00000e-01  -5.00000e-01   0.001778
    334:   3.33333e-02   2.00000e-01  -4.66667e-01   0.001778
    335:   3.33333e-02   2.00000e-01  -4.33333e-01   0.001778
    336:   3.33333e-02   2.00000e-01  -4.00000e-01   0.001778
    337:   3.33333e-02   2.00000e-01  -3.66667e-01   0.001778
    338:   3.33333e-02   2.00000e-01  -3.33333e-01   0.001778
    339:   3.33333e-02   2.00000e-01  -3.00000e-01   0.001778
    340:   3.33333e-02   2.00000e-01  -2.66667e-01   0.001778
    341:   3.33333e-02   2.00000e-01  -2.33333e-01   0.001778
    342:   3.33333e-02   2.00000e-01  -2.00000e-01   0.001778
    343:   3.33333e-02   2.00000e-01  -1.66667e-01   0.000889
    344:   3.33333e-02   2.33333e-01   2.66667e-01   0.000889
    345:   3.33333e-02   2.33333e-01   3.00000e-01   0.001778
    346:   3.33333e-02   2.33333e-01   3.33333e-01   0.001778
    347:   3.33333e-02   2.33333e-01   3.66667e-01   0.001778
    348:   3.33333e-02   2.33333e-01   4.00000e-01   0.001778
    349:   3.33333e-02   2.33333e-01   4.33333e-01   0.001778
    350:   3.33333e-02   2.33333e-01   4.66667e-01   0.001778
    351:   3.33333e-02   2.33333e-01  -5.00000e-01   0.001778
    352:   3.33333e-02   2.33333e-01  -4.66667e-01   0.001778
    353:   3.33333e-02   2.33333e-01  -4.33333e-01   0.001778
    354:   3.33333e-02   2.33333e-01  -4.00000e-01   0.001778
    355:   3.33333e-02   2.33333e-01  -3.66667e-01   0.001778
    356:   3.33333e-02   2.33333e-01  -3.33333e-01   0.001778
    357:   3.33333e-02   2.33333e-01  -3.00000e-01   0.001778
    358:   3.33333e-02   2.33333e-01  -2.66667e-01   0.001778
    359:   3.33333e-02   2.33333e-01  -2.33333e-01   0.001778
    360:   3.33333e-02   2.33333e-01  -2.00000e-01   0.000889
    361:   3.33333e-02   2.66667e-01   3.00000e-01   0.000889
    362:   3.33333e-02   2.66667e-01   3.33333e-01   0.001778
    363:   3.33333e-02   2.66667e-01   3.66667e-01   0.001778
    364:   3.33333e-02   2.66667e-01   4.00000e-01   0.001778
    365:   3.33333e-02   2.66667e-01   4.33333e-01   0.001778
    366:   3.33333e-02   2.66667e-01   4.66667e-01   0.001778
    367:   3.33333e-02   2.66667e-01  -5.00000e-01   0.001778
    368:   3.33333e-02   2.66667e-01  -4.66667e-01   0.001778
    369:   3.33333e-02   2.66667e-01  -4.33333e-01   0.001778
    370:   3.33333e-02   2.66667e-01  -4.00000e-01   0.001778
    371:   3.33333e-02   2.66667e-01  -3.66667e-01   0.001778
    372:   3.33333e-02   2.66667e-01  -3.33333e-01   0.001778
    373:   3.33333e-02   2.66667e-01  -3.00000e-01   0.001778
    374:   3.33333e-02   2.66667e-01  -2.66667e-01   0.001778
    375:   3.33333e-02   2.66667e-01  -2.33333e-01   0.000889
    376:   3.33333e-02   3.00000e-01   3.33333e-01   0.000889
    377:   3.33333e-02   3.00000e-01   3.66667e-01   0.001778
    378:   3.33333e-02   3.00000e-01   4.00000e-01   0.001778
    379:   3.33333e-02   3.00000e-01   4.33333e-01   0.001778
    380:   3.33333e-02   3.00000e-01   4.66667e-01   0.001778
    381:   3.33333e-02   3.00000e-01  -5.00000e-01   0.001778
    382:   3.33333e-02   3.00000e-01  -4.66667e-01   0.001778
    383:   3.33333e-02   3.00000e-01  -4.33333e-01   0.001778
    384:   3.33333e-02   3.00000e-01  -4.00000e-01   0.001778
    385:   3.33333e-02   3.00000e-01  -3.66667e-01   0.001778
    386:   3.33333e-02   3.00000e-01  -3.33333e-01   0.001778
    387:   3.33333e-02   3.00000e-01  -3.00000e-01   0.001778
    388:   3.33333e-02   3.00000e-01  -2.66667e-01   0.000889
    389:   3.33333e-02   3.33333e-01   3.66667e-01   0.000889
    390:   3.33333e-02   3.33333e-01   4.00000e-01   0.001778
    391:   3.33333e-02   3.33333e-01   4.33333e-01   0.001778
    392:   3.33333e-02   3.33333e-01   4.66667e-01   0.001778
    393:   3.33333e-02   3.33333e-01  -5.00000e-01   0.001778
    394:   3.33333e-02   3.33333e-01  -4.66667e-01   0.001778
    395:   3.33333e-02   3.33333e-01  -4.33333e-01   0.001778
    396:   3.33333e-02   3.33333e-01  -4.00000e-01   0.001778
    397:   3.33333e-02   3.33333e-01  -3.66667e-01   0.001778
    398:   3.33333e-02   3.33333e-01  -3.33333e-01   0.001778
    399:   3.33333e-02   3.33333e-01  -3.00000e-01   0.000889
    400:   3.33333e-02   3.66667e-01   4.00000e-01   0.000889
    401:   3.33333e-02   3.66667e-01   4.33333e-01   0.001778
    402:   3.33333e-02   3.66667e-01   4.66667e-01   0.001778
    403:   3.33333e-02   3.66667e-01  -5.00000e-01   0.001778
    404:   3.33333e-02   3.66667e-01  -4.66667e-01   0.001778
    405:   3.33333e-02   3.66667e-01  -4.33333e-01   0.001778
    406:   3.33333e-02   3.66667e-01  -4.00000e-01   0.001778
    407:   3.33333e-02   3.66667e-01  -3.66667e-01   0.001778
    408:   3.33333e-02   3.66667e-01  -3.33333e-01   0.000889
    409:   3.33333e-02   4.00000e-01   4.33333e-01   0.000889
    410:   3.33333e-02   4.00000e-01   4.66667e-01   0.001778
    411:   3.33333e-02   4.00000e-01  -5.00000e-01   0.001778
    412:   3.33333e-02   4.00000e-01  -4.66667e-01   0.001778
    413:   3.33333e-02   4.00000e-01  -4.33333e-01   0.001778
    414:   3.33333e-02   4.00000e-01  -4.00000e-01   0.001778
    415:   3.33333e-02   4.00000e-01  -3.66667e-01   0.000889
    416:   3.33333e-02   4.33333e-01   4.66667e-01   0.000889
    417:   3.33333e-02   4.33333e-01  -5.00000e-01   0.001778
    418:   3.33333e-02   4.33333e-01  -4.66667e-01   0.001778
    419:   3.33333e-02   4.33333e-01  -4.33333e-01   0.001778
    420:   3.33333e-02   4.33333e-01  -4.00000e-01   0.000889
    421:   3.33333e-02   4.66667e-01  -5.00000e-01   0.000889
    422:   3.33333e-02   4.66667e-01  -4.66667e-01   0.001778
    423:   3.33333e-02   4.66667e-01  -4.33333e-01   0.000889
    424:   3.33333e-02  -5.00000e-01  -4.66667e-01   0.000444
    425:   6.66667e-02   1.33333e-01   2.00000e-01   0.000889
    426:   6.66667e-02   1.33333e-01   2.33333e-01   0.001778
    427:   6.66667e-02   1.33333e-01   2.66667e-01   0.001778
    428:   6.66667e-02   1.33333e-01   3.00000e-01   0.001778
    429:   6.66667e-02   1.33333e-01   3.33333e-01   0.001778
    430:   6.66667e-02   1.33333e-01   3.66667e-01   0.001778
    431:   6.66667e-02   1.33333e-01   4.00000e-01   0.001778
    432:   6.66667e-02   1.33333e-01   4.33333e-01   0.001778
    433:   6.66667e-02   1.33333e-01   4.66667e-01   0.001778
    434:   6.66667e-02   1.33333e-01  -5.00000e-01   0.001778
    435:   6.66667e-02   1.33333e-01  -4.66667e-01   0.001778
    436:   6.66667e-02   1.33333e-01  -4.33333e-01   0.000889
    437:   6.66667e-02   1.66667e-01   2.33333e-01   0.000889
    438:   6.66667e-02   1.66667e-01   2.66667e-01   0.001778
    439:   6.66667e-02   1.66667e-01   3.00000e-01   0.001778
    440:   6.66667e-02   1.66667e-01   3.33333e-01   0.001778
    441:   6.66667e-02   1.66667e-01   3.66667e-01   0.001778
    442:   6.66667e-02   1.66667e-01   4.00000e-01   0.001778
    443:   6.66667e-02   1.66667e-01   4.33333e-01   0.001778
    444:   6.66667e-02   1.66667e-01   4.66667e-01   0.001778
    445:   6.66667e-02   1.66667e-01  -5.00000e-01   0.001778
    446:   6.66667e-02   1.66667e-01  -4.66667e-01   0.001778
    447:   6.66667e-02   1.66667e-01  -4.33333e-01   0.001778
    448:   6.66667e-02   1.66667e-01  -4.00000e-01   0.001778
    449:   6.66667e-02   1.66667e-01  -3.66667e-01   0.001778
    450:   6.66667e-02   1.66667e-01  -3.33333e-01   0.001778
    451:   6.66667e-02   1.66667e-01  -3.00000e-01   0.001778
    452:   6.66667e-02   1.66667e-01  -2.66667e-01   0.001778
    453:   6.66667e-02   1.66667e-01  -2.33333e-01   0.001778
    454:   6.66667e-02   1.66667e-01  -2.00000e-01   0.001778
    455:   6.66667e-02   1.66667e-01  -1.66667e-01   0.001778
    456:   6.66667e-02   1.66667e-01  -1.33333e-01   0.001778
    457:   6.66667e-02   1.66667e-01  -1.00000e-01   0.000889
    458:   6.66667e-02   2.00000e-01   2.66667e-01   0.000889
    459:   6.66667e-02   2.00000e-01   3.00000e-01   0.001778
    460:   6.66667e-02   2.00000e-01   3.33333e-01   0.001778
    461:   6.66667e-02   2.00000e-01   3.66667e-01   0.001778
    462:   6.66667e-02   2.00000e-01   4.00000e-01   0.001778
    463:   6.66667e-02   2.00000e-01   4.33333e-01   0.001778
    464:   6.66667e-02   2.00000e-01   4.66667e-01   0.001778
    465:   6.66667e-02   2.00000e-01  -5.00000e-01   0.001778
    466:   6.66667e-02   2.00000e-01  -4.66667e-01   0.001778
    467:   6.66667e-02   2.00000e-01  -4.33333e-01   0.001778
    468:   6.66667e-02   2.00000e-01  -4.00000e-01   0.001778
    469:   6.66667e-02   2.00000e-01  -3.66667e-01   0.001778
    470:   6.66667e-02   2.00000e-01  -3.33333e-01   0.001778
    471:   6.66667e-02   2.00000e-01  -3.00000e-01   0.001778
    472:   6.66667e-02   2.00000e-01  -2.66667e-01   0.001778
    473:   6.66667e-02   2.00000e-01  -2.33333e-01   0.001778
    474:   6.66667e-02   2.00000e-01  -2.00000e-01   0.001778
    475:   6.66667e-02   2.00000e-01  -1.66667e-01   0.001778
    476:   6.66667e-02   2.00000e-01  -1.33333e-01   0.000889
    477:   6.66667e-02   2.33333e-01   3.00000e-01   0.000889
    478:   6.66667e-02   2.33333e-01   3.33333e-01   0.001778
    479:   6.66667e-02   2.33333e-01   3.66667e-01   0.001778
    480:   6.66667e-02   2.33333e-01   4.00000e-01   0.001778
    481:   6.66667e-02   2.33333e-01   4.33333e-01   0.001778
    482:   6.66667e-02   2.33333e-01   4.66667e-01   0.001778
    483:   6.66667e-02   2.33333e-01  -5.00000e-01   0.001778
    484:   6.66667e-02   2.33333e-01  -4.66667e-01   0.001778
    485:   6.66667e-02   2.33333e-01  -4.33333e-01   0.001778
    486:   6.66667e-02   2.33333e-01  -4.00000e-01   0.001778
    487:   6.66667e-02   2.33333e-01  -3.66667e-01   0.001778
    488:   6.66667e-02   2.33333e-01  -3.33333e-01   0.001778
    489:   6.66667e-02   2.33333e-01  -3.00000e-01   0.001778
    490:   6.66667e-02   2.33333e-01  -2.66667e-01   0.001778
    491:   6.66667e-02   2.33333e-01  -2.33333e-01   0.001778
    492:   6.66667e-02   2.33333e-01  -2.00000e-01   0.001778
    493:   6.66667e-02   2.33333e-01  -1.66667e-01   0.000889
    494:   6.66667e-02   2.66667e-01   3.33333e-01   0.000889
    495:   6.66667e-02   2.66667e-01   3.66667e-01   0.001778
    496:   6.66667e-02   2.66667e-01   4.00000e-01   0.001778
    497:   6.66667e-02   2.66667e-01   4.33333e-01   0.001778
    498:   6.66667e-02   2.66667e-01   4.66667e-01   0.001778
    499:   6.66667e-02   2.66667e-01  -5.00000e-01   0.001778
    500:   6.66667e-02   2.66667e-01  -4.66667e-01   0.001778
    501:   6.66667e-02   2.66667e-01  -4.33333e-01   0.001778
    502:   6.66667e-02   2.66667e-01  -4.00000e-01   0.001778
    503:   6.66667e-02   2.66667e-01  -3.66667e-01   0.001778
    504:   6.66667e-02   2.66667e-01  -3.33333e-01   0.001778
    505:   6.66667e-02   2.66667e-01  -3.00000e-01   0.001778
    506:   6.66667e-02   2.66667e-01  -2.66667e-01   0.001778
    507:   6.66667e-02   2.66667e-01  -2.33333e-01   0.001778
    508:   6.66667e-02   2.66667e-01  -2.00000e-01   0.000889
    509:   6.66667e-02   3.00000e-01   3.66667e-01   0.000889
    510:   6.66667e-02   3.00000e-01   4.00000e-01   0.001778
    511:   6.66667e-02   3.00000e-01   4.33333e-01   0.001778
    512:   6.66667e-02   3.00000e-01   4.66667e-01   0.001778
    513:   6.66667e-02   3.00000e-01  -5.00000e-01   0.001778
    514:   6.66667e-02   3.00000e-01  -4.66667e-01   0.001778
    515:   6.66667e-02   3.00000e-01  -4.33333e-01   0.001778
    516:   6.66667e-02   3.00000e-01  -4.00000e-01   0.001778
    517:   6.66667e-02   3.00000e-01  -3.66667e-01   0.001778
    518:   6.66667e-02   3.00000e-01  -3.33333e-01   0.001778
    519:   6.66667e-02   3.00000e-01  -3.00000e-01   0.001778
    520:   6.66667e-02   3.00000e-01  -2.66667e-01   0.001778
    521:   6.66667e-02   3.00000e-01  -2.33333e-01   0.000889
    522:   6.66667e-02   3.33333e-01   4.00000e-01   0.000889
    523:   6.66667e-02   3.33333e-01   4.33333e-01   0.001778
    524:   6.66667e-02   3.33333e-01   4.66667e-01   0.001778
    525:   6.66667e-02   3.33333e-01  -5.00000e-01   0.001778
    526:   6.66667e-02   3.33333e-01  -4.66667e-01   0.001778
    527:   6.66667e-02   3.33333e-01  -4.33333e-01   0.001778
    528:   6.66667e-02   3.33333e-01  -4.00000e-01   0.001778
    529:   6.66667e-02   3.33333e-01  -3.66667e-01   0.001778
    530:   6.66667e-02   3.33333e-01  -3.33333e-01   0.001778
    531:   6.66667e-02   3.33333e-01  -3.00000e-01   0.001778
    532:   6.66667e-02   3.33333e-01  -2.66667e-01   0.000889
    533:   6.66667e-02   3.66667e-01   4.33333e-01   0.000889
    534:   6.66667e-02   3.66667e-01   4.66667e-01   0.001778
    535:   6.66667e-02   3.66667e-01  -5.00000e-01   0.001778
    536:   6.66667e-02   3.66667e-01  -4.66667e-01   0.001778
    537:   6.66667e-02   3.66667e-01  -4.33333e-01   0.001778
    538:   6.66667e-02   3.66667e-01  -4.00000e-01   0.001778
    539:   6.66667e-02   3.66667e-01  -3.66667e-01   0.001778
    540:   6.66667e-02   3.66667e-01  -3.33333e-01   0.001778
    541:   6.66667e-02   3.66667e-01  -3.00000e-01   0.000889
    542:   6.66667e-02   4.00000e-01   4.66667e-01   0.000889
    543:   6.66667e-02   4.00000e-01  -5.00000e-01   0.001778
    544:   6.66667e-02   4.00000e-01  -4.66667e-01   0.001778
    545:   6.66667e-02   4.00000e-01  -4.33333e-01   0.001778
    546:   6.66667e-02   4.00000e-01  -4.00000e-01   0.001778
    547:   6.66667e-02   4.00000e-01  -3.66667e-01   0.001778
    548:   6.66667e-02   4.00000e-01  -3.33333e-01   0.000889
    549:   6.66667e-02   4.33333e-01  -5.00000e-01   0.000889
    550:   6.66667e-02   4.33333e-01  -4.66667e-01   0.001778
    551:   6.66667e-02   4.33333e-01  -4.33333e-01   0.001778
    552:   6.66667e-02   4.33333e-01  -4.00000e-01   0.001778
    553:   6.66667e-02   4.33333e-01  -3.66667e-01   0.000889
    554:   6.66667e-02   4.66667e-01  -4.66667e-01   0.000889
    555:   6.66667e-02   4.66667e-01  -4.33333e-01   0.001778
    556:   6.66667e-02   4.66667e-01  -4.00000e-01   0.000889
    557:   6.66667e-02  -5.00000e-01  -4.33333e-01   0.000444
    558:   1.00000e-01   2.00000e-01   3.00000e-01   0.000889
    559:   1.00000e-01   2.00000e-01   3.33333e-01   0.001778
    560:   1.00000e-01   2.00000e-01   3.66667e-01   0.001778
    561:   1.00000e-01   2.00000e-01   4.00000e-01   0.001778
    562:   1.00000e-01   2.00000e-01   4.33333e-01   0.001778
    563:   1.00000e-01   2.00000e-01   4.66667e-01   0.001778
    564:   1.00000e-01   2.00000e-01  -5.00000e-01   0.001778
    565:   1.00000e-01   2.00000e-01  -4.66667e-01   0.001778
    566:   1.00000e-01   2.00000e-01  -4.33333e-01   0.001778
    567:   1.00000e-01   2.00000e-01  -4.00000e-01   0.000889
    568:   1.00000e-01   2.33333e-01   3.33333e-01   0.000889
    569:   1.00000e-01   2.33333e-01   3.66667e-01   0.001778
    570:   1.00000e-01   2.33333e-01   4.00000e-01   0.001778
    571:   1.00000e-01   2.33333e-01   4.33333e-01   0.001778
    572:   1.00000e-01   2.33333e-01   4.66667e-01   0.001778
    573:   1.00000e-01   2.33333e-01  -5.00000e-01   0.001778
    574:   1.00000e-01   2.33333e-01  -4.66667e-01   0.001778
    575:   1.00000e-01   2.33333e-01  -4.33333e-01   0.001778
    576:   1.00000e-01   2.33333e-01  -4.00000e-01   0.001778
    577:   1.00000e-01   2.33333e-01  -3.66667e-01   0.001778
    578:   1.00000e-01   2.33333e-01  -3.33333e-01   0.001778
    579:   1.00000e-01   2.33333e-01  -3.00000e-01   0.001778
    580:   1.00000e-01   2.33333e-01  -2.66667e-01   0.001778
    581:   1.00000e-01   2.33333e-01  -2.33333e-01   0.001778
    582:   1.00000e-01   2.33333e-01  -2.00000e-01   0.001778
    583:   1.00000e-01   2.33333e-01  -1.66667e-01   0.001778
    584:   1.00000e-01   2.33333e-01  -1.33333e-01   0.000889
    585:   1.00000e-01   2.66667e-01   3.66667e-01   0.000889
    586:   1.00000e-01   2.66667e-01   4.00000e-01   0.001778
    587:   1.00000e-01   2.66667e-01   4.33333e-01   0.001778
    588:   1.00000e-01   2.66667e-01   4.66667e-01   0.001778
    589:   1.00000e-01   2.66667e-01  -5.00000e-01   0.001778
    590:   1.00000e-01   2.66667e-01  -4.66667e-01   0.001778
    591:   1.00000e-01   2.66667e-01  -4.33333e-01   0.001778
    592:   1.00000e-01   2.66667e-01  -4.00000e-01   0.001778
    593:   1.00000e-01   2.66667e-01  -3.66667e-01   0.001778
    594:   1.00000e-01   2.66667e-01  -3.33333e-01   0.001778
    595:   1.00000e-01   2.66667e-01  -3.00000e-01   0.001778
    596:   1.00000e-01   2.66667e-01  -2.66667e-01   0.001778
    597:   1.00000e-01   2.66667e-01  -2.33333e-01   0.001778
    598:   1.00000e-01   2.66667e-01  -2.00000e-01   0.001778
    599:   1.00000e-01   2.66667e-01  -1.66667e-01   0.000889
    600:   1.00000e-01   3.00000e-01   4.00000e-01   0.000889
    601:   1.00000e-01   3.00000e-01   4.33333e-01   0.001778
    602:   1.00000e-01   3.00000e-01   4.66667e-01   0.001778
    603:   1.00000e-01   3.00000e-01  -5.00000e-01   0.001778
    604:   1.00000e-01   3.00000e-01  -4.66667e-01   0.001778
    605:   1.00000e-01   3.00000e-01  -4.33333e-01   0.001778
    606:   1.00000e-01   3.00000e-01  -4.00000e-01   0.001778
    607:   1.00000e-01   3.00000e-01  -3.66667e-01   0.001778
    608:   1.00000e-01   3.00000e-01  -3.33333e-01   0.001778
    609:   1.00000e-01   3.00000e-01  -3.00000e-01   0.001778
    610:   1.00000e-01   3.00000e-01  -2.66667e-01   0.001778
    611:   1.00000e-01   3.00000e-01  -2.33333e-01   0.001778
    612:   1.00000e-01   3.00000e-01  -2.00000e-01   0.000889
    613:   1.00000e-01   3.33333e-01   4.33333e-01   0.000889
    614:   1.00000e-01   3.33333e-01   4.66667e-01   0.001778
    615:   1.00000e-01   3.33333e-01  -5.00000e-01   0.001778
    616:   1.00000e-01   3.33333e-01  -4.66667e-01   0.001778
    617:   1.00000e-01   3.33333e-01  -4.33333e-01   0.001778
    618:   1.00000e-01   3.33333e-01  -4.00000e-01   0.001778
    619:   1.00000e-01   3.33333e-01  -3.66667e-01   0.001778
    620:   1.00000e-01   3.33333e-01  -3.33333e-01   0.001778
    621:   1.00000e-01   3.33333e-01  -3.00000e-01   0.001778
    622:   1.00000e-01   3.33333e-01  -2.66667e-01   0.001778
    623:   1.00000e-01   3.33333e-01  -2.33333e-01   0.000889
    624:   1.00000e-01   3.66667e-01   4.66667e-01   0.000889
    625:   1.00000e-01   3.66667e-01  -5.00000e-01   0.001778
    626:   1.00000e-01   3.66667e-01  -4.66667e-01   0.001778
    627:   1.00000e-01   3.66667e-01  -4.33333e-01   0.001778
    628:   1.00000e-01   3.66667e-01  -4.00000e-01   0.001778
    629:   1.00000e-01   3.66667e-01  -3.66667e-01   0.001778
    630:   1.00000e-01   3.66667e-01  -3.33333e-01   0.001778
    631:   1.00000e-01   3.66667e-01  -3.00000e-01   0.001778
    632:   1.00000e-01   3.66667e-01  -2.66667e-01   0.000889
    633:   1.00000e-01   4.00000e-01  -5.00000e-01   0.000889
    634:   1.00000e-01   4.00000e-01  -4.66667e-01   0.001778
    635:   1.00000e-01   4.00000e-01  -4.33333e-01   0.001778
    636:   1.00000e-01   4.00000e-01  -4.00000e-01   0.001778
    637:   1.00000e-01   4.00000e-01  -3.66667e-01   0.001778
    638:   1.00000e-01   4.00000e-01  -3.33333e-01   0.001778
    639:   1.00000e-01   4.00000e-01  -3.00000e-01   0.000889
    640:   1.00000e-01   4.33333e-01  -4.66667e-01   0.000889
    641:   1.00000e-01   4.33333e-01  -4.33333e-01   0.001778
    642:   1.00000e-01   4.33333e-01  -4.00000e-01   0.001778
    643:   1.00000e-01   4.33333e-01  -3.66667e-01   0.001778
    644:   1.00000e-01   4.33333e-01  -3.33333e-01   0.000889
    645:   1.00000e-01   4.66667e-01  -4.33333e-01   0.000889
    646:   1.00000e-01   4.66667e-01  -4.00000e-01   0.001778
    647:   1.00000e-01   4.66667e-01  -3.66667e-01   0.000889
    648:   1.00000e-01  -5.00000e-01  -4.00000e-01   0.000444
    649:   1.33333e-01   2.66667e-01   4.00000e-01   0.000889
    650:   1.33333e-01   2.66667e-01   4.33333e-01   0.001778
    651:   1.33333e-01   2.66667e-01   4.66667e-01   0.001778
    652:   1.33333e-01   2.66667e-01  -5.00000e-01   0.001778
    653:   1.33333e-01   2.66667e-01  -4.66667e-01   0.001778
    654:   1.33333e-01   2.66667e-01  -4.33333e-01   0.001778
    655:   1.33333e-01   2.66667e-01  -4.00000e-01   0.001778
    656:   1.33333e-01   2.66667e-01  -3.66667e-01   0.000889
    657:   1.33333e-01   3.00000e-01   4.33333e-01   0.000889
    658:   1.33333e-01   3.00000e-01   4.66667e-01   0.001778
    659:   1.33333e-01   3.00000e-01  -5.00000e-01   0.001778
    660:   1.33333e-01   3.00000e-01  -4.66667e-01   0.001778
    661:   1.33333e-01   3.00000e-01  -4.33333e-01   0.001778
    662:   1.33333e-01   3.00000e-01  -4.00000e-01   0.001778
    663:   1.33333e-01   3.00000e-01  -3.66667e-01   0.001778
    664:   1.33333e-01   3.00000e-01  -3.33333e-01   0.001778
    665:   1.33333e-01   3.00000e-01  -3.00000e-01   0.001778
    666:   1.33333e-01   3.00000e-01  -2.66667e-01   0.001778
    667:   1.33333e-01   3.00000e-01  -2.33333e-01   0.001778
    668:   1.33333e-01   3.00000e-01  -2.00000e-01   0.001778
    669:   1.33333e-01   3.00000e-01  -1.66667e-01   0.000889
    670:   1.33333e-01   3.33333e-01   4.66667e-01   0.000889
    671:   1.33333e-01   3.33333e-01  -5.00000e-01   0.001778
    672:   1.33333e-01   3.33333e-01  -4.66667e-01   0.001778
    673:   1.33333e-01   3.33333e-01  -4.33333e-01   0.001778
    674:   1.33333e-01   3.33333e-01  -4.00000e-01   0.001778
    675:   1.33333e-01   3.33333e-01  -3.66667e-01   0.001778
    676:   1.33333e-01   3.33333e-01  -3.33333e-01   0.001778
    677:   1.33333e-01   3.33333e-01  -3.00000e-01   0.001778
    678:   1.33333e-01   3.33333e-01  -2.66667e-01   0.001778
    679:   1.33333e-01   3.33333e-01  -2.33333e-01   0.001778
    680:   1.33333e-01   3.33333e-01  -2.00000e-01   0.000889
    681:   1.33333e-01   3.66667e-01  -5.00000e-01   0.000889
    682:   1.33333e-01   3.66667e-01  -4.66667e-01   0.001778
    683:   1.33333e-01   3.66667e-01  -4.33333e-01   0.001778
    684:   1.33333e-01   3.66667e-01  -4.00000e-01   0.001778
    685:   1.33333e-01   3.66667e-01  -3.66667e-01   0.001778
    686:   1.33333e-01   3.66667e-01  -3.33333e-01   0.001778
    687:   1.33333e-01   3.66667e-01  -3.00000e-01   0.001778
    688:   1.33333e-01   3.66667e-01  -2.66667e-01   0.001778
    689:   1.33333e-01   3.66667e-01  -2.33333e-01   0.000889
    690:   1.33333e-01   4.00000e-01  -4.66667e-01   0.000889
    691:   1.33333e-01   4.00000e-01  -4.33333e-01   0.001778
    692:   1.33333e-01   4.00000e-01  -4.00000e-01   0.001778
    693:   1.33333e-01   4.00000e-01  -3.66667e-01   0.001778
    694:   1.33333e-01   4.00000e-01  -3.33333e-01   0.001778
    695:   1.33333e-01   4.00000e-01  -3.00000e-01   0.001778
    696:   1.33333e-01   4.00000e-01  -2.66667e-01   0.000889
    697:   1.33333e-01   4.33333e-01  -4.33333e-01   0.000889
    698:   1.33333e-01   4.33333e-01  -4.00000e-01   0.001778
    699:   1.33333e-01   4.33333e-01  -3.66667e-01   0.001778
    700:   1.33333e-01   4.33333e-01  -3.33333e-01   0.001778
    701:   1.33333e-01   4.33333e-01  -3.00000e-01   0.000889
    702:   1.33333e-01   4.66667e-01  -4.00000e-01   0.000889
    703:   1.33333e-01   4.66667e-01  -3.66667e-01   0.001778
    704:   1.33333e-01   4.66667e-01  -3.33333e-01   0.000889
    705:   1.33333e-01  -5.00000e-01  -3.66667e-01   0.000444
    706:   1.66667e-01   3.33333e-01  -5.00000e-01   0.000889
    707:   1.66667e-01   3.33333e-01  -4.66667e-01   0.001778
    708:   1.66667e-01   3.33333e-01  -4.33333e-01   0.001778
    709:   1.66667e-01   3.33333e-01  -4.00000e-01   0.001778
    710:   1.66667e-01   3.33333e-01  -3.66667e-01   0.001778
    711:   1.66667e-01   3.33333e-01  -3.33333e-01   0.000889
    712:   1.66667e-01   3.66667e-01  -4.66667e-01   0.000889
    713:   1.66667e-01   3.66667e-01  -4.33333e-01   0.001778
    714:   1.66667e-01   3.66667e-01  -4.00000e-01   0.001778
    715:   1.66667e-01   3.66667e-01  -3.66667e-01   0.001778
    716:   1.66667e-01   3.66667e-01  -3.33333e-01   0.001778
    717:   1.66667e-01   3.66667e-01  -3.00000e-01   0.001778
    718:   1.66667e-01   3.66667e-01  -2.66667e-01   0.001778
    719:   1.66667e-01   3.66667e-01  -2.33333e-01   0.001778
    720:   1.66667e-01   3.66667e-01  -2.00000e-01   0.000889
    721:   1.66667e-01   4.00000e-01  -4.33333e-01   0.000889
    722:   1.66667e-01   4.00000e-01  -4.00000e-01   0.001778
    723:   1.66667e-01   4.00000e-01  -3.66667e-01   0.001778
    724:   1.66667e-01   4.00000e-01  -3.33333e-01   0.001778
    725:   1.66667e-01   4.00000e-01  -3.00000e-01   0.001778
    726:   1.66667e-01   4.00000e-01  -2.66667e-01   0.001778
    727:   1.66667e-01   4.00000e-01  -2.33333e-01   0.000889
    728:   1.66667e-01   4.33333e-01  -4.00000e-01   0.000889
    729:   1.66667e-01   4.33333e-01  -3.66667e-01   0.001778
    730:   1.66667e-01   4.33333e-01  -3.33333e-01   0.001778
    731:   1.66667e-01   4.33333e-01  -3.00000e-01   0.001778
    732:   1.66667e-01   4.33333e-01  -2.66667e-01   0.000889
    733:   1.66667e-01   4.66667e-01  -3.66667e-01   0.000889
    734:   1.66667e-01   4.66667e-01  -3.33333e-01   0.001778
    735:   1.66667e-01   4.66667e-01  -3.00000e-01   0.000889
    736:   1.66667e-01  -5.00000e-01  -3.33333e-01   0.000444
    737:   2.00000e-01   4.00000e-01  -4.00000e-01   0.000889
    738:   2.00000e-01   4.00000e-01  -3.66667e-01   0.001778
    739:   2.00000e-01   4.00000e-01  -3.33333e-01   0.001778
    740:   2.00000e-01   4.00000e-01  -3.00000e-01   0.000889
    741:   2.00000e-01   4.33333e-01  -3.66667e-01   0.000889
    742:   2.00000e-01   4.33333e-01  -3.33333e-01   0.001778
    743:   2.00000e-01   4.33333e-01  -3.00000e-01   0.001778
    744:   2.00000e-01   4.33333e-01  -2.66667e-01   0.001778
    745:   2.00000e-01   4.33333e-01  -2.33333e-01   0.000889
    746:   2.00000e-01   4.66667e-01  -3.33333e-01   0.000889
    747:   2.00000e-01   4.66667e-01  -3.00000e-01   0.001778
    748:   2.00000e-01   4.66667e-01  -2.66667e-01   0.000889
    749:   2.00000e-01  -5.00000e-01  -3.00000e-01   0.000444
    750:   2.33333e-01   4.66667e-01  -3.00000e-01   0.000889
    751:   2.33333e-01   4.66667e-01  -2.66667e-01   0.000889
    752:   2.33333e-01  -5.00000e-01  -2.66667e-01   0.000444

 Force constant
 ==============

  Reading force constants from the XML file ... done !
  Number of non-zero IFCs for 2 order: 1710

  Maximum deviation from the translational invariance: 
   Order 2 : 1.387779e-16


 Dynamical matrix
 ================

  NONANALYTIC = 0 : No non-analytic correction. 


 -----------------------------------------------------------------


 ISMEAR = -1: Tetrahedron method will be used.

 Now, move on to phonon calculations.

 Diagonalizing dynamical matrices for all k points ... done!

 -----------------------------------------------------------------

 Phonon frequencies below:

 # Irred. k point    1 : (  0.0000,  0.0000,  0.0000)
   Mode, Frequency 
      1      0.0000 cm^-1  (      0.0000 THz )
      2      0.0000 cm^-1  (      0.0000 THz )
      3      0.0000 cm^-1  (      0.0000 THz )
      4    595.0845 cm^-1  (     17.8402 THz )
      5    595.0845 cm^-1  (     17.8402 THz )
      6    595.0845 cm^-1  (     17.8402 THz )

 # Irred. k point    2 : (  0.0000,  0.0000,  0.0333)
   Mode, Frequency 
      1     15.3621 cm^-1  (      0.4605 THz )
      2     15.3621 cm^-1  (      0.4605 THz )
      3     30.8828 cm^-1  (      0.9258 THz )
      4    594.2826 cm^-1  (     17.8161 THz )
      5    594.7353 cm^-1  (     17.8297 THz )
      6    594.7353 cm^-1  (     17.8297 THz )

 # Irred. k point    3 : (  0.0000,  0.0000,  0.0667)
   Mode, Frequency 
      1     30.6136 cm^-1  (      0.9178 THz )
      2     30.6136 cm^-1  (      0.9178 THz )
      3     61.6766 cm^-1  (      1.8490 THz )
      4    591.8797 cm^-1  (     17.7441 THz )
      5    593.6986 cm^-1  (     17.7986 THz )
      6    593.6986 cm^-1  (     17.7986 THz )

 # Irred. k point    4 : (  0.0000,  0.0000,  0.1000)
   Mode, Frequency 
      1     45.6411 cm^-1  (      1.3683 THz )
      2     45.6411 cm^-1  (      1.3683 THz )
      3     92.2923 cm^-1  (      2.7669 THz )
      4    587.8841 cm^-1  (     17.6243 THz )
      5    592.0078 cm^-1  (     17.7479 THz )
      6    592.0078 cm^-1  (     17.7479 THz )

 # Irred. k point    5 : (  0.0000,  0.0000,  0.1333)
   Mode, Frequency 
      1     60.3260 cm^-1  (      1.8085 THz )
      2     60.3260 cm^-1  (      1.8085 THz )
      3    122.6406 cm^-1  (      3.6767 THz )
      4    582.3099 cm^-1  (     17.4572 THz )
      5    589.7183 cm^-1  (     17.6793 THz )
      6    589.7183 cm^-1  (     17.6793 THz )

 # Irred. k point    6 : (  0.0000,  0.0000,  0.1667)
   Mode, Frequency 
      1     74.5414 cm^-1  (      2.2347 THz )
      2     74.5414 cm^-1  (      2.2347 THz )
      3    152.6311 cm^-1  (      4.5758 THz )
      4    575.1776 cm^-1  (     17.2434 THz )
      5    586.9078 cm^-1  (     17.5951 THz )
      6    586.9078 cm^-1  (     17.5951 THz )

 # Irred. k point    7 : (  0.0000,  0.0000,  0.2000)
   Mode, Frequency 
      1     88.1510 cm^-1  (      2.6427 THz )
      2     88.1510 cm^-1  (      2.6427 THz )
      3    182.1724 cm^-1  (      5.4614 THz )
      4    566.5146 cm^-1  (     16.9837 THz )
      5    583.6757 cm^-1  (     17.4982 THz )
      6    583.6757 cm^-1  (     17.4982 THz )

 # Irred. k point    8 : (  0.0000,  0.0000,  0.2333)
   Mode, Frequency 
      1    101.0072 cm^-1  (      3.0281 THz )
      2    101.0072 cm^-1  (      3.0281 THz )
      3    211.1702 cm^-1  (      6.3307 THz )
      4    556.3566 cm^-1  (     16.6792 THz )
      5    580.1424 cm^-1  (     17.3922 THz )
      6    580.1424 cm^-1  (     17.3922 THz )

 # Irred. k point    9 : (  0.0000,  0.0000,  0.2667)
   Mode, Frequency 
      1    112.9508 cm^-1  (      3.3862 THz )
      2    112.9508 cm^-1  (      3.3862 THz )
      3    239.5249 cm^-1  (      7.1808 THz )
      4    544.7508 cm^-1  (     16.3312 THz )
      5    576.4478 cm^-1  (     17.2815 THz )
      6    576.4478 cm^-1  (     17.2815 THz )

 # Irred. k point   10 : (  0.0000,  0.0000,  0.3000)
   Mode, Frequency 
      1    123.8126 cm^-1  (      3.7118 THz )
      2    123.8126 cm^-1  (      3.7118 THz )
      3    267.1263 cm^-1  (      8.0082 THz )
      4    531.7604 cm^-1  (     15.9418 THz )
      5    572.7478 cm^-1  (     17.1705 THz )
      6    572.7478 cm^-1  (     17.1705 THz )

 # Irred. k point   11 : (  0.0000,  0.0000,  0.3333)
   Mode, Frequency 
      1    133.4169 cm^-1  (      3.9997 THz )
      2    133.4169 cm^-1  (      3.9997 THz )
      3    293.8427 cm^-1  (      8.8092 THz )
      4    517.4766 cm^-1  (     15.5136 THz )
      5    569.2102 cm^-1  (     17.0645 THz )
      6    569.2102 cm^-1  (     17.0645 THz )

 # Irred. k point   12 : (  0.0000,  0.0000,  0.3667)
   Mode, Frequency 
      1    141.5867 cm^-1  (      4.2447 THz )
      2    141.5867 cm^-1  (      4.2447 THz )
      3    319.4938 cm^-1  (      9.5782 THz )
      4    502.0451 cm^-1  (     15.0509 THz )
      5    566.0069 cm^-1  (     16.9685 THz )
      6    566.0069 cm^-1  (     16.9685 THz )

 # Irred. k point   13 : (  0.0000,  0.0000,  0.4000)
   Mode, Frequency 
      1    148.1530 cm^-1  (      4.4415 THz )
      2    148.1530 cm^-1  (      4.4415 THz )
      3    343.7786 cm^-1  (     10.3062 THz )
      4    485.7384 cm^-1  (     14.5621 THz )
      5    563.3045 cm^-1  (     16.8874 THz )
      6    563.3045 cm^-1  (     16.8874 THz )

 # Irred. k point   14 : (  0.0000,  0.0000,  0.4333)
   Mode, Frequency 
      1    152.9654 cm^-1  (      4.5858 THz )
      2    152.9654 cm^-1  (      4.5858 THz )
      3    366.0424 cm^-1  (     10.9737 THz )
      4    469.1892 cm^-1  (     14.0659 THz )
      5    561.2521 cm^-1  (     16.8259 THz )
      6    561.2521 cm^-1  (     16.8259 THz )

 # Irred. k point   15 : (  0.0000,  0.0000,  0.4667)
   Mode, Frequency 
      1    155.9045 cm^-1  (      4.6739 THz )
      2    155.9045 cm^-1  (      4.6739 THz )
      3    384.3717 cm^-1  (     11.5232 THz )
      4    454.2950 cm^-1  (     13.6194 THz )
      5    559.9690 cm^-1  (     16.7874 THz )
      6    559.9690 cm^-1  (     16.7874 THz )

 # Irred. k point   16 : (  0.0000,  0.0000, -0.5000)
   Mode, Frequency 
      1    156.8931 cm^-1  (      4.7035 THz )
      2    156.8931 cm^-1  (      4.7035 THz )
      3    392.6778 cm^-1  (     11.7722 THz )
      4    447.1350 cm^-1  (     13.4048 THz )
      5    559.5324 cm^-1  (     16.7744 THz )
      6    559.5324 cm^-1  (     16.7744 THz )

 # Irred. k point   17 : (  0.0000,  0.0333,  0.0333)
   Mode, Frequency 
      1     20.1454 cm^-1  (      0.6039 THz )
      2     20.1454 cm^-1  (      0.6039 THz )
      3     33.0102 cm^-1  (      0.9896 THz )
      4    594.3697 cm^-1  (     17.8188 THz )
      5    594.4414 cm^-1  (     17.8209 THz )
      6    594.4414 cm^-1  (     17.8209 THz )

 # Irred. k point   18 : (  0.0000,  0.0333,  0.0667)
   Mode, Frequency 
      1     30.5527 cm^-1  (      0.9159 THz )
      2     32.2930 cm^-1  (      0.9681 THz )
      3     56.8901 cm^-1  (      1.7055 THz )
      4    592.5124 cm^-1  (     17.7631 THz )
      5    593.4583 cm^-1  (     17.7914 THz )
      6    593.7961 cm^-1  (     17.8016 THz )

 # Irred. k point   19 : (  0.0000,  0.0333,  0.1000)
   Mode, Frequency 
      1     43.2003 cm^-1  (      1.2951 THz )
      2     46.1378 cm^-1  (      1.3832 THz )
      3     85.4844 cm^-1  (      2.5628 THz )
      4    589.0378 cm^-1  (     17.6589 THz )
      5    591.8176 cm^-1  (     17.7422 THz )
      6    592.4991 cm^-1  (     17.7627 THz )

 # Irred. k point   20 : (  0.0000,  0.0333,  0.1333)
   Mode, Frequency 
      1     56.8680 cm^-1  (      1.7049 THz )
      2     60.2584 cm^-1  (      1.8065 THz )
      3    114.8843 cm^-1  (      3.4441 THz )
      4    583.9824 cm^-1  (     17.5074 THz )
      5    589.5729 cm^-1  (     17.6750 THz )
      6    590.5684 cm^-1  (     17.7048 THz )

 # Irred. k point   21 : (  0.0000,  0.0333,  0.1667)
   Mode, Frequency 
      1     70.6954 cm^-1  (      2.1194 THz )
      2     74.1823 cm^-1  (      2.2239 THz )
      3    144.3499 cm^-1  (      4.3275 THz )
      4    577.3628 cm^-1  (     17.3089 THz )
      5    586.8003 cm^-1  (     17.5918 THz )
      6    588.0704 cm^-1  (     17.6299 THz )

 # Irred. k point   22 : (  0.0000,  0.0333,  0.2000)
   Mode, Frequency 
      1     84.2623 cm^-1  (      2.5261 THz )
      2     87.6497 cm^-1  (      2.6277 THz )
      3    173.5913 cm^-1  (      5.2041 THz )
      4    569.2036 cm^-1  (     17.0643 THz )
      5    583.5974 cm^-1  (     17.4958 THz )
      6    585.0923 cm^-1  (     17.5406 THz )

 # Irred. k point   23 : (  0.0000,  0.0333,  0.2333)
   Mode, Frequency 
      1     97.3008 cm^-1  (      2.9170 THz )
      2    100.4591 cm^-1  (      3.0117 THz )
      3    202.4338 cm^-1  (      6.0688 THz )
      4    559.5377 cm^-1  (     16.7745 THz )
      5    580.0828 cm^-1  (     17.3904 THz )
      6    581.7424 cm^-1  (     17.4402 THz )

 # Irred. k point   24 : (  0.0000,  0.0333,  0.2667)
   Mode, Frequency 
      1    109.5960 cm^-1  (      3.2856 THz )
      2    112.4247 cm^-1  (      3.3704 THz )
      3    230.7406 cm^-1  (      6.9174 THz )
      4    548.4083 cm^-1  (     16.4409 THz )
      5    576.3948 cm^-1  (     17.2799 THz )
      6    578.1493 cm^-1  (     17.3325 THz )

 # Irred. k point   25 : (  0.0000,  0.0333,  0.3000)
   Mode, Frequency 
      1    120.9512 cm^-1  (      3.6260 THz )
      2    123.3623 cm^-1  (      3.6983 THz )
      3    258.3843 cm^-1  (      7.7462 THz )
      4    535.8733 cm^-1  (     16.0651 THz )
      5    572.6882 cm^-1  (     17.1688 THz )
      6    574.4595 cm^-1  (     17.2219 THz )

 # Irred. k point   26 : (  0.0000,  0.0333,  0.3333)
   Mode, Frequency 
      1    131.1752 cm^-1  (      3.9325 THz )
      2    133.0867 cm^-1  (      3.9898 THz )
      3    285.2291 cm^-1  (      8.5510 THz )
      4    522.0140 cm^-1  (     15.6496 THz )
      5    569.1298 cm^-1  (     17.0621 THz )
      6    570.8337 cm^-1  (     17.1132 THz )

 # Irred. k point   27 : (  0.0000,  0.0333,  0.3667)
   Mode, Frequency 
      1    140.0807 cm^-1  (      4.1995 THz )
      2    141.4145 cm^-1  (      4.2395 THz )
      3    311.1066 cm^-1  (      9.3267 THz )
      4    506.9551 cm^-1  (     15.1981 THz )
      5    565.8914 cm^-1  (     16.9650 THz )
      6    567.4412 cm^-1  (     17.0115 THz )

 # Irred. k point   28 : (  0.0000,  0.0333,  0.4000)
   Mode, Frequency 
      1    147.4872 cm^-1  (      4.4216 THz )
      2    148.1710 cm^-1  (      4.4421 THz )
      3    335.7628 cm^-1  (     10.0659 THz )
      4    490.9159 cm^-1  (     14.7173 THz )
      5    563.1403 cm^-1  (     16.8825 THz )
      6    564.4517 cm^-1  (     16.9218 THz )

 # Irred. k point   29 : (  0.0000,  0.0333,  0.4333)
   Mode, Frequency 
      1    153.2005 cm^-1  (      4.5928 THz )
      2    153.2295 cm^-1  (      4.5937 THz )
      3    358.7012 cm^-1  (     10.7536 THz )
      4    474.3661 cm^-1  (     14.2211 THz )
      5    561.0280 cm^-1  (     16.8192 THz )
      6    562.0246 cm^-1  (     16.8491 THz )

 # Irred. k point   30 : (  0.0000,  0.0333,  0.4667)
   Mode, Frequency 
      1    156.3777 cm^-1  (      4.6881 THz )
      2    157.1680 cm^-1  (      4.7118 THz )
      3    378.6145 cm^-1  (     11.3506 THz )
      4    458.5934 cm^-1  (     13.7483 THz )
      5    559.6767 cm^-1  (     16.7787 THz )
      6    560.2968 cm^-1  (     16.7973 THz )

 # Irred. k point   31 : (  0.0000,  0.0333, -0.5000)
   Mode, Frequency 
      1    157.6195 cm^-1  (      4.7253 THz )
      2    159.2002 cm^-1  (      4.7727 THz )
      3    391.2291 cm^-1  (     11.7288 THz )
      4    447.8591 cm^-1  (     13.4265 THz )
      5    559.1677 cm^-1  (     16.7634 THz )
      6    559.3700 cm^-1  (     16.7695 THz )

 # Irred. k point   32 : (  0.0000,  0.0333, -0.4667)
   Mode, Frequency 
      1    156.8931 cm^-1  (      4.7035 THz )
      2    159.2700 cm^-1  (      4.7748 THz )
      3    388.3436 cm^-1  (     11.6422 THz )
      4    450.3590 cm^-1  (     13.5014 THz )
      5    559.3001 cm^-1  (     16.7674 THz )
      6    559.5324 cm^-1  (     16.7744 THz )

 # Irred. k point   33 : (  0.0000,  0.0333, -0.4333)
   Mode, Frequency 
      1    154.2196 cm^-1  (      4.6234 THz )
      2    157.3743 cm^-1  (      4.7180 THz )
      3    372.4567 cm^-1  (     11.1660 THz )
      4    463.5958 cm^-1  (     13.8983 THz )
      5    560.0915 cm^-1  (     16.7911 THz )
      6    560.7487 cm^-1  (     16.8108 THz )

 # Irred. k point   34 : (  0.0000,  0.0333, -0.4000)
   Mode, Frequency 
      1    149.6717 cm^-1  (      4.4870 THz )
      2    153.5625 cm^-1  (      4.6037 THz )
      3    351.2742 cm^-1  (     10.5309 THz )
      4    479.8722 cm^-1  (     14.3862 THz )
      5    561.6957 cm^-1  (     16.8392 THz )
      6    562.7433 cm^-1  (     16.8706 THz )

 # Irred. k point   35 : (  0.0000,  0.0333, -0.3667)
   Mode, Frequency 
      1    143.3661 cm^-1  (      4.2980 THz )
      2    147.9321 cm^-1  (      4.4349 THz )
      3    327.6710 cm^-1  (      9.8233 THz )
      4    496.3282 cm^-1  (     14.8795 THz )
      5    564.0179 cm^-1  (     16.9088 THz )
      6    565.4001 cm^-1  (     16.9503 THz )

 # Irred. k point   36 : (  0.0000,  0.0333, -0.3333)
   Mode, Frequency 
      1    135.4521 cm^-1  (      4.0608 THz )
      2    140.6188 cm^-1  (      4.2156 THz )
      3    302.5631 cm^-1  (      9.0706 THz )
      4    512.0706 cm^-1  (     15.3515 THz )
      5    566.9262 cm^-1  (     16.9960 THz )
      6    568.5715 cm^-1  (     17.0453 THz )

 # Irred. k point   37 : (  0.0000,  0.0333, -0.3000)
   Mode, Frequency 
      1    126.1003 cm^-1  (      3.7804 THz )
      2    131.7848 cm^-1  (      3.9508 THz )
      3    276.3362 cm^-1  (      8.2844 THz )
      4    526.7438 cm^-1  (     15.7914 THz )
      5    570.2642 cm^-1  (     17.0961 THz )
      6    572.0916 cm^-1  (     17.1509 THz )

 # Irred. k point   38 : (  0.0000,  0.0333, -0.2667)
   Mode, Frequency 
      1    115.4914 cm^-1  (      3.4623 THz )
      2    121.6085 cm^-1  (      3.6457 THz )
      3    249.2075 cm^-1  (      7.4711 THz )
      4    540.1693 cm^-1  (     16.1939 THz )
      5    573.8637 cm^-1  (     17.2040 THz )
      6    575.7882 cm^-1  (     17.2617 THz )

 # Irred. k point   39 : (  0.0000,  0.0333, -0.2333)
   Mode, Frequency 
      1    103.8092 cm^-1  (      3.1121 THz )
      2    110.2750 cm^-1  (      3.3060 THz )
      3    221.3330 cm^-1  (      6.6354 THz )
      4    552.2400 cm^-1  (     16.5557 THz )
      5    577.5555 cm^-1  (     17.3147 THz )
      6    579.4927 cm^-1  (     17.3728 THz )

 # Irred. k point   40 : (  0.0000,  0.0333, -0.2000)
   Mode, Frequency 
      1     91.2358 cm^-1  (      2.7352 THz )
      2     97.9709 cm^-1  (      2.9371 THz )
      3    192.8470 cm^-1  (      5.7814 THz )
      4    562.8835 cm^-1  (     16.8748 THz )
      5    581.1775 cm^-1  (     17.4233 THz )
      6    583.0475 cm^-1  (     17.4793 THz )

 # Irred. k point   41 : (  0.0000,  0.0333, -0.1667)
   Mode, Frequency 
      1     77.9539 cm^-1  (      2.3370 THz )
      2     84.8830 cm^-1  (      2.5447 THz )
      3    163.8852 cm^-1  (      4.9132 THz )
      4    572.0467 cm^-1  (     17.1495 THz )
      5    584.5818 cm^-1  (     17.5253 THz )
      6    586.3112 cm^-1  (     17.5772 THz )

 # Irred. k point   42 : (  0.0000,  0.0333, -0.1333)
   Mode, Frequency 
      1     64.1558 cm^-1  (      1.9233 THz )
      2     71.2016 cm^-1  (      2.1346 THz )
      3    134.6075 cm^-1  (      4.0354 THz )
      4    579.6885 cm^-1  (     17.3786 THz )
      5    587.6381 cm^-1  (     17.6169 THz )
      6    589.1616 cm^-1  (     17.6626 THz )

 # Irred. k point   43 : (  0.0000,  0.0333, -0.1000)
   Mode, Frequency 
      1     50.0752 cm^-1  (      1.5012 THz )
      2     57.1301 cm^-1  (      1.7127 THz )
      3    105.2519 cm^-1  (      3.1554 THz )
      4    585.7758 cm^-1  (     17.5611 THz )
      5    590.2378 cm^-1  (     17.6949 THz )
      6    591.4974 cm^-1  (     17.7326 THz )

 # Irred. k point   44 : (  0.0000,  0.0333, -0.0667)
   Mode, Frequency 
      1     36.0919 cm^-1  (      1.0820 THz )
      2     42.8905 cm^-1  (      1.2858 THz )
      3     76.3106 cm^-1  (      2.2877 THz )
      4    590.2761 cm^-1  (     17.6960 THz )
      5    592.3003 cm^-1  (     17.7567 THz )
      6    593.2394 cm^-1  (     17.7849 THz )

 # Irred. k point   45 : (  0.0000,  0.0333, -0.0333)
   Mode, Frequency 
      1     23.1928 cm^-1  (      0.6953 THz )
      2     28.6036 cm^-1  (      0.8575 THz )
      3     49.3768 cm^-1  (      1.4803 THz )
      4    593.1219 cm^-1  (     17.7813 THz )
      5    593.8081 cm^-1  (     17.8019 THz )
      6    594.3303 cm^-1  (     17.8176 THz )

 # Irred. k point   46 : (  0.0000,  0.0667,  0.0667)
   Mode, Frequency 
      1     40.2129 cm^-1  (      1.2056 THz )
      2     40.2129 cm^-1  (      1.2056 THz )
      3     65.9002 cm^-1  (      1.9756 THz )
      4    592.2245 cm^-1  (     17.7544 THz )
      5    592.5266 cm^-1  (     17.7635 THz )
      6    592.5266 cm^-1  (     17.7635 THz )

 # Irred. k point   47 : (  0.0000,  0.0667,  0.1000)
   Mode, Frequency 
      1     50.2155 cm^-1  (      1.5054 THz )
      2     51.4178 cm^-1  (      1.5415 THz )
      3     86.9734 cm^-1  (      2.6074 THz )
      4    589.3706 cm^-1  (     17.6689 THz )
      5    590.9333 cm^-1  (     17.7157 THz )
      6    591.5470 cm^-1  (     17.7341 THz )

 # Irred. k point   48 : (  0.0000,  0.0667,  0.1333)
   Mode, Frequency 
      1     61.3417 cm^-1  (      1.8390 THz )
      2     63.9749 cm^-1  (      1.9179 THz )
      3    112.8025 cm^-1  (      3.3817 THz )
      4    584.8242 cm^-1  (     17.5326 THz )
      5    588.7306 cm^-1  (     17.6497 THz )
      6    590.0237 cm^-1  (     17.6885 THz )

 # Irred. k point   49 : (  0.0000,  0.0667,  0.1667)
   Mode, Frequency 
      1     73.5786 cm^-1  (      2.2058 THz )
      2     76.9371 cm^-1  (      2.3065 THz )
      3    140.1894 cm^-1  (      4.2028 THz )
      4    578.7098 cm^-1  (     17.3493 THz )
      5    585.9927 cm^-1  (     17.5676 THz )
      6    587.9003 cm^-1  (     17.6248 THz )

 # Irred. k point   50 : (  0.0000,  0.0667,  0.2000)
   Mode, Frequency 
      1     86.3010 cm^-1  (      2.5872 THz )
      2     89.7965 cm^-1  (      2.6920 THz )
      3    168.0606 cm^-1  (      5.0383 THz )
      4    571.0501 cm^-1  (     17.1197 THz )
      5    582.8157 cm^-1  (     17.4724 THz )
      6    585.2511 cm^-1  (     17.5454 THz )

 # Irred. k point   51 : (  0.0000,  0.0667,  0.2333)
   Mode, Frequency 
      1     99.0004 cm^-1  (      2.9680 THz )
      2    102.2237 cm^-1  (      3.0646 THz )
      3    195.9420 cm^-1  (      5.8742 THz )
      4    561.8751 cm^-1  (     16.8446 THz )
      5    579.3165 cm^-1  (     17.3675 THz )
      6    582.1725 cm^-1  (     17.4531 THz )

 # Irred. k point   52 : (  0.0000,  0.0667,  0.2667)
   Mode, Frequency 
      1    111.3040 cm^-1  (      3.3368 THz )
      2    113.9624 cm^-1  (      3.4165 THz )
      3    223.5598 cm^-1  (      6.7022 THz )
      4    551.2249 cm^-1  (     16.5253 THz )
      5    575.6319 cm^-1  (     17.2570 THz )
      6    578.7811 cm^-1  (     17.3514 THz )

 # Irred. k point   53 : (  0.0000,  0.0667,  0.3000)
   Mode, Frequency 
      1    122.9195 cm^-1  (      3.6850 THz )
      2    124.7876 cm^-1  (      3.7410 THz )
      3    250.7171 cm^-1  (      7.5163 THz )
      4    539.1536 cm^-1  (     16.1634 THz )
      5    571.9155 cm^-1  (     17.1456 THz )
      6    575.2120 cm^-1  (     17.2444 THz )

 # Irred. k point   54 : (  0.0000,  0.0667,  0.3333)
   Mode, Frequency 
      1    133.5982 cm^-1  (      4.0052 THz )
      2    134.4884 cm^-1  (      4.0319 THz )
      3    277.2429 cm^-1  (      8.3115 THz )
      4    525.7362 cm^-1  (     15.7612 THz )
      5    568.3334 cm^-1  (     17.0382 THz )
      6    571.6160 cm^-1  (     17.1366 THz )

 # Irred. k point   55 : (  0.0000,  0.0667,  0.3667)
   Mode, Frequency 
      1    142.8645 cm^-1  (      4.2830 THz )
      2    143.1166 cm^-1  (      4.2905 THz )
      3    302.9567 cm^-1  (      9.0824 THz )
      4    511.0839 cm^-1  (     15.3219 THz )
      5    565.0575 cm^-1  (     16.9400 THz )
      6    568.1551 cm^-1  (     17.0329 THz )

 # Irred. k point   56 : (  0.0000,  0.0667,  0.4000)
   Mode, Frequency 
      1    149.7285 cm^-1  (      4.4887 THz )
      2    151.2696 cm^-1  (      4.5349 THz )
      3    327.6223 cm^-1  (      9.8219 THz )
      4    495.3821 cm^-1  (     14.8512 THz )
      5    562.2564 cm^-1  (     16.8560 THz )
      6    564.9960 cm^-1  (     16.9382 THz )

 # Irred. k point   57 : (  0.0000,  0.0667,  0.4333)
   Mode, Frequency 
      1    154.9146 cm^-1  (      4.6442 THz )
      2    157.8709 cm^-1  (      4.7329 THz )
      3    350.8351 cm^-1  (     10.5178 THz )
      4    478.9979 cm^-1  (     14.3600 THz )
      5    560.0834 cm^-1  (     16.7909 THz )
      6    562.3011 cm^-1  (     16.8574 THz )

 # Irred. k point   58 : (  0.0000,  0.0667,  0.4667)
   Mode, Frequency 
      1    158.2891 cm^-1  (      4.7454 THz )
      2    162.7594 cm^-1  (      4.8794 THz )
      3    371.6556 cm^-1  (     11.1420 THz )
      4    462.8442 cm^-1  (     13.8757 THz )
      5    558.6642 cm^-1  (     16.7483 THz )
      6    560.2174 cm^-1  (     16.7949 THz )

 # Irred. k point   59 : (  0.0000,  0.0667, -0.5000)
   Mode, Frequency 
      1    159.7607 cm^-1  (      4.7895 THz )
      2    165.8076 cm^-1  (      4.9708 THz )
      3    387.2008 cm^-1  (     11.6080 THz )
      4    449.7874 cm^-1  (     13.4843 THz )
      5    558.0843 cm^-1  (     16.7309 THz )
      6    558.8641 cm^-1  (     16.7543 THz )

 # Irred. k point   60 : (  0.0000,  0.0667, -0.4667)
   Mode, Frequency 
      1    159.2901 cm^-1  (      4.7754 THz )
      2    166.9309 cm^-1  (      5.0045 THz )
      3    389.9737 cm^-1  (     11.6911 THz )
      4    447.3161 cm^-1  (     13.4102 THz )
      5    558.3218 cm^-1  (     16.7381 THz )
      6    558.3796 cm^-1  (     16.7398 THz )

 # Irred. k point   61 : (  0.0000,  0.0667, -0.4333)
   Mode, Frequency 
      1    156.8931 cm^-1  (      4.7035 THz )
      2    166.0949 cm^-1  (      4.9794 THz )
      3    377.5848 cm^-1  (     11.3197 THz )
      4    457.8205 cm^-1  (     13.7251 THz )
      5    558.6234 cm^-1  (     16.7471 THz )
      6    559.5324 cm^-1  (     16.7744 THz )

 # Irred. k point   62 : (  0.0000,  0.0667, -0.4000)
   Mode, Frequency 
      1    152.6390 cm^-1  (      4.5760 THz )
      2    163.3183 cm^-1  (      4.8962 THz )
      3    357.9516 cm^-1  (     10.7311 THz )
      4    473.3921 cm^-1  (     14.1919 THz )
      5    559.7511 cm^-1  (     16.7809 THz )
      6    561.4732 cm^-1  (     16.8325 THz )

 # Irred. k point   63 : (  0.0000,  0.0667, -0.3667)
   Mode, Frequency 
      1    146.6439 cm^-1  (      4.3963 THz )
      2    158.6703 cm^-1  (      4.7568 THz )
      3    335.3180 cm^-1  (     10.0526 THz )
      4    489.8051 cm^-1  (     14.6840 THz )
      5    561.6379 cm^-1  (     16.8375 THz )
      6    564.0885 cm^-1  (     16.9109 THz )

 # Irred. k point   64 : (  0.0000,  0.0667, -0.3333)
   Mode, Frequency 
      1    139.0595 cm^-1  (      4.1689 THz )
      2    152.2641 cm^-1  (      4.5648 THz )
      3    311.0207 cm^-1  (      9.3242 THz )
      4    505.7510 cm^-1  (     15.1620 THz )
      5    564.1756 cm^-1  (     16.9136 THz )
      6    567.2323 cm^-1  (     17.0052 THz )

 # Irred. k point   65 : (  0.0000,  0.0667, -0.3000)
   Mode, Frequency 
      1    130.0627 cm^-1  (      3.8992 THz )
      2    144.2466 cm^-1  (      4.3244 THz )
      3    285.5839 cm^-1  (      8.5616 THz )
      4    520.7454 cm^-1  (     15.6116 THz )
      5    567.2255 cm^-1  (     17.0050 THz )
      6    570.7390 cm^-1  (     17.1103 THz )

 # Irred. k point   66 : (  0.0000,  0.0667, -0.2667)
   Mode, Frequency 
      1    119.8458 cm^-1  (      3.5929 THz )
      2    134.7877 cm^-1  (      4.0408 THz )
      3    259.2918 cm^-1  (      7.7734 THz )
      4    534.5589 cm^-1  (     16.0257 THz )
      5    570.6305 cm^-1  (     17.1071 THz )
      6    574.4358 cm^-1  (     17.2212 THz )

 # Irred. k point   67 : (  0.0000,  0.0667, -0.2333)
   Mode, Frequency 
      1    108.6107 cm^-1  (      3.2561 THz )
      2    124.0703 cm^-1  (      3.7195 THz )
      3    232.3520 cm^-1  (      6.9657 THz )
      4    547.0591 cm^-1  (     16.4004 THz )
      5    574.2269 cm^-1  (     17.2149 THz )
      6    578.1531 cm^-1  (     17.3326 THz )

 # Irred. k point   68 : (  0.0000,  0.0667, -0.2000)
   Mode, Frequency 
      1     96.5695 cm^-1  (      2.8951 THz )
      2    112.2822 cm^-1  (      3.3661 THz )
      3    204.9602 cm^-1  (      6.1446 THz )
      4    558.1571 cm^-1  (     16.7331 THz )
      5    577.8546 cm^-1  (     17.3236 THz )
      6    581.7318 cm^-1  (     17.4399 THz )

 # Irred. k point   69 : (  0.0000,  0.0667, -0.1667)
   Mode, Frequency 
      1     83.9538 cm^-1  (      2.5169 THz )
      2     99.6087 cm^-1  (      2.9862 THz )
      3    177.3438 cm^-1  (      5.3166 THz )
      4    567.7862 cm^-1  (     17.0218 THz )
      5    581.3654 cm^-1  (     17.4289 THz )
      6    585.0287 cm^-1  (     17.5387 THz )

 # Irred. k point   70 : (  0.0000,  0.0667, -0.1333)
   Mode, Frequency 
      1     71.0404 cm^-1  (      2.1297 THz )
      2     86.2209 cm^-1  (      2.5848 THz )
      3    149.8233 cm^-1  (      4.4916 THz )
      4    575.8885 cm^-1  (     17.2647 THz )
      5    584.6318 cm^-1  (     17.5268 THz )
      6    587.9199 cm^-1  (     17.6254 THz )

 # Irred. k point   71 : (  0.0000,  0.0667, -0.1000)
   Mode, Frequency 
      1     58.2153 cm^-1  (      1.7453 THz )
      2     72.2497 cm^-1  (      2.1660 THz )
      3    122.9396 cm^-1  (      3.6856 THz )
      4    582.4008 cm^-1  (     17.4599 THz )
      5    587.5606 cm^-1  (     17.6146 THz )
      6    590.3024 cm^-1  (     17.6968 THz )

 # Irred. k point   72 : (  0.0000,  0.0667, -0.0667)
   Mode, Frequency 
      1     46.1315 cm^-1  (      1.3830 THz )
      2     57.7418 cm^-1  (      1.7311 THz )
      3     97.7453 cm^-1  (      2.9303 THz )
      4    587.2248 cm^-1  (     17.6046 THz )
      5    590.1219 cm^-1  (     17.6914 THz )
      6    592.0952 cm^-1  (     17.7506 THz )

 # Irred. k point   73 : (  0.0000,  0.1000,  0.1000)
   Mode, Frequency 
      1     60.1191 cm^-1  (      1.8023 THz )
      2     60.1191 cm^-1  (      1.8023 THz )
      3     98.5507 cm^-1  (      2.9545 THz )
      4    588.6473 cm^-1  (     17.6472 THz )
      5    589.3833 cm^-1  (     17.6693 THz )
      6    589.3833 cm^-1  (     17.6693 THz )

 # Irred. k point   74 : (  0.0000,  0.1000,  0.1333)
   Mode, Frequency 
      1     70.1153 cm^-1  (      2.1020 THz )
      2     70.7967 cm^-1  (      2.1224 THz )
      3    118.0355 cm^-1  (      3.5386 THz )
      4    584.8672 cm^-1  (     17.5339 THz )
      5    587.2184 cm^-1  (     17.6044 THz )
      6    588.0339 cm^-1  (     17.6288 THz )

 # Irred. k point   75 : (  0.0000,  0.1000,  0.1667)
   Mode, Frequency 
      1     80.8715 cm^-1  (      2.4245 THz )
      2     82.4302 cm^-1  (      2.4712 THz )
      3    141.5222 cm^-1  (      4.2427 THz )
      4    579.2683 cm^-1  (     17.3660 THz )
      5    584.5111 cm^-1  (     17.5232 THz )
      6    586.3144 cm^-1  (     17.5773 THz )

 # Irred. k point   76 : (  0.0000,  0.1000,  0.2000)
   Mode, Frequency 
      1     92.4972 cm^-1  (      2.7730 THz )
      2     94.3618 cm^-1  (      2.8289 THz )
      3    166.7698 cm^-1  (      4.9996 THz )
      4    572.1088 cm^-1  (     17.1514 THz )
      5    581.3557 cm^-1  (     17.4286 THz )
      6    584.0487 cm^-1  (     17.5093 THz )

 # Irred. k point   77 : (  0.0000,  0.1000,  0.2333)
   Mode, Frequency 
      1    104.5988 cm^-1  (      3.1358 THz )
      2    106.1460 cm^-1  (      3.1822 THz )
      3    192.7431 cm^-1  (      5.7783 THz )
      4    563.4255 cm^-1  (     16.8911 THz )
      5    577.8680 cm^-1  (     17.3240 THz )
      6    581.3122 cm^-1  (     17.4273 THz )

 # Irred. k point   78 : (  0.0000,  0.1000,  0.2667)
   Mode, Frequency 
      1    116.7257 cm^-1  (      3.4993 THz )
      2    117.4489 cm^-1  (      3.5210 THz )
      3    218.9082 cm^-1  (      6.5627 THz )
      4    553.2571 cm^-1  (     16.5862 THz )
      5    574.1832 cm^-1  (     17.2136 THz )
      6    578.2082 cm^-1  (     17.3342 THz )

 # Irred. k point   79 : (  0.0000,  0.1000,  0.3000)
   Mode, Frequency 
      1    127.9945 cm^-1  (      3.8372 THz )
      2    128.4875 cm^-1  (      3.8520 THz )
      3    244.9382 cm^-1  (      7.3431 THz )
      4    541.6553 cm^-1  (     16.2384 THz )
      5    570.4540 cm^-1  (     17.1018 THz )
      6    574.8595 cm^-1  (     17.2339 THz )

 # Irred. k point   80 : (  0.0000,  0.1000,  0.3333)
   Mode, Frequency 
      1    137.5380 cm^-1  (      4.1233 THz )
      2    139.5568 cm^-1  (      4.1838 THz )
      3    270.5930 cm^-1  (      8.1122 THz )
      4    528.6904 cm^-1  (     15.8497 THz )
      5    566.8460 cm^-1  (     16.9936 THz )
      6    571.4054 cm^-1  (     17.1303 THz )

 # Irred. k point   81 : (  0.0000,  0.1000,  0.3667)
   Mode, Frequency 
      1    145.8553 cm^-1  (      4.3726 THz )
      2    149.6539 cm^-1  (      4.4865 THz )
      3    295.6577 cm^-1  (      8.8636 THz )
      4    514.4651 cm^-1  (     15.4233 THz )
      5    563.5314 cm^-1  (     16.8942 THz )
      6    567.9981 cm^-1  (     17.0282 THz )

 # Irred. k point   82 : (  0.0000,  0.1000,  0.4000)
   Mode, Frequency 
      1    152.7419 cm^-1  (      4.5791 THz )
      2    158.5344 cm^-1  (      4.7527 THz )
      3    319.8915 cm^-1  (      9.5901 THz )
      4    499.1427 cm^-1  (     14.9639 THz )
      5    560.6798 cm^-1  (     16.8088 THz )
      6    564.7968 cm^-1  (     16.9322 THz )

 # Irred. k point   83 : (  0.0000,  0.1000,  0.4333)
   Mode, Frequency 
      1    158.0185 cm^-1  (      4.7373 THz )
      2    165.9829 cm^-1  (      4.9760 THz )
      3    342.9388 cm^-1  (     10.2810 THz )
      4    483.0247 cm^-1  (     14.4807 THz )
      5    558.4472 cm^-1  (     16.7418 THz )
      6    561.9608 cm^-1  (     16.8472 THz )

 # Irred. k point   84 : (  0.0000,  0.1000,  0.4667)
   Mode, Frequency 
      1    161.5402 cm^-1  (      4.8429 THz )
      2    171.8134 cm^-1  (      5.1508 THz )
      3    364.0806 cm^-1  (     10.9149 THz )
      4    466.7927 cm^-1  (     13.9941 THz )
      5    556.9623 cm^-1  (     16.6973 THz )
      6    559.6399 cm^-1  (     16.7776 THz )

 # Irred. k point   85 : (  0.0000,  0.1000, -0.5000)
   Mode, Frequency 
      1    163.2068 cm^-1  (      4.8928 THz )
      2    175.8732 cm^-1  (      5.2725 THz )
      3    381.3416 cm^-1  (     11.4323 THz )
      4    452.3989 cm^-1  (     13.5626 THz )
      5    556.3149 cm^-1  (     16.6779 THz )
      6    557.9634 cm^-1  (     16.7273 THz )

 # Irred. k point   86 : (  0.0000,  0.1000, -0.4667)
   Mode, Frequency 
      1    162.9713 cm^-1  (      4.8858 THz )
      2    178.0501 cm^-1  (      5.3378 THz )
      3    388.9516 cm^-1  (     11.6605 THz )
      4    445.6023 cm^-1  (     13.3588 THz )
      5    556.5452 cm^-1  (     16.6848 THz )
      6    557.0290 cm^-1  (     16.6993 THz )

 # Irred. k point   87 : (  0.0000,  0.1000, -0.4333)
   Mode, Frequency 
      1    160.8445 cm^-1  (      4.8220 THz )
      2    178.2779 cm^-1  (      5.3446 THz )
      3    381.0830 cm^-1  (     11.4246 THz )
      4    452.2314 cm^-1  (     13.5576 THz )
      5    556.8936 cm^-1  (     16.6952 THz )
      6    557.6398 cm^-1  (     16.7176 THz )

 # Irred. k point   88 : (  0.0000,  0.1000, -0.4000)
   Mode, Frequency 
      1    156.8931 cm^-1  (      4.7035 THz )
      2    176.5407 cm^-1  (      5.2926 THz )
      3    363.5816 cm^-1  (     10.8999 THz )
      4    466.4530 cm^-1  (     13.9839 THz )
      5    557.5670 cm^-1  (     16.7154 THz )
      6    559.5324 cm^-1  (     16.7744 THz )

 # Irred. k point   89 : (  0.0000,  0.1000, -0.3667)
   Mode, Frequency 
      1    151.2335 cm^-1  (      4.5339 THz )
      2    172.8720 cm^-1  (      5.1826 THz )
      3    342.2147 cm^-1  (     10.2593 THz )
      4    482.5254 cm^-1  (     14.4657 THz )
      5    559.0117 cm^-1  (     16.7587 THz )
      6    562.1119 cm^-1  (     16.8517 THz )

 # Irred. k point   90 : (  0.0000,  0.1000, -0.3333)
   Mode, Frequency 
      1    144.0219 cm^-1  (      4.3177 THz )
      2    167.3496 cm^-1  (      5.0170 THz )
      3    318.9693 cm^-1  (      9.5625 THz )
      4    498.5021 cm^-1  (     14.9447 THz )
      5    561.1470 cm^-1  (     16.8228 THz )
      6    565.2334 cm^-1  (     16.9453 THz )

 # Irred. k point   91 : (  0.0000,  0.1000, -0.3000)
   Mode, Frequency 
      1    135.4436 cm^-1  (      4.0605 THz )
      2    160.0869 cm^-1  (      4.7993 THz )
      3    294.5878 cm^-1  (      8.8315 THz )
      4    513.6998 cm^-1  (     15.4003 THz )
      5    563.8581 cm^-1  (     16.9040 THz )
      6    568.7314 cm^-1  (     17.0501 THz )

 # Irred. k point   92 : (  0.0000,  0.1000, -0.2667)
   Mode, Frequency 
      1    125.7051 cm^-1  (      3.7685 THz )
      2    151.2210 cm^-1  (      4.5335 THz )
      3    269.4608 cm^-1  (      8.0782 THz )
      4    527.8118 cm^-1  (     15.8234 THz )
      5    567.0073 cm^-1  (     16.9985 THz )
      6    572.4324 cm^-1  (     17.1611 THz )

 # Irred. k point   93 : (  0.0000,  0.1000, -0.2333)
   Mode, Frequency 
      1    115.0297 cm^-1  (      3.4485 THz )
      2    140.9007 cm^-1  (      4.2241 THz )
      3    243.8799 cm^-1  (      7.3113 THz )
      4    540.6656 cm^-1  (     16.2087 THz )
      5    570.4462 cm^-1  (     17.1015 THz )
      6    576.1654 cm^-1  (     17.2730 THz )

 # Irred. k point   94 : (  0.0000,  0.1000, -0.2000)
   Mode, Frequency 
      1    103.6613 cm^-1  (      3.1077 THz )
      2    129.2733 cm^-1  (      3.8755 THz )
      3    218.1338 cm^-1  (      6.5395 THz )
      4    552.1444 cm^-1  (     16.5529 THz )
      5    574.0274 cm^-1  (     17.2089 THz )
      6    579.7698 cm^-1  (     17.3811 THz )

 # Irred. k point   95 : (  0.0000,  0.1000, -0.1667)
   Mode, Frequency 
      1     91.8776 cm^-1  (      2.7544 THz )
      2    116.4709 cm^-1  (      3.4917 THz )
      3    192.5720 cm^-1  (      5.7732 THz )
      4    562.1541 cm^-1  (     16.8530 THz )
      5    577.6170 cm^-1  (     17.3165 THz )
      6    583.1007 cm^-1  (     17.4809 THz )

 # Irred. k point   96 : (  0.0000,  0.1000, -0.1333)
   Mode, Frequency 
      1     80.0220 cm^-1  (      2.3990 THz )
      2    102.6005 cm^-1  (      3.0759 THz )
      3    167.6750 cm^-1  (      5.0268 THz )
      4    570.6022 cm^-1  (     17.1062 THz )
      5    581.1092 cm^-1  (     17.4212 THz )
      6    586.0325 cm^-1  (     17.5688 THz )

 # Irred. k point   97 : (  0.0000,  0.1000, -0.1000)
   Mode, Frequency 
      1     68.5648 cm^-1  (      2.0555 THz )
      2     87.7674 cm^-1  (      2.6312 THz )
      3    144.1395 cm^-1  (      4.3212 THz )
      4    577.3813 cm^-1  (     17.3095 THz )
      5    584.4410 cm^-1  (     17.5211 THz )
      6    588.4606 cm^-1  (     17.6416 THz )

 # Irred. k point   98 : (  0.0000,  0.1333,  0.1333)
   Mode, Frequency 
      1     79.7689 cm^-1  (      2.3914 THz )
      2     79.7689 cm^-1  (      2.3914 THz )
      3    130.8447 cm^-1  (      3.9226 THz )
      4    583.6353 cm^-1  (     17.4969 THz )
      5    585.0856 cm^-1  (     17.5404 THz )
      6    585.0856 cm^-1  (     17.5404 THz )

 # Irred. k point   99 : (  0.0000,  0.1333,  0.1667)
   Mode, Frequency 
      1     89.7572 cm^-1  (      2.6909 THz )
      2     90.0270 cm^-1  (      2.6989 THz )
      3    149.2175 cm^-1  (      4.4734 THz )
      4    579.0047 cm^-1  (     17.3581 THz )
      5    582.4033 cm^-1  (     17.4600 THz )
      6    583.3412 cm^-1  (     17.4881 THz )

 # Irred. k point  100 : (  0.0000,  0.1333,  0.2000)
   Mode, Frequency 
      1    100.5113 cm^-1  (      3.0133 THz )
      2    100.9042 cm^-1  (      3.0250 THz )
      3    170.7521 cm^-1  (      5.1190 THz )
      4    572.3906 cm^-1  (     17.1598 THz )
      5    579.2647 cm^-1  (     17.3659 THz )
      6    581.4541 cm^-1  (     17.4316 THz )

 # Irred. k point  101 : (  0.0000,  0.1333,  0.2333)
   Mode, Frequency 
      1    111.9014 cm^-1  (      3.3547 THz )
      2    112.0268 cm^-1  (      3.3585 THz )
      3    193.9089 cm^-1  (      5.8132 THz )
      4    564.2131 cm^-1  (     16.9147 THz )
      5    575.7838 cm^-1  (     17.2616 THz )
      6    579.1019 cm^-1  (     17.3610 THz )

 # Irred. k point  102 : (  0.0000,  0.1333,  0.2667)
   Mode, Frequency 
      1    122.6312 cm^-1  (      3.6764 THz )
      2    123.9603 cm^-1  (      3.7162 THz )
      3    217.8367 cm^-1  (      6.5306 THz )
      4    554.5354 cm^-1  (     16.6246 THz )
      5    572.0951 cm^-1  (     17.1510 THz )
      6    576.3495 cm^-1  (     17.2785 THz )

 # Irred. k point  103 : (  0.0000,  0.1333,  0.3000)
   Mode, Frequency 
      1    132.7744 cm^-1  (      3.9805 THz )
      2    135.8863 cm^-1  (      4.0738 THz )
      3    242.0398 cm^-1  (      7.2562 THz )
      4    543.4114 cm^-1  (     16.2911 THz )
      5    568.3502 cm^-1  (     17.0387 THz )
      6    573.3031 cm^-1  (     17.1872 THz )

 # Irred. k point  104 : (  0.0000,  0.1333,  0.3333)
   Mode, Frequency 
      1    142.0537 cm^-1  (      4.2587 THz )
      2    147.4044 cm^-1  (      4.4191 THz )
      3    266.1892 cm^-1  (      7.9802 THz )
      4    530.9095 cm^-1  (     15.9163 THz )
      5    564.7145 cm^-1  (     16.9297 THz )
      6    570.0892 cm^-1  (     17.0908 THz )

 # Irred. k point  105 : (  0.0000,  0.1333,  0.3667)
   Mode, Frequency 
      1    150.2206 cm^-1  (      4.5035 THz )
      2    158.1649 cm^-1  (      4.7417 THz )
      3    290.0254 cm^-1  (      8.6947 THz )
      4    517.1266 cm^-1  (     15.5031 THz )
      5    561.3606 cm^-1  (     16.8292 THz )
      6    566.8485 cm^-1  (     16.9937 THz )

 # Irred. k point  106 : (  0.0000,  0.1333,  0.4000)
   Mode, Frequency 
      1    157.0520 cm^-1  (      4.7083 THz )
      2    167.8669 cm^-1  (      5.0325 THz )
      3    313.2926 cm^-1  (      9.3923 THz )
      4    502.2115 cm^-1  (     15.0559 THz )
      5    558.4597 cm^-1  (     16.7422 THz )
      6    563.7302 cm^-1  (     16.9002 THz )

 # Irred. k point  107 : (  0.0000,  0.1333,  0.4333)
   Mode, Frequency 
      1    162.3537 cm^-1  (      4.8672 THz )
      2    176.2524 cm^-1  (      5.2839 THz )
      3    335.6603 cm^-1  (     10.0628 THz )
      4    486.4224 cm^-1  (     14.5826 THz )
      5    556.1699 cm^-1  (     16.6736 THz )
      6    560.8865 cm^-1  (     16.8150 THz )

 # Irred. k point  108 : (  0.0000,  0.1333,  0.4667)
   Mode, Frequency 
      1    165.9688 cm^-1  (      4.9756 THz )
      2    183.1022 cm^-1  (      5.4893 THz )
      3    356.5448 cm^-1  (     10.6889 THz )
      4    470.2949 cm^-1  (     14.0991 THz )
      5    554.6235 cm^-1  (     16.6272 THz )
      6    558.4641 cm^-1  (     16.7423 THz )

 # Irred. k point  109 : (  0.0000,  0.1333, -0.5000)
   Mode, Frequency 
      1    167.7873 cm^-1  (      5.0301 THz )
      2    188.2352 cm^-1  (      5.6431 THz )
      3    374.5337 cm^-1  (     11.2282 THz )
      4    455.2117 cm^-1  (     13.6469 THz )
      5    553.9140 cm^-1  (     16.6059 THz )
      6    556.5951 cm^-1  (     16.6863 THz )

 # Irred. k point  110 : (  0.0000,  0.1333, -0.4667)
   Mode, Frequency 
      1    167.7546 cm^-1  (      5.0292 THz )
      2    191.5103 cm^-1  (      5.7413 THz )
      3    385.5300 cm^-1  (     11.5579 THz )
      4    445.2566 cm^-1  (     13.3485 THz )
      5    554.0859 cm^-1  (     16.6111 THz )
      6    555.3866 cm^-1  (     16.6501 THz )

 # Irred. k point  111 : (  0.0000,  0.1333, -0.4333)
   Mode, Frequency 
      1    165.8762 cm^-1  (      4.9728 THz )
      2    192.8294 cm^-1  (      5.7809 THz )
      3    382.6626 cm^-1  (     11.4719 THz )
      4    447.3034 cm^-1  (     13.4098 THz )
      5    554.9121 cm^-1  (     16.6358 THz )
      6    555.1295 cm^-1  (     16.6424 THz )

 # Irred. k point  112 : (  0.0000,  0.1333, -0.4000)
   Mode, Frequency 
      1    162.2166 cm^-1  (      4.8631 THz )
      2    192.1389 cm^-1  (      5.7602 THz )
      3    367.9933 cm^-1  (     11.0322 THz )
      4    459.3104 cm^-1  (     13.7698 THz )
      5    555.2042 cm^-1  (     16.6446 THz )
      6    556.9815 cm^-1  (     16.6979 THz )

 # Irred. k point  113 : (  0.0000,  0.1333, -0.3667)
   Mode, Frequency 
      1    156.8931 cm^-1  (      4.7035 THz )
      2    189.4288 cm^-1  (      5.6789 THz )
      3    348.2287 cm^-1  (     10.4396 THz )
      4    474.6101 cm^-1  (     14.2285 THz )
      5    556.2520 cm^-1  (     16.6760 THz )
      6    559.5324 cm^-1  (     16.7744 THz )

 # Irred. k point  114 : (  0.0000,  0.1333, -0.3333)
   Mode, Frequency 
      1    150.0666 cm^-1  (      4.4989 THz )
      2    184.7269 cm^-1  (      5.5380 THz )
      3    326.2735 cm^-1  (      9.7814 THz )
      4    490.3612 cm^-1  (     14.7007 THz )
      5    558.0036 cm^-1  (     16.7285 THz )
      6    562.6382 cm^-1  (     16.8675 THz )

 # Irred. k point  115 : (  0.0000,  0.1333, -0.3000)
   Mode, Frequency 
      1    141.9312 cm^-1  (      4.2550 THz )
      2    178.0903 cm^-1  (      5.3390 THz )
      3    303.2021 cm^-1  (      9.0898 THz )
      4    505.5814 cm^-1  (     15.1569 THz )
      5    560.3724 cm^-1  (     16.7995 THz )
      6    566.1329 cm^-1  (     16.9722 THz )

 # Irred. k point  116 : (  0.0000,  0.1333, -0.2667)
   Mode, Frequency 
      1    132.7065 cm^-1  (      3.9784 THz )
      2    169.5932 cm^-1  (      5.0843 THz )
      3    279.5665 cm^-1  (      8.3812 THz )
      4    519.8495 cm^-1  (     15.5847 THz )
      5    563.2472 cm^-1  (     16.8857 THz )
      6    569.8422 cm^-1  (     17.0834 THz )

 # Irred. k point  117 : (  0.0000,  0.1333, -0.2333)
   Mode, Frequency 
      1    122.6345 cm^-1  (      3.6765 THz )
      2    159.3157 cm^-1  (      4.7762 THz )
      3    255.7777 cm^-1  (      7.6680 THz )
      4    532.9339 cm^-1  (     15.9770 THz )
      5    566.5039 cm^-1  (     16.9834 THz )
      6    573.5937 cm^-1  (     17.1959 THz )

 # Irred. k point  118 : (  0.0000,  0.1333, -0.2000)
   Mode, Frequency 
      1    111.9837 cm^-1  (      3.3572 THz )
      2    147.3376 cm^-1  (      4.4171 THz )
      3    232.2343 cm^-1  (      6.9622 THz )
      4    544.6768 cm^-1  (     16.3290 THz )
      5    570.0189 cm^-1  (     17.0887 THz )
      6    577.2252 cm^-1  (     17.3048 THz )

 # Irred. k point  119 : (  0.0000,  0.1333, -0.1667)
   Mode, Frequency 
      1    101.0626 cm^-1  (      3.0298 THz )
      2    133.7509 cm^-1  (      4.0098 THz )
      3    209.3744 cm^-1  (      6.2769 THz )
      4    554.9476 cm^-1  (     16.6369 THz )
      5    573.6820 cm^-1  (     17.1986 THz )
      6    580.5901 cm^-1  (     17.4057 THz )

 # Irred. k point  120 : (  0.0000,  0.1333, -0.1333)
   Mode, Frequency 
      1     90.2469 cm^-1  (      2.7055 THz )
      2    118.7164 cm^-1  (      3.5590 THz )
      3    187.6857 cm^-1  (      5.6267 THz )
      4    563.6234 cm^-1  (     16.8970 THz )
      5    577.4057 cm^-1  (     17.3102 THz )
      6    583.5612 cm^-1  (     17.4947 THz )

 # Irred. k point  121 : (  0.0000,  0.1667,  0.1667)
   Mode, Frequency 
      1     99.0497 cm^-1  (      2.9694 THz )
      2     99.0497 cm^-1  (      2.9694 THz )
      3    162.6679 cm^-1  (      4.8767 THz )
      4    577.1851 cm^-1  (     17.3036 THz )
      5    579.7395 cm^-1  (     17.3802 THz )
      6    579.7395 cm^-1  (     17.3802 THz )

 # Irred. k point  122 : (  0.0000,  0.1667,  0.2000)
   Mode, Frequency 
      1    108.8973 cm^-1  (      3.2647 THz )
      2    108.9628 cm^-1  (      3.2666 THz )
      3    180.1417 cm^-1  (      5.4005 THz )
      4    571.7783 cm^-1  (     17.1415 THz )
      5    576.6115 cm^-1  (     17.2864 THz )
      6    577.5942 cm^-1  (     17.3158 THz )

 # Irred. k point  123 : (  0.0000,  0.1667,  0.2333)
   Mode, Frequency 
      1    119.0732 cm^-1  (      3.5697 THz )
      2    119.7835 cm^-1  (      3.5910 THz )
      3    200.0018 cm^-1  (      5.9959 THz )
      4    564.2081 cm^-1  (     16.9145 THz )
      5    573.1325 cm^-1  (     17.1821 THz )
      6    575.5657 cm^-1  (     17.2550 THz )

 # Irred. k point  124 : (  0.0000,  0.1667,  0.2667)
   Mode, Frequency 
      1    129.1687 cm^-1  (      3.8724 THz )
      2    131.3965 cm^-1  (      3.9392 THz )
      3    221.1660 cm^-1  (      6.6304 THz )
      4    555.0554 cm^-1  (     16.6401 THz )
      5    569.4356 cm^-1  (     17.0713 THz )
      6    573.1879 cm^-1  (     17.1837 THz )

 # Irred. k point  125 : (  0.0000,  0.1667,  0.3000)
   Mode, Frequency 
      1    138.8387 cm^-1  (      4.1623 THz )
      2    143.4288 cm^-1  (      4.2999 THz )
      3    242.9825 cm^-1  (      7.2844 THz )
      4    544.4286 cm^-1  (     16.3216 THz )
      5    565.6722 cm^-1  (     16.9584 THz )
      6    570.4990 cm^-1  (     17.1031 THz )

 # Irred. k point  126 : (  0.0000,  0.1667,  0.3333)
   Mode, Frequency 
      1    147.7818 cm^-1  (      4.4304 THz )
      2    155.4306 cm^-1  (      4.6597 THz )
      3    265.0424 cm^-1  (      7.9458 THz )
      4    532.4053 cm^-1  (     15.9611 THz )
      5    562.0076 cm^-1  (     16.8486 THz )
      6    567.6027 cm^-1  (     17.0163 THz )

 # Irred. k point  127 : (  0.0000,  0.1667,  0.3667)
   Mode, Frequency 
      1    155.7292 cm^-1  (      4.6686 THz )
      2    166.9676 cm^-1  (      5.0056 THz )
      3    287.0541 cm^-1  (      8.6057 THz )
      4    519.0812 cm^-1  (     15.5617 THz )
      5    558.6150 cm^-1  (     16.7469 THz )
      6    564.6250 cm^-1  (     16.9270 THz )

 # Irred. k point  128 : (  0.0000,  0.1667,  0.4000)
   Mode, Frequency 
      1    162.4409 cm^-1  (      4.8699 THz )
      2    177.6538 cm^-1  (      5.3259 THz )
      3    308.7601 cm^-1  (      9.2564 THz )
      4    504.5958 cm^-1  (     15.1274 THz )
      5    555.6670 cm^-1  (     16.6585 THz )
      6    561.7037 cm^-1  (     16.8395 THz )

 # Irred. k point  129 : (  0.0000,  0.1667,  0.4333)
   Mode, Frequency 
      1    167.7086 cm^-1  (      5.0278 THz )
      2    187.1588 cm^-1  (      5.6109 THz )
      3    329.8581 cm^-1  (      9.8889 THz )
      4    489.1781 cm^-1  (     14.6652 THz )
      5    553.3243 cm^-1  (     16.5882 THz )
      6    558.9813 cm^-1  (     16.7578 THz )

 # Irred. k point  130 : (  0.0000,  0.1667,  0.4667)
   Mode, Frequency 
      1    171.3638 cm^-1  (      5.1374 THz )
      2    195.2058 cm^-1  (      5.8521 THz )
      3    349.8632 cm^-1  (     10.4886 THz )
      4    473.2681 cm^-1  (     14.1882 THz )
      5    551.7224 cm^-1  (     16.5402 THz )
      6    556.5975 cm^-1  (     16.6864 THz )

 # Irred. k point  131 : (  0.0000,  0.1667, -0.5000)
   Mode, Frequency 
      1    173.2869 cm^-1  (      5.1950 THz )
      2    201.5687 cm^-1  (      6.0429 THz )
      3    367.7226 cm^-1  (     11.0240 THz )
      4    457.8928 cm^-1  (     13.7273 THz )
      5    550.9584 cm^-1  (     16.5173 THz )
      6    554.6814 cm^-1  (     16.6289 THz )

 # Irred. k point  132 : (  0.0000,  0.1667, -0.4667)
   Mode, Frequency 
      1    173.4160 cm^-1  (      5.1989 THz )
      2    206.0680 cm^-1  (      6.1778 THz )
      3    380.5781 cm^-1  (     11.4094 THz )
      4    445.9024 cm^-1  (     13.3678 THz )
      5    551.0808 cm^-1  (     16.5210 THz )
      6    553.3424 cm^-1  (     16.5888 THz )

 # Irred. k point  133 : (  0.0000,  0.1667, -0.4333)
   Mode, Frequency 
      1    171.7515 cm^-1  (      5.1490 THz )
      2    208.5680 cm^-1  (      6.2527 THz )
      3    382.2640 cm^-1  (     11.4600 THz )
      4    443.4736 cm^-1  (     13.2950 THz )
      5    552.0828 cm^-1  (     16.5510 THz )
      6    552.6625 cm^-1  (     16.5684 THz )

 # Irred. k point  134 : (  0.0000,  0.1667, -0.4000)
   Mode, Frequency 
      1    168.3561 cm^-1  (      5.0472 THz )
      2    208.9727 cm^-1  (      6.2648 THz )
      3    371.1000 cm^-1  (     11.1253 THz )
      4    452.3208 cm^-1  (     13.5602 THz )
      5    552.6897 cm^-1  (     16.5692 THz )
      6    553.9035 cm^-1  (     16.6056 THz )

 # Irred. k point  135 : (  0.0000,  0.1667, -0.3667)
   Mode, Frequency 
      1    163.3483 cm^-1  (      4.8971 THz )
      2    207.2191 cm^-1  (      6.2123 THz )
      3    353.3265 cm^-1  (     10.5925 THz )
      4    466.2671 cm^-1  (     13.9783 THz )
      5    553.4344 cm^-1  (     16.5915 THz )
      6    556.4347 cm^-1  (     16.6815 THz )

 # Irred. k point  136 : (  0.0000,  0.1667, -0.3333)
   Mode, Frequency 
      1    156.8931 cm^-1  (      4.7035 THz )
      2    203.2685 cm^-1  (      6.0938 THz )
      3    332.9178 cm^-1  (      9.9806 THz )
      4    481.4392 cm^-1  (     14.4332 THz )
      5    554.8707 cm^-1  (     16.6346 THz )
      6    559.5324 cm^-1  (     16.7744 THz )

 # Irred. k point  137 : (  0.0000,  0.1667, -0.3000)
   Mode, Frequency 
      1    149.1920 cm^-1  (      4.4727 THz )
      2    197.0955 cm^-1  (      5.9088 THz )
      3    311.4279 cm^-1  (      9.3364 THz )
      4    496.4308 cm^-1  (     14.8826 THz )
      5    556.9406 cm^-1  (     16.6967 THz )
      6    563.0302 cm^-1  (     16.8792 THz )

 # Irred. k point  138 : (  0.0000,  0.1667, -0.2667)
   Mode, Frequency 
      1    140.4754 cm^-1  (      4.2113 THz )
      2    188.6798 cm^-1  (      5.6565 THz )
      3    289.6410 cm^-1  (      8.6832 THz )
      4    510.6582 cm^-1  (     15.3091 THz )
      5    559.5628 cm^-1  (     16.7753 THz )
      6    566.7523 cm^-1  (     16.9908 THz )

 # Irred. k point  139 : (  0.0000,  0.1667, -0.2333)
   Mode, Frequency 
      1    130.9986 cm^-1  (      3.9272 THz )
      2    178.0130 cm^-1  (      5.3367 THz )
      3    268.1172 cm^-1  (      8.0380 THz )
      4    523.8103 cm^-1  (     15.7034 THz )
      5    562.6427 cm^-1  (     16.8676 THz )
      6    570.5249 cm^-1  (     17.1039 THz )

 # Irred. k point  140 : (  0.0000,  0.1667, -0.2000)
   Mode, Frequency 
      1    121.0459 cm^-1  (      3.6289 THz )
      2    165.1383 cm^-1  (      4.9507 THz )
      3    247.3308 cm^-1  (      7.4148 THz )
      4    535.6791 cm^-1  (     16.0593 THz )
      5    566.0836 cm^-1  (     16.9708 THz )
      6    574.1841 cm^-1  (     17.2136 THz )

 # Irred. k point  141 : (  0.0000,  0.1667, -0.1667)
   Mode, Frequency 
      1    110.9402 cm^-1  (      3.3259 THz )
      2    150.2378 cm^-1  (      4.5040 THz )
      3    227.6666 cm^-1  (      6.8253 THz )
      4    546.1014 cm^-1  (     16.3717 THz )
      5    569.7940 cm^-1  (     17.0820 THz )
      6    577.5821 cm^-1  (     17.3155 THz )

 # Irred. k point  142 : (  0.0000,  0.2000,  0.2000)
   Mode, Frequency 
      1    117.8243 cm^-1  (      3.5323 THz )
      2    117.8243 cm^-1  (      3.5323 THz )
      3    193.9100 cm^-1  (      5.8133 THz )
      4    569.2932 cm^-1  (     17.0670 THz )
      5    573.4873 cm^-1  (     17.1927 THz )
      6    573.4873 cm^-1  (     17.1927 THz )

 # Irred. k point  143 : (  0.0000,  0.2000,  0.2333)
   Mode, Frequency 
      1    127.2212 cm^-1  (      3.8140 THz )
      2    127.5708 cm^-1  (      3.8245 THz )
      3    210.5846 cm^-1  (      6.3132 THz )
      4    563.1745 cm^-1  (     16.8835 THz )
      5    570.0042 cm^-1  (     17.0883 THz )
      6    570.9646 cm^-1  (     17.1171 THz )

 # Irred. k point  144 : (  0.0000,  0.2000,  0.2667)
   Mode, Frequency 
      1    136.6832 cm^-1  (      4.0977 THz )
      2    138.4065 cm^-1  (      4.1493 THz )
      3    228.9578 cm^-1  (      6.8640 THz )
      4    554.7295 cm^-1  (     16.6304 THz )
      5    566.2949 cm^-1  (     16.9771 THz )
      6    568.8206 cm^-1  (     17.0528 THz )

 # Irred. k point  145 : (  0.0000,  0.2000,  0.3000)
   Mode, Frequency 
      1    145.8563 cm^-1  (      4.3727 THz )
      2    150.1468 cm^-1  (      4.5013 THz )
      3    248.2345 cm^-1  (      7.4419 THz )
      4    544.6652 cm^-1  (     16.3287 THz )
      5    562.5104 cm^-1  (     16.8636 THz )
      6    566.4826 cm^-1  (     16.9827 THz )

 # Irred. k point  146 : (  0.0000,  0.2000,  0.3333)
   Mode, Frequency 
      1    154.4257 cm^-1  (      4.6296 THz )
      2    162.3770 cm^-1  (      4.8679 THz )
      3    267.9227 cm^-1  (      8.0321 THz )
      4    533.1552 cm^-1  (     15.9836 THz )
      5    558.8161 cm^-1  (     16.7529 THz )
      6    563.9454 cm^-1  (     16.9067 THz )

 # Irred. k point  147 : (  0.0000,  0.2000,  0.3667)
   Mode, Frequency 
      1    162.1085 cm^-1  (      4.8599 THz )
      2    174.6023 cm^-1  (      5.2344 THz )
      3    287.7065 cm^-1  (      8.6252 THz )
      4    520.3148 cm^-1  (     15.5986 THz )
      5    555.3862 cm^-1  (     16.6501 THz )
      6    561.3016 cm^-1  (     16.8274 THz )

 # Irred. k point  148 : (  0.0000,  0.2000,  0.4000)
   Mode, Frequency 
      1    168.6517 cm^-1  (      5.0561 THz )
      2    186.3329 cm^-1  (      5.5861 THz )
      3    307.3471 cm^-1  (      9.2140 THz )
      4    506.2830 cm^-1  (     15.1780 THz )
      5    552.3949 cm^-1  (     16.5604 THz )
      6    558.6717 cm^-1  (     16.7486 THz )

 # Irred. k point  149 : (  0.0000,  0.2000,  0.4333)
   Mode, Frequency 
      1    173.8354 cm^-1  (      5.2115 THz )
      2    197.1246 cm^-1  (      5.9096 THz )
      3    326.5962 cm^-1  (      9.7911 THz )
      4    491.2702 cm^-1  (     14.7279 THz )
      5    550.0054 cm^-1  (     16.4887 THz )
      6    556.1858 cm^-1  (     16.6740 THz )

 # Irred. k point  150 : (  0.0000,  0.2000,  0.4667)
   Mode, Frequency 
      1    177.4809 cm^-1  (      5.3207 THz )
      2    206.5955 cm^-1  (      6.1936 THz )
      3    345.0749 cm^-1  (     10.3451 THz )
      4    475.6516 cm^-1  (     14.2597 THz )
      5    548.3561 cm^-1  (     16.4393 THz )
      6    553.9741 cm^-1  (     16.6077 THz )

 # Irred. k point  151 : (  0.0000,  0.2000, -0.5000)
   Mode, Frequency 
      1    179.4599 cm^-1  (      5.3801 THz )
      2    214.4306 cm^-1  (      6.4285 THz )
      3    361.9986 cm^-1  (     10.8524 THz )
      4    460.2256 cm^-1  (     13.7972 THz )
      5    547.5477 cm^-1  (     16.4151 THz )
      6    552.1585 cm^-1  (     16.5533 THz )

 # Irred. k point  152 : (  0.0000,  0.2000, -0.4667)
   Mode, Frequency 
      1    179.7042 cm^-1  (      5.3874 THz )
      2    220.3782 cm^-1  (      6.6068 THz )
      3    375.3614 cm^-1  (     11.2531 THz )
      4    447.0244 cm^-1  (     13.4015 THz )
      5    547.6315 cm^-1  (     16.4176 THz )
      6    550.8450 cm^-1  (     16.5139 THz )

 # Irred. k point  153 : (  0.0000,  0.2000, -0.4333)
   Mode, Frequency 
      1    178.2102 cm^-1  (      5.3426 THz )
      2    224.2412 cm^-1  (      6.7226 THz )
      3    380.3470 cm^-1  (     11.4025 THz )
      4    440.9059 cm^-1  (     13.2180 THz )
      5    548.6035 cm^-1  (     16.4467 THz )
      6    550.1166 cm^-1  (     16.4921 THz )

 # Irred. k point  154 : (  0.0000,  0.2000, -0.4000)
   Mode, Frequency 
      1    175.0390 cm^-1  (      5.2475 THz )
      2    225.8637 cm^-1  (      6.7712 THz )
      3    373.0003 cm^-1  (     11.1823 THz )
      4    445.8923 cm^-1  (     13.3675 THz )
      5    550.0279 cm^-1  (     16.4894 THz )
      6    550.4043 cm^-1  (     16.5007 THz )

 # Irred. k point  155 : (  0.0000,  0.2000, -0.3667)
   Mode, Frequency 
      1    170.3101 cm^-1  (      5.1058 THz )
      2    225.1130 cm^-1  (      6.7487 THz )
      3    357.6209 cm^-1  (     10.7212 THz )
      4    457.7915 cm^-1  (     13.7242 THz )
      5    550.6025 cm^-1  (     16.5066 THz )
      6    552.9263 cm^-1  (     16.5763 THz )

 # Irred. k point  156 : (  0.0000,  0.2000, -0.3333)
   Mode, Frequency 
      1    164.1923 cm^-1  (      4.9224 THz )
      2    221.8600 cm^-1  (      6.6512 THz )
      3    339.0449 cm^-1  (     10.1643 THz )
      4    471.9327 cm^-1  (     14.1482 THz )
      5    551.8336 cm^-1  (     16.5436 THz )
      6    556.0248 cm^-1  (     16.6692 THz )

 # Irred. k point  157 : (  0.0000,  0.2000, -0.3000)
   Mode, Frequency 
      1    156.8931 cm^-1  (      4.7035 THz )
      2    215.9660 cm^-1  (      6.4745 THz )
      3    319.4508 cm^-1  (      9.5769 THz )
      4    486.3717 cm^-1  (     14.5811 THz )
      5    553.6876 cm^-1  (     16.5991 THz )
      6    559.5324 cm^-1  (     16.7744 THz )

 # Irred. k point  158 : (  0.0000,  0.2000, -0.2667)
   Mode, Frequency 
      1    148.6504 cm^-1  (      4.4564 THz )
      2    207.2943 cm^-1  (      6.2145 THz )
      3    299.9285 cm^-1  (      8.9916 THz )
      4    500.3105 cm^-1  (     14.9989 THz )
      5    556.1104 cm^-1  (     16.6718 THz )
      6    563.2719 cm^-1  (     16.8865 THz )

 # Irred. k point  159 : (  0.0000,  0.2000, -0.2333)
   Mode, Frequency 
      1    139.7281 cm^-1  (      4.1889 THz )
      2    195.7795 cm^-1  (      5.8693 THz )
      3    281.1737 cm^-1  (      8.4294 THz )
      4    513.3377 cm^-1  (     15.3895 THz )
      5    559.0348 cm^-1  (     16.7594 THz )
      6    567.0679 cm^-1  (     17.0003 THz )

 # Irred. k point  160 : (  0.0000,  0.2000, -0.2000)
   Mode, Frequency 
      1    130.4180 cm^-1  (      3.9098 THz )
      2    181.5657 cm^-1  (      5.4432 THz )
      3    263.6031 cm^-1  (      7.9026 THz )
      4    525.1904 cm^-1  (     15.7448 THz )
      5    562.3867 cm^-1  (     16.8599 THz )
      6    570.7551 cm^-1  (     17.1108 THz )

 # Irred. k point  161 : (  0.0000,  0.2333,  0.2333)
   Mode, Frequency 
      1    135.9240 cm^-1  (      4.0749 THz )
      2    135.9240 cm^-1  (      4.0749 THz )
      3    224.4655 cm^-1  (      6.7293 THz )
      4    559.9566 cm^-1  (     16.7871 THz )
      5    566.5107 cm^-1  (     16.9836 THz )
      6    566.5107 cm^-1  (     16.9836 THz )

 # Irred. k point  162 : (  0.0000,  0.2333,  0.2667)
   Mode, Frequency 
      1    144.7948 cm^-1  (      4.3408 THz )
      2    145.3926 cm^-1  (      4.3588 THz )
      3    240.3860 cm^-1  (      7.2066 THz )
      4    553.1742 cm^-1  (     16.5837 THz )
      5    562.7845 cm^-1  (     16.8719 THz )
      6    563.6732 cm^-1  (     16.8985 THz )

 # Irred. k point  163 : (  0.0000,  0.2333,  0.3000)
   Mode, Frequency 
      1    153.4829 cm^-1  (      4.6013 THz )
      2    156.1305 cm^-1  (      4.6807 THz )
      3    257.3982 cm^-1  (      7.7166 THz )
      4    543.9528 cm^-1  (     16.3073 THz )
      5    558.9765 cm^-1  (     16.7577 THz )
      6    561.4485 cm^-1  (     16.8318 THz )

 # Irred. k point  164 : (  0.0000,  0.2333,  0.3333)
   Mode, Frequency 
      1    161.6695 cm^-1  (      4.8467 THz )
      2    167.9182 cm^-1  (      5.0341 THz )
      3    274.8837 cm^-1  (      8.2408 THz )
      4    533.0643 cm^-1  (     15.9809 THz )
      5    555.2526 cm^-1  (     16.6461 THz )
      6    559.2216 cm^-1  (     16.7650 THz )

 # Irred. k point  165 : (  0.0000,  0.2333,  0.3667)
   Mode, Frequency 
      1    169.0643 cm^-1  (      5.0684 THz )
      2    180.3136 cm^-1  (      5.4057 THz )
      3    292.4581 cm^-1  (      8.7677 THz )
      4    520.7639 cm^-1  (     15.6121 THz )
      5    551.7880 cm^-1  (     16.5422 THz )
      6    556.9333 cm^-1  (     16.6964 THz )

 # Irred. k point  166 : (  0.0000,  0.2333,  0.4000)
   Mode, Frequency 
      1    175.4055 cm^-1  (      5.2585 THz )
      2    192.7804 cm^-1  (      5.7794 THz )
      3    309.8743 cm^-1  (      9.2898 THz )
      4    507.2232 cm^-1  (     15.2062 THz )
      5    548.7588 cm^-1  (     16.4514 THz )
      6    554.6558 cm^-1  (     16.6282 THz )

 # Irred. k point  167 : (  0.0000,  0.2333,  0.4333)
   Mode, Frequency 
      1    180.4647 cm^-1  (      5.4102 THz )
      2    204.7669 cm^-1  (      6.1388 THz )
      3    326.9336 cm^-1  (      9.8012 THz )
      4    492.6501 cm^-1  (     14.7693 THz )
      5    546.3304 cm^-1  (     16.3786 THz )
      6    552.4972 cm^-1  (     16.5635 THz )

 # Irred. k point  168 : (  0.0000,  0.2333,  0.4667)
   Mode, Frequency 
      1    184.0553 cm^-1  (      5.5178 THz )
      2    215.7528 cm^-1  (      6.4681 THz )
      3    343.3732 cm^-1  (     10.2941 THz )
      4    477.3774 cm^-1  (     14.3114 THz )
      5    544.6442 cm^-1  (     16.3280 THz )
      6    550.5739 cm^-1  (     16.5058 THz )

 # Irred. k point  169 : (  0.0000,  0.2333, -0.5000)
   Mode, Frequency 
      1    186.0425 cm^-1  (      5.5774 THz )
      2    225.2761 cm^-1  (      6.7536 THz )
      3    358.6513 cm^-1  (     10.7521 THz )
      4    462.0522 cm^-1  (     13.8520 THz )
      5    543.8035 cm^-1  (     16.3028 THz )
      6    548.9971 cm^-1  (     16.4585 THz )

 # Irred. k point  170 : (  0.0000,  0.2333, -0.4667)
   Mode, Frequency 
      1    186.3529 cm^-1  (      5.5867 THz )
      2    232.9462 cm^-1  (      6.9836 THz )
      3    371.3858 cm^-1  (     11.1339 THz )
      4    448.1772 cm^-1  (     13.4360 THz )
      5    543.8623 cm^-1  (     16.3046 THz )
      6    547.8647 cm^-1  (     16.4246 THz )

 # Irred. k point  171 : (  0.0000,  0.2333, -0.4333)
   Mode, Frequency 
      1    184.9799 cm^-1  (      5.5456 THz )
      2    238.4428 cm^-1  (      7.1483 THz )
      3    378.0815 cm^-1  (     11.3346 THz )
      4    439.3784 cm^-1  (     13.1722 THz )
      5    544.8182 cm^-1  (     16.3332 THz )
      6    547.2538 cm^-1  (     16.4063 THz )

 # Irred. k point  172 : (  0.0000,  0.2333, -0.4000)
   Mode, Frequency 
      1    181.9840 cm^-1  (      5.4557 THz )
      2    241.4988 cm^-1  (      7.2400 THz )
      3    374.1814 cm^-1  (     11.2177 THz )
      4    440.3643 cm^-1  (     13.2018 THz )
      5    546.6124 cm^-1  (     16.3870 THz )
      6    547.2169 cm^-1  (     16.4052 THz )

 # Irred. k point  173 : (  0.0000,  0.2333, -0.3667)
   Mode, Frequency 
      1    177.4861 cm^-1  (      5.3209 THz )
      2    241.8681 cm^-1  (      7.2510 THz )
      3    361.4773 cm^-1  (     10.8368 THz )
      4    449.5417 cm^-1  (     13.4769 THz )
      5    547.7806 cm^-1  (     16.4220 THz )
      6    549.1370 cm^-1  (     16.4627 THz )

 # Irred. k point  174 : (  0.0000,  0.2333, -0.3333)
   Mode, Frequency 
      1    171.6585 cm^-1  (      5.1462 THz )
      2    239.2902 cm^-1  (      7.1737 THz )
      3    345.0296 cm^-1  (     10.3437 THz )
      4    462.1258 cm^-1  (     13.8542 THz )
      5    548.9467 cm^-1  (     16.4570 THz )
      6    552.2462 cm^-1  (     16.5559 THz )

 # Irred. k point  175 : (  0.0000,  0.2333, -0.3000)
   Mode, Frequency 
      1    164.7131 cm^-1  (      4.9380 THz )
      2    233.4802 cm^-1  (      6.9996 THz )
      3    327.6956 cm^-1  (      9.8241 THz )
      4    475.6191 cm^-1  (     14.2587 THz )
      5    550.6961 cm^-1  (     16.5095 THz )
      6    555.7709 cm^-1  (     16.6616 THz )

 # Irred. k point  176 : (  0.0000,  0.2333, -0.2667)
   Mode, Frequency 
      1    156.8931 cm^-1  (      4.7035 THz )
      2    224.2045 cm^-1  (      6.7215 THz )
      3    310.8948 cm^-1  (      9.3204 THz )
      4    488.9704 cm^-1  (     14.6590 THz )
      5    552.9939 cm^-1  (     16.5783 THz )
      6    559.5324 cm^-1  (     16.7744 THz )

 # Irred. k point  177 : (  0.0000,  0.2333, -0.2333)
   Mode, Frequency 
      1    148.4669 cm^-1  (      4.4509 THz )
      2    211.4800 cm^-1  (      6.3400 THz )
      3    295.3407 cm^-1  (      8.8541 THz )
      4    501.6514 cm^-1  (     15.0391 THz )
      5    555.7929 cm^-1  (     16.6623 THz )
      6    563.3536 cm^-1  (     16.8889 THz )

 # Irred. k point  178 : (  0.0000,  0.2667,  0.2667)
   Mode, Frequency 
      1    153.1400 cm^-1  (      4.5910 THz )
      2    153.1400 cm^-1  (      4.5910 THz )
      3    254.2344 cm^-1  (      7.6218 THz )
      4    549.1734 cm^-1  (     16.4638 THz )
      5    559.0370 cm^-1  (     16.7595 THz )
      6    559.0370 cm^-1  (     16.7595 THz )

 # Irred. k point  179 : (  0.0000,  0.2667,  0.3000)
   Mode, Frequency 
      1    161.3786 cm^-1  (      4.8380 THz )
      2    162.1969 cm^-1  (      4.8625 THz )
      3    269.4173 cm^-1  (      8.0769 THz )
      4    541.7591 cm^-1  (     16.2415 THz )
      5    555.2035 cm^-1  (     16.6446 THz )
      6    555.9896 cm^-1  (     16.6681 THz )

 # Irred. k point  180 : (  0.0000,  0.2667,  0.3333)
   Mode, Frequency 
      1    169.1941 cm^-1  (      5.0723 THz )
      2    172.6821 cm^-1  (      5.1769 THz )
      3    285.1537 cm^-1  (      8.5487 THz )
      4    531.8646 cm^-1  (     15.9449 THz )
      5    551.4508 cm^-1  (     16.5321 THz )
      6    553.7438 cm^-1  (     16.6008 THz )

 # Irred. k point  181 : (  0.0000,  0.2667,  0.3667)
   Mode, Frequency 
      1    176.2943 cm^-1  (      5.2852 THz )
      2    184.3617 cm^-1  (      5.5270 THz )
      3    300.9317 cm^-1  (      9.0217 THz )
      4    520.2637 cm^-1  (     15.5971 THz )
      5    547.9556 cm^-1  (     16.4273 THz )
      6    551.7106 cm^-1  (     16.5399 THz )

 # Irred. k point  182 : (  0.0000,  0.2667,  0.4000)
   Mode, Frequency 
      1    182.4130 cm^-1  (      5.4686 THz )
      2    196.7828 cm^-1  (      5.8994 THz )
      3    316.4271 cm^-1  (      9.4862 THz )
      4    507.2977 cm^-1  (     15.2084 THz )
      5    544.8955 cm^-1  (     16.3356 THz )
      6    549.7801 cm^-1  (     16.4820 THz )

 # Irred. k point  183 : (  0.0000,  0.2667,  0.4333)
   Mode, Frequency 
      1    187.3164 cm^-1  (      5.6156 THz )
      2    209.3808 cm^-1  (      6.2771 THz )
      3    331.4237 cm^-1  (      9.9358 THz )
      4    493.2185 cm^-1  (     14.7863 THz )
      5    542.4382 cm^-1  (     16.2619 THz )
      6    547.9959 cm^-1  (     16.4285 THz )

 # Irred. k point  184 : (  0.0000,  0.2667,  0.4667)
   Mode, Frequency 
      1    190.8124 cm^-1  (      5.7204 THz )
      2    221.5481 cm^-1  (      6.6418 THz )
      3    345.7209 cm^-1  (     10.3645 THz )
      4    478.3445 cm^-1  (     14.3404 THz )
      5    540.7277 cm^-1  (     16.2106 THz )
      6    546.4456 cm^-1  (     16.3820 THz )

 # Irred. k point  185 : (  0.0000,  0.2667, -0.5000)
   Mode, Frequency 
      1    192.7620 cm^-1  (      5.7789 THz )
      2    232.6778 cm^-1  (      6.9755 THz )
      3    358.9693 cm^-1  (     10.7616 THz )
      4    463.2237 cm^-1  (     13.8871 THz )
      5    539.8695 cm^-1  (     16.1849 THz )
      6    545.2235 cm^-1  (     16.3454 THz )

 # Irred. k point  186 : (  0.0000,  0.2667, -0.4667)
   Mode, Frequency 
      1    193.0884 cm^-1  (      5.7886 THz )
      2    242.1931 cm^-1  (      7.2608 THz )
      3    370.2695 cm^-1  (     11.1004 THz )
      4    449.0145 cm^-1  (     13.4611 THz )
      5    539.9192 cm^-1  (     16.1864 THz )
      6    544.4138 cm^-1  (     16.3211 THz )

 # Irred. k point  187 : (  0.0000,  0.2667, -0.4333)
   Mode, Frequency 
      1    191.7839 cm^-1  (      5.7495 THz )
      2    249.5668 cm^-1  (      7.4818 THz )
      3    377.2184 cm^-1  (     11.3087 THz )
      4    438.4202 cm^-1  (     13.1435 THz )
      5    540.8749 cm^-1  (     16.2150 THz )
      6    544.0814 cm^-1  (     16.3112 THz )

 # Irred. k point  188 : (  0.0000,  0.2667, -0.4000)
   Mode, Frequency 
      1    188.9093 cm^-1  (      5.6634 THz )
      2    254.3211 cm^-1  (      7.6244 THz )
      3    375.7371 cm^-1  (     11.2643 THz )
      4    435.8548 cm^-1  (     13.0666 THz )
      5    542.6775 cm^-1  (     16.2691 THz )
      6    544.2677 cm^-1  (     16.3167 THz )

 # Irred. k point  189 : (  0.0000,  0.2667, -0.3667)
   Mode, Frequency 
      1    184.5879 cm^-1  (      5.5338 THz )
      2    255.9996 cm^-1  (      7.6747 THz )
      3    365.6502 cm^-1  (     10.9619 THz )
      4    441.8829 cm^-1  (     13.2473 THz )
      5    544.9905 cm^-1  (     16.3384 THz )
      6    545.2176 cm^-1  (     16.3452 THz )

 # Irred. k point  190 : (  0.0000,  0.2667, -0.3333)
   Mode, Frequency 
      1    178.9951 cm^-1  (      5.3661 THz )
      2    254.1318 cm^-1  (      7.6187 THz )
      3    351.5459 cm^-1  (     10.5391 THz )
      4    452.3874 cm^-1  (     13.5622 THz )
      5    546.2473 cm^-1  (     16.3761 THz )
      6    548.3479 cm^-1  (     16.4391 THz )

 # Irred. k point  191 : (  0.0000,  0.2667, -0.3000)
   Mode, Frequency 
      1    172.3467 cm^-1  (      5.1668 THz )
      2    248.2646 cm^-1  (      7.4428 THz )
      3    336.8185 cm^-1  (     10.0976 THz )
      4    464.4892 cm^-1  (     13.9250 THz )
      5    548.0203 cm^-1  (     16.4292 THz )
      6    551.8972 cm^-1  (     16.5455 THz )

 # Irred. k point  192 : (  0.0000,  0.2667, -0.2667)
   Mode, Frequency 
      1    164.8892 cm^-1  (      4.9433 THz )
      2    238.1767 cm^-1  (      7.1404 THz )
      3    323.1008 cm^-1  (      9.6863 THz )
      4    476.8993 cm^-1  (     14.2971 THz )
      5    550.2813 cm^-1  (     16.4970 THz )
      6    555.6849 cm^-1  (     16.6590 THz )

 # Irred. k point  193 : (  0.0000,  0.3000,  0.3000)
   Mode, Frequency 
      1    169.2164 cm^-1  (      5.0730 THz )
      2    169.2164 cm^-1  (      5.0730 THz )
      3    283.1228 cm^-1  (      8.4878 THz )
      4    536.9435 cm^-1  (     16.0972 THz )
      5    551.3434 cm^-1  (     16.5289 THz )
      6    551.3434 cm^-1  (     16.5289 THz )

 # Irred. k point  194 : (  0.0000,  0.3000,  0.3333)
   Mode, Frequency 
      1    176.6864 cm^-1  (      5.2969 THz )
      2    177.7018 cm^-1  (      5.3274 THz )
      3    297.5692 cm^-1  (      8.9209 THz )
      4    528.9167 cm^-1  (     15.8565 THz )
      5    547.5640 cm^-1  (     16.4156 THz )
      6    548.2331 cm^-1  (     16.4356 THz )

 # Irred. k point  195 : (  0.0000,  0.3000,  0.3667)
   Mode, Frequency 
      1    183.4978 cm^-1  (      5.5011 THz )
      2    187.7428 cm^-1  (      5.6284 THz )
      3    312.0879 cm^-1  (      9.3562 THz )
      4    518.4456 cm^-1  (     15.5426 THz )
      5    544.0435 cm^-1  (     16.3100 THz )
      6    546.0664 cm^-1  (     16.3707 THz )

 # Irred. k point  196 : (  0.0000,  0.3000,  0.4000)
   Mode, Frequency 
      1    189.3834 cm^-1  (      5.6776 THz )
      2    199.0988 cm^-1  (      5.9688 THz )
      3    326.2302 cm^-1  (      9.7801 THz )
      4    506.2625 cm^-1  (     15.1774 THz )
      5    540.9614 cm^-1  (     16.2176 THz )
      6    544.3314 cm^-1  (     16.3186 THz )

 # Irred. k point  197 : (  0.0000,  0.3000,  0.4333)
   Mode, Frequency 
      1    194.1070 cm^-1  (      5.8192 THz )
      2    211.3140 cm^-1  (      6.3350 THz )
      3    339.6955 cm^-1  (     10.1838 THz )
      4    492.7906 cm^-1  (     14.7735 THz )
      5    538.4876 cm^-1  (     16.1435 THz )
      6    542.8841 cm^-1  (     16.2753 THz )

 # Irred. k point  198 : (  0.0000,  0.3000,  0.4667)
   Mode, Frequency 
      1    197.4738 cm^-1  (      5.9201 THz )
      2    223.8040 cm^-1  (      6.7095 THz )
      3    352.2573 cm^-1  (     10.5604 THz )
      4    478.3913 cm^-1  (     14.3418 THz )
      5    536.7678 cm^-1  (     16.0919 THz )
      6    541.7354 cm^-1  (     16.2408 THz )

 # Irred. k point  199 : (  0.0000,  0.3000, -0.5000)
   Mode, Frequency 
      1    199.3426 cm^-1  (      5.9761 THz )
      2    235.9085 cm^-1  (      7.0724 THz )
      3    363.6481 cm^-1  (     10.9019 THz )
      4    463.5635 cm^-1  (     13.8973 THz )
      5    535.9091 cm^-1  (     16.0662 THz )
      6    540.9427 cm^-1  (     16.2171 THz )

 # Irred. k point  200 : (  0.0000,  0.3000, -0.4667)
   Mode, Frequency 
      1    199.6359 cm^-1  (      5.9849 THz )
      2    246.9189 cm^-1  (      7.4024 THz )
      3    373.2829 cm^-1  (     11.1907 THz )
      4    449.2446 cm^-1  (     13.4680 THz )
      5    535.9675 cm^-1  (     16.0679 THz )
      6    540.5671 cm^-1  (     16.2058 THz )

 # Irred. k point  201 : (  0.0000,  0.3000, -0.4333)
   Mode, Frequency 
      1    198.3463 cm^-1  (      5.9463 THz )
      2    256.0936 cm^-1  (      7.6775 THz )
      3    379.5600 cm^-1  (     11.3789 THz )
      4    437.5145 cm^-1  (     13.1164 THz )
      5    536.9405 cm^-1  (     16.0971 THz )
      6    540.6530 cm^-1  (     16.2084 THz )

 # Irred. k point  202 : (  0.0000,  0.3000, -0.4000)
   Mode, Frequency 
      1    195.5370 cm^-1  (      5.8621 THz )
      2    262.6653 cm^-1  (      7.8745 THz )
      3    379.2511 cm^-1  (     11.3697 THz )
      4    432.1991 cm^-1  (     12.9570 THz )
      5    538.7677 cm^-1  (     16.1518 THz )
      6    541.2208 cm^-1  (     16.2254 THz )

 # Irred. k point  203 : (  0.0000,  0.3000, -0.3667)
   Mode, Frequency 
      1    191.3342 cm^-1  (      5.7361 THz )
      2    265.8404 cm^-1  (      7.9697 THz )
      3    371.2421 cm^-1  (     11.1296 THz )
      4    435.1229 cm^-1  (     13.0447 THz )
      5    541.3372 cm^-1  (     16.2289 THz )
      6    542.2671 cm^-1  (     16.2568 THz )

 # Irred. k point  204 : (  0.0000,  0.3000, -0.3333)
   Mode, Frequency 
      1    185.9171 cm^-1  (      5.5737 THz )
      2    264.8213 cm^-1  (      7.9391 THz )
      3    359.4289 cm^-1  (     10.7754 THz )
      4    443.1796 cm^-1  (     13.2862 THz )
      5    543.7707 cm^-1  (     16.3018 THz )
      6    544.4991 cm^-1  (     16.3237 THz )

 # Irred. k point  205 : (  0.0000,  0.3000, -0.3000)
   Mode, Frequency 
      1    179.5050 cm^-1  (      5.3814 THz )
      2    258.9792 cm^-1  (      7.7640 THz )
      3    347.4308 cm^-1  (     10.4157 THz )
      4    453.4359 cm^-1  (     13.5937 THz )
      5    545.7000 cm^-1  (     16.3597 THz )
      6    548.0800 cm^-1  (     16.4310 THz )

 # Irred. k point  206 : (  0.0000,  0.3333,  0.3333)
   Mode, Frequency 
      1    183.8442 cm^-1  (      5.5115 THz )
      2    183.8442 cm^-1  (      5.5115 THz )
      3    311.0437 cm^-1  (      9.3249 THz )
      4    523.2695 cm^-1  (     15.6872 THz )
      5    543.7614 cm^-1  (     16.3016 THz )
      6    543.7614 cm^-1  (     16.3016 THz )

 # Irred. k point  207 : (  0.0000,  0.3333,  0.3667)
   Mode, Frequency 
      1    190.3806 cm^-1  (      5.7075 THz )
      2    191.5707 cm^-1  (      5.7431 THz )
      3    324.7464 cm^-1  (      9.7357 THz )
      4    514.6424 cm^-1  (     15.4286 THz )
      5    540.2228 cm^-1  (     16.1955 THz )
      6    540.7727 cm^-1  (     16.2120 THz )

 # Irred. k point  208 : (  0.0000,  0.3333,  0.4000)
   Mode, Frequency 
      1    196.0299 cm^-1  (      5.8768 THz )
      2    200.9418 cm^-1  (      6.0241 THz )
      3    338.0878 cm^-1  (     10.1356 THz )
      4    503.6776 cm^-1  (     15.0999 THz )
      5    537.1297 cm^-1  (     16.1027 THz )
      6    538.8342 cm^-1  (     16.1538 THz )

 # Irred. k point  209 : (  0.0000,  0.3333,  0.4333)
   Mode, Frequency 
      1    200.5559 cm^-1  (      6.0125 THz )
      2    211.7081 cm^-1  (      6.3468 THz )
      3    350.6557 cm^-1  (     10.5124 THz )
      4    491.0521 cm^-1  (     14.7214 THz )
      5    534.6536 cm^-1  (     16.0285 THz )
      6    537.5347 cm^-1  (     16.1149 THz )

 # Irred. k point  210 : (  0.0000,  0.3333,  0.4667)
   Mode, Frequency 
      1    203.7635 cm^-1  (      6.1087 THz )
      2    223.4058 cm^-1  (      6.6975 THz )
      3    362.1480 cm^-1  (     10.8569 THz )
      4    477.2677 cm^-1  (     14.3081 THz )
      5    532.9416 cm^-1  (     15.9772 THz )
      6    536.7182 cm^-1  (     16.0904 THz )

 # Irred. k point  211 : (  0.0000,  0.3333, -0.5000)
   Mode, Frequency 
      1    205.5117 cm^-1  (      6.1611 THz )
      2    235.4228 cm^-1  (      7.0578 THz )
      3    372.2874 cm^-1  (     11.1609 THz )
      4    462.8404 cm^-1  (     13.8756 THz )
      5    532.1012 cm^-1  (     15.9520 THz )
      6    536.3608 cm^-1  (     16.0797 THz )

 # Irred. k point  212 : (  0.0000,  0.3333, -0.4667)
   Mode, Frequency 
      1    205.7245 cm^-1  (      6.1675 THz )
      2    247.0279 cm^-1  (      7.4057 THz )
      3    380.6320 cm^-1  (     11.4111 THz )
      4    448.5835 cm^-1  (     13.4482 THz )
      5    532.1877 cm^-1  (     15.9546 THz )
      6    536.4783 cm^-1  (     16.0832 THz )

 # Irred. k point  213 : (  0.0000,  0.3333, -0.4333)
   Mode, Frequency 
      1    204.3975 cm^-1  (      6.1277 THz )
      2    257.3686 cm^-1  (      7.7157 THz )
      3    386.0469 cm^-1  (     11.5734 THz )
      4    436.1984 cm^-1  (     13.0769 THz )
      5    533.1968 cm^-1  (     15.9848 THz )
      6    537.0815 cm^-1  (     16.1013 THz )

 # Irred. k point  214 : (  0.0000,  0.3333, -0.4000)
   Mode, Frequency 
      1    201.5974 cm^-1  (      6.0437 THz )
      2    265.4490 cm^-1  (      7.9580 THz )
      3    385.9544 cm^-1  (     11.5706 THz )
      4    429.0685 cm^-1  (     12.8632 THz )
      5    535.0650 cm^-1  (     16.0408 THz )
      6    538.1578 cm^-1  (     16.1336 THz )

 # Irred. k point  215 : (  0.0000,  0.3333, -0.3667)
   Mode, Frequency 
      1    197.4551 cm^-1  (      5.9196 THz )
      2    270.1215 cm^-1  (      8.0980 THz )
      3    379.0584 cm^-1  (     11.3639 THz )
      4    429.5428 cm^-1  (     12.8774 THz )
      5    537.6774 cm^-1  (     16.1192 THz )
      6    539.6690 cm^-1  (     16.1789 THz )

 # Irred. k point  216 : (  0.0000,  0.3333, -0.3333)
   Mode, Frequency 
      1    192.1540 cm^-1  (      5.7606 THz )
      2    270.1921 cm^-1  (      8.1002 THz )
      3    369.0126 cm^-1  (     11.0627 THz )
      4    435.1509 cm^-1  (     13.0455 THz )
      5    540.8808 cm^-1  (     16.2152 THz )
      6    541.5600 cm^-1  (     16.2356 THz )

 # Irred. k point  217 : (  0.0000,  0.3667,  0.3667)
   Mode, Frequency 
      1    196.6610 cm^-1  (      5.8957 THz )
      2    196.6610 cm^-1  (      5.8957 THz )
      3    337.9173 cm^-1  (     10.1305 THz )
      4    508.1574 cm^-1  (     15.2342 THz )
      5    536.6751 cm^-1  (     16.0891 THz )
      6    536.6751 cm^-1  (     16.0891 THz )

 # Irred. k point  218 : (  0.0000,  0.3667,  0.4000)
   Mode, Frequency 
      1    202.0760 cm^-1  (      6.0581 THz )
      2    203.4164 cm^-1  (      6.0983 THz )
      3    350.8648 cm^-1  (     10.5187 THz )
      4    498.9398 cm^-1  (     14.9578 THz )
      5    533.5838 cm^-1  (     15.9964 THz )
      6    534.0223 cm^-1  (     16.0096 THz )

 # Irred. k point  219 : (  0.0000,  0.3667,  0.4333)
   Mode, Frequency 
      1    206.3913 cm^-1  (      6.1875 THz )
      2    211.8640 cm^-1  (      6.3515 THz )
      3    363.0573 cm^-1  (     10.8842 THz )
      4    487.5500 cm^-1  (     14.6164 THz )
      5    531.1215 cm^-1  (     15.9226 THz )
      6    532.5062 cm^-1  (     15.9641 THz )

 # Irred. k point  220 : (  0.0000,  0.3667,  0.4667)
   Mode, Frequency 
      1    209.4140 cm^-1  (      6.2781 THz )
      2    221.7362 cm^-1  (      6.6475 THz )
      3    374.1025 cm^-1  (     11.2153 THz )
      4    474.6242 cm^-1  (     14.2289 THz )
      5    529.4359 cm^-1  (     15.8721 THz )
      6    531.8153 cm^-1  (     15.9434 THz )

 # Irred. k point  221 : (  0.0000,  0.3667, -0.5000)
   Mode, Frequency 
      1    211.0057 cm^-1  (      6.3258 THz )
      2    232.5438 cm^-1  (      6.9715 THz )
      3    383.6748 cm^-1  (     11.5023 THz )
      4    460.7589 cm^-1  (     13.8132 THz )
      5    528.6338 cm^-1  (     15.8480 THz )
      6    531.7964 cm^-1  (     15.9429 THz )

 # Irred. k point  222 : (  0.0000,  0.3667, -0.4667)
   Mode, Frequency 
      1    211.0942 cm^-1  (      6.3284 THz )
      2    243.6183 cm^-1  (      7.3035 THz )
      3    391.3672 cm^-1  (     11.7329 THz )
      4    446.7311 cm^-1  (     13.3927 THz )
      5    528.7683 cm^-1  (     15.8521 THz )
      6    532.3868 cm^-1  (     15.9606 THz )

 # Irred. k point  223 : (  0.0000,  0.3667, -0.4333)
   Mode, Frequency 
      1    209.6800 cm^-1  (      6.2860 THz )
      2    254.1105 cm^-1  (      7.6180 THz )
      3    396.2053 cm^-1  (     11.8779 THz )
      4    434.0902 cm^-1  (     13.0137 THz )
      5    529.8318 cm^-1  (     15.8840 THz )
      6    533.5431 cm^-1  (     15.9952 THz )

 # Irred. k point  224 : (  0.0000,  0.3667, -0.4000)
   Mode, Frequency 
      1    206.8356 cm^-1  (      6.2008 THz )
      2    262.9470 cm^-1  (      7.8830 THz )
      3    395.6059 cm^-1  (     11.8600 THz )
      4    426.2996 cm^-1  (     12.7801 THz )
      5    531.7569 cm^-1  (     15.9417 THz )
      6    535.2037 cm^-1  (     16.0450 THz )

 # Irred. k point  225 : (  0.0000,  0.3667, -0.3667)
   Mode, Frequency 
      1    202.6978 cm^-1  (      6.0767 THz )
      2    268.7846 cm^-1  (      8.0580 THz )
      3    388.3653 cm^-1  (     11.6429 THz )
      4    425.8103 cm^-1  (     12.7655 THz )
      5    534.4243 cm^-1  (     16.0216 THz )
      6    537.2804 cm^-1  (     16.1073 THz )

 # Irred. k point  226 : (  0.0000,  0.4000,  0.4000)
   Mode, Frequency 
      1    207.2625 cm^-1  (      6.2136 THz )
      2    207.2625 cm^-1  (      6.2136 THz )
      3    363.6715 cm^-1  (     10.9026 THz )
      4    491.6175 cm^-1  (     14.7383 THz )
      5    530.5084 cm^-1  (     15.9042 THz )
      6    530.5084 cm^-1  (     15.9042 THz )

 # Irred. k point  227 : (  0.0000,  0.4000,  0.4333)
   Mode, Frequency 
      1    211.3588 cm^-1  (      6.3364 THz )
      2    212.8207 cm^-1  (      6.3802 THz )
      3    375.8505 cm^-1  (     11.2677 THz )
      4    481.8201 cm^-1  (     14.4446 THz )
      5    528.0772 cm^-1  (     15.8314 THz )
      6    528.4210 cm^-1  (     15.8417 THz )

 # Irred. k point  228 : (  0.0000,  0.4000,  0.4667)
   Mode, Frequency 
      1    214.1757 cm^-1  (      6.4208 THz )
      2    220.0794 cm^-1  (      6.5978 THz )
      3    386.9135 cm^-1  (     11.5994 THz )
      4    470.0651 cm^-1  (     14.0922 THz )
      5    526.4371 cm^-1  (     15.7822 THz )
      6    527.5477 cm^-1  (     15.8155 THz )

 # Irred. k point  229 : (  0.0000,  0.4000, -0.5000)
   Mode, Frequency 
      1    215.5796 cm^-1  (      6.4629 THz )
      2    228.7381 cm^-1  (      6.8574 THz )
      3    396.4713 cm^-1  (     11.8859 THz )
      4    456.9873 cm^-1  (     13.7001 THz )
      5    525.6929 cm^-1  (     15.7599 THz )
      6    527.6592 cm^-1  (     15.8188 THz )

 # Irred. k point  230 : (  0.0000,  0.4000, -0.4667)
   Mode, Frequency 
      1    215.5046 cm^-1  (      6.4607 THz )
      2    238.2565 cm^-1  (      7.1428 THz )
      3    404.0922 cm^-1  (     12.1144 THz )
      4    443.3819 cm^-1  (     13.2923 THz )
      5    525.8944 cm^-1  (     15.7659 THz )
      6    528.6035 cm^-1  (     15.8471 THz )

 # Irred. k point  231 : (  0.0000,  0.4000, -0.4333)
   Mode, Frequency 
      1    213.9583 cm^-1  (      6.4143 THz )
      2    247.8688 cm^-1  (      7.4309 THz )
      3    408.5897 cm^-1  (     12.2492 THz )
      4    430.9884 cm^-1  (     12.9207 THz )
      5    527.0293 cm^-1  (     15.7999 THz )
      6    530.2649 cm^-1  (     15.8969 THz )

 # Irred. k point  232 : (  0.0000,  0.4000, -0.4000)
   Mode, Frequency 
      1    211.0207 cm^-1  (      6.3262 THz )
      2    256.5486 cm^-1  (      7.6911 THz )
      3    405.5431 cm^-1  (     12.1579 THz )
      4    425.0886 cm^-1  (     12.7438 THz )
      5    529.0247 cm^-1  (     15.8598 THz )
      6    532.5164 cm^-1  (     15.9644 THz )

 # Irred. k point  233 : (  0.0000,  0.4333,  0.4333)
   Mode, Frequency 
      1    215.2322 cm^-1  (      6.4525 THz )
      2    215.2322 cm^-1  (      6.4525 THz )
      3    388.2416 cm^-1  (     11.6392 THz )
      4    473.6648 cm^-1  (     14.2001 THz )
      5    525.6941 cm^-1  (     15.7599 THz )
      6    525.6941 cm^-1  (     15.7599 THz )

 # Irred. k point  234 : (  0.0000,  0.4333,  0.4667)
   Mode, Frequency 
      1    217.8278 cm^-1  (      6.5303 THz )
      2    219.3763 cm^-1  (      6.5767 THz )
      3    399.6384 cm^-1  (     11.9809 THz )
      4    463.3019 cm^-1  (     13.8894 THz )
      5    524.1177 cm^-1  (     15.7127 THz )
      6    524.3919 cm^-1  (     15.7209 THz )

 # Irred. k point  235 : (  0.0000,  0.4333, -0.5000)
   Mode, Frequency 
      1    219.0192 cm^-1  (      6.5660 THz )
      2    225.1970 cm^-1  (      6.7512 THz )
      3    409.5794 cm^-1  (     12.2789 THz )
      4    451.2436 cm^-1  (     13.5279 THz )
      5    523.4495 cm^-1  (     15.6926 THz )
      6    524.3747 cm^-1  (     15.7204 THz )

 # Irred. k point  236 : (  0.0000,  0.4333, -0.4667)
   Mode, Frequency 
      1    218.7483 cm^-1  (      6.5579 THz )
      2    232.3451 cm^-1  (      6.9655 THz )
      3    417.5569 cm^-1  (     12.5180 THz )
      4    438.2838 cm^-1  (     13.1394 THz )
      5    523.7342 cm^-1  (     15.7012 THz )
      6    525.4666 cm^-1  (     15.7531 THz )

 # Irred. k point  237 : (  0.0000,  0.4333, -0.4333)
   Mode, Frequency 
      1    217.0317 cm^-1  (      6.5064 THz )
      2    240.2027 cm^-1  (      7.2011 THz )
      3    419.8927 cm^-1  (     12.5881 THz )
      4    428.6001 cm^-1  (     12.8491 THz )
      5    524.9537 cm^-1  (     15.7377 THz )
      6    527.4953 cm^-1  (     15.8139 THz )

 # Irred. k point  238 : (  0.0000,  0.4667,  0.4667)
   Mode, Frequency 
      1    220.1939 cm^-1  (      6.6012 THz )
      2    220.1939 cm^-1  (      6.6012 THz )
      3    411.5710 cm^-1  (     12.3386 THz )
      4    454.3203 cm^-1  (     13.6202 THz )
      5    522.6204 cm^-1  (     15.6678 THz )
      6    522.6204 cm^-1  (     15.6678 THz )

 # Irred. k point  239 : (  0.0000,  0.4667, -0.5000)
   Mode, Frequency 
      1    221.1556 cm^-1  (      6.6301 THz )
      2    222.7494 cm^-1  (      6.6779 THz )
      3    422.1706 cm^-1  (     12.6564 THz )
      4    443.4121 cm^-1  (     13.2932 THz )
      5    522.0423 cm^-1  (     15.6504 THz )
      6    522.2795 cm^-1  (     15.6575 THz )

 # Irred. k point  240 : (  0.0000,  0.4667, -0.4667)
   Mode, Frequency 
      1    220.6648 cm^-1  (      6.6154 THz )
      2    226.9369 cm^-1  (      6.8034 THz )
      3    429.9169 cm^-1  (     12.8886 THz )
      4    432.1912 cm^-1  (     12.9568 THz )
      5    522.4218 cm^-1  (     15.6618 THz )
      6    523.2813 cm^-1  (     15.6876 THz )

 # Irred. k point  241 : (  0.0000, -0.5000, -0.5000)
   Mode, Frequency 
      1    221.8803 cm^-1  (      6.6518 THz )
      2    221.8803 cm^-1  (      6.6518 THz )
      3    433.6110 cm^-1  (     12.9993 THz )
      4    433.6110 cm^-1  (     12.9993 THz )
      5    521.5626 cm^-1  (     15.6361 THz )
      6    521.5626 cm^-1  (     15.6361 THz )

 # Irred. k point  242 : (  0.0333,  0.0667,  0.1000)
   Mode, Frequency 
      1     39.4992 cm^-1  (      1.1842 THz )
      2     45.2591 cm^-1  (      1.3568 THz )
      3     76.3901 cm^-1  (      2.2901 THz )
      4    590.4762 cm^-1  (     17.7020 THz )
      5    591.9221 cm^-1  (     17.7454 THz )
      6    592.9134 cm^-1  (     17.7751 THz )

 # Irred. k point  243 : (  0.0333,  0.0667,  0.1333)
   Mode, Frequency 
      1     50.8324 cm^-1  (      1.5239 THz )
      2     59.0286 cm^-1  (      1.7696 THz )
      3    101.7116 cm^-1  (      3.0492 THz )
      4    586.6267 cm^-1  (     17.5866 THz )
      5    589.8541 cm^-1  (     17.6834 THz )
      6    591.4889 cm^-1  (     17.7324 THz )

 # Irred. k point  244 : (  0.0333,  0.0667,  0.1667)
   Mode, Frequency 
      1     63.4956 cm^-1  (      1.9036 THz )
      2     72.7241 cm^-1  (      2.1802 THz )
      3    129.1378 cm^-1  (      3.8715 THz )
      4    581.0980 cm^-1  (     17.4209 THz )
      5    587.3094 cm^-1  (     17.6071 THz )
      6    589.4590 cm^-1  (     17.6715 THz )

 # Irred. k point  245 : (  0.0333,  0.0667,  0.2000)
   Mode, Frequency 
      1     76.5693 cm^-1  (      2.2955 THz )
      2     86.1848 cm^-1  (      2.5838 THz )
      3    157.2536 cm^-1  (      4.7143 THz )
      4    573.9833 cm^-1  (     17.2076 THz )
      5    584.3134 cm^-1  (     17.5173 THz )
      6    586.8806 cm^-1  (     17.5942 THz )

 # Irred. k point  246 : (  0.0333,  0.0667,  0.2333)
   Mode, Frequency 
      1     89.5375 cm^-1  (      2.6843 THz )
      2     99.1922 cm^-1  (      2.9737 THz )
      3    185.4668 cm^-1  (      5.5602 THz )
      4    565.3291 cm^-1  (     16.9481 THz )
      5    580.9589 cm^-1  (     17.4167 THz )
      6    583.8409 cm^-1  (     17.5031 THz )

 # Irred. k point  247 : (  0.0333,  0.0667,  0.2667)
   Mode, Frequency 
      1    102.0638 cm^-1  (      3.0598 THz )
      2    111.5308 cm^-1  (      3.3436 THz )
      3    213.4625 cm^-1  (      6.3994 THz )
      4    555.1786 cm^-1  (     16.6438 THz )
      5    577.3689 cm^-1  (     17.3091 THz )
      6    580.4501 cm^-1  (     17.4015 THz )

 # Irred. k point  248 : (  0.0333,  0.0667,  0.3000)
   Mode, Frequency 
      1    113.8881 cm^-1  (      3.4143 THz )
      2    122.9957 cm^-1  (      3.6873 THz )
      3    241.0304 cm^-1  (      7.2259 THz )
      4    543.5834 cm^-1  (     16.2962 THz )
      5    573.6874 cm^-1  (     17.1987 THz )
      6    576.8389 cm^-1  (     17.2932 THz )

 # Irred. k point  249 : (  0.0333,  0.0667,  0.3333)
   Mode, Frequency 
      1    124.7820 cm^-1  (      3.7409 THz )
      2    133.3904 cm^-1  (      3.9989 THz )
      3    267.9981 cm^-1  (      8.0344 THz )
      4    530.6113 cm^-1  (     15.9073 THz )
      5    570.0731 cm^-1  (     17.0904 THz )
      6    573.1559 cm^-1  (     17.1828 THz )

 # Irred. k point  250 : (  0.0333,  0.0667,  0.3667)
   Mode, Frequency 
      1    134.5296 cm^-1  (      4.0331 THz )
      2    142.5273 cm^-1  (      4.2729 THz )
      3    294.1953 cm^-1  (      8.8198 THz )
      4    516.3586 cm^-1  (     15.4800 THz )
      5    566.6936 cm^-1  (     16.9890 THz )
      6    569.5631 cm^-1  (     17.0751 THz )

 # Irred. k point  251 : (  0.0333,  0.0667,  0.4000)
   Mode, Frequency 
      1    142.9203 cm^-1  (      4.2846 THz )
      2    150.2329 cm^-1  (      4.5039 THz )
      3    319.4143 cm^-1  (      9.5758 THz )
      4    500.9778 cm^-1  (     15.0189 THz )
      5    563.7171 cm^-1  (     16.8998 THz )
      6    566.2303 cm^-1  (     16.9752 THz )

 # Irred. k point  252 : (  0.0333,  0.0667,  0.4333)
   Mode, Frequency 
      1    149.7480 cm^-1  (      4.4893 THz )
      2    156.3581 cm^-1  (      4.6875 THz )
      3    343.3314 cm^-1  (     10.2928 THz )
      4    484.7520 cm^-1  (     14.5325 THz )
      5    561.3015 cm^-1  (     16.8274 THz )
      6    563.3259 cm^-1  (     16.8881 THz )

 # Irred. k point  253 : (  0.0333,  0.0667,  0.4667)
   Mode, Frequency 
      1    154.8156 cm^-1  (      4.6413 THz )
      2    160.7903 cm^-1  (      4.8204 THz )
      3    365.2669 cm^-1  (     10.9504 THz )
      4    468.3308 cm^-1  (     14.0402 THz )
      5    559.5825 cm^-1  (     16.7759 THz )
      6    561.0066 cm^-1  (     16.8186 THz )

 # Irred. k point  254 : (  0.0333,  0.0667, -0.5000)
   Mode, Frequency 
      1    157.9460 cm^-1  (      4.7351 THz )
      2    163.4640 cm^-1  (      4.9005 THz )
      3    383.2832 cm^-1  (     11.4905 THz )
      4    453.6311 cm^-1  (     13.5995 THz )
      5    558.6589 cm^-1  (     16.7482 THz )
      6    559.4063 cm^-1  (     16.7706 THz )

 # Irred. k point  255 : (  0.0333,  0.0667, -0.4667)
   Mode, Frequency 
      1    159.0066 cm^-1  (      4.7669 THz )
      2    164.3561 cm^-1  (      4.9273 THz )
      3    391.3975 cm^-1  (     11.7338 THz )
      4    446.6236 cm^-1  (     13.3894 THz )
      5    558.5211 cm^-1  (     16.7440 THz )
      6    558.6855 cm^-1  (     16.7490 THz )

 # Irred. k point  256 : (  0.0333,  0.1000,  0.1333)
   Mode, Frequency 
      1     58.9682 cm^-1  (      1.7678 THz )
      2     63.8407 cm^-1  (      1.9139 THz )
      3    105.8856 cm^-1  (      3.1744 THz )
      4    586.4716 cm^-1  (     17.5820 THz )
      5    588.8261 cm^-1  (     17.6526 THz )
      6    590.1941 cm^-1  (     17.6936 THz )

 # Irred. k point  257 : (  0.0333,  0.1000,  0.1667)
   Mode, Frequency 
      1     69.2009 cm^-1  (      2.0746 THz )
      2     76.9506 cm^-1  (      2.3069 THz )
      3    129.3448 cm^-1  (      3.8777 THz )
      4    581.6205 cm^-1  (     17.4365 THz )
      5    586.2454 cm^-1  (     17.5752 THz )
      6    588.4776 cm^-1  (     17.6421 THz )

 # Irred. k point  258 : (  0.0333,  0.1000,  0.2000)
   Mode, Frequency 
      1     80.6562 cm^-1  (      2.4180 THz )
      2     90.0025 cm^-1  (      2.6982 THz )
      3    154.8919 cm^-1  (      4.6435 THz )
      4    575.0690 cm^-1  (     17.2401 THz )
      5    583.2667 cm^-1  (     17.4859 THz )
      6    586.2297 cm^-1  (     17.5747 THz )

 # Irred. k point  259 : (  0.0333,  0.1000,  0.2333)
   Mode, Frequency 
      1     92.6474 cm^-1  (      2.7775 THz )
      2    102.7826 cm^-1  (      3.0813 THz )
      3    181.3221 cm^-1  (      5.4359 THz )
      4    566.9384 cm^-1  (     16.9964 THz )
      5    579.9340 cm^-1  (     17.3860 THz )
      6    583.4949 cm^-1  (     17.4927 THz )

 # Irred. k point  260 : (  0.0333,  0.1000,  0.2667)
   Mode, Frequency 
      1    104.6413 cm^-1  (      3.1371 THz )
      2    115.0656 cm^-1  (      3.4496 THz )
      3    208.0206 cm^-1  (      6.2363 THz )
      4    557.2898 cm^-1  (     16.7071 THz )
      5    576.3566 cm^-1  (     17.2787 THz )
      6    580.3630 cm^-1  (     17.3988 THz )

 # Irred. k point  261 : (  0.0333,  0.1000,  0.3000)
   Mode, Frequency 
      1    116.2302 cm^-1  (      3.4845 THz )
      2    126.6337 cm^-1  (      3.7964 THz )
      3    234.6245 cm^-1  (      7.0339 THz )
      4    546.1789 cm^-1  (     16.3740 THz )
      5    572.6730 cm^-1  (     17.1683 THz )
      6    576.9499 cm^-1  (     17.2965 THz )

 # Irred. k point  262 : (  0.0333,  0.1000,  0.3333)
   Mode, Frequency 
      1    127.0808 cm^-1  (      3.8098 THz )
      2    137.2853 cm^-1  (      4.1157 THz )
      3    260.8802 cm^-1  (      7.8210 THz )
      4    533.6722 cm^-1  (     15.9991 THz )
      5    569.0394 cm^-1  (     17.0594 THz )
      6    573.3912 cm^-1  (     17.1898 THz )

 # Irred. k point  263 : (  0.0333,  0.1000,  0.3667)
   Mode, Frequency 
      1    136.8987 cm^-1  (      4.1041 THz )
      2    146.8381 cm^-1  (      4.4021 THz )
      3    286.5742 cm^-1  (      8.5913 THz )
      4    519.8603 cm^-1  (     15.5850 THz )
      5    565.6225 cm^-1  (     16.9569 THz )
      6    569.8383 cm^-1  (     17.0833 THz )

 # Irred. k point  264 : (  0.0333,  0.1000,  0.4000)
   Mode, Frequency 
      1    145.4091 cm^-1  (      4.3593 THz )
      2    155.1329 cm^-1  (      4.6508 THz )
      3    311.4852 cm^-1  (      9.3381 THz )
      4    504.8795 cm^-1  (     15.1359 THz )
      5    562.5907 cm^-1  (     16.8660 THz )
      6    566.4531 cm^-1  (     16.9818 THz )

 # Irred. k point  265 : (  0.0333,  0.1000,  0.4333)
   Mode, Frequency 
      1    152.3542 cm^-1  (      4.5675 THz )
      2    162.0353 cm^-1  (      4.8577 THz )
      3    335.3158 cm^-1  (     10.0525 THz )
      4    488.9666 cm^-1  (     14.6588 THz )
      5    560.1039 cm^-1  (     16.7915 THz )
      6    563.4005 cm^-1  (     16.8903 THz )

 # Irred. k point  266 : (  0.0333,  0.1000,  0.4667)
   Mode, Frequency 
      1    157.5073 cm^-1  (      4.7220 THz )
      2    167.4308 cm^-1  (      5.0194 THz )
      3    357.5257 cm^-1  (     10.7184 THz )
      4    472.6192 cm^-1  (     14.1688 THz )
      5    558.3010 cm^-1  (     16.7374 THz )
      6    560.8392 cm^-1  (     16.8135 THz )

 # Irred. k point  267 : (  0.0333,  0.1000, -0.5000)
   Mode, Frequency 
      1    160.6995 cm^-1  (      4.8177 THz )
      2    171.2145 cm^-1  (      5.1329 THz )
      3    376.7570 cm^-1  (     11.2949 THz )
      4    457.1663 cm^-1  (     13.7055 THz )
      5    557.2861 cm^-1  (     16.7070 THz )
      6    558.9119 cm^-1  (     16.7558 THz )

 # Irred. k point  268 : (  0.0333,  0.1000, -0.4667)
   Mode, Frequency 
      1    161.8419 cm^-1  (      4.8519 THz )
      2    173.2864 cm^-1  (      5.1950 THz )
      3    388.7989 cm^-1  (     11.6559 THz )
      4    446.8016 cm^-1  (     13.3948 THz )
      5    557.1060 cm^-1  (     16.7016 THz )
      6    557.7445 cm^-1  (     16.7208 THz )

 # Irred. k point  269 : (  0.0333,  0.1000, -0.4333)
   Mode, Frequency 
      1    160.9292 cm^-1  (      4.8245 THz )
      2    173.5621 cm^-1  (      5.2033 THz )
      3    386.0091 cm^-1  (     11.5723 THz )
      4    449.1612 cm^-1  (     13.4655 THz )
      5    557.2927 cm^-1  (     16.7072 THz )
      6    557.8863 cm^-1  (     16.7250 THz )

 # Irred. k point  270 : (  0.0333,  0.1000, -0.4000)
   Mode, Frequency 
      1    158.0274 cm^-1  (      4.7375 THz )
      2    171.9928 cm^-1  (      5.1562 THz )
      3    370.6847 cm^-1  (     11.1128 THz )
      4    461.9520 cm^-1  (     13.8490 THz )
      5    557.7771 cm^-1  (     16.7217 THz )
      6    559.3867 cm^-1  (     16.7700 THz )

 # Irred. k point  271 : (  0.0333,  0.1000, -0.3667)
   Mode, Frequency 
      1    153.2569 cm^-1  (      4.5945 THz )
      2    168.5794 cm^-1  (      5.0539 THz )
      3    350.1177 cm^-1  (     10.4963 THz )
      4    477.8971 cm^-1  (     14.3270 THz )
      5    559.0500 cm^-1  (     16.7599 THz )
      6    561.6376 cm^-1  (     16.8375 THz )

 # Irred. k point  272 : (  0.0333,  0.1000, -0.3333)
   Mode, Frequency 
      1    146.7781 cm^-1  (      4.4003 THz )
      2    163.3752 cm^-1  (      4.8979 THz )
      3    327.1998 cm^-1  (      9.8092 THz )
      4    494.1312 cm^-1  (     14.8137 THz )
      5    561.0542 cm^-1  (     16.8200 THz )
      6    564.4932 cm^-1  (     16.9231 THz )

 # Irred. k point  273 : (  0.0333,  0.1000, -0.3000)
   Mode, Frequency 
      1    138.7792 cm^-1  (      4.1605 THz )
      2    156.4802 cm^-1  (      4.6912 THz )
      3    302.9031 cm^-1  (      9.0808 THz )
      4    509.7228 cm^-1  (     15.2811 THz )
      5    563.6790 cm^-1  (     16.8987 THz )
      6    567.7966 cm^-1  (     17.0221 THz )

 # Irred. k point  274 : (  0.0333,  0.1000, -0.2667)
   Mode, Frequency 
      1    129.4679 cm^-1  (      3.8813 THz )
      2    148.0299 cm^-1  (      4.4378 THz )
      3    277.6654 cm^-1  (      8.3242 THz )
      4    524.2914 cm^-1  (     15.7179 THz )
      5    566.7843 cm^-1  (     16.9918 THz )
      6    571.3791 cm^-1  (     17.1295 THz )

 # Irred. k point  275 : (  0.0333,  0.1000, -0.2333)
   Mode, Frequency 
      1    119.0657 cm^-1  (      3.5695 THz )
      2    138.1842 cm^-1  (      4.1427 THz )
      3    251.7636 cm^-1  (      7.5477 THz )
      4    537.6409 cm^-1  (     16.1181 THz )
      5    570.2148 cm^-1  (     17.0946 THz )
      6    575.0701 cm^-1  (     17.2402 THz )

 # Irred. k point  276 : (  0.0333,  0.1000, -0.2000)
   Mode, Frequency 
      1    107.8095 cm^-1  (      3.2320 THz )
      2    127.1153 cm^-1  (      3.8108 THz )
      3    225.4347 cm^-1  (      6.7584 THz )
      4    549.6497 cm^-1  (     16.4781 THz )
      5    573.8111 cm^-1  (     17.2024 THz )
      6    578.7058 cm^-1  (     17.3492 THz )

 # Irred. k point  277 : (  0.0333,  0.1000, -0.1667)
   Mode, Frequency 
      1     95.9607 cm^-1  (      2.8768 THz )
      2    114.9968 cm^-1  (      3.4475 THz )
      3    198.9366 cm^-1  (      5.9640 THz )
      4    560.2299 cm^-1  (     16.7953 THz )
      5    577.4207 cm^-1  (     17.3106 THz )
      6    582.1358 cm^-1  (     17.4520 THz )

 # Irred. k point  278 : (  0.0333,  0.1000, -0.1333)
   Mode, Frequency 
      1     83.8286 cm^-1  (      2.5131 THz )
      2    101.9906 cm^-1  (      3.0576 THz )
      3    172.6084 cm^-1  (      5.1747 THz )
      4    569.3077 cm^-1  (     17.0674 THz )
      5    580.9088 cm^-1  (     17.4152 THz )
      6    585.2276 cm^-1  (     17.5447 THz )

 # Irred. k point  279 : (  0.0333,  0.1000, -0.1000)
   Mode, Frequency 
      1     71.8188 cm^-1  (      2.1531 THz )
      2     88.2300 cm^-1  (      2.6451 THz )
      3    146.9647 cm^-1  (      4.4059 THz )
      4    576.8046 cm^-1  (     17.2922 THz )
      5    584.1731 cm^-1  (     17.5131 THz )
      6    587.8695 cm^-1  (     17.6239 THz )

 # Irred. k point  280 : (  0.0333,  0.1000, -0.0667)
   Mode, Frequency 
      1     60.5223 cm^-1  (      1.8144 THz )
      2     73.8185 cm^-1  (      2.2130 THz )
      3    122.8614 cm^-1  (      3.6833 THz )
      4    582.6127 cm^-1  (     17.4663 THz )
      5    587.1665 cm^-1  (     17.6028 THz )
      6    589.9741 cm^-1  (     17.6870 THz )

 # Irred. k point  281 : (  0.0333,  0.1333,  0.1667)
   Mode, Frequency 
      1     78.7035 cm^-1  (      2.3595 THz )
      2     82.8440 cm^-1  (      2.4836 THz )
      3    136.2048 cm^-1  (      4.0833 THz )
      4    581.1191 cm^-1  (     17.4215 THz )
      5    584.5929 cm^-1  (     17.5257 THz )
      6    586.2336 cm^-1  (     17.5748 THz )

 # Irred. k point  282 : (  0.0333,  0.1333,  0.2000)
   Mode, Frequency 
      1     88.4167 cm^-1  (      2.6507 THz )
      2     95.4280 cm^-1  (      2.8609 THz )
      3    157.9309 cm^-1  (      4.7347 THz )
      4    575.2832 cm^-1  (     17.2466 THz )
      5    581.5660 cm^-1  (     17.4349 THz )
      6    584.2643 cm^-1  (     17.5158 THz )

 # Irred. k point  283 : (  0.0333,  0.1333,  0.2333)
   Mode, Frequency 
      1     99.1161 cm^-1  (      2.9714 THz )
      2    107.9654 cm^-1  (      3.2367 THz )
      3    181.5380 cm^-1  (      5.4424 THz )
      4    567.7277 cm^-1  (     17.0200 THz )
      5    578.2309 cm^-1  (     17.3349 THz )
      6    581.8587 cm^-1  (     17.4437 THz )

 # Irred. k point  284 : (  0.0333,  0.1333,  0.2667)
   Mode, Frequency 
      1    110.2490 cm^-1  (      3.3052 THz )
      2    120.2256 cm^-1  (      3.6043 THz )
      3    206.0685 cm^-1  (      6.1778 THz )
      4    558.6046 cm^-1  (     16.7465 THz )
      5    574.6540 cm^-1  (     17.2277 THz )
      6    579.0428 cm^-1  (     17.3593 THz )

 # Irred. k point  285 : (  0.0333,  0.1333,  0.3000)
   Mode, Frequency 
      1    121.2944 cm^-1  (      3.6363 THz )
      2    131.9919 cm^-1  (      3.9570 THz )
      3    230.9619 cm^-1  (      6.9241 THz )
      4    547.9930 cm^-1  (     16.4284 THz )
      5    570.9615 cm^-1  (     17.1170 THz )
      6    575.9058 cm^-1  (     17.2652 THz )

 # Irred. k point  286 : (  0.0333,  0.1333,  0.3333)
   Mode, Frequency 
      1    131.8023 cm^-1  (      3.9513 THz )
      2    143.0625 cm^-1  (      4.2889 THz )
      3    255.8536 cm^-1  (      7.6703 THz )
      4    535.9652 cm^-1  (     16.0678 THz )
      5    567.3056 cm^-1  (     17.0074 THz )
      6    572.5659 cm^-1  (     17.1651 THz )

 # Irred. k point  287 : (  0.0333,  0.1333,  0.3667)
   Mode, Frequency 
      1    141.3876 cm^-1  (      4.2387 THz )
      2    153.2513 cm^-1  (      4.5944 THz )
      3    280.4680 cm^-1  (      8.4082 THz )
      4    522.6103 cm^-1  (     15.6675 THz )
      5    563.8517 cm^-1  (     16.9039 THz )
      6    569.1608 cm^-1  (     17.0630 THz )

 # Irred. k point  288 : (  0.0333,  0.1333,  0.4000)
   Mode, Frequency 
      1    149.7203 cm^-1  (      4.4885 THz )
      2    162.3834 cm^-1  (      4.8681 THz )
      3    304.5537 cm^-1  (      9.1303 THz )
      4    508.0552 cm^-1  (     15.2311 THz )
      5    560.7688 cm^-1  (     16.8114 THz )
      6    565.8409 cm^-1  (     16.9635 THz )

 # Irred. k point  289 : (  0.0333,  0.1333,  0.4333)
   Mode, Frequency 
      1    156.5257 cm^-1  (      4.6925 THz )
      2    170.2891 cm^-1  (      5.1051 THz )
      3    327.8177 cm^-1  (      9.8277 THz )
      4    492.5069 cm^-1  (     14.7650 THz )
      5    558.2185 cm^-1  (     16.7350 THz )
      6    562.7628 cm^-1  (     16.8712 THz )

 # Irred. k point  290 : (  0.0333,  0.1333,  0.4667)
   Mode, Frequency 
      1    161.5906 cm^-1  (      4.8444 THz )
      2    176.8000 cm^-1  (      5.3003 THz )
      3    349.7994 cm^-1  (     10.4867 THz )
      4    476.3667 cm^-1  (     14.2811 THz )
      5    556.3430 cm^-1  (     16.6787 THz )
      6    560.0815 cm^-1  (     16.7908 THz )

 # Irred. k point  291 : (  0.0333,  0.1333, -0.5000)
   Mode, Frequency 
      1    164.7692 cm^-1  (      4.9397 THz )
      2    181.7529 cm^-1  (      5.4488 THz )
      3    369.4926 cm^-1  (     11.0771 THz )
      4    460.6012 cm^-1  (     13.8085 THz )
      5    555.2515 cm^-1  (     16.6460 THz )
      6    557.9407 cm^-1  (     16.7266 THz )

 # Irred. k point  292 : (  0.0333,  0.1333, -0.4667)
   Mode, Frequency 
      1    165.9854 cm^-1  (      4.9761 THz )
      2    185.0013 cm^-1  (      5.5462 THz )
      3    384.0057 cm^-1  (     11.5122 THz )
      4    448.0789 cm^-1  (     13.4331 THz )
      5    555.0053 cm^-1  (     16.6386 THz )
      6    556.4660 cm^-1  (     16.6824 THz )

 # Irred. k point  293 : (  0.0333,  0.1333, -0.4333)
   Mode, Frequency 
      1    165.2307 cm^-1  (      4.9535 THz )
      2    186.4291 cm^-1  (      5.5890 THz )
      3    386.4389 cm^-1  (     11.5851 THz )
      4    445.6912 cm^-1  (     13.3615 THz )
      5    555.4953 cm^-1  (     16.6533 THz )
      6    555.8691 cm^-1  (     16.6645 THz )

 # Irred. k point  294 : (  0.0333,  0.1333, -0.4000)
   Mode, Frequency 
      1    162.5590 cm^-1  (      4.8734 THz )
      2    185.9617 cm^-1  (      5.5750 THz )
      3    374.7071 cm^-1  (     11.2334 THz )
      4    455.5295 cm^-1  (     13.6564 THz )
      5    555.7283 cm^-1  (     16.6603 THz )
      6    557.1508 cm^-1  (     16.7030 THz )

 # Irred. k point  295 : (  0.0333,  0.1333, -0.3667)
   Mode, Frequency 
      1    158.0792 cm^-1  (      4.7391 THz )
      2    183.5725 cm^-1  (      5.5034 THz )
      3    355.9417 cm^-1  (     10.6709 THz )
      4    470.4846 cm^-1  (     14.1048 THz )
      5    556.5824 cm^-1  (     16.6859 THz )
      6    559.3457 cm^-1  (     16.7688 THz )

 # Irred. k point  296 : (  0.0333,  0.1333, -0.3333)
   Mode, Frequency 
      1    151.9455 cm^-1  (      4.5552 THz )
      2    179.2824 cm^-1  (      5.3748 THz )
      3    334.2815 cm^-1  (     10.0215 THz )
      4    486.4569 cm^-1  (     14.5836 THz )
      5    558.1735 cm^-1  (     16.7336 THz )
      6    562.1660 cm^-1  (     16.8533 THz )

 # Irred. k point  297 : (  0.0333,  0.1333, -0.3000)
   Mode, Frequency 
      1    144.3464 cm^-1  (      4.3274 THz )
      2    173.1536 cm^-1  (      5.1910 THz )
      3    311.1488 cm^-1  (      9.3280 THz )
      4    502.0845 cm^-1  (     15.0521 THz )
      5    560.4223 cm^-1  (     16.8010 THz )
      6    565.4513 cm^-1  (     16.9518 THz )

 # Irred. k point  298 : (  0.0333,  0.1333, -0.2667)
   Mode, Frequency 
      1    135.4963 cm^-1  (      4.0621 THz )
      2    165.2801 cm^-1  (      4.9550 THz )
      3    287.1585 cm^-1  (      8.6088 THz )
      4    516.8395 cm^-1  (     15.4945 THz )
      5    563.2144 cm^-1  (     16.8847 THz )
      6    569.0320 cm^-1  (     17.0591 THz )

 # Irred. k point  299 : (  0.0333,  0.1333, -0.2333)
   Mode, Frequency 
      1    125.6308 cm^-1  (      3.7663 THz )
      2    155.7751 cm^-1  (      4.6700 THz )
      3    262.6949 cm^-1  (      7.8754 THz )
      4    530.4602 cm^-1  (     15.9028 THz )
      5    566.4161 cm^-1  (     16.9807 THz )
      6    572.7360 cm^-1  (     17.1702 THz )

 # Irred. k point  300 : (  0.0333,  0.1333, -0.2000)
   Mode, Frequency 
      1    115.0075 cm^-1  (      3.4478 THz )
      2    144.7589 cm^-1  (      4.3398 THz )
      3    238.0913 cm^-1  (      7.1378 THz )
      4    542.7849 cm^-1  (     16.2723 THz )
      5    569.8875 cm^-1  (     17.0848 THz )
      6    576.3980 cm^-1  (     17.2800 THz )

 # Irred. k point  301 : (  0.0333,  0.1333, -0.1667)
   Mode, Frequency 
      1    103.9165 cm^-1  (      3.1153 THz )
      2    132.3482 cm^-1  (      3.9677 THz )
      3    213.7096 cm^-1  (      6.4069 THz )
      4    553.6926 cm^-1  (     16.5993 THz )
      5    573.4959 cm^-1  (     17.1930 THz )
      6    579.8657 cm^-1  (     17.3839 THz )

 # Irred. k point  302 : (  0.0333,  0.1333, -0.1333)
   Mode, Frequency 
      1     92.7032 cm^-1  (      2.7792 THz )
      2    118.6582 cm^-1  (      3.5573 THz )
      3    189.9943 cm^-1  (      5.6959 THz )
      4    563.0735 cm^-1  (     16.8805 THz )
      5    577.1298 cm^-1  (     17.3019 THz )
      6    583.0046 cm^-1  (     17.4780 THz )

 # Irred. k point  303 : (  0.0333,  0.1333, -0.1000)
   Mode, Frequency 
      1     81.8074 cm^-1  (      2.4525 THz )
      2    103.8411 cm^-1  (      3.1131 THz )
      3    167.5130 cm^-1  (      5.0219 THz )
      4    570.8114 cm^-1  (     17.1125 THz )
      5    580.7118 cm^-1  (     17.4093 THz )
      6    585.7018 cm^-1  (     17.5589 THz )

 # Irred. k point  304 : (  0.0333,  0.1667,  0.2000)
   Mode, Frequency 
      1     98.1561 cm^-1  (      2.9426 THz )
      2    101.7605 cm^-1  (      3.0507 THz )
      3    166.6607 cm^-1  (      4.9964 THz )
      4    574.4291 cm^-1  (     17.2210 THz )
      5    579.3269 cm^-1  (     17.3678 THz )
      6    581.1263 cm^-1  (     17.4217 THz )

 # Irred. k point  305 : (  0.0333,  0.1667,  0.2333)
   Mode, Frequency 
      1    107.5488 cm^-1  (      3.2242 THz )
      2    113.9086 cm^-1  (      3.4149 THz )
      3    186.8211 cm^-1  (      5.6008 THz )
      4    567.6396 cm^-1  (     17.0174 THz )
      5    575.9368 cm^-1  (     17.2661 THz )
      6    578.9471 cm^-1  (     17.3564 THz )

 # Irred. k point  306 : (  0.0333,  0.1667,  0.2667)
   Mode, Frequency 
      1    117.6774 cm^-1  (      3.5279 THz )
      2    126.0899 cm^-1  (      3.7801 THz )
      3    208.5253 cm^-1  (      6.2514 THz )
      4    559.1115 cm^-1  (     16.7617 THz )
      5    572.3424 cm^-1  (     17.1584 THz )
      6    576.4484 cm^-1  (     17.2815 THz )

 # Irred. k point  307 : (  0.0333,  0.1667,  0.3000)
   Mode, Frequency 
      1    128.0027 cm^-1  (      3.8374 THz )
      2    138.0920 cm^-1  (      4.1399 THz )
      3    231.0481 cm^-1  (      6.9266 THz )
      4    549.0331 cm^-1  (     16.4596 THz )
      5    568.6335 cm^-1  (     17.0472 THz )
      6    573.6318 cm^-1  (     17.1970 THz )

 # Irred. k point  308 : (  0.0333,  0.1667,  0.3333)
   Mode, Frequency 
      1    137.9893 cm^-1  (      4.1368 THz )
      2    149.7057 cm^-1  (      4.4881 THz )
      3    253.9273 cm^-1  (      7.6125 THz )
      4    537.5063 cm^-1  (     16.1140 THz )
      5    564.9522 cm^-1  (     16.9368 THz )
      6    570.5816 cm^-1  (     17.1056 THz )

 # Irred. k point  309 : (  0.0333,  0.1667,  0.3667)
   Mode, Frequency 
      1    147.1798 cm^-1  (      4.4123 THz )
      2    160.7086 cm^-1  (      4.8179 THz )
      3    276.8357 cm^-1  (      8.2993 THz )
      4    524.6275 cm^-1  (     15.7279 THz )
      5    561.4614 cm^-1  (     16.8322 THz )
      6    567.4155 cm^-1  (     17.0107 THz )

 # Irred. k point  310 : (  0.0333,  0.1667,  0.4000)
   Mode, Frequency 
      1    155.2112 cm^-1  (      4.6531 THz )
      2    170.8626 cm^-1  (      5.1223 THz )
      3    299.4991 cm^-1  (      8.9788 THz )
      4    510.5203 cm^-1  (     15.3050 THz )
      5    558.3300 cm^-1  (     16.7383 THz )
      6    564.2694 cm^-1  (     16.9164 THz )

 # Irred. k point  311 : (  0.0333,  0.1667,  0.4333)
   Mode, Frequency 
      1    161.8051 cm^-1  (      4.8508 THz )
      2    179.9241 cm^-1  (      5.3940 THz )
      3    321.6276 cm^-1  (      9.6422 THz )
      4    495.3730 cm^-1  (     14.8509 THz )
      5    555.7216 cm^-1  (     16.6601 THz )
      6    561.2885 cm^-1  (     16.8270 THz )

 # Irred. k point  312 : (  0.0333,  0.1667,  0.4667)
   Mode, Frequency 
      1    166.7535 cm^-1  (      4.9991 THz )
      2    187.6603 cm^-1  (      5.6259 THz )
      3    342.8138 cm^-1  (     10.2773 THz )
      4    479.5239 cm^-1  (     14.3758 THz )
      5    553.7814 cm^-1  (     16.6019 THz )
      6    558.6191 cm^-1  (     16.7470 THz )

 # Irred. k point  313 : (  0.0333,  0.1667, -0.5000)
   Mode, Frequency 
      1    169.9113 cm^-1  (      5.0938 THz )
      2    193.8608 cm^-1  (      5.8118 THz )
      3    362.2727 cm^-1  (     10.8607 THz )
      4    463.7126 cm^-1  (     13.9018 THz )
      5    552.6234 cm^-1  (     16.5672 THz )
      6    556.4007 cm^-1  (     16.6805 THz )

 # Irred. k point  314 : (  0.0333,  0.1667, -0.4667)
   Mode, Frequency 
      1    171.1954 cm^-1  (      5.1323 THz )
      2    198.3464 cm^-1  (      5.9463 THz )
      3    377.9788 cm^-1  (     11.3315 THz )
      4    449.9381 cm^-1  (     13.4888 THz )
      5    552.3164 cm^-1  (     16.5580 THz )
      6    554.7574 cm^-1  (     16.6312 THz )

 # Irred. k point  315 : (  0.0333,  0.1667, -0.4333)
   Mode, Frequency 
      1    170.5866 cm^-1  (      5.1141 THz )
      2    200.9745 cm^-1  (      6.0251 THz )
      3    384.5861 cm^-1  (     11.5296 THz )
      4    443.5388 cm^-1  (     13.2970 THz )
      5    552.8623 cm^-1  (     16.5744 THz )
      6    553.8029 cm^-1  (     16.6026 THz )

 # Irred. k point  316 : (  0.0333,  0.1667, -0.4000)
   Mode, Frequency 
      1    168.1286 cm^-1  (      5.0404 THz )
      2    201.6414 cm^-1  (      6.0451 THz )
      3    377.1509 cm^-1  (     11.3067 THz )
      4    449.4706 cm^-1  (     13.4748 THz )
      5    553.4612 cm^-1  (     16.5923 THz )
      6    554.3640 cm^-1  (     16.6194 THz )

 # Irred. k point  317 : (  0.0333,  0.1667, -0.3667)
   Mode, Frequency 
      1    163.9237 cm^-1  (      4.9143 THz )
      2    200.2838 cm^-1  (      6.0044 THz )
      3    360.7024 cm^-1  (     10.8136 THz )
      4    462.7392 cm^-1  (     13.8726 THz )
      5    553.9871 cm^-1  (     16.6081 THz )
      6    556.5040 cm^-1  (     16.6836 THz )

 # Irred. k point  318 : (  0.0333,  0.1667, -0.3333)
   Mode, Frequency 
      1    158.1237 cm^-1  (      4.7404 THz )
      2    196.8745 cm^-1  (      5.9021 THz )
      3    340.5797 cm^-1  (     10.2103 THz )
      4    478.0677 cm^-1  (     14.3321 THz )
      5    555.2194 cm^-1  (     16.6451 THz )
      6    559.2989 cm^-1  (     16.7674 THz )

 # Irred. k point  319 : (  0.0333,  0.1667, -0.3000)
   Mode, Frequency 
      1    150.9199 cm^-1  (      4.5245 THz )
      2    191.4165 cm^-1  (      5.7385 THz )
      3    318.8540 cm^-1  (      9.5590 THz )
      4    493.4797 cm^-1  (     14.7941 THz )
      5    557.1216 cm^-1  (     16.7021 THz )
      6    562.5749 cm^-1  (     16.8656 THz )

 # Irred. k point  320 : (  0.0333,  0.1667, -0.2667)
   Mode, Frequency 
      1    142.5341 cm^-1  (      4.2731 THz )
      2    183.9329 cm^-1  (      5.5142 THz )
      3    296.4044 cm^-1  (      8.8860 THz )
      4    508.2316 cm^-1  (     15.2364 THz )
      5    559.6096 cm^-1  (     16.7767 THz )
      6    566.1601 cm^-1  (     16.9731 THz )

 # Irred. k point  321 : (  0.0333,  0.1667, -0.2333)
   Mode, Frequency 
      1    133.2138 cm^-1  (      3.9936 THz )
      2    174.4593 cm^-1  (      5.2302 THz )
      3    273.7689 cm^-1  (      8.2074 THz )
      4    521.9674 cm^-1  (     15.6482 THz )
      5    562.5784 cm^-1  (     16.8657 THz )
      6    569.8812 cm^-1  (     17.0846 THz )

 # Irred. k point  322 : (  0.0333,  0.1667, -0.2000)
   Mode, Frequency 
      1    123.2327 cm^-1  (      3.6944 THz )
      2    163.0446 cm^-1  (      4.8880 THz )
      3    251.3946 cm^-1  (      7.5366 THz )
      4    534.4705 cm^-1  (     16.0230 THz )
      5    565.9158 cm^-1  (     16.9657 THz )
      6    573.5708 cm^-1  (     17.1952 THz )

 # Irred. k point  323 : (  0.0333,  0.1667, -0.1667)
   Mode, Frequency 
      1    112.8995 cm^-1  (      3.3846 THz )
      2    149.7760 cm^-1  (      4.4902 THz )
      3    229.7102 cm^-1  (      6.8865 THz )
      4    545.5788 cm^-1  (     16.3560 THz )
      5    569.5148 cm^-1  (     17.0736 THz )
      6    577.0750 cm^-1  (     17.3003 THz )

 # Irred. k point  324 : (  0.0333,  0.1667, -0.1333)
   Mode, Frequency 
      1    102.5759 cm^-1  (      3.0751 THz )
      2    134.8444 cm^-1  (      4.0425 THz )
      3    209.1248 cm^-1  (      6.2694 THz )
      4    555.1519 cm^-1  (     16.6430 THz )
      5    573.2826 cm^-1  (     17.1866 THz )
      6    580.2577 cm^-1  (     17.3957 THz )

 # Irred. k point  325 : (  0.0333,  0.2000,  0.2333)
   Mode, Frequency 
      1    117.1092 cm^-1  (      3.5108 THz )
      2    120.3040 cm^-1  (      3.6066 THz )
      3    196.8837 cm^-1  (      5.9024 THz )
      4    566.4057 cm^-1  (     16.9804 THz )
      5    573.1680 cm^-1  (     17.1831 THz )
      6    575.0087 cm^-1  (     17.2383 THz )

 # Irred. k point  326 : (  0.0333,  0.2000,  0.2667)
   Mode, Frequency 
      1    126.1896 cm^-1  (      3.7831 THz )
      2    132.0464 cm^-1  (      3.9587 THz )
      3    215.6175 cm^-1  (      6.4641 THz )
      4    558.7106 cm^-1  (     16.7497 THz )
      5    569.5147 cm^-1  (     17.0736 THz )
      6    572.6676 cm^-1  (     17.1681 THz )

 # Irred. k point  327 : (  0.0333,  0.2000,  0.3000)
   Mode, Frequency 
      1    135.7179 cm^-1  (      4.0687 THz )
      2    144.0034 cm^-1  (      4.3171 THz )
      3    235.4888 cm^-1  (      7.0598 THz )
      4    549.2575 cm^-1  (     16.4663 THz )
      5    565.7765 cm^-1  (     16.9616 THz )
      6    570.1470 cm^-1  (     17.0926 THz )

 # Irred. k point  328 : (  0.0333,  0.2000,  0.3333)
   Mode, Frequency 
      1    145.1152 cm^-1  (      4.3504 THz )
      2    156.0000 cm^-1  (      4.6768 THz )
      3    255.9571 cm^-1  (      7.6734 THz )
      4    538.2781 cm^-1  (     16.1372 THz )
      5    562.0658 cm^-1  (     16.8503 THz )
      6    567.4181 cm^-1  (     17.0108 THz )

 # Irred. k point  329 : (  0.0333,  0.2000,  0.3667)
   Mode, Frequency 
      1    153.8627 cm^-1  (      4.6127 THz )
      2    167.7826 cm^-1  (      5.0300 THz )
      3    276.6669 cm^-1  (      8.2943 THz )
      4    525.9057 cm^-1  (     15.7663 THz )
      5    558.5381 cm^-1  (     16.7446 THz )
      6    564.5557 cm^-1  (     16.9250 THz )

 # Irred. k point  330 : (  0.0333,  0.2000,  0.4000)
   Mode, Frequency 
      1    161.5660 cm^-1  (      4.8436 THz )
      2    179.0236 cm^-1  (      5.3670 THz )
      3    297.3499 cm^-1  (      8.9143 THz )
      4    512.2719 cm^-1  (     15.3575 THz )
      5    555.3614 cm^-1  (     16.6493 THz )
      6    561.6727 cm^-1  (     16.8385 THz )

 # Irred. k point  331 : (  0.0333,  0.2000,  0.4333)
   Mode, Frequency 
      1    167.9363 cm^-1  (      5.0346 THz )
      2    189.3728 cm^-1  (      5.6773 THz )
      3    317.7469 cm^-1  (      9.5258 THz )
      4    497.5563 cm^-1  (     14.9164 THz )
      5    552.7007 cm^-1  (     16.5695 THz )
      6    558.8989 cm^-1  (     16.7554 THz )

 # Irred. k point  332 : (  0.0333,  0.2000,  0.4667)
   Mode, Frequency 
      1    172.7596 cm^-1  (      5.1792 THz )
      2    198.5025 cm^-1  (      5.9510 THz )
      3    337.5146 cm^-1  (     10.1184 THz )
      4    482.0556 cm^-1  (     14.4517 THz )
      5    550.7041 cm^-1  (     16.5097 THz )
      6    556.3691 cm^-1  (     16.6795 THz )

 # Irred. k point  333 : (  0.0333,  0.2000, -0.5000)
   Mode, Frequency 
      1    175.8827 cm^-1  (      5.2728 THz )
      2    206.1298 cm^-1  (      6.1796 THz )
      3    356.0347 cm^-1  (     10.6737 THz )
      4    466.3624 cm^-1  (     13.9812 THz )
      5    549.4893 cm^-1  (     16.4733 THz )
      6    554.2141 cm^-1  (     16.6149 THz )

 # Irred. k point  334 : (  0.0333,  0.2000, -0.4667)
   Mode, Frequency 
      1    177.2132 cm^-1  (      5.3127 THz )
      2    212.0217 cm^-1  (      6.3563 THz )
      3    371.8488 cm^-1  (     11.1477 THz )
      4    451.9250 cm^-1  (     13.5484 THz )
      5    549.1307 cm^-1  (     16.4625 THz )
      6    552.5526 cm^-1  (     16.5651 THz )

 # Irred. k point  335 : (  0.0333,  0.2000, -0.4333)
   Mode, Frequency 
      1    176.7228 cm^-1  (      5.2980 THz )
      2    215.9925 cm^-1  (      6.4753 THz )
      3    381.0939 cm^-1  (     11.4249 THz )
      4    442.6132 cm^-1  (     13.2692 THz )
      5    549.6477 cm^-1  (     16.4780 THz )
      6    551.4855 cm^-1  (     16.5331 THz )

 # Irred. k point  336 : (  0.0333,  0.2000, -0.4000)
   Mode, Frequency 
      1    174.4483 cm^-1  (      5.2298 THz )
      2    217.8970 cm^-1  (      6.5324 THz )
      3    378.0159 cm^-1  (     11.3326 THz )
      4    444.2101 cm^-1  (     13.3171 THz )
      5    550.8643 cm^-1  (     16.5145 THz )
      6    551.2262 cm^-1  (     16.5253 THz )

 # Irred. k point  337 : (  0.0333,  0.2000, -0.3667)
   Mode, Frequency 
      1    170.4881 cm^-1  (      5.1111 THz )
      2    217.6227 cm^-1  (      6.5242 THz )
      3    364.4136 cm^-1  (     10.9248 THz )
      4    454.9765 cm^-1  (     13.6399 THz )
      5    551.3056 cm^-1  (     16.5277 THz )
      6    553.2028 cm^-1  (     16.5846 THz )

 # Irred. k point  338 : (  0.0333,  0.2000, -0.3333)
   Mode, Frequency 
      1    164.9938 cm^-1  (      4.9464 THz )
      2    215.0783 cm^-1  (      6.4479 THz )
      3    346.1402 cm^-1  (     10.3770 THz )
      4    469.1603 cm^-1  (     14.0651 THz )
      5    552.2814 cm^-1  (     16.5570 THz )
      6    555.9821 cm^-1  (     16.6679 THz )

 # Irred. k point  339 : (  0.0333,  0.2000, -0.3000)
   Mode, Frequency 
      1    158.1599 cm^-1  (      4.7415 THz )
      2    210.1826 cm^-1  (      6.3011 THz )
      3    326.0880 cm^-1  (      9.7759 THz )
      4    484.0215 cm^-1  (     14.5106 THz )
      5    553.9132 cm^-1  (     16.6059 THz )
      6    559.2571 cm^-1  (     16.7661 THz )

 # Irred. k point  340 : (  0.0333,  0.2000, -0.2667)
   Mode, Frequency 
      1    150.2147 cm^-1  (      4.5033 THz )
      2    202.8582 cm^-1  (      6.0815 THz )
      3    305.5076 cm^-1  (      9.1589 THz )
      4    498.5191 cm^-1  (     14.9452 THz )
      5    556.1476 cm^-1  (     16.6729 THz )
      6    562.8531 cm^-1  (     16.8739 THz )

 # Irred. k point  341 : (  0.0333,  0.2000, -0.2333)
   Mode, Frequency 
      1    141.4143 cm^-1  (      4.2395 THz )
      2    193.0451 cm^-1  (      5.7873 THz )
      3    285.1347 cm^-1  (      8.5481 THz )
      4    512.1708 cm^-1  (     15.3545 THz )
      5    558.9100 cm^-1  (     16.7557 THz )
      6    566.5947 cm^-1  (     16.9861 THz )

 # Irred. k point  342 : (  0.0333,  0.2000, -0.2000)
   Mode, Frequency 
      1    132.0423 cm^-1  (      3.9585 THz )
      2    180.7554 cm^-1  (      5.4189 THz )
      3    265.5027 cm^-1  (      7.9596 THz )
      4    524.6920 cm^-1  (     15.7299 THz )
      5    562.1165 cm^-1  (     16.8518 THz )
      6    570.3131 cm^-1  (     17.0976 THz )

 # Irred. k point  343 : (  0.0333,  0.2000, -0.1667)
   Mode, Frequency 
      1    122.4163 cm^-1  (      3.6699 THz )
      2    166.1760 cm^-1  (      4.9818 THz )
      3    246.9740 cm^-1  (      7.4041 THz )
      4    535.8799 cm^-1  (     16.0653 THz )
      5    565.6815 cm^-1  (     16.9587 THz )
      6    573.8523 cm^-1  (     17.2037 THz )

 # Irred. k point  344 : (  0.0333,  0.2333,  0.2667)
   Mode, Frequency 
      1    135.3814 cm^-1  (      4.0586 THz )
      2    138.2370 cm^-1  (      4.1442 THz )
      3    226.6370 cm^-1  (      6.7944 THz )
      4    557.0430 cm^-1  (     16.6997 THz )
      5    566.2956 cm^-1  (     16.9771 THz )
      6    568.0684 cm^-1  (     17.0303 THz )

 # Irred. k point  345 : (  0.0333,  0.2333,  0.3000)
   Mode, Frequency 
      1    144.0662 cm^-1  (      4.3190 THz )
      2    149.5527 cm^-1  (      4.4835 THz )
      3    244.0476 cm^-1  (      7.3164 THz )
      4    548.5085 cm^-1  (     16.4439 THz )
      5    562.4981 cm^-1  (     16.8633 THz )
      6    565.6200 cm^-1  (     16.9569 THz )

 # Irred. k point  346 : (  0.0333,  0.2333,  0.3333)
   Mode, Frequency 
      1    152.8543 cm^-1  (      4.5825 THz )
      2    161.3546 cm^-1  (      4.8373 THz )
      3    262.1617 cm^-1  (      7.8594 THz )
      4    538.1981 cm^-1  (     16.1348 THz )
      5    558.7506 cm^-1  (     16.7509 THz )
      6    563.1563 cm^-1  (     16.8830 THz )

 # Irred. k point  347 : (  0.0333,  0.2333,  0.3667)
   Mode, Frequency 
      1    161.1566 cm^-1  (      4.8314 THz )
      2    173.4770 cm^-1  (      5.2007 THz )
      3    280.5677 cm^-1  (      8.4112 THz )
      4    526.3945 cm^-1  (     15.7809 THz )
      5    555.1862 cm^-1  (     16.6441 THz )
      6    560.6133 cm^-1  (     16.8068 THz )

 # Irred. k point  348 : (  0.0333,  0.2333,  0.4000)
   Mode, Frequency 
      1    168.5320 cm^-1  (      5.0525 THz )
      2    185.5612 cm^-1  (      5.5630 THz )
      3    298.9967 cm^-1  (      8.9637 THz )
      4    513.2745 cm^-1  (     15.3876 THz )
      5    551.9682 cm^-1  (     16.5476 THz )
      6    558.0503 cm^-1  (     16.7299 THz )

 # Irred. k point  349 : (  0.0333,  0.2333,  0.4333)
   Mode, Frequency 
      1    174.6735 cm^-1  (      5.2366 THz )
      2    197.1484 cm^-1  (      5.9104 THz )
      3    317.2353 cm^-1  (      9.5105 THz )
      4    499.0247 cm^-1  (     14.9604 THz )
      5    549.2623 cm^-1  (     16.4665 THz )
      6    555.5705 cm^-1  (     16.6556 THz )

 # Irred. k point  350 : (  0.0333,  0.2333,  0.4667)
   Mode, Frequency 
      1    179.3573 cm^-1  (      5.3770 THz )
      2    207.7778 cm^-1  (      6.2290 THz )
      3    335.0308 cm^-1  (     10.0440 THz )
      4    483.9176 cm^-1  (     14.5075 THz )
      5    547.2189 cm^-1  (     16.4052 THz )
      6    553.2921 cm^-1  (     16.5873 THz )

 # Irred. k point  351 : (  0.0333,  0.2333, -0.5000)
   Mode, Frequency 
      1    182.4218 cm^-1  (      5.4689 THz )
      2    217.0380 cm^-1  (      6.5066 THz )
      3    351.9334 cm^-1  (     10.5507 THz )
      4    468.4484 cm^-1  (     14.0437 THz )
      5    545.9590 cm^-1  (     16.3674 THz )
      6    551.3338 cm^-1  (     16.5286 THz )

 # Irred. k point  352 : (  0.0333,  0.2333, -0.4667)
   Mode, Frequency 
      1    183.7667 cm^-1  (      5.5092 THz )
      2    224.5847 cm^-1  (      6.7329 THz )
      3    366.9035 cm^-1  (     10.9995 THz )
      4    453.7131 cm^-1  (     13.6020 THz )
      5    545.5608 cm^-1  (     16.3555 THz )
      6    549.8049 cm^-1  (     16.4827 THz )

 # Irred. k point  353 : (  0.0333,  0.2333, -0.4333)
   Mode, Frequency 
      1    183.3570 cm^-1  (      5.4969 THz )
      2    230.1406 cm^-1  (      6.8994 THz )
      3    377.2274 cm^-1  (     11.3090 THz )
      4    442.4898 cm^-1  (     13.2655 THz )
      5    546.0498 cm^-1  (     16.3702 THz )
      6    548.7978 cm^-1  (     16.4525 THz )

 # Irred. k point  354 : (  0.0333,  0.2333, -0.4000)
   Mode, Frequency 
      1    181.2253 cm^-1  (      5.4330 THz )
      2    233.4820 cm^-1  (      6.9996 THz )
      3    377.7257 cm^-1  (     11.3239 THz )
      4    440.0387 cm^-1  (     13.1920 THz )
      5    547.3879 cm^-1  (     16.4103 THz )
      6    548.3894 cm^-1  (     16.4403 THz )

 # Irred. k point  355 : (  0.0333,  0.2333, -0.3667)
   Mode, Frequency 
      1    177.4681 cm^-1  (      5.3204 THz )
      2    234.4180 cm^-1  (      7.0277 THz )
      3    367.3031 cm^-1  (     11.0115 THz )
      4    447.5693 cm^-1  (     13.4178 THz )
      5    548.5529 cm^-1  (     16.4452 THz )
      6    549.5610 cm^-1  (     16.4754 THz )

 # Irred. k point  356 : (  0.0333,  0.2333, -0.3333)
   Mode, Frequency 
      1    172.2377 cm^-1  (      5.1636 THz )
      2    232.7649 cm^-1  (      6.9781 THz )
      3    351.1959 cm^-1  (     10.5286 THz )
      4    460.0165 cm^-1  (     13.7909 THz )
      5    549.4123 cm^-1  (     16.4710 THz )
      6    552.3327 cm^-1  (     16.5585 THz )

 # Irred. k point  357 : (  0.0333,  0.2333, -0.3000)
   Mode, Frequency 
      1    165.7320 cm^-1  (      4.9685 THz )
      2    228.3254 cm^-1  (      6.8450 THz )
      3    333.1186 cm^-1  (      9.9866 THz )
      4    473.9107 cm^-1  (     14.2075 THz )
      5    550.8861 cm^-1  (     16.5151 THz )
      6    555.6156 cm^-1  (     16.6569 THz )

 # Irred. k point  358 : (  0.0333,  0.2333, -0.2667)
   Mode, Frequency 
      1    158.1839 cm^-1  (      4.7422 THz )
      2    220.8980 cm^-1  (      6.6224 THz )
      3    314.7902 cm^-1  (      9.4372 THz )
      4    487.8424 cm^-1  (     14.6251 THz )
      5    552.9487 cm^-1  (     16.5770 THz )
      6    559.2284 cm^-1  (     16.7652 THz )

 # Irred. k point  359 : (  0.0333,  0.2333, -0.2333)
   Mode, Frequency 
      1    149.8555 cm^-1  (      4.4926 THz )
      2    210.3566 cm^-1  (      6.3063 THz )
      3    297.1474 cm^-1  (      8.9083 THz )
      4    501.1721 cm^-1  (     15.0248 THz )
      5    555.5504 cm^-1  (     16.6550 THz )
      6    562.9938 cm^-1  (     16.8781 THz )

 # Irred. k point  360 : (  0.0333,  0.2333, -0.2000)
   Mode, Frequency 
      1    141.0353 cm^-1  (      4.2281 THz )
      2    196.8116 cm^-1  (      5.9003 THz )
      3    280.6870 cm^-1  (      8.4148 THz )
      4    513.5366 cm^-1  (     15.3954 THz )
      5    558.6303 cm^-1  (     16.7473 THz )
      6    566.7411 cm^-1  (     16.9905 THz )

 # Irred. k point  361 : (  0.0333,  0.2667,  0.3000)
   Mode, Frequency 
      1    152.7661 cm^-1  (      4.5798 THz )
      2    155.3148 cm^-1  (      4.6562 THz )
      3    255.7479 cm^-1  (      7.6671 THz )
      4    546.3243 cm^-1  (     16.3784 THz )
      5    558.9335 cm^-1  (     16.7564 THz )
      6    560.5501 cm^-1  (     16.8049 THz )

 # Irred. k point  362 : (  0.0333,  0.2667,  0.3333)
   Mode, Frequency 
      1    160.9194 cm^-1  (      4.8242 THz )
      2    166.1380 cm^-1  (      4.9807 THz )
      3    271.9092 cm^-1  (      8.1516 THz )
      4    537.0333 cm^-1  (     16.0999 THz )
      5    555.1316 cm^-1  (     16.6424 THz )
      6    558.0617 cm^-1  (     16.7303 THz )

 # Irred. k point  363 : (  0.0333,  0.2667,  0.3667)
   Mode, Frequency 
      1    168.7870 cm^-1  (      5.0601 THz )
      2    177.7689 cm^-1  (      5.3294 THz )
      3    288.3378 cm^-1  (      8.6442 THz )
      4    525.9562 cm^-1  (     15.7678 THz )
      5    551.5296 cm^-1  (     16.5344 THz )
      6    555.7434 cm^-1  (     16.6608 THz )

 # Irred. k point  364 : (  0.0333,  0.2667,  0.4000)
   Mode, Frequency 
      1    175.8432 cm^-1  (      5.2716 THz )
      2    189.9906 cm^-1  (      5.6958 THz )
      3    304.6994 cm^-1  (      9.1347 THz )
      4    513.4330 cm^-1  (     15.3923 THz )
      5    548.2757 cm^-1  (     16.4369 THz )
      6    553.4956 cm^-1  (     16.5934 THz )

 # Irred. k point  365 : (  0.0333,  0.2667,  0.4333)
   Mode, Frequency 
      1    181.7511 cm^-1  (      5.4488 THz )
      2    202.3305 cm^-1  (      6.0657 THz )
      3    320.7756 cm^-1  (      9.6166 THz )
      4    499.7019 cm^-1  (     14.9807 THz )
      5    545.5336 cm^-1  (     16.3547 THz )
      6    551.3562 cm^-1  (     16.5292 THz )

 # Irred. k point  366 : (  0.0333,  0.2667,  0.4667)
   Mode, Frequency 
      1    186.2774 cm^-1  (      5.5845 THz )
      2    214.2258 cm^-1  (      6.4223 THz )
      3    336.3767 cm^-1  (     10.0843 THz )
      4    485.0353 cm^-1  (     14.5410 THz )
      5    543.4553 cm^-1  (     16.2924 THz )
      6    549.4121 cm^-1  (     16.4710 THz )

 # Irred. k point  367 : (  0.0333,  0.2667, -0.5000)
   Mode, Frequency 
      1    189.2544 cm^-1  (      5.6737 THz )
      2    225.1162 cm^-1  (      6.7488 THz )
      3    351.2096 cm^-1  (     10.5290 THz )
      4    469.8665 cm^-1  (     14.0862 THz )
      5    542.1643 cm^-1  (     16.2537 THz )
      6    547.7636 cm^-1  (     16.4215 THz )

 # Irred. k point  368 : (  0.0333,  0.2667, -0.4667)
   Mode, Frequency 
      1    190.5760 cm^-1  (      5.7133 THz )
      2    234.4872 cm^-1  (      7.0297 THz )
      3    364.5854 cm^-1  (     10.9300 THz )
      4    455.0612 cm^-1  (     13.6424 THz )
      5    541.7412 cm^-1  (     16.2410 THz )
      6    546.5060 cm^-1  (     16.3838 THz )

 # Irred. k point  369 : (  0.0333,  0.2667, -0.4333)
   Mode, Frequency 
      1    190.2034 cm^-1  (      5.7022 THz )
      2    241.8903 cm^-1  (      7.2517 THz )
      3    374.6615 cm^-1  (     11.2321 THz )
      4    442.6582 cm^-1  (     13.2706 THz )
      5    542.2145 cm^-1  (     16.2552 THz )
      6    545.7199 cm^-1  (     16.3603 THz )

 # Irred. k point  370 : (  0.0333,  0.2667, -0.4000)
   Mode, Frequency 
      1    188.1669 cm^-1  (      5.6411 THz )
      2    246.9419 cm^-1  (      7.4031 THz )
      3    377.3708 cm^-1  (     11.3133 THz )
      4    436.9354 cm^-1  (     13.0990 THz )
      5    543.5554 cm^-1  (     16.2954 THz )
      6    545.4650 cm^-1  (     16.3526 THz )

 # Irred. k point  371 : (  0.0333,  0.2667, -0.3667)
   Mode, Frequency 
      1    184.5628 cm^-1  (      5.5331 THz )
      2    249.3004 cm^-1  (      7.4738 THz )
      3    369.9849 cm^-1  (     11.0919 THz )
      4    440.8637 cm^-1  (     13.2168 THz )
      5    545.6258 cm^-1  (     16.3574 THz )
      6    545.8332 cm^-1  (     16.3637 THz )

 # Irred. k point  372 : (  0.0333,  0.2667, -0.3333)
   Mode, Frequency 
      1    179.5453 cm^-1  (      5.3826 THz )
      2    248.6274 cm^-1  (      7.4537 THz )
      3    356.2657 cm^-1  (     10.6806 THz )
      4    450.9883 cm^-1  (     13.5203 THz )
      5    546.6449 cm^-1  (     16.3880 THz )
      6    548.4917 cm^-1  (     16.4434 THz )

 # Irred. k point  373 : (  0.0333,  0.2667, -0.3000)
   Mode, Frequency 
      1    173.3150 cm^-1  (      5.1959 THz )
      2    244.5639 cm^-1  (      7.3318 THz )
      3    340.4717 cm^-1  (     10.2071 THz )
      4    463.4404 cm^-1  (     13.8936 THz )
      5    548.0971 cm^-1  (     16.4315 THz )
      6    551.7914 cm^-1  (     16.5423 THz )

 # Irred. k point  374 : (  0.0333,  0.2667, -0.2667)
   Mode, Frequency 
      1    166.1089 cm^-1  (      4.9798 THz )
      2    236.7917 cm^-1  (      7.0988 THz )
      3    324.7960 cm^-1  (      9.7371 THz )
      4    476.4360 cm^-1  (     14.2832 THz )
      5    550.0902 cm^-1  (     16.4913 THz )
      6    555.4266 cm^-1  (     16.6513 THz )

 # Irred. k point  375 : (  0.0333,  0.2667, -0.2333)
   Mode, Frequency 
      1    158.1923 cm^-1  (      4.7425 THz )
      2    225.2454 cm^-1  (      6.7527 THz )
      3    310.2708 cm^-1  (      9.3017 THz )
      4    489.1634 cm^-1  (     14.6647 THz )
      5    552.5900 cm^-1  (     16.5662 THz )
      6    559.2182 cm^-1  (     16.7649 THz )

 # Irred. k point  376 : (  0.0333,  0.3000,  0.3333)
   Mode, Frequency 
      1    169.0122 cm^-1  (      5.0669 THz )
      2    171.2604 cm^-1  (      5.1343 THz )
      3    284.0798 cm^-1  (      8.5165 THz )
      4    534.2286 cm^-1  (     16.0158 THz )
      5    551.3558 cm^-1  (     16.5292 THz )
      6    552.7557 cm^-1  (     16.5712 THz )

 # Irred. k point  377 : (  0.0333,  0.3000,  0.3667)
   Mode, Frequency 
      1    176.4596 cm^-1  (      5.2901 THz )
      2    181.4852 cm^-1  (      5.4408 THz )
      3    299.0438 cm^-1  (      8.9651 THz )
      4    524.2724 cm^-1  (     15.7173 THz )
      5    547.7116 cm^-1  (     16.4200 THz )
      6    550.3187 cm^-1  (     16.4981 THz )

 # Irred. k point  378 : (  0.0333,  0.3000,  0.4000)
   Mode, Frequency 
      1    183.2164 cm^-1  (      5.4927 THz )
      2    192.8406 cm^-1  (      5.7812 THz )
      3    313.8510 cm^-1  (      9.4090 THz )
      4    512.5411 cm^-1  (     15.3656 THz )
      5    544.4285 cm^-1  (     16.3216 THz )
      6    548.2498 cm^-1  (     16.4361 THz )

 # Irred. k point  379 : (  0.0333,  0.3000,  0.4333)
   Mode, Frequency 
      1    188.8904 cm^-1  (      5.6628 THz )
      2    205.0014 cm^-1  (      6.1458 THz )
      3    328.2039 cm^-1  (      9.8393 THz )
      4    499.4355 cm^-1  (     14.9727 THz )
      5    541.6618 cm^-1  (     16.2386 THz )
      6    546.4206 cm^-1  (     16.3813 THz )

 # Irred. k point  380 : (  0.0333,  0.3000,  0.4667)
   Mode, Frequency 
      1    193.2417 cm^-1  (      5.7932 THz )
      2    217.4108 cm^-1  (      6.5178 THz )
      3    341.8930 cm^-1  (     10.2497 THz )
      4    485.2788 cm^-1  (     14.5483 THz )
      5    539.5633 cm^-1  (     16.1757 THz )
      6    544.8432 cm^-1  (     16.3340 THz )

 # Irred. k point  381 : (  0.0333,  0.3000, -0.5000)
   Mode, Frequency 
      1    196.1006 cm^-1  (      5.8789 THz )
      2    229.4329 cm^-1  (      6.8782 THz )
      3    354.6980 cm^-1  (     10.6336 THz )
      4    470.4805 cm^-1  (     14.1046 THz )
      5    538.2578 cm^-1  (     16.1366 THz )
      6    543.5809 cm^-1  (     16.2961 THz )

 # Irred. k point  382 : (  0.0333,  0.3000, -0.4667)
   Mode, Frequency 
      1    197.3590 cm^-1  (      5.9167 THz )
      2    240.4095 cm^-1  (      7.2073 THz )
      3    366.1789 cm^-1  (     10.9778 THz )
      4    455.7582 cm^-1  (     13.6633 THz )
      5    537.8276 cm^-1  (     16.1237 THz )
      6    542.7066 cm^-1  (     16.2699 THz )

 # Irred. k point  383 : (  0.0333,  0.3000, -0.4333)
   Mode, Frequency 
      1    196.9768 cm^-1  (      5.9052 THz )
      2    249.6885 cm^-1  (      7.4855 THz )
      3    375.1411 cm^-1  (     11.2464 THz )
      4    442.6657 cm^-1  (     13.2708 THz )
      5    538.3019 cm^-1  (     16.1379 THz )
      6    542.2826 cm^-1  (     16.2572 THz )

 # Irred. k point  384 : (  0.0333,  0.3000, -0.4000)
   Mode, Frequency 
      1    194.9840 cm^-1  (      5.8455 THz )
      2    256.6395 cm^-1  (      7.6939 THz )
      3    378.6448 cm^-1  (     11.3515 THz )
      4    434.5682 cm^-1  (     13.0280 THz )
      5    539.6529 cm^-1  (     16.1784 THz )
      6    542.3507 cm^-1  (     16.2593 THz )

 # Irred. k point  385 : (  0.0333,  0.3000, -0.3667)
   Mode, Frequency 
      1    191.4785 cm^-1  (      5.7404 THz )
      2    260.6525 cm^-1  (      7.8142 THz )
      3    373.5776 cm^-1  (     11.1996 THz )
      4    435.0678 cm^-1  (     13.0430 THz )
      5    541.7985 cm^-1  (     16.2427 THz )
      6    542.9298 cm^-1  (     16.2766 THz )

 # Irred. k point  386 : (  0.0333,  0.3000, -0.3333)
   Mode, Frequency 
      1    186.6172 cm^-1  (      5.5946 THz )
      2    261.1180 cm^-1  (      7.8281 THz )
      3    362.1970 cm^-1  (     10.8584 THz )
      4    442.4707 cm^-1  (     13.2649 THz )
      5    544.0087 cm^-1  (     16.3090 THz )
      6    544.6206 cm^-1  (     16.3273 THz )

 # Irred. k point  387 : (  0.0333,  0.3000, -0.3000)
   Mode, Frequency 
      1    180.6040 cm^-1  (      5.4144 THz )
      2    257.4497 cm^-1  (      7.7181 THz )
      3    348.8780 cm^-1  (     10.4591 THz )
      4    453.0090 cm^-1  (     13.5809 THz )
      5    545.5862 cm^-1  (     16.3563 THz )
      6    547.9448 cm^-1  (     16.4270 THz )

 # Irred. k point  388 : (  0.0333,  0.3000, -0.2667)
   Mode, Frequency 
      1    173.6788 cm^-1  (      5.2068 THz )
      2    249.2747 cm^-1  (      7.4731 THz )
      3    336.1115 cm^-1  (     10.0764 THz )
      4    464.6475 cm^-1  (     13.9298 THz )
      5    547.6234 cm^-1  (     16.4173 THz )
      6    551.6075 cm^-1  (     16.5368 THz )

 # Irred. k point  389 : (  0.0333,  0.3333,  0.3667)
   Mode, Frequency 
      1    183.8151 cm^-1  (      5.5106 THz )
      2    185.7519 cm^-1  (      5.5687 THz )
      3    311.5185 cm^-1  (      9.3391 THz )
      4    520.7367 cm^-1  (     15.6113 THz )
      5    543.8903 cm^-1  (     16.3054 THz )
      6    545.0420 cm^-1  (     16.3399 THz )

 # Irred. k point  390 : (  0.0333,  0.3333,  0.4000)
   Mode, Frequency 
      1    190.3496 cm^-1  (      5.7065 THz )
      2    195.2370 cm^-1  (      5.8531 THz )
      3    325.3219 cm^-1  (      9.7529 THz )
      4    510.2058 cm^-1  (     15.2956 THz )
      5    540.5874 cm^-1  (     16.2064 THz )
      6    542.7833 cm^-1  (     16.2722 THz )

 # Irred. k point  391 : (  0.0333,  0.3333,  0.4333)
   Mode, Frequency 
      1    195.8065 cm^-1  (      5.8701 THz )
      2    206.1319 cm^-1  (      6.1797 THz )
      3    338.5644 cm^-1  (     10.1499 THz )
      4    497.9498 cm^-1  (     14.9282 THz )
      5    537.8110 cm^-1  (     16.1232 THz )
      6    541.0921 cm^-1  (     16.2215 THz )

 # Irred. k point  392 : (  0.0333,  0.3333,  0.4667)
   Mode, Frequency 
      1    199.9695 cm^-1  (      5.9949 THz )
      2    217.9695 cm^-1  (      6.5346 THz )
      3    350.9566 cm^-1  (     10.5214 THz )
      4    484.4326 cm^-1  (     14.5229 THz )
      5    535.7102 cm^-1  (     16.0602 THz )
      6    539.8236 cm^-1  (     16.1835 THz )

 # Irred. k point  393 : (  0.0333,  0.3333, -0.5000)
   Mode, Frequency 
      1    202.6808 cm^-1  (      6.0762 THz )
      2    230.1370 cm^-1  (      6.8993 THz )
      3    362.2588 cm^-1  (     10.8602 THz )
      4    470.0968 cm^-1  (     14.0931 THz )
      5    534.4102 cm^-1  (     16.0212 THz )
      6    538.9616 cm^-1  (     16.1577 THz )

 # Irred. k point  394 : (  0.0333,  0.3333, -0.4667)
   Mode, Frequency 
      1    203.8359 cm^-1  (      6.1108 THz )
      2    241.9342 cm^-1  (      7.2530 THz )
      3    372.1401 cm^-1  (     11.1565 THz )
      4    455.5800 cm^-1  (     13.6579 THz )
      5    533.9933 cm^-1  (     16.0087 THz )
      6    538.5362 cm^-1  (     16.1449 THz )

 # Irred. k point  395 : (  0.0333,  0.3333, -0.4333)
   Mode, Frequency 
      1    203.3962 cm^-1  (      6.0977 THz )
      2    252.5849 cm^-1  (      7.5723 THz )
      3    379.8066 cm^-1  (     11.3863 THz )
      4    442.1294 cm^-1  (     13.2547 THz )
      5    534.4880 cm^-1  (     16.0235 THz )
      6    538.5798 cm^-1  (     16.1462 THz )

 # Irred. k point  396 : (  0.0333,  0.3333, -0.4000)
   Mode, Frequency 
      1    201.3943 cm^-1  (      6.0377 THz )
      2    261.2343 cm^-1  (      7.8316 THz )
      3    383.1686 cm^-1  (     11.4871 THz )
      4    432.4564 cm^-1  (     12.9647 THz )
      5    535.8654 cm^-1  (     16.0648 THz )
      6    539.1067 cm^-1  (     16.1620 THz )

 # Irred. k point  397 : (  0.0333,  0.3333, -0.3667)
   Mode, Frequency 
      1    197.9313 cm^-1  (      5.9338 THz )
      2    266.9461 cm^-1  (      8.0028 THz )
      3    379.3786 cm^-1  (     11.3735 THz )
      4    430.2049 cm^-1  (     12.8972 THz )
      5    538.0424 cm^-1  (     16.1301 THz )
      6    540.1066 cm^-1  (     16.1920 THz )

 # Irred. k point  398 : (  0.0333,  0.3333, -0.3333)
   Mode, Frequency 
      1    193.1676 cm^-1  (      5.7910 THz )
      2    268.7281 cm^-1  (      8.0563 THz )
      3    369.8448 cm^-1  (     11.0877 THz )
      4    434.9037 cm^-1  (     13.0381 THz )
      5    540.8907 cm^-1  (     16.2155 THz )
      6    541.5487 cm^-1  (     16.2352 THz )

 # Irred. k point  399 : (  0.0333,  0.3333, -0.3000)
   Mode, Frequency 
      1    187.3109 cm^-1  (      5.6154 THz )
      2    265.6883 cm^-1  (      7.9651 THz )
      3    358.8512 cm^-1  (     10.7581 THz )
      4    443.1789 cm^-1  (     13.2862 THz )
      5    543.3898 cm^-1  (     16.2904 THz )
      6    544.2509 cm^-1  (     16.3162 THz )

 # Irred. k point  400 : (  0.0333,  0.3667,  0.4000)
   Mode, Frequency 
      1    196.8162 cm^-1  (      5.9004 THz )
      2    198.4192 cm^-1  (      5.9485 THz )
      3    337.9663 cm^-1  (     10.1320 THz )
      4    505.8380 cm^-1  (     15.1646 THz )
      5    536.9180 cm^-1  (     16.0964 THz )
      6    537.8135 cm^-1  (     16.1232 THz )

 # Irred. k point  401 : (  0.0333,  0.3667,  0.4333)
   Mode, Frequency 
      1    202.2041 cm^-1  (      6.0619 THz )
      2    206.9953 cm^-1  (      6.2056 THz )
      3    350.6352 cm^-1  (     10.5118 THz )
      4    494.8142 cm^-1  (     14.8342 THz )
      5    534.1556 cm^-1  (     16.0136 THz )
      6    535.9008 cm^-1  (     16.0659 THz )

 # Irred. k point  402 : (  0.0333,  0.3667,  0.4667)
   Mode, Frequency 
      1    206.1832 cm^-1  (      6.1812 THz )
      2    217.1785 cm^-1  (      6.5108 THz )
      3    362.3633 cm^-1  (     10.8634 THz )
      4    482.1713 cm^-1  (     14.4551 THz )
      5    532.0755 cm^-1  (     15.9512 THz )
      6    534.7465 cm^-1  (     16.0313 THz )

 # Irred. k point  403 : (  0.0333,  0.3667, -0.5000)
   Mode, Frequency 
      1    208.7213 cm^-1  (      6.2573 THz )
      2    228.3530 cm^-1  (      6.8459 THz )
      3    372.8491 cm^-1  (     11.1777 THz )
      4    468.4468 cm^-1  (     14.0437 THz )
      5    530.8041 cm^-1  (     15.9131 THz )
      6    534.2015 cm^-1  (     16.0150 THz )

 # Irred. k point  404 : (  0.0333,  0.3667, -0.4667)
   Mode, Frequency 
      1    209.7345 cm^-1  (      6.2877 THz )
      2    239.8555 cm^-1  (      7.1907 THz )
      3    381.7757 cm^-1  (     11.4453 THz )
      4    454.2659 cm^-1  (     13.6185 THz )
      5    530.4229 cm^-1  (     15.9017 THz )
      6    534.2176 cm^-1  (     16.0154 THz )

 # Irred. k point  405 : (  0.0333,  0.3667, -0.4333)
   Mode, Frequency 
      1    209.1907 cm^-1  (      6.2714 THz )
      2    250.8959 cm^-1  (      7.5217 THz )
      3    388.5335 cm^-1  (     11.6479 THz )
      4    440.7065 cm^-1  (     13.2120 THz )
      5    530.9587 cm^-1  (     15.9177 THz )
      6    534.7770 cm^-1  (     16.0322 THz )

 # Irred. k point  406 : (  0.0333,  0.3667, -0.4000)
   Mode, Frequency 
      1    207.1276 cm^-1  (      6.2095 THz )
      2    260.5210 cm^-1  (      7.8102 THz )
      3    391.4495 cm^-1  (     11.7354 THz )
      4    430.1490 cm^-1  (     12.8955 THz )
      5    532.3802 cm^-1  (     15.9604 THz )
      6    535.8520 cm^-1  (     16.0644 THz )

 # Irred. k point  407 : (  0.0333,  0.3667, -0.3667)
   Mode, Frequency 
      1    203.6515 cm^-1  (      6.1053 THz )
      2    267.5747 cm^-1  (      8.0217 THz )
      3    387.8319 cm^-1  (     11.6269 THz )
      4    426.2901 cm^-1  (     12.7799 THz )
      5    534.6017 cm^-1  (     16.0270 THz )
      6    537.3897 cm^-1  (     16.1105 THz )

 # Irred. k point  408 : (  0.0333,  0.3667, -0.3333)
   Mode, Frequency 
      1    198.9275 cm^-1  (      5.9637 THz )
      2    270.7215 cm^-1  (      8.1160 THz )
      3    379.1312 cm^-1  (     11.3661 THz )
      4    428.9563 cm^-1  (     12.8598 THz )
      5    537.4928 cm^-1  (     16.1136 THz )
      6    539.3158 cm^-1  (     16.1683 THz )

 # Irred. k point  409 : (  0.0333,  0.4000,  0.4333)
   Mode, Frequency 
      1    207.6133 cm^-1  (      6.2241 THz )
      2    208.8536 cm^-1  (      6.2613 THz )
      3    363.3386 cm^-1  (     10.8926 THz )
      4    489.5318 cm^-1  (     14.6758 THz )
      5    530.8602 cm^-1  (     15.9148 THz )
      6    531.5081 cm^-1  (     15.9342 THz )

 # Irred. k point  410 : (  0.0333,  0.4000,  0.4667)
   Mode, Frequency 
      1    211.6086 cm^-1  (      6.3439 THz )
      2    216.3366 cm^-1  (      6.4856 THz )
      3    374.8921 cm^-1  (     11.2390 THz )
      4    478.0869 cm^-1  (     14.3327 THz )
      5    528.8390 cm^-1  (     15.8542 THz )
      6    530.1422 cm^-1  (     15.8933 THz )

 # Irred. k point  411 : (  0.0333,  0.4000, -0.5000)
   Mode, Frequency 
      1    213.9610 cm^-1  (      6.4144 THz )
      2    225.5129 cm^-1  (      6.7607 THz )
      3    385.1484 cm^-1  (     11.5465 THz )
      4    465.1981 cm^-1  (     13.9463 THz )
      5    527.6241 cm^-1  (     15.8178 THz )
      6    529.7123 cm^-1  (     15.8804 THz )

 # Irred. k point  412 : (  0.0333,  0.4000, -0.4667)
   Mode, Frequency 
      1    214.7973 cm^-1  (      6.4395 THz )
      2    235.6371 cm^-1  (      7.0642 THz )
      3    393.7630 cm^-1  (     11.8047 THz )
      4    451.5203 cm^-1  (     13.5362 THz )
      5    527.3026 cm^-1  (     15.8081 THz )
      6    530.0654 cm^-1  (     15.8910 THz )

 # Irred. k point  413 : (  0.0333,  0.4000, -0.4333)
   Mode, Frequency 
      1    214.1058 cm^-1  (      6.4187 THz )
      2    245.9753 cm^-1  (      7.3742 THz )
      3    400.1638 cm^-1  (     11.9966 THz )
      4    438.0812 cm^-1  (     13.1333 THz )
      5    527.8998 cm^-1  (     15.8260 THz )
      6    531.1097 cm^-1  (     15.9223 THz )

 # Irred. k point  414 : (  0.0333,  0.4000, -0.4000)
   Mode, Frequency 
      1    211.9326 cm^-1  (      6.3536 THz )
      2    255.5941 cm^-1  (      7.6625 THz )
      3    402.4857 cm^-1  (     12.0662 THz )
      4    427.4510 cm^-1  (     12.8147 THz )
      5    529.3815 cm^-1  (     15.8705 THz )
      6    532.7568 cm^-1  (     15.9716 THz )

 # Irred. k point  415 : (  0.0333,  0.4000, -0.3667)
   Mode, Frequency 
      1    208.3907 cm^-1  (      6.2474 THz )
      2    263.2902 cm^-1  (      7.8932 THz )
      3    397.2775 cm^-1  (     11.9101 THz )
      4    424.1392 cm^-1  (     12.7154 THz )
      5    531.6597 cm^-1  (     15.9388 THz )
      6    534.8946 cm^-1  (     16.0357 THz )

 # Irred. k point  416 : (  0.0333,  0.4333,  0.4667)
   Mode, Frequency 
      1    215.7896 cm^-1  (      6.4692 THz )
      2    216.6377 cm^-1  (      6.4946 THz )
      3    387.5617 cm^-1  (     11.6188 THz )
      4    471.8281 cm^-1  (     14.1451 THz )
      5    526.1490 cm^-1  (     15.7735 THz )
      6    526.5661 cm^-1  (     15.7861 THz )

 # Irred. k point  417 : (  0.0333,  0.4333, -0.5000)
   Mode, Frequency 
      1    218.1602 cm^-1  (      6.5403 THz )
      2    222.8511 cm^-1  (      6.6809 THz )
      3    398.0132 cm^-1  (     11.9321 THz )
      4    460.0268 cm^-1  (     13.7913 THz )
      5    525.0423 cm^-1  (     15.7404 THz )
      6    525.9610 cm^-1  (     15.7679 THz )

 # Irred. k point  418 : (  0.0333,  0.4333, -0.4667)
   Mode, Frequency 
      1    218.7930 cm^-1  (      6.5592 THz )
      2    230.7149 cm^-1  (      6.9167 THz )
      3    406.8135 cm^-1  (     12.1960 THz )
      4    447.0543 cm^-1  (     13.4024 THz )
      5    524.8054 cm^-1  (     15.7333 THz )
      6    526.4524 cm^-1  (     15.7826 THz )

 # Irred. k point  419 : (  0.0333,  0.4333, -0.4333)
   Mode, Frequency 
      1    217.9151 cm^-1  (      6.5329 THz )
      2    239.4002 cm^-1  (      7.1770 THz )
      3    413.2803 cm^-1  (     12.3898 THz )
      4    434.0128 cm^-1  (     13.0114 THz )
      5    525.4815 cm^-1  (     15.7535 THz )
      6    527.8605 cm^-1  (     15.8249 THz )

 # Irred. k point  420 : (  0.0333,  0.4333, -0.4000)
   Mode, Frequency 
      1    215.5878 cm^-1  (      6.4632 THz )
      2    248.0681 cm^-1  (      7.4369 THz )
      3    413.0230 cm^-1  (     12.3821 THz )
      4    425.9551 cm^-1  (     12.7698 THz )
      5    527.0368 cm^-1  (     15.8002 THz )
      6    530.0238 cm^-1  (     15.8897 THz )

 # Irred. k point  421 : (  0.0333,  0.4667, -0.5000)
   Mode, Frequency 
      1    220.9663 cm^-1  (      6.6244 THz )
      2    221.3975 cm^-1  (      6.6373 THz )
      3    410.5721 cm^-1  (     12.3086 THz )
      4    452.7465 cm^-1  (     13.5730 THz )
      5    523.1743 cm^-1  (     15.6844 THz )
      6    523.3776 cm^-1  (     15.6905 THz )

 # Irred. k point  422 : (  0.0333,  0.4667, -0.4667)
   Mode, Frequency 
      1    221.5296 cm^-1  (      6.6413 THz )
      2    226.2039 cm^-1  (      6.7814 THz )
      3    419.9181 cm^-1  (     12.5888 THz )
      4    440.6647 cm^-1  (     13.2108 THz )
      5    523.0757 cm^-1  (     15.6814 THz )
      6    523.7415 cm^-1  (     15.7014 THz )

 # Irred. k point  423 : (  0.0333,  0.4667, -0.4333)
   Mode, Frequency 
      1    220.4334 cm^-1  (      6.6084 THz )
      2    232.4854 cm^-1  (      6.9697 THz )
      3    425.3097 cm^-1  (     12.7505 THz )
      4    429.7377 cm^-1  (     12.8832 THz )
      5    523.8429 cm^-1  (     15.7044 THz )
      6    525.3189 cm^-1  (     15.7487 THz )

 # Irred. k point  424 : (  0.0333, -0.5000, -0.4667)
   Mode, Frequency 
      1    222.8705 cm^-1  (      6.6815 THz )
      2    222.8705 cm^-1  (      6.6815 THz )
      3    432.3156 cm^-1  (     12.9605 THz )
      4    432.3156 cm^-1  (     12.9605 THz )
      5    522.2154 cm^-1  (     15.6556 THz )
      6    522.2154 cm^-1  (     15.6556 THz )

 # Irred. k point  425 : (  0.0667,  0.1333,  0.2000)
   Mode, Frequency 
      1     78.2252 cm^-1  (      2.3451 THz )
      2     91.3779 cm^-1  (      2.7394 THz )
      3    149.6631 cm^-1  (      4.4868 THz )
      4    576.6620 cm^-1  (     17.2879 THz )
      5    583.1248 cm^-1  (     17.4816 THz )
      6    586.6039 cm^-1  (     17.5859 THz )

 # Irred. k point  426 : (  0.0667,  0.1333,  0.2333)
   Mode, Frequency 
      1     88.6093 cm^-1  (      2.6564 THz )
      2    105.4677 cm^-1  (      3.1618 THz )
      3    172.3707 cm^-1  (      5.1675 THz )
      4    569.8805 cm^-1  (     17.0846 THz )
      5    579.7782 cm^-1  (     17.3813 THz )
      6    584.2376 cm^-1  (     17.5150 THz )

 # Irred. k point  427 : (  0.0667,  0.1333,  0.2667)
   Mode, Frequency 
      1     99.6853 cm^-1  (      2.9885 THz )
      2    118.8875 cm^-1  (      3.5642 THz )
      3    196.4590 cm^-1  (      5.8897 THz )
      4    561.4148 cm^-1  (     16.8308 THz )
      5    576.2601 cm^-1  (     17.2758 THz )
      6    581.4114 cm^-1  (     17.4303 THz )

 # Irred. k point  428 : (  0.0667,  0.1333,  0.3000)
   Mode, Frequency 
      1    110.9030 cm^-1  (      3.3248 THz )
      2    131.4609 cm^-1  (      3.9411 THz )
      3    221.2458 cm^-1  (      6.6328 THz )
      4    551.3882 cm^-1  (     16.5302 THz )
      5    572.6366 cm^-1  (     17.1672 THz )
      6    578.2123 cm^-1  (     17.3344 THz )

 # Irred. k point  429 : (  0.0667,  0.1333,  0.3333)
   Mode, Frequency 
      1    121.8316 cm^-1  (      3.6524 THz )
      2    143.0276 cm^-1  (      4.2879 THz )
      3    246.2661 cm^-1  (      7.3829 THz )
      4    539.8961 cm^-1  (     16.1857 THz )
      5    569.0214 cm^-1  (     17.0588 THz )
      6    574.7562 cm^-1  (     17.2308 THz )

 # Irred. k point  430 : (  0.0667,  0.1333,  0.3667)
   Mode, Frequency 
      1    132.1197 cm^-1  (      3.9608 THz )
      2    153.4258 cm^-1  (      4.5996 THz )
      3    271.1785 cm^-1  (      8.1297 THz )
      4    527.0336 cm^-1  (     15.8001 THz )
      5    565.5564 cm^-1  (     16.9550 THz )
      6    571.1799 cm^-1  (     17.1235 THz )

 # Irred. k point  431 : (  0.0667,  0.1333,  0.4000)
   Mode, Frequency 
      1    141.4631 cm^-1  (      4.2410 THz )
      2    162.4985 cm^-1  (      4.8716 THz )
      3    295.6966 cm^-1  (      8.8648 THz )
      4    512.9194 cm^-1  (     15.3769 THz )
      5    562.3959 cm^-1  (     16.8602 THz )
      6    567.6362 cm^-1  (     17.0173 THz )

 # Irred. k point  432 : (  0.0667,  0.1333,  0.4333)
   Mode, Frequency 
      1    149.5863 cm^-1  (      4.4845 THz )
      2    170.1034 cm^-1  (      5.0996 THz )
      3    319.5265 cm^-1  (      9.5792 THz )
      4    497.7300 cm^-1  (     14.9216 THz )
      5    559.6937 cm^-1  (     16.7792 THz )
      6    564.2876 cm^-1  (     16.9169 THz )

 # Irred. k point  433 : (  0.0667,  0.1333,  0.4667)
   Mode, Frequency 
      1    156.2349 cm^-1  (      4.6838 THz )
      2    176.1231 cm^-1  (      5.2800 THz )
      3    342.2706 cm^-1  (     10.2610 THz )
      4    481.7805 cm^-1  (     14.4434 THz )
      5    557.5912 cm^-1  (     16.7162 THz )
      6    561.2989 cm^-1  (     16.8273 THz )

 # Irred. k point  434 : (  0.0667,  0.1333, -0.5000)
   Mode, Frequency 
      1    161.1804 cm^-1  (      4.8321 THz )
      2    180.4719 cm^-1  (      5.4104 THz )
      3    363.1734 cm^-1  (     10.8877 THz )
      4    465.7688 cm^-1  (     13.9634 THz )
      5    556.2028 cm^-1  (     16.6745 THz )
      6    558.8288 cm^-1  (     16.7533 THz )

 # Irred. k point  435 : (  0.0667,  0.1333, -0.4667)
   Mode, Frequency 
      1    164.2336 cm^-1  (      4.9236 THz )
      2    183.0976 cm^-1  (      5.4891 THz )
      3    380.2342 cm^-1  (     11.3991 THz )
      4    451.6572 cm^-1  (     13.5403 THz )
      5    555.5972 cm^-1  (     16.6564 THz )
      6    557.0256 cm^-1  (     16.6992 THz )

 # Irred. k point  436 : (  0.0667,  0.1333, -0.4333)
   Mode, Frequency 
      1    165.2666 cm^-1  (      4.9546 THz )
      2    183.9751 cm^-1  (      5.5154 THz )
      3    387.7911 cm^-1  (     11.6257 THz )
      4    445.0858 cm^-1  (     13.3433 THz )
      5    555.6346 cm^-1  (     16.6575 THz )
      6    556.1691 cm^-1  (     16.6735 THz )

 # Irred. k point  437 : (  0.0667,  0.1667,  0.2333)
   Mode, Frequency 
      1     96.9591 cm^-1  (      2.9068 THz )
      2    109.4145 cm^-1  (      3.2802 THz )
      3    177.2398 cm^-1  (      5.3135 THz )
      4    569.4018 cm^-1  (     17.0702 THz )
      5    578.0961 cm^-1  (     17.3309 THz )
      6    582.0655 cm^-1  (     17.4499 THz )

 # Irred. k point  438 : (  0.0667,  0.1667,  0.2667)
   Mode, Frequency 
      1    106.6515 cm^-1  (      3.1973 THz )
      2    123.1210 cm^-1  (      3.6911 THz )
      3    198.4383 cm^-1  (      5.9490 THz )
      4    561.6706 cm^-1  (     16.8385 THz )
      5    574.4886 cm^-1  (     17.2227 THz )
      6    579.4947 cm^-1  (     17.3728 THz )

 # Irred. k point  439 : (  0.0667,  0.1667,  0.3000)
   Mode, Frequency 
      1    116.9257 cm^-1  (      3.5053 THz )
      2    136.2004 cm^-1  (      4.0832 THz )
      3    220.8006 cm^-1  (      6.6194 THz )
      4    552.2671 cm^-1  (     16.5566 THz )
      5    570.8168 cm^-1  (     17.1127 THz )
      6    576.5621 cm^-1  (     17.2849 THz )

 # Irred. k point  440 : (  0.0667,  0.1667,  0.3333)
   Mode, Frequency 
      1    127.2557 cm^-1  (      3.8150 THz )
      2    148.4177 cm^-1  (      4.4495 THz )
      3    243.8053 cm^-1  (      7.3091 THz )
      4    541.3344 cm^-1  (     16.2288 THz )
      5    567.1648 cm^-1  (     17.0032 THz )
      6    573.3498 cm^-1  (     17.1886 THz )

 # Irred. k point  441 : (  0.0667,  0.1667,  0.3667)
   Mode, Frequency 
      1    137.1905 cm^-1  (      4.1129 THz )
      2    159.5801 cm^-1  (      4.7841 THz )
      3    267.0608 cm^-1  (      8.0063 THz )
      4    528.9898 cm^-1  (     15.8587 THz )
      5    563.6577 cm^-1  (     16.8980 THz )
      6    569.9739 cm^-1  (     17.0874 THz )

 # Irred. k point  442 : (  0.0667,  0.1667,  0.4000)
   Mode, Frequency 
      1    146.3424 cm^-1  (      4.3872 THz )
      2    169.5204 cm^-1  (      5.0821 THz )
      3    290.2432 cm^-1  (      8.7013 THz )
      4    515.3583 cm^-1  (     15.4501 THz )
      5    560.4419 cm^-1  (     16.8016 THz )
      6    566.5710 cm^-1  (     16.9854 THz )

 # Irred. k point  443 : (  0.0667,  0.1667,  0.4333)
   Mode, Frequency 
      1    154.3711 cm^-1  (      4.6279 THz )
      2    178.0953 cm^-1  (      5.3392 THz )
      3    313.0405 cm^-1  (      9.3847 THz )
      4    500.6076 cm^-1  (     15.0078 THz )
      5    557.6690 cm^-1  (     16.7185 THz )
      6    563.2910 cm^-1  (     16.8870 THz )

 # Irred. k point  444 : (  0.0667,  0.1667,  0.4667)
   Mode, Frequency 
      1    160.9767 cm^-1  (      4.8260 THz )
      2    185.1871 cm^-1  (      5.5518 THz )
      3    335.0738 cm^-1  (     10.0453 THz )
      4    485.0117 cm^-1  (     14.5403 THz )
      5    555.4813 cm^-1  (     16.6529 THz )
      6    560.2890 cm^-1  (     16.7970 THz )

 # Irred. k point  445 : (  0.0667,  0.1667, -0.5000)
   Mode, Frequency 
      1    165.9045 cm^-1  (      4.9737 THz )
      2    190.7008 cm^-1  (      5.7171 THz )
      3    355.7171 cm^-1  (     10.6641 THz )
      4    469.1216 cm^-1  (     14.0639 THz )
      5    553.9979 cm^-1  (     16.6084 THz )
      6    557.7176 cm^-1  (     16.7200 THz )

 # Irred. k point  446 : (  0.0667,  0.1667, -0.4667)
   Mode, Frequency 
      1    168.9606 cm^-1  (      5.0653 THz )
      2    194.5582 cm^-1  (      5.8327 THz )
      3    373.5249 cm^-1  (     11.1980 THz )
      4    454.3319 cm^-1  (     13.6205 THz )
      5    553.2983 cm^-1  (     16.5875 THz )
      6    555.7201 cm^-1  (     16.6601 THz )

 # Irred. k point  447 : (  0.0667,  0.1667, -0.4333)
   Mode, Frequency 
      1    170.0295 cm^-1  (      5.0974 THz )
      2    196.6907 cm^-1  (      5.8966 THz )
      3    384.4405 cm^-1  (     11.5252 THz )
      4    444.6701 cm^-1  (     13.3309 THz )
      5    553.3808 cm^-1  (     16.5899 THz )
      6    554.4520 cm^-1  (     16.6221 THz )

 # Irred. k point  448 : (  0.0667,  0.1667, -0.4000)
   Mode, Frequency 
      1    169.0852 cm^-1  (      5.0690 THz )
      2    197.0374 cm^-1  (      5.9070 THz )
      3    381.8164 cm^-1  (     11.4466 THz )
      4    446.7744 cm^-1  (     13.3940 THz )
      5    553.6209 cm^-1  (     16.5971 THz )
      6    554.6075 cm^-1  (     16.6267 THz )

 # Irred. k point  449 : (  0.0667,  0.1667, -0.3667)
   Mode, Frequency 
      1    166.1895 cm^-1  (      4.9822 THz )
      2    195.5505 cm^-1  (      5.8625 THz )
      3    367.6121 cm^-1  (     11.0207 THz )
      4    458.6966 cm^-1  (     13.7514 THz )
      5    553.9087 cm^-1  (     16.6058 THz )
      6    556.2747 cm^-1  (     16.6767 THz )

 # Irred. k point  450 : (  0.0667,  0.1667, -0.3333)
   Mode, Frequency 
      1    161.4774 cm^-1  (      4.8410 THz )
      2    192.2050 cm^-1  (      5.7622 THz )
      3    348.3551 cm^-1  (     10.4434 THz )
      4    473.9421 cm^-1  (     14.2084 THz )
      5    554.9126 cm^-1  (     16.6359 THz )
      6    558.6751 cm^-1  (     16.7487 THz )

 # Irred. k point  451 : (  0.0667,  0.1667, -0.3000)
   Mode, Frequency 
      1    155.1394 cm^-1  (      4.6510 THz )
      2    187.0065 cm^-1  (      5.6063 THz )
      3    326.9420 cm^-1  (      9.8015 THz )
      4    489.6713 cm^-1  (     14.6800 THz )
      5    556.6329 cm^-1  (     16.6874 THz )
      6    561.6219 cm^-1  (     16.8370 THz )

 # Irred. k point  452 : (  0.0667,  0.1667, -0.2667)
   Mode, Frequency 
      1    147.4050 cm^-1  (      4.4191 THz )
      2    179.9929 cm^-1  (      5.3961 THz )
      3    304.4552 cm^-1  (      9.1273 THz )
      4    504.8871 cm^-1  (     15.1361 THz )
      5    558.9873 cm^-1  (     16.7580 THz )
      6    564.9533 cm^-1  (     16.9369 THz )

 # Irred. k point  453 : (  0.0667,  0.1667, -0.2333)
   Mode, Frequency 
      1    138.5327 cm^-1  (      4.1531 THz )
      2    171.2304 cm^-1  (      5.1334 THz )
      3    281.4446 cm^-1  (      8.4375 THz )
      4    519.1590 cm^-1  (     15.5640 THz )
      5    561.8621 cm^-1  (     16.8442 THz )
      6    568.5027 cm^-1  (     17.0433 THz )

 # Irred. k point  454 : (  0.0667,  0.1667, -0.2000)
   Mode, Frequency 
      1    128.8074 cm^-1  (      3.8615 THz )
      2    160.8080 cm^-1  (      4.8209 THz )
      3    258.3064 cm^-1  (      7.7438 THz )
      4    532.2507 cm^-1  (     15.9565 THz )
      5    565.1288 cm^-1  (     16.9421 THz )
      6    572.1058 cm^-1  (     17.1513 THz )

 # Irred. k point  455 : (  0.0667,  0.1667, -0.1667)
   Mode, Frequency 
      1    118.5469 cm^-1  (      3.5539 THz )
      2    148.8347 cm^-1  (      4.4620 THz )
      3    235.4105 cm^-1  (      7.0574 THz )
      4    544.0013 cm^-1  (     16.3087 THz )
      5    568.6580 cm^-1  (     17.0479 THz )
      6    575.6080 cm^-1  (     17.2563 THz )

 # Irred. k point  456 : (  0.0667,  0.1667, -0.1333)
   Mode, Frequency 
      1    108.1179 cm^-1  (      3.2413 THz )
      2    135.4509 cm^-1  (      4.0607 THz )
      3    213.1520 cm^-1  (      6.3901 THz )
      4    554.2762 cm^-1  (     16.6168 THz )
      5    572.3346 cm^-1  (     17.1582 THz )
      6    578.8702 cm^-1  (     17.3541 THz )

 # Irred. k point  457 : (  0.0667,  0.1667, -0.1000)
   Mode, Frequency 
      1     97.9602 cm^-1  (      2.9368 THz )
      2    120.8687 cm^-1  (      3.6236 THz )
      3    191.9739 cm^-1  (      5.7552 THz )
      4    562.9433 cm^-1  (     16.8766 THz )
      5    576.0688 cm^-1  (     17.2701 THz )
      6    581.7754 cm^-1  (     17.4412 THz )

 # Irred. k point  458 : (  0.0667,  0.2000,  0.2667)
   Mode, Frequency 
      1    115.7685 cm^-1  (      3.4707 THz )
      2    127.3738 cm^-1  (      3.8186 THz )
      3    205.0638 cm^-1  (      6.1477 THz )
      4    560.8654 cm^-1  (     16.8143 THz )
      5    572.2134 cm^-1  (     17.1545 THz )
      6    576.4726 cm^-1  (     17.2822 THz )

 # Irred. k point  459 : (  0.0667,  0.2000,  0.3000)
   Mode, Frequency 
      1    124.9301 cm^-1  (      3.7453 THz )
      2    140.6554 cm^-1  (      4.2167 THz )
      3    224.7191 cm^-1  (      6.7369 THz )
      4    552.2217 cm^-1  (     16.5552 THz )
      5    568.4513 cm^-1  (     17.0417 THz )
      6    573.7661 cm^-1  (     17.2011 THz )

 # Irred. k point  460 : (  0.0667,  0.2000,  0.3333)
   Mode, Frequency 
      1    134.4891 cm^-1  (      4.0319 THz )
      2    153.4262 cm^-1  (      4.5996 THz )
      3    245.2604 cm^-1  (      7.3527 THz )
      4    541.9269 cm^-1  (     16.2466 THz )
      5    564.7409 cm^-1  (     16.9305 THz )
      6    570.8145 cm^-1  (     17.1126 THz )

 # Irred. k point  461 : (  0.0667,  0.2000,  0.3667)
   Mode, Frequency 
      1    143.9142 cm^-1  (      4.3144 THz )
      2    165.4193 cm^-1  (      4.9591 THz )
      3    266.3060 cm^-1  (      7.9837 THz )
      4    530.1497 cm^-1  (     15.8935 THz )
      5    561.1833 cm^-1  (     16.8239 THz )
      6    567.6914 cm^-1  (     17.0190 THz )

 # Irred. k point  462 : (  0.0667,  0.2000,  0.4000)
   Mode, Frequency 
      1    152.7316 cm^-1  (      4.5788 THz )
      2    176.4070 cm^-1  (      5.2885 THz )
      3    287.5483 cm^-1  (      8.6205 THz )
      4    517.0376 cm^-1  (     15.5004 THz )
      5    557.9124 cm^-1  (     16.7258 THz )
      6    564.5083 cm^-1  (     16.9235 THz )

 # Irred. k point  463 : (  0.0667,  0.2000,  0.4333)
   Mode, Frequency 
      1    160.5333 cm^-1  (      4.8127 THz )
      2    186.1943 cm^-1  (      5.5820 THz )
      3    308.6952 cm^-1  (      9.2545 THz )
      4    502.7608 cm^-1  (     15.0724 THz )
      5    555.0748 cm^-1  (     16.6407 THz )
      6    561.3968 cm^-1  (     16.8303 THz )

 # Irred. k point  464 : (  0.0667,  0.2000,  0.4667)
   Mode, Frequency 
      1    166.9778 cm^-1  (      5.0059 THz )
      2    194.6147 cm^-1  (      5.8344 THz )
      3    329.4034 cm^-1  (      9.8753 THz )
      4    487.5696 cm^-1  (     14.6170 THz )
      5    552.8131 cm^-1  (     16.5729 THz )
      6    558.4980 cm^-1  (     16.7434 THz )

 # Irred. k point  465 : (  0.0667,  0.2000, -0.5000)
   Mode, Frequency 
      1    171.7937 cm^-1  (      5.1502 THz )
      2    201.5247 cm^-1  (      6.0416 THz )
      3    349.1454 cm^-1  (     10.4671 THz )
      4    471.9203 cm^-1  (     14.1478 THz )
      5    551.2497 cm^-1  (     16.5261 THz )
      6    555.9535 cm^-1  (     16.6671 THz )

 # Irred. k point  466 : (  0.0667,  0.2000, -0.4667)
   Mode, Frequency 
      1    174.7886 cm^-1  (      5.2400 THz )
      2    206.7962 cm^-1  (      6.1996 THz )
      3    366.8320 cm^-1  (     10.9973 THz )
      4    456.8518 cm^-1  (     13.6961 THz )
      5    550.4724 cm^-1  (     16.5027 THz )
      6    553.8970 cm^-1  (     16.6054 THz )

 # Irred. k point  467 : (  0.0667,  0.2000, -0.4333)
   Mode, Frequency 
      1    175.8571 cm^-1  (      5.2721 THz )
      2    210.3109 cm^-1  (      6.3050 THz )
      3    379.6089 cm^-1  (     11.3804 THz )
      4    445.1887 cm^-1  (     13.3464 THz )
      5    550.5150 cm^-1  (     16.5040 THz )
      6    552.4540 cm^-1  (     16.5622 THz )

 # Irred. k point  468 : (  0.0667,  0.2000, -0.4000)
   Mode, Frequency 
      1    174.9824 cm^-1  (      5.2458 THz )
      2    211.9607 cm^-1  (      6.3544 THz )
      3    381.4702 cm^-1  (     11.4362 THz )
      4    442.9310 cm^-1  (     13.2787 THz )
      5    551.1942 cm^-1  (     16.5244 THz )
      6    551.8893 cm^-1  (     16.5452 THz )

 # Irred. k point  469 : (  0.0667,  0.2000, -0.3667)
   Mode, Frequency 
      1    172.2305 cm^-1  (      5.1633 THz )
      2    211.6514 cm^-1  (      6.3452 THz )
      3    370.7687 cm^-1  (     11.1154 THz )
      4    451.7470 cm^-1  (     13.5430 THz )
      5    551.4670 cm^-1  (     16.5326 THz )
      6    553.2429 cm^-1  (     16.5858 THz )

 # Irred. k point  470 : (  0.0667,  0.2000, -0.3333)
   Mode, Frequency 
      1    167.7373 cm^-1  (      5.0286 THz )
      2    209.3071 cm^-1  (      6.2749 THz )
      3    353.5413 cm^-1  (     10.5989 THz )
      4    465.6530 cm^-1  (     13.9599 THz )
      5    552.1762 cm^-1  (     16.5538 THz )
      6    555.5854 cm^-1  (     16.6560 THz )

 # Irred. k point  471 : (  0.0667,  0.2000, -0.3000)
   Mode, Frequency 
      1    161.6932 cm^-1  (      4.8474 THz )
      2    204.8728 cm^-1  (      6.1419 THz )
      3    333.7163 cm^-1  (     10.0046 THz )
      4    480.8108 cm^-1  (     14.4143 THz )
      5    553.5739 cm^-1  (     16.5957 THz )
      6    558.5057 cm^-1  (     16.7436 THz )

 # Irred. k point  472 : (  0.0667,  0.2000, -0.2667)
   Mode, Frequency 
      1    154.3296 cm^-1  (      4.6267 THz )
      2    198.3146 cm^-1  (      5.9453 THz )
      3    312.8434 cm^-1  (      9.3788 THz )
      4    495.8019 cm^-1  (     14.8638 THz )
      5    555.6169 cm^-1  (     16.6570 THz )
      6    561.8321 cm^-1  (     16.8433 THz )

 # Irred. k point  473 : (  0.0667,  0.2000, -0.2333)
   Mode, Frequency 
      1    145.9100 cm^-1  (      4.3743 THz )
      2    189.6208 cm^-1  (      5.6847 THz )
      3    291.6882 cm^-1  (      8.7446 THz )
      4    510.0334 cm^-1  (     15.2904 THz )
      5    558.2235 cm^-1  (     16.7351 THz )
      6    565.3956 cm^-1  (     16.9501 THz )

 # Irred. k point  474 : (  0.0667,  0.2000, -0.2000)
   Mode, Frequency 
      1    136.7275 cm^-1  (      4.0990 THz )
      2    178.8159 cm^-1  (      5.3608 THz )
      3    270.7701 cm^-1  (      8.1175 THz )
      4    523.1886 cm^-1  (     15.6848 THz )
      5    561.2963 cm^-1  (     16.8272 THz )
      6    569.0296 cm^-1  (     17.0591 THz )

 # Irred. k point  475 : (  0.0667,  0.2000, -0.1667)
   Mode, Frequency 
      1    127.1091 cm^-1  (      3.8106 THz )
      2    165.9959 cm^-1  (      4.9764 THz )
      3    250.5048 cm^-1  (      7.5099 THz )
      4    535.0552 cm^-1  (     16.0406 THz )
      5    564.7350 cm^-1  (     16.9303 THz )
      6    572.5770 cm^-1  (     17.1654 THz )

 # Irred. k point  476 : (  0.0667,  0.2000, -0.1333)
   Mode, Frequency 
      1    117.4276 cm^-1  (      3.5204 THz )
      2    151.3929 cm^-1  (      4.5386 THz )
      3    231.2213 cm^-1  (      6.9318 THz )
      4    545.4643 cm^-1  (     16.3526 THz )
      5    568.4458 cm^-1  (     17.0416 THz )
      6    575.8967 cm^-1  (     17.2649 THz )

 # Irred. k point  477 : (  0.0667,  0.2333,  0.3000)
   Mode, Frequency 
      1    134.1717 cm^-1  (      4.0224 THz )
      2    144.8716 cm^-1  (      4.3431 THz )
      3    232.7817 cm^-1  (      6.9786 THz )
      4    551.0853 cm^-1  (     16.5211 THz )
      5    565.6479 cm^-1  (     16.9577 THz )
      6    569.9823 cm^-1  (     17.0876 THz )

 # Irred. k point  478 : (  0.0667,  0.2333,  0.3333)
   Mode, Frequency 
      1    142.8570 cm^-1  (      4.2827 THz )
      2    157.6656 cm^-1  (      4.7267 THz )
      3    250.8967 cm^-1  (      7.5217 THz )
      4    541.5814 cm^-1  (     16.2362 THz )
      5    561.8523 cm^-1  (     16.8439 THz )
      6    567.2224 cm^-1  (     17.0049 THz )

 # Irred. k point  479 : (  0.0667,  0.2333,  0.3667)
   Mode, Frequency 
      1    151.6820 cm^-1  (      4.5473 THz )
      2    170.1512 cm^-1  (      5.1010 THz )
      3    269.5694 cm^-1  (      8.0815 THz )
      4    530.4603 cm^-1  (     15.9028 THz )
      5    558.2337 cm^-1  (     16.7354 THz )
      6    564.3519 cm^-1  (     16.9188 THz )

 # Irred. k point  480 : (  0.0667,  0.2333,  0.4000)
   Mode, Frequency 
      1    160.0907 cm^-1  (      4.7994 THz )
      2    182.0564 cm^-1  (      5.4579 THz )
      3    288.5249 cm^-1  (      8.6498 THz )
      4    517.9242 cm^-1  (     15.5270 THz )
      5    554.9078 cm^-1  (     16.6357 THz )
      6    561.4315 cm^-1  (     16.8313 THz )

 # Irred. k point  481 : (  0.0667,  0.2333,  0.4333)
   Mode, Frequency 
      1    167.6020 cm^-1  (      5.0246 THz )
      2    193.1045 cm^-1  (      5.7891 THz )
      3    307.5322 cm^-1  (      9.2196 THz )
      4    504.1643 cm^-1  (     15.1145 THz )
      5    552.0124 cm^-1  (     16.5489 THz )
      6    558.5635 cm^-1  (     16.7453 THz )

 # Irred. k point  482 : (  0.0667,  0.2333,  0.4667)
   Mode, Frequency 
      1    173.8314 cm^-1  (      5.2113 THz )
      2    203.0229 cm^-1  (      6.0865 THz )
      3    326.3287 cm^-1  (      9.7831 THz )
      4    489.4231 cm^-1  (     14.6725 THz )
      5    549.6880 cm^-1  (     16.4792 THz )
      6    555.8688 cm^-1  (     16.6645 THz )

 # Irred. k point  483 : (  0.0667,  0.2333, -0.5000)
   Mode, Frequency 
      1    178.4926 cm^-1  (      5.3511 THz )
      2    211.5564 cm^-1  (      6.3423 THz )
      3    344.5082 cm^-1  (     10.3281 THz )
      4    474.0965 cm^-1  (     14.2131 THz )
      5    548.0589 cm^-1  (     16.4304 THz )
      6    553.4735 cm^-1  (     16.5927 THz )

 # Irred. k point  484 : (  0.0667,  0.2333, -0.4667)
   Mode, Frequency 
      1    181.3937 cm^-1  (      5.4380 THz )
      2    218.4767 cm^-1  (      6.5498 THz )
      3    361.2546 cm^-1  (     10.8301 THz )
      4    458.9955 cm^-1  (     13.7603 THz )
      5    547.2184 cm^-1  (     16.4052 THz )
      6    551.4986 cm^-1  (     16.5335 THz )

 # Irred. k point  485 : (  0.0667,  0.2333, -0.4333)
   Mode, Frequency 
      1    182.4347 cm^-1  (      5.4693 THz )
      2    223.5847 cm^-1  (      6.7029 THz )
      3    374.5518 cm^-1  (     11.2288 THz )
      4    446.1398 cm^-1  (     13.3749 THz )
      5    547.2140 cm^-1  (     16.4051 THz )
      6    550.0534 cm^-1  (     16.4902 THz )

 # Irred. k point  486 : (  0.0667,  0.2333, -0.4000)
   Mode, Frequency 
      1    181.6030 cm^-1  (      5.4443 THz )
      2    226.7077 cm^-1  (      6.7965 THz )
      3    379.6745 cm^-1  (     11.3824 THz )
      4    440.2745 cm^-1  (     13.1991 THz )
      5    548.0190 cm^-1  (     16.4292 THz )
      6    549.2494 cm^-1  (     16.4661 THz )

 # Irred. k point  487 : (  0.0667,  0.2333, -0.3667)
   Mode, Frequency 
      1    178.9658 cm^-1  (      5.3653 THz )
      2    227.6927 cm^-1  (      6.8261 THz )
      3    372.7617 cm^-1  (     11.1751 THz )
      4    445.3098 cm^-1  (     13.3501 THz )
      5    548.8769 cm^-1  (     16.4549 THz )
      6    549.8485 cm^-1  (     16.4840 THz )

 # Irred. k point  488 : (  0.0667,  0.2333, -0.3333)
   Mode, Frequency 
      1    174.6588 cm^-1  (      5.2361 THz )
      2    226.3988 cm^-1  (      6.7873 THz )
      3    357.9521 cm^-1  (     10.7311 THz )
      4    457.1983 cm^-1  (     13.7065 THz )
      5    549.4391 cm^-1  (     16.4718 THz )
      6    552.1277 cm^-1  (     16.5524 THz )

 # Irred. k point  489 : (  0.0667,  0.2333, -0.3000)
   Mode, Frequency 
      1    168.8732 cm^-1  (      5.0627 THz )
      2    222.6898 cm^-1  (      6.6761 THz )
      3    339.9925 cm^-1  (     10.1927 THz )
      4    471.3394 cm^-1  (     14.1304 THz )
      5    550.6188 cm^-1  (     16.5071 THz )
      6    555.0345 cm^-1  (     16.6395 THz )

 # Irred. k point  490 : (  0.0667,  0.2333, -0.2667)
   Mode, Frequency 
      1    161.8430 cm^-1  (      4.8519 THz )
      2    216.4340 cm^-1  (      6.4885 THz )
      3    321.0330 cm^-1  (      9.6243 THz )
      4    485.7851 cm^-1  (     14.5635 THz )
      5    552.4286 cm^-1  (     16.5614 THz )
      6    558.3658 cm^-1  (     16.7394 THz )

 # Irred. k point  491 : (  0.0667,  0.2333, -0.2333)
   Mode, Frequency 
      1    153.8360 cm^-1  (      4.6119 THz )
      2    207.5296 cm^-1  (      6.2216 THz )
      3    302.1166 cm^-1  (      9.0572 THz )
      4    499.7291 cm^-1  (     14.9815 THz )
      5    554.8174 cm^-1  (     16.6330 THz )
      6    561.9493 cm^-1  (     16.8468 THz )

 # Irred. k point  492 : (  0.0667,  0.2333, -0.2000)
   Mode, Frequency 
      1    145.1505 cm^-1  (      4.3515 THz )
      2    195.9726 cm^-1  (      5.8751 THz )
      3    283.8665 cm^-1  (      8.5101 THz )
      4    512.7549 cm^-1  (     15.3720 THz )
      5    557.7169 cm^-1  (     16.7199 THz )
      6    565.6159 cm^-1  (     16.9567 THz )

 # Irred. k point  493 : (  0.0667,  0.2333, -0.1667)
   Mode, Frequency 
      1    136.1176 cm^-1  (      4.0807 THz )
      2    181.9648 cm^-1  (      5.4552 THz )
      3    266.6309 cm^-1  (      7.9934 THz )
      4    524.5952 cm^-1  (     15.7270 THz )
      5    561.0509 cm^-1  (     16.8199 THz )
      6    569.2062 cm^-1  (     17.0644 THz )

 # Irred. k point  494 : (  0.0667,  0.2667,  0.3333)
   Mode, Frequency 
      1    151.8356 cm^-1  (      4.5519 THz )
      2    161.5777 cm^-1  (      4.8440 THz )
      3    260.1361 cm^-1  (      7.7987 THz )
      4    540.0866 cm^-1  (     16.1914 THz )
      5    558.6138 cm^-1  (     16.7468 THz )
      6    562.8069 cm^-1  (     16.8725 THz )

 # Irred. k point  495 : (  0.0667,  0.2667,  0.3667)
   Mode, Frequency 
      1    160.0098 cm^-1  (      4.7970 THz )
      2    173.7904 cm^-1  (      5.2101 THz )
      3    276.7307 cm^-1  (      8.2962 THz )
      4    529.7925 cm^-1  (     15.8828 THz )
      5    554.9225 cm^-1  (     16.6362 THz )
      6    560.0913 cm^-1  (     16.7911 THz )

 # Irred. k point  496 : (  0.0667,  0.2667,  0.4000)
   Mode, Frequency 
      1    167.9834 cm^-1  (      5.0360 THz )
      2    185.9877 cm^-1  (      5.5758 THz )
      3    293.5191 cm^-1  (      8.7995 THz )
      4    517.9325 cm^-1  (     15.5272 THz )
      5    551.5421 cm^-1  (     16.5348 THz )
      6    557.4161 cm^-1  (     16.7109 THz )

 # Irred. k point  497 : (  0.0667,  0.2667,  0.4333)
   Mode, Frequency 
      1    175.1883 cm^-1  (      5.2520 THz )
      2    197.8976 cm^-1  (      5.9328 THz )
      3    310.2929 cm^-1  (      9.3023 THz )
      4    504.7541 cm^-1  (     15.1321 THz )
      5    548.5975 cm^-1  (     16.4465 THz )
      6    554.8254 cm^-1  (     16.6332 THz )

 # Irred. k point  498 : (  0.0667,  0.2667,  0.4667)
   Mode, Frequency 
      1    181.1863 cm^-1  (      5.4318 THz )
      2    209.1594 cm^-1  (      6.2704 THz )
      3    326.8686 cm^-1  (      9.7993 THz )
      4    490.5140 cm^-1  (     14.7052 THz )
      5    546.2238 cm^-1  (     16.3754 THz )
      6    552.4067 cm^-1  (     16.5607 THz )

 # Irred. k point  499 : (  0.0667,  0.2667, -0.5000)
   Mode, Frequency 
      1    185.6732 cm^-1  (      5.5663 THz )
      2    219.3675 cm^-1  (      6.5765 THz )
      3    342.9815 cm^-1  (     10.2823 THz )
      4    475.5750 cm^-1  (     14.2574 THz )
      5    544.5455 cm^-1  (     16.3251 THz )
      6    550.2637 cm^-1  (     16.4965 THz )

 # Irred. k point  500 : (  0.0667,  0.2667, -0.4667)
   Mode, Frequency 
      1    188.4574 cm^-1  (      5.6498 THz )
      2    228.1261 cm^-1  (      6.8390 THz )
      3    358.0757 cm^-1  (     10.7348 THz )
      4    460.5995 cm^-1  (     13.8084 THz )
      5    543.6583 cm^-1  (     16.2985 THz )
      6    548.5005 cm^-1  (     16.4436 THz )

 # Irred. k point  501 : (  0.0667,  0.2667, -0.4333)
   Mode, Frequency 
      1    189.4430 cm^-1  (      5.6794 THz )
      2    235.0829 cm^-1  (      7.0476 THz )
      3    370.7616 cm^-1  (     11.1152 THz )
      4    447.0840 cm^-1  (     13.4032 THz )
      5    543.6162 cm^-1  (     16.2972 THz )
      6    547.2107 cm^-1  (     16.4050 THz )

 # Irred. k point  502 : (  0.0667,  0.2667, -0.4000)
   Mode, Frequency 
      1    188.6204 cm^-1  (      5.6547 THz )
      2    239.9371 cm^-1  (      7.1931 THz )
      3    377.5916 cm^-1  (     11.3199 THz )
      4    438.5850 cm^-1  (     13.1484 THz )
      5    544.4197 cm^-1  (     16.3213 THz )
      6    546.4730 cm^-1  (     16.3828 THz )

 # Irred. k point  503 : (  0.0667,  0.2667, -0.3667)
   Mode, Frequency 
      1    186.0583 cm^-1  (      5.5779 THz )
      2    242.4273 cm^-1  (      7.2678 THz )
      3    374.0929 cm^-1  (     11.2150 THz )
      4    439.7039 cm^-1  (     13.1820 THz )
      5    545.9292 cm^-1  (     16.3665 THz )
      6    546.4307 cm^-1  (     16.3816 THz )

 # Irred. k point  504 : (  0.0667,  0.2667, -0.3333)
   Mode, Frequency 
      1    181.8935 cm^-1  (      5.4530 THz )
      2    242.3068 cm^-1  (      7.2642 THz )
      3    361.9587 cm^-1  (     10.8512 THz )
      4    448.9213 cm^-1  (     13.4583 THz )
      5    546.7295 cm^-1  (     16.3905 THz )
      6    548.4307 cm^-1  (     16.4415 THz )

 # Irred. k point  505 : (  0.0667,  0.2667, -0.3000)
   Mode, Frequency 
      1    176.3188 cm^-1  (      5.2859 THz )
      2    239.3217 cm^-1  (      7.1747 THz )
      3    346.1351 cm^-1  (     10.3769 THz )
      4    461.5330 cm^-1  (     13.8364 THz )
      5    547.8279 cm^-1  (     16.4235 THz )
      6    551.3353 cm^-1  (     16.5286 THz )

 # Irred. k point  506 : (  0.0667,  0.2667, -0.2667)
   Mode, Frequency 
      1    169.5709 cm^-1  (      5.0836 THz )
      2    233.2203 cm^-1  (      6.9918 THz )
      3    329.4143 cm^-1  (      9.8756 THz )
      4    475.0478 cm^-1  (     14.2416 THz )
      5    549.5128 cm^-1  (     16.4740 THz )
      6    554.6799 cm^-1  (     16.6289 THz )

 # Irred. k point  507 : (  0.0667,  0.2667, -0.2333)
   Mode, Frequency 
      1    161.9210 cm^-1  (      4.8543 THz )
      2    223.8365 cm^-1  (      6.7105 THz )
      3    313.1308 cm^-1  (      9.3874 THz )
      4    488.4101 cm^-1  (     14.6422 THz )
      5    551.7559 cm^-1  (     16.5412 THz )
      6    558.2875 cm^-1  (     16.7370 THz )

 # Irred. k point  508 : (  0.0667,  0.2667, -0.2000)
   Mode, Frequency 
      1    153.6703 cm^-1  (      4.6069 THz )
      2    211.2592 cm^-1  (      6.3334 THz )
      3    297.9108 cm^-1  (      8.9311 THz )
      4    501.0880 cm^-1  (     15.0222 THz )
      5    554.5104 cm^-1  (     16.6238 THz )
      6    561.9868 cm^-1  (     16.8479 THz )

 # Irred. k point  509 : (  0.0667,  0.3000,  0.3667)
   Mode, Frequency 
      1    168.4547 cm^-1  (      5.0501 THz )
      2    177.1623 cm^-1  (      5.3112 THz )
      3    286.9290 cm^-1  (      8.6019 THz )
      4    527.8814 cm^-1  (     15.8255 THz )
      5    551.3747 cm^-1  (     16.5298 THz )
      6    555.2254 cm^-1  (     16.6452 THz )

 # Irred. k point  510 : (  0.0667,  0.3000,  0.4000)
   Mode, Frequency 
      1    176.0098 cm^-1  (      5.2766 THz )
      2    188.6699 cm^-1  (      5.6562 THz )
      3    302.0303 cm^-1  (      9.0546 THz )
      4    516.8865 cm^-1  (     15.4959 THz )
      5    547.9431 cm^-1  (     16.4269 THz )
      6    552.6693 cm^-1  (     16.5686 THz )

 # Irred. k point  511 : (  0.0667,  0.3000,  0.4333)
   Mode, Frequency 
      1    182.9354 cm^-1  (      5.4843 THz )
      2    200.5391 cm^-1  (      6.0120 THz )
      3    316.9414 cm^-1  (      9.5017 THz )
      4    504.4018 cm^-1  (     15.1216 THz )
      5    544.9616 cm^-1  (     16.3375 THz )
      6    550.3198 cm^-1  (     16.4982 THz )

 # Irred. k point  512 : (  0.0667,  0.3000,  0.4667)
   Mode, Frequency 
      1    188.7144 cm^-1  (      5.6575 THz )
      2    212.4571 cm^-1  (      6.3693 THz )
      3    331.4780 cm^-1  (      9.9375 THz )
      4    490.7366 cm^-1  (     14.7119 THz )
      5    542.5564 cm^-1  (     16.2654 THz )
      6    548.2007 cm^-1  (     16.4346 THz )

 # Irred. k point  513 : (  0.0667,  0.3000, -0.5000)
   Mode, Frequency 
      1    193.0210 cm^-1  (      5.7866 THz )
      2    223.9324 cm^-1  (      6.7133 THz )
      3    345.4565 cm^-1  (     10.3565 THz )
      4    476.2501 cm^-1  (     14.2776 THz )
      5    540.8490 cm^-1  (     16.2142 THz )
      6    546.3784 cm^-1  (     16.3800 THz )

 # Irred. k point  514 : (  0.0667,  0.3000, -0.4667)
   Mode, Frequency 
      1    195.6678 cm^-1  (      5.8660 THz )
      2    234.4002 cm^-1  (      7.0271 THz )
      3    358.5330 cm^-1  (     10.7485 THz )
      4    461.5116 cm^-1  (     13.8358 THz )
      5    539.9358 cm^-1  (     16.1869 THz )
      6    544.9321 cm^-1  (     16.3367 THz )

 # Irred. k point  515 : (  0.0667,  0.3000, -0.4333)
   Mode, Frequency 
      1    196.5669 cm^-1  (      5.8929 THz )
      2    243.3001 cm^-1  (      7.2940 THz )
      3    369.8130 cm^-1  (     11.0867 THz )
      4    447.6774 cm^-1  (     13.4210 THz )
      5    539.8731 cm^-1  (     16.1850 THz )
      6    543.9355 cm^-1  (     16.3068 THz )

 # Irred. k point  516 : (  0.0667,  0.3000, -0.4000)
   Mode, Frequency 
      1    195.7138 cm^-1  (      5.8674 THz )
      2    250.1136 cm^-1  (      7.4982 THz )
      3    376.9245 cm^-1  (     11.2999 THz )
      4    437.4046 cm^-1  (     13.1131 THz )
      5    540.6678 cm^-1  (     16.2088 THz )
      6    543.4462 cm^-1  (     16.2921 THz )

 # Irred. k point  517 : (  0.0667,  0.3000, -0.3667)
   Mode, Frequency 
      1    193.1806 cm^-1  (      5.7914 THz )
      2    254.3694 cm^-1  (      7.6258 THz )
      3    375.8345 cm^-1  (     11.2672 THz )
      4    435.0352 cm^-1  (     13.0420 THz )
      5    542.2713 cm^-1  (     16.2569 THz )
      6    543.5044 cm^-1  (     16.2939 THz )

 # Irred. k point  518 : (  0.0667,  0.3000, -0.3333)
   Mode, Frequency 
      1    189.1067 cm^-1  (      5.6693 THz )
      2    255.6218 cm^-1  (      7.6634 THz )
      3    366.2943 cm^-1  (     10.9812 THz )
      4    441.1699 cm^-1  (     13.2259 THz )
      5    544.0622 cm^-1  (     16.3106 THz )
      6    544.6537 cm^-1  (     16.3283 THz )

 # Irred. k point  519 : (  0.0667,  0.3000, -0.3000)
   Mode, Frequency 
      1    183.6875 cm^-1  (      5.5068 THz )
      2    253.4303 cm^-1  (      7.5977 THz )
      3    352.7761 cm^-1  (     10.5760 THz )
      4    451.7490 cm^-1  (     13.5431 THz )
      5    545.2397 cm^-1  (     16.3459 THz )
      6    547.5593 cm^-1  (     16.4154 THz )

 # Irred. k point  520 : (  0.0667,  0.3000, -0.2667)
   Mode, Frequency 
      1    177.1628 cm^-1  (      5.3112 THz )
      2    247.4088 cm^-1  (      7.4171 THz )
      3    338.5726 cm^-1  (     10.1502 THz )
      4    463.9012 cm^-1  (     13.9074 THz )
      5    546.9254 cm^-1  (     16.3964 THz )
      6    550.9237 cm^-1  (     16.5163 THz )

 # Irred. k point  521 : (  0.0667,  0.3000, -0.2333)
   Mode, Frequency 
      1    169.8064 cm^-1  (      5.0907 THz )
      2    237.4222 cm^-1  (      7.1177 THz )
      3    325.2072 cm^-1  (      9.7495 THz )
      4    476.3370 cm^-1  (     14.2802 THz )
      5    549.1092 cm^-1  (     16.4619 THz )
      6    554.5576 cm^-1  (     16.6252 THz )

 # Irred. k point  522 : (  0.0667,  0.3333,  0.4000)
   Mode, Frequency 
      1    183.7013 cm^-1  (      5.5072 THz )
      2    191.2698 cm^-1  (      5.7341 THz )
      3    313.0016 cm^-1  (      9.3836 THz )
      4    514.4666 cm^-1  (     15.4233 THz )
      5    544.2472 cm^-1  (     16.3161 THz )
      6    547.5899 cm^-1  (     16.4163 THz )

 # Irred. k point  523 : (  0.0667,  0.3333,  0.4333)
   Mode, Frequency 
      1    190.4633 cm^-1  (      5.7099 THz )
      2    201.9262 cm^-1  (      6.0536 THz )
      3    326.6395 cm^-1  (      9.7924 THz )
      4    502.8784 cm^-1  (     15.0759 THz )
      5    541.2482 cm^-1  (     16.2262 THz )
      6    545.3294 cm^-1  (     16.3486 THz )

 # Irred. k point  524 : (  0.0667,  0.3333,  0.4667)
   Mode, Frequency 
      1    196.0885 cm^-1  (      5.8786 THz )
      2    213.3828 cm^-1  (      6.3971 THz )
      3    339.6975 cm^-1  (     10.1839 THz )
      4    489.9125 cm^-1  (     14.6872 THz )
      5    538.8363 cm^-1  (     16.1539 THz )
      6    543.4536 cm^-1  (     16.2923 THz )

 # Irred. k point  525 : (  0.0667,  0.3333, -0.5000)
   Mode, Frequency 
      1    200.2278 cm^-1  (      6.0027 THz )
      2    225.1858 cm^-1  (      6.7509 THz )
      3    351.9770 cm^-1  (     10.5520 THz )
      4    475.9646 cm^-1  (     14.2691 THz )
      5    537.1267 cm^-1  (     16.1027 THz )
      6    541.9632 cm^-1  (     16.2476 THz )

 # Irred. k point  526 : (  0.0667,  0.3333, -0.4667)
   Mode, Frequency 
      1    202.7205 cm^-1  (      6.0774 THz )
      2    236.6803 cm^-1  (      7.0955 THz )
      3    363.2291 cm^-1  (     10.8893 THz )
      4    461.5586 cm^-1  (     13.8372 THz )
      5    536.2137 cm^-1  (     16.0753 THz )
      6    540.8962 cm^-1  (     16.2157 THz )

 # Irred. k point  527 : (  0.0667,  0.3333, -0.4333)
   Mode, Frequency 
      1    203.4995 cm^-1  (      6.1008 THz )
      2    247.1430 cm^-1  (      7.4092 THz )
      3    372.8867 cm^-1  (     11.1789 THz )
      4    447.6327 cm^-1  (     13.4197 THz )
      5    536.1535 cm^-1  (     16.0735 THz )
      6    540.2970 cm^-1  (     16.1977 THz )

 # Irred. k point  528 : (  0.0667,  0.3333, -0.4000)
   Mode, Frequency 
      1    202.5723 cm^-1  (      6.0730 THz )
      2    255.8248 cm^-1  (      7.6694 THz )
      3    379.3779 cm^-1  (     11.3735 THz )
      4    436.2310 cm^-1  (     13.0779 THz )
      5    536.9544 cm^-1  (     16.0975 THz )
      6    540.1971 cm^-1  (     16.1947 THz )

 # Irred. k point  529 : (  0.0667,  0.3333, -0.3667)
   Mode, Frequency 
      1    200.0175 cm^-1  (      5.9964 THz )
      2    261.9644 cm^-1  (      7.8535 THz )
      3    379.4841 cm^-1  (     11.3766 THz )
      4    431.1406 cm^-1  (     12.9253 THz )
      5    538.5736 cm^-1  (     16.1460 THz )
      6    540.6066 cm^-1  (     16.2070 THz )

 # Irred. k point  530 : (  0.0667,  0.3333, -0.3333)
   Mode, Frequency 
      1    195.9790 cm^-1  (      5.8753 THz )
      2    264.7942 cm^-1  (      7.9383 THz )
      3    371.9847 cm^-1  (     11.1518 THz )
      4    434.2378 cm^-1  (     13.0181 THz )
      5    540.9186 cm^-1  (     16.2163 THz )
      6    541.5173 cm^-1  (     16.2343 THz )

 # Irred. k point  531 : (  0.0667,  0.3333, -0.3000)
   Mode, Frequency 
      1    190.6563 cm^-1  (      5.7157 THz )
      2    263.5774 cm^-1  (      7.9019 THz )
      3    360.6632 cm^-1  (     10.8124 THz )
      4    442.4375 cm^-1  (     13.2639 THz )
      5    542.8877 cm^-1  (     16.2754 THz )
      6    543.8749 cm^-1  (     16.3050 THz )

 # Irred. k point  532 : (  0.0667,  0.3333, -0.2667)
   Mode, Frequency 
      1    184.2921 cm^-1  (      5.5249 THz )
      2    257.7789 cm^-1  (      7.7280 THz )
      3    349.0306 cm^-1  (     10.4637 THz )
      4    452.7928 cm^-1  (     13.5744 THz )
      5    544.7059 cm^-1  (     16.3299 THz )
      6    547.2635 cm^-1  (     16.4065 THz )

 # Irred. k point  533 : (  0.0667,  0.3667,  0.4333)
   Mode, Frequency 
      1    197.2063 cm^-1  (      5.9121 THz )
      2    203.5085 cm^-1  (      6.1010 THz )
      3    338.2238 cm^-1  (     10.1397 THz )
      4    499.8261 cm^-1  (     14.9844 THz )
      5    537.6014 cm^-1  (     16.1169 THz )
      6    540.3216 cm^-1  (     16.1984 THz )

 # Irred. k point  534 : (  0.0667,  0.3667,  0.4667)
   Mode, Frequency 
      1    202.9361 cm^-1  (      6.0839 THz )
      2    213.1631 cm^-1  (      6.3905 THz )
      3    350.4294 cm^-1  (     10.5056 THz )
      4    487.7665 cm^-1  (     14.6229 THz )
      5    535.2200 cm^-1  (     16.0455 THz )
      6    538.5151 cm^-1  (     16.1443 THz )

 # Irred. k point  535 : (  0.0667,  0.3667, -0.5000)
   Mode, Frequency 
      1    206.9856 cm^-1  (      6.2053 THz )
      2    224.0687 cm^-1  (      6.7174 THz )
      3    361.6723 cm^-1  (     10.8427 THz )
      4    474.4919 cm^-1  (     14.2249 THz )
      5    533.5459 cm^-1  (     15.9953 THz )
      6    537.2788 cm^-1  (     16.1072 THz )

 # Irred. k point  536 : (  0.0667,  0.3667, -0.4667)
   Mode, Frequency 
      1    209.3195 cm^-1  (      6.2752 THz )
      2    235.4899 cm^-1  (      7.0598 THz )
      3    371.7036 cm^-1  (     11.1434 THz )
      4    460.5262 cm^-1  (     13.8062 THz )
      5    532.6676 cm^-1  (     15.9690 THz )
      6    536.5868 cm^-1  (     16.0865 THz )

 # Irred. k point  537 : (  0.0667,  0.3667, -0.4333)
   Mode, Frequency 
      1    209.9450 cm^-1  (      6.2940 THz )
      2    246.6041 cm^-1  (      7.3930 THz )
      3    380.1102 cm^-1  (     11.3954 THz )
      4    446.6795 cm^-1  (     13.3911 THz )
      5    532.6388 cm^-1  (     15.9681 THz )
      6    536.4376 cm^-1  (     16.0820 THz )

 # Irred. k point  538 : (  0.0667,  0.3667, -0.4000)
   Mode, Frequency 
      1    208.8978 cm^-1  (      6.2626 THz )
      2    256.5230 cm^-1  (      7.6904 THz )
      3    385.7957 cm^-1  (     11.5659 THz )
      4    434.6148 cm^-1  (     13.0294 THz )
      5    533.4675 cm^-1  (     15.9930 THz )
      6    536.8240 cm^-1  (     16.0936 THz )

 # Irred. k point  539 : (  0.0667,  0.3667, -0.3667)
   Mode, Frequency 
      1    206.2688 cm^-1  (      6.1838 THz )
      2    264.2515 cm^-1  (      7.9221 THz )
      3    386.1676 cm^-1  (     11.5770 THz )
      4    427.6991 cm^-1  (     12.8221 THz )
      5    535.1125 cm^-1  (     16.0423 THz )
      6    537.7178 cm^-1  (     16.1204 THz )

 # Irred. k point  540 : (  0.0667,  0.3667, -0.3333)
   Mode, Frequency 
      1    202.2091 cm^-1  (      6.0621 THz )
      2    268.6815 cm^-1  (      8.0549 THz )
      3    379.7389 cm^-1  (     11.3843 THz )
      4    428.4003 cm^-1  (     12.8431 THz )
      5    537.4856 cm^-1  (     16.1134 THz )
      6    539.0684 cm^-1  (     16.1609 THz )

 # Irred. k point  541 : (  0.0667,  0.3667, -0.3000)
   Mode, Frequency 
      1    196.9228 cm^-1  (      5.9036 THz )
      2    268.7046 cm^-1  (      8.0556 THz )
      3    370.0553 cm^-1  (     11.0940 THz )
      4    434.2378 cm^-1  (     13.0181 THz )
      5    540.4588 cm^-1  (     16.2025 THz )
      6    540.8130 cm^-1  (     16.2132 THz )

 # Irred. k point  542 : (  0.0667,  0.4000,  0.4667)
   Mode, Frequency 
      1    208.5611 cm^-1  (      6.2525 THz )
      2    213.4579 cm^-1  (      6.3993 THz )
      3    362.4869 cm^-1  (     10.8671 THz )
      4    483.9389 cm^-1  (     14.5081 THz )
      5    531.8502 cm^-1  (     15.9445 THz )
      6    533.8889 cm^-1  (     16.0056 THz )

 # Irred. k point  543 : (  0.0667,  0.4000, -0.5000)
   Mode, Frequency 
      1    212.9523 cm^-1  (      6.3842 THz )
      2    221.9887 cm^-1  (      6.6551 THz )
      3    373.2932 cm^-1  (     11.1910 THz )
      4    471.5372 cm^-1  (     14.1363 THz )
      5    530.2697 cm^-1  (     15.8971 THz )
      6    532.7137 cm^-1  (     15.9704 THz )

 # Irred. k point  544 : (  0.0667,  0.4000, -0.4667)
   Mode, Frequency 
      1    215.1798 cm^-1  (      6.4509 THz )
      2    232.1400 cm^-1  (      6.9594 THz )
      3    382.7658 cm^-1  (     11.4750 THz )
      4    458.1566 cm^-1  (     13.7352 THz )
      5    529.4744 cm^-1  (     15.8732 THz )
      6    532.2975 cm^-1  (     15.9579 THz )

 # Irred. k point  545 : (  0.0667,  0.4000, -0.4333)
   Mode, Frequency 
      1    215.6235 cm^-1  (      6.4642 THz )
      2    242.7820 cm^-1  (      7.2784 THz )
      3    390.5402 cm^-1  (     11.7081 THz )
      4    444.5448 cm^-1  (     13.3271 THz )
      5    529.5121 cm^-1  (     15.8744 THz )
      6    532.5773 cm^-1  (     15.9663 THz )

 # Irred. k point  546 : (  0.0667,  0.4000, -0.4000)
   Mode, Frequency 
      1    214.4102 cm^-1  (      6.4279 THz )
      2    252.9432 cm^-1  (      7.5830 THz )
      3    395.7066 cm^-1  (     11.8630 THz )
      4    432.1857 cm^-1  (     12.9566 THz )
      5    530.3919 cm^-1  (     15.9008 THz )
      6    533.4888 cm^-1  (     15.9936 THz )

 # Irred. k point  547 : (  0.0667,  0.4000, -0.3667)
   Mode, Frequency 
      1    211.6546 cm^-1  (      6.3452 THz )
      2    261.5337 cm^-1  (      7.8406 THz )
      3    395.6515 cm^-1  (     11.8613 THz )
      4    424.5399 cm^-1  (     12.7274 THz )
      5    532.0769 cm^-1  (     15.9513 THz )
      6    534.9472 cm^-1  (     16.0373 THz )

 # Irred. k point  548 : (  0.0667,  0.4000, -0.3333)
   Mode, Frequency 
      1    207.5175 cm^-1  (      6.2212 THz )
      2    267.2504 cm^-1  (      8.0120 THz )
      3    388.8133 cm^-1  (     11.6563 THz )
      4    424.3374 cm^-1  (     12.7213 THz )
      5    534.4836 cm^-1  (     16.0234 THz )
      6    536.8454 cm^-1  (     16.0942 THz )

 # Irred. k point  549 : (  0.0667,  0.4333, -0.5000)
   Mode, Frequency 
      1    217.3405 cm^-1  (      6.5157 THz )
      2    220.6977 cm^-1  (      6.6164 THz )
      3    385.7003 cm^-1  (     11.5630 THz )
      4    466.7883 cm^-1  (     13.9940 THz )
      5    527.4207 cm^-1  (     15.8117 THz )
      6    528.7658 cm^-1  (     15.8520 THz )

 # Irred. k point  550 : (  0.0667,  0.4333, -0.4667)
   Mode, Frequency 
      1    220.0199 cm^-1  (      6.5960 THz )
      2    228.0623 cm^-1  (      6.8371 THz )
      3    395.1405 cm^-1  (     11.8460 THz )
      4    454.1771 cm^-1  (     13.6159 THz )
      5    526.7926 cm^-1  (     15.7928 THz )
      6    528.4080 cm^-1  (     15.8413 THz )

 # Irred. k point  551 : (  0.0667,  0.4333, -0.4333)
   Mode, Frequency 
      1    220.2797 cm^-1  (      6.6038 THz )
      2    237.1829 cm^-1  (      7.1106 THz )
      3    402.8479 cm^-1  (     12.0771 THz )
      4    440.9638 cm^-1  (     13.2198 THz )
      5    526.9422 cm^-1  (     15.7973 THz )
      6    529.0036 cm^-1  (     15.8591 THz )

 # Irred. k point  552 : (  0.0667,  0.4333, -0.4000)
   Mode, Frequency 
      1    218.8549 cm^-1  (      6.5611 THz )
      2    246.5707 cm^-1  (      7.3920 THz )
      3    407.7964 cm^-1  (     12.2254 THz )
      4    428.7151 cm^-1  (     12.8526 THz )
      5    527.8934 cm^-1  (     15.8258 THz )
      6    530.4079 cm^-1  (     15.9012 THz )

 # Irred. k point  553 : (  0.0667,  0.4333, -0.3667)
   Mode, Frequency 
      1    215.9218 cm^-1  (      6.4732 THz )
      2    255.1277 cm^-1  (      7.6485 THz )
      3    405.3821 cm^-1  (     12.1530 THz )
      4    422.8588 cm^-1  (     12.6770 THz )
      5    529.6293 cm^-1  (     15.8779 THz )
      6    532.4503 cm^-1  (     15.9625 THz )

 # Irred. k point  554 : (  0.0667,  0.4667, -0.4667)
   Mode, Frequency 
      1    223.1517 cm^-1  (      6.6899 THz )
      2    224.8610 cm^-1  (      6.7412 THz )
      3    407.7891 cm^-1  (     12.2252 THz )
      4    448.3694 cm^-1  (     13.4418 THz )
      5    524.7034 cm^-1  (     15.7302 THz )
      6    525.3685 cm^-1  (     15.7502 THz )

 # Irred. k point  555 : (  0.0667,  0.4667, -0.4333)
   Mode, Frequency 
      1    223.6945 cm^-1  (      6.7062 THz )
      2    231.1509 cm^-1  (      6.9297 THz )
      3    415.8627 cm^-1  (     12.4673 THz )
      4    435.7187 cm^-1  (     13.0625 THz )
      5    525.0672 cm^-1  (     15.7411 THz )
      6    526.0375 cm^-1  (     15.7702 THz )

 # Irred. k point  556 : (  0.0667,  0.4667, -0.4000)
   Mode, Frequency 
      1    222.0124 cm^-1  (      6.6558 THz )
      2    238.9003 cm^-1  (      7.1620 THz )
      3    419.1456 cm^-1  (     12.5657 THz )
      4    425.6355 cm^-1  (     12.7602 THz )
      5    526.0990 cm^-1  (     15.7721 THz )
      6    527.8332 cm^-1  (     15.8240 THz )

 # Irred. k point  557 : (  0.0667, -0.5000, -0.4333)
   Mode, Frequency 
      1    225.7015 cm^-1  (      6.7664 THz )
      2    225.7015 cm^-1  (      6.7664 THz )
      3    428.6936 cm^-1  (     12.8519 THz )
      4    428.6936 cm^-1  (     12.8519 THz )
      5    523.9824 cm^-1  (     15.7086 THz )
      6    523.9824 cm^-1  (     15.7086 THz )

 # Irred. k point  558 : (  0.1000,  0.2000,  0.3000)
   Mode, Frequency 
      1    115.4291 cm^-1  (      3.4605 THz )
      2    138.1092 cm^-1  (      4.1404 THz )
      3    216.9488 cm^-1  (      6.5040 THz )
      4    553.8279 cm^-1  (     16.6033 THz )
      5    570.6332 cm^-1  (     17.1072 THz )
      6    576.7886 cm^-1  (     17.2917 THz )

 # Irred. k point  559 : (  0.1000,  0.2000,  0.3333)
   Mode, Frequency 
      1    124.9025 cm^-1  (      3.7445 THz )
      2    152.3154 cm^-1  (      4.5663 THz )
      3    236.6767 cm^-1  (      7.0954 THz )
      4    544.2772 cm^-1  (     16.3170 THz )
      5    566.8536 cm^-1  (     16.9938 THz )
      6    573.7487 cm^-1  (     17.2006 THz )

 # Irred. k point  560 : (  0.1000,  0.2000,  0.3667)
   Mode, Frequency 
      1    134.5541 cm^-1  (      4.0338 THz )
      2    165.3359 cm^-1  (      4.9566 THz )
      3    257.2830 cm^-1  (      7.7132 THz )
      4    533.1669 cm^-1  (     15.9839 THz )
      5    563.2436 cm^-1  (     16.8856 THz )
      6    570.4568 cm^-1  (     17.1019 THz )

 # Irred. k point  561 : (  0.1000,  0.2000,  0.4000)
   Mode, Frequency 
      1    143.9308 cm^-1  (      4.3149 THz )
      2    176.9037 cm^-1  (      5.3034 THz )
      3    278.4417 cm^-1  (      8.3475 THz )
      4    520.6535 cm^-1  (     15.6088 THz )
      5    559.9016 cm^-1  (     16.7854 THz )
      6    567.0303 cm^-1  (     16.9991 THz )

 # Irred. k point  562 : (  0.1000,  0.2000,  0.4333)
   Mode, Frequency 
      1    152.6383 cm^-1  (      4.5760 THz )
      2    186.8451 cm^-1  (      5.6015 THz )
      3    299.8163 cm^-1  (      8.9883 THz )
      4    506.9075 cm^-1  (     15.1967 THz )
      5    556.9442 cm^-1  (     16.6968 THz )
      6    563.6077 cm^-1  (     16.8965 THz )

 # Irred. k point  563 : (  0.1000,  0.2000,  0.4667)
   Mode, Frequency 
      1    160.3279 cm^-1  (      4.8065 THz )
      2    195.0505 cm^-1  (      5.8475 THz )
      3    321.0293 cm^-1  (      9.6242 THz )
      4    492.1541 cm^-1  (     14.7544 THz )
      5    554.4931 cm^-1  (     16.6233 THz )
      6    560.3406 cm^-1  (     16.7986 THz )

 # Irred. k point  564 : (  0.1000,  0.2000, -0.5000)
   Mode, Frequency 
      1    166.6897 cm^-1  (      4.9972 THz )
      2    201.4564 cm^-1  (      6.0395 THz )
      3    341.5811 cm^-1  (     10.2403 THz )
      4    476.7630 cm^-1  (     14.2930 THz )
      5    552.6613 cm^-1  (     16.5684 THz )
      6    557.3851 cm^-1  (     16.7100 THz )

 # Irred. k point  565 : (  0.1000,  0.2000, -0.4667)
   Mode, Frequency 
      1    171.4548 cm^-1  (      5.1401 THz )
      2    206.0338 cm^-1  (      6.1767 THz )
      3    360.6016 cm^-1  (     10.8106 THz )
      4    461.5018 cm^-1  (     13.8355 THz )
      5    551.5363 cm^-1  (     16.5346 THz )
      6    554.8945 cm^-1  (     16.6353 THz )

 # Irred. k point  566 : (  0.1000,  0.2000, -0.4333)
   Mode, Frequency 
      1    174.4085 cm^-1  (      5.2286 THz )
      2    208.7769 cm^-1  (      6.2590 THz )
      3    376.0231 cm^-1  (     11.2729 THz )
      4    448.3650 cm^-1  (     13.4416 THz )
      5    551.1562 cm^-1  (     16.5232 THz )
      6    553.0226 cm^-1  (     16.5792 THz )

 # Irred. k point  567 : (  0.1000,  0.2000, -0.4000)
   Mode, Frequency 
      1    175.4096 cm^-1  (      5.2586 THz )
      2    209.6902 cm^-1  (      6.2864 THz )
      3    382.7069 cm^-1  (     11.4733 THz )
      4    442.4476 cm^-1  (     13.2642 THz )
      5    551.2966 cm^-1  (     16.5275 THz )
      6    552.1173 cm^-1  (     16.5521 THz )

 # Irred. k point  568 : (  0.1000,  0.2333,  0.3333)
   Mode, Frequency 
      1    133.2608 cm^-1  (      3.9951 THz )
      2    155.0403 cm^-1  (      4.6480 THz )
      3    242.0554 cm^-1  (      7.2566 THz )
      4    543.5240 cm^-1  (     16.2944 THz )
      5    564.5617 cm^-1  (     16.9251 THz )
      6    570.8849 cm^-1  (     17.1147 THz )

 # Irred. k point  569 : (  0.1000,  0.2333,  0.3667)
   Mode, Frequency 
      1    142.1320 cm^-1  (      4.2610 THz )
      2    168.7426 cm^-1  (      5.0588 THz )
      3    260.2424 cm^-1  (      7.8019 THz )
      4    533.1525 cm^-1  (     15.9835 THz )
      5    560.8536 cm^-1  (     16.8140 THz )
      6    567.7997 cm^-1  (     17.0222 THz )

 # Irred. k point  570 : (  0.1000,  0.2333,  0.4000)
   Mode, Frequency 
      1    151.0172 cm^-1  (      4.5274 THz )
      2    181.3626 cm^-1  (      5.4371 THz )
      3    279.0514 cm^-1  (      8.3658 THz )
      4    521.2880 cm^-1  (     15.6278 THz )
      5    557.4289 cm^-1  (     16.7113 THz )
      6    564.5859 cm^-1  (     16.9259 THz )

 # Irred. k point  571 : (  0.1000,  0.2333,  0.4333)
   Mode, Frequency 
      1    159.4377 cm^-1  (      4.7798 THz )
      2    192.5971 cm^-1  (      5.7739 THz )
      3    298.2543 cm^-1  (      8.9414 THz )
      4    508.1217 cm^-1  (     15.2331 THz )
      5    554.3915 cm^-1  (     16.6202 THz )
      6    561.3568 cm^-1  (     16.8291 THz )

 # Irred. k point  572 : (  0.1000,  0.2333,  0.4667)
   Mode, Frequency 
      1    166.9697 cm^-1  (      5.0056 THz )
      2    202.2351 cm^-1  (      6.0629 THz )
      3    317.5705 cm^-1  (      9.5205 THz )
      4    493.8805 cm^-1  (     14.8062 THz )
      5    551.8549 cm^-1  (     16.5442 THz )
      6    558.2451 cm^-1  (     16.7358 THz )

 # Irred. k point  573 : (  0.1000,  0.2333, -0.5000)
   Mode, Frequency 
      1    173.2448 cm^-1  (      5.1937 THz )
      2    210.1445 cm^-1  (      6.3000 THz )
      3    336.5969 cm^-1  (     10.0909 THz )
      4    478.8982 cm^-1  (     14.3570 THz )
      5    549.9291 cm^-1  (     16.4865 THz )
      6    555.3914 cm^-1  (     16.6502 THz )

 # Irred. k point  574 : (  0.1000,  0.2333, -0.4667)
   Mode, Frequency 
      1    177.9565 cm^-1  (      5.3350 THz )
      2    216.2509 cm^-1  (      6.4830 THz )
      3    354.6403 cm^-1  (     10.6318 THz )
      4    463.7951 cm^-1  (     13.9042 THz )
      5    548.7057 cm^-1  (     16.4498 THz )
      6    552.9353 cm^-1  (     16.5766 THz )

 # Irred. k point  575 : (  0.1000,  0.2333, -0.4333)
   Mode, Frequency 
      1    180.8736 cm^-1  (      5.4225 THz )
      2    220.5107 cm^-1  (      6.6107 THz )
      3    370.1866 cm^-1  (     11.0979 THz )
      4    450.0227 cm^-1  (     13.4913 THz )
      5    548.2404 cm^-1  (     16.4358 THz )
      6    551.0095 cm^-1  (     16.5189 THz )

 # Irred. k point  576 : (  0.1000,  0.2333, -0.4000)
   Mode, Frequency 
      1    181.8578 cm^-1  (      5.4520 THz )
      2    222.8850 cm^-1  (      6.6819 THz )
      3    379.4645 cm^-1  (     11.3761 THz )
      4    441.3119 cm^-1  (     13.2302 THz )
      5    548.5049 cm^-1  (     16.4438 THz )
      6    549.7701 cm^-1  (     16.4817 THz )

 # Irred. k point  577 : (  0.1000,  0.2333, -0.3667)
   Mode, Frequency 
      1    180.8747 cm^-1  (      5.4225 THz )
      2    223.3230 cm^-1  (      6.6951 THz )
      3    377.0331 cm^-1  (     11.3032 THz )
      4    443.0944 cm^-1  (     13.2836 THz )
      5    548.8160 cm^-1  (     16.4531 THz )
      6    549.9541 cm^-1  (     16.4872 THz )

 # Irred. k point  578 : (  0.1000,  0.2333, -0.3333)
   Mode, Frequency 
      1    177.9930 cm^-1  (      5.3361 THz )
      2    221.7566 cm^-1  (      6.6481 THz )
      3    364.4899 cm^-1  (     10.9271 THz )
      4    453.8015 cm^-1  (     13.6046 THz )
      5    549.0224 cm^-1  (     16.4593 THz )
      6    551.6882 cm^-1  (     16.5392 THz )

 # Irred. k point  579 : (  0.1000,  0.2333, -0.3000)
   Mode, Frequency 
      1    173.3700 cm^-1  (      5.1975 THz )
      2    218.1078 cm^-1  (      6.5387 THz )
      3    347.3928 cm^-1  (     10.4146 THz )
      4    467.9457 cm^-1  (     14.0287 THz )
      5    549.8772 cm^-1  (     16.4849 THz )
      6    554.1196 cm^-1  (     16.6121 THz )

 # Irred. k point  580 : (  0.1000,  0.2333, -0.2667)
   Mode, Frequency 
      1    167.2320 cm^-1  (      5.0135 THz )
      2    212.3036 cm^-1  (      6.3647 THz )
      3    328.5787 cm^-1  (      9.8505 THz )
      4    482.8015 cm^-1  (     14.4740 THz )
      5    551.4155 cm^-1  (     16.5310 THz )
      6    557.0491 cm^-1  (     16.6999 THz )

 # Irred. k point  581 : (  0.1000,  0.2333, -0.2333)
   Mode, Frequency 
      1    159.8557 cm^-1  (      4.7924 THz )
      2    204.2964 cm^-1  (      6.1247 THz )
      3    309.2527 cm^-1  (      9.2712 THz )
      4    497.3067 cm^-1  (     14.9089 THz )
      5    553.5838 cm^-1  (     16.5960 THz )
      6    560.3192 cm^-1  (     16.7979 THz )

 # Irred. k point  582 : (  0.1000,  0.2333, -0.2000)
   Mode, Frequency 
      1    151.5581 cm^-1  (      4.5436 THz )
      2    194.0970 cm^-1  (      5.8189 THz )
      3    290.0615 cm^-1  (      8.6958 THz )
      4    510.9648 cm^-1  (     15.3183 THz )
      5    556.3025 cm^-1  (     16.6775 THz )
      6    563.7714 cm^-1  (     16.9014 THz )

 # Irred. k point  583 : (  0.1000,  0.2333, -0.1667)
   Mode, Frequency 
      1    142.6934 cm^-1  (      4.2778 THz )
      2    181.8205 cm^-1  (      5.4508 THz )
      3    271.4169 cm^-1  (      8.1369 THz )
      4    523.4814 cm^-1  (     15.6936 THz )
      5    559.4817 cm^-1  (     16.7728 THz )
      6    567.2514 cm^-1  (     17.0058 THz )

 # Irred. k point  584 : (  0.1000,  0.2333, -0.1333)
   Mode, Frequency 
      1    133.6588 cm^-1  (      4.0070 THz )
      2    167.7391 cm^-1  (      5.0287 THz )
      3    253.5760 cm^-1  (      7.6020 THz )
      4    534.6427 cm^-1  (     16.0282 THz )
      5    563.0303 cm^-1  (     16.8792 THz )
      6    570.6172 cm^-1  (     17.1067 THz )

 # Irred. k point  585 : (  0.1000,  0.2667,  0.3667)
   Mode, Frequency 
      1    150.8432 cm^-1  (      4.5222 THz )
      2    171.2366 cm^-1  (      5.1335 THz )
      3    267.0127 cm^-1  (      8.0048 THz )
      4    532.0936 cm^-1  (     15.9518 THz )
      5    558.0518 cm^-1  (     16.7300 THz )
      6    564.2557 cm^-1  (     16.9160 THz )

 # Irred. k point  586 : (  0.1000,  0.2667,  0.4000)
   Mode, Frequency 
      1    159.1498 cm^-1  (      4.7712 THz )
      2    184.2931 cm^-1  (      5.5250 THz )
      3    283.6037 cm^-1  (      8.5022 THz )
      4    520.9834 cm^-1  (     15.6187 THz )
      5    554.5434 cm^-1  (     16.6248 THz )
      6    561.2332 cm^-1  (     16.8253 THz )

 # Irred. k point  587 : (  0.1000,  0.2667,  0.4333)
   Mode, Frequency 
      1    167.2196 cm^-1  (      5.0131 THz )
      2    196.4734 cm^-1  (      5.8901 THz )
      3    300.5082 cm^-1  (      9.0090 THz )
      4    508.4718 cm^-1  (     15.2436 THz )
      5    551.4332 cm^-1  (     16.5316 THz )
      6    558.2220 cm^-1  (     16.7351 THz )

 # Irred. k point  588 : (  0.1000,  0.2667,  0.4667)
   Mode, Frequency 
      1    174.5408 cm^-1  (      5.2326 THz )
      2    207.4623 cm^-1  (      6.2196 THz )
      3    317.5635 cm^-1  (      9.5203 THz )
      4    494.8014 cm^-1  (     14.8338 THz )
      5    548.8256 cm^-1  (     16.4534 THz )
      6    555.3261 cm^-1  (     16.6483 THz )

 # Irred. k point  589 : (  0.1000,  0.2667, -0.5000)
   Mode, Frequency 
      1    180.6757 cm^-1  (      5.4165 THz )
      2    216.9993 cm^-1  (      6.5055 THz )
      3    334.5186 cm^-1  (     10.0286 THz )
      4    480.2898 cm^-1  (     14.3987 THz )
      5    546.8260 cm^-1  (     16.3934 THz )
      6    552.6650 cm^-1  (     16.5685 THz )

 # Irred. k point  590 : (  0.1000,  0.2667, -0.4667)
   Mode, Frequency 
      1    185.2773 cm^-1  (      5.5545 THz )
      2    224.8798 cm^-1  (      6.7417 THz )
      3    350.8894 cm^-1  (     10.5194 THz )
      4    465.4625 cm^-1  (     13.9542 THz )
      5    545.5263 cm^-1  (     16.3545 THz )
      6    550.3601 cm^-1  (     16.4994 THz )

 # Irred. k point  591 : (  0.1000,  0.2667, -0.4333)
   Mode, Frequency 
      1    188.1019 cm^-1  (      5.6392 THz )
      2    230.9417 cm^-1  (      6.9235 THz )
      3    365.5951 cm^-1  (     10.9603 THz )
      4    451.4213 cm^-1  (     13.5333 THz )
      5    544.9909 cm^-1  (     16.3384 THz )
      6    548.5252 cm^-1  (     16.4444 THz )

 # Irred. k point  592 : (  0.1000,  0.2667, -0.4000)
   Mode, Frequency 
      1    189.0183 cm^-1  (      5.6666 THz )
      2    235.0442 cm^-1  (      7.0464 THz )
      3    375.9573 cm^-1  (     11.2709 THz )
      4    440.8607 cm^-1  (     13.2167 THz )
      5    545.2382 cm^-1  (     16.3458 THz )
      6    547.2647 cm^-1  (     16.4066 THz )

 # Irred. k point  593 : (  0.1000,  0.2667, -0.3667)
   Mode, Frequency 
      1    188.0084 cm^-1  (      5.6363 THz )
      2    237.0470 cm^-1  (      7.1065 THz )
      3    377.0169 cm^-1  (     11.3027 THz )
      4    438.7720 cm^-1  (     13.1541 THz )
      5    546.0996 cm^-1  (     16.3717 THz )
      6    546.8023 cm^-1  (     16.3927 THz )

 # Irred. k point  594 : (  0.1000,  0.2667, -0.3333)
   Mode, Frequency 
      1    185.1570 cm^-1  (      5.5509 THz )
      2    236.7971 cm^-1  (      7.0990 THz )
      3    367.6376 cm^-1  (     11.0215 THz )
      4    446.3613 cm^-1  (     13.3816 THz )
      5    546.4819 cm^-1  (     16.3831 THz )
      6    548.2139 cm^-1  (     16.4350 THz )

 # Irred. k point  595 : (  0.1000,  0.2667, -0.3000)
   Mode, Frequency 
      1    180.6338 cm^-1  (      5.4153 THz )
      2    234.1274 cm^-1  (      7.0190 THz )
      3    352.7459 cm^-1  (     10.5751 THz )
      4    458.8232 cm^-1  (     13.7552 THz )
      5    547.1957 cm^-1  (     16.4045 THz )
      6    550.6024 cm^-1  (     16.5066 THz )

 # Irred. k point  596 : (  0.1000,  0.2667, -0.2667)
   Mode, Frequency 
      1    174.6737 cm^-1  (      5.2366 THz )
      2    228.8704 cm^-1  (      6.8614 THz )
      3    335.9302 cm^-1  (     10.0709 THz )
      4    472.7412 cm^-1  (     14.1724 THz )
      5    548.5430 cm^-1  (     16.4449 THz )
      6    553.5216 cm^-1  (     16.5942 THz )

 # Irred. k point  597 : (  0.1000,  0.2667, -0.2333)
   Mode, Frequency 
      1    167.5598 cm^-1  (      5.0233 THz )
      2    220.8990 cm^-1  (      6.6224 THz )
      3    318.8029 cm^-1  (      9.5575 THz )
      4    486.6936 cm^-1  (     14.5907 THz )
      5    550.5026 cm^-1  (     16.5037 THz )
      6    556.8048 cm^-1  (     16.6926 THz )

 # Irred. k point  598 : (  0.1000,  0.2667, -0.2000)
   Mode, Frequency 
      1    159.6139 cm^-1  (      4.7851 THz )
      2    210.2089 cm^-1  (      6.3019 THz )
      3    302.1511 cm^-1  (      9.0583 THz )
      4    500.0290 cm^-1  (     14.9905 THz )
      5    553.0235 cm^-1  (     16.5792 THz )
      6    560.2907 cm^-1  (     16.7971 THz )

 # Irred. k point  599 : (  0.1000,  0.2667, -0.1667)
   Mode, Frequency 
      1    151.1931 cm^-1  (      4.5327 THz )
      2    197.0185 cm^-1  (      5.9065 THz )
      3    286.3356 cm^-1  (      8.5841 THz )
      4    512.3758 cm^-1  (     15.3606 THz )
      5    556.0416 cm^-1  (     16.6697 THz )
      6    563.8214 cm^-1  (     16.9029 THz )

 # Irred. k point  600 : (  0.1000,  0.3000,  0.4000)
   Mode, Frequency 
      1    167.7123 cm^-1  (      5.0279 THz )
      2    186.3022 cm^-1  (      5.5852 THz )
      3    291.6007 cm^-1  (      8.7420 THz )
      4    519.5947 cm^-1  (     15.5771 THz )
      5    551.3481 cm^-1  (     16.5290 THz )
      6    557.1518 cm^-1  (     16.7030 THz )

 # Irred. k point  601 : (  0.1000,  0.3000,  0.4333)
   Mode, Frequency 
      1    175.4265 cm^-1  (      5.2592 THz )
      2    198.5493 cm^-1  (      5.9524 THz )
      3    306.5660 cm^-1  (      9.1906 THz )
      4    507.8494 cm^-1  (     15.2249 THz )
      5    548.1801 cm^-1  (     16.4340 THz )
      6    554.3211 cm^-1  (     16.6181 THz )

 # Irred. k point  602 : (  0.1000,  0.3000,  0.4667)
   Mode, Frequency 
      1    182.5450 cm^-1  (      5.4726 THz )
      2    210.2425 cm^-1  (      6.3029 THz )
      3    321.4919 cm^-1  (      9.6381 THz )
      4    494.8290 cm^-1  (     14.8346 THz )
      5    545.5231 cm^-1  (     16.3544 THz )
      6    551.6554 cm^-1  (     16.5382 THz )

 # Irred. k point  603 : (  0.1000,  0.3000, -0.5000)
   Mode, Frequency 
      1    188.5392 cm^-1  (      5.6523 THz )
      2    221.0628 cm^-1  (      6.6273 THz )
      3    336.2354 cm^-1  (     10.0801 THz )
      4    480.8539 cm^-1  (     14.4156 THz )
      5    543.4755 cm^-1  (     16.2930 THz )
      6    549.2433 cm^-1  (     16.4659 THz )

 # Irred. k point  604 : (  0.1000,  0.3000, -0.4667)
   Mode, Frequency 
      1    193.0127 cm^-1  (      5.7864 THz )
      2    230.6591 cm^-1  (      6.9150 THz )
      3    350.5168 cm^-1  (     10.5082 THz )
      4    466.3920 cm^-1  (     13.9821 THz )
      5    542.1268 cm^-1  (     16.2526 THz )
      6    547.1827 cm^-1  (     16.4041 THz )

 # Irred. k point  605 : (  0.1000,  0.3000, -0.4333)
   Mode, Frequency 
      1    195.7124 cm^-1  (      5.8673 THz )
      2    238.6729 cm^-1  (      7.1552 THz )
      3    363.6423 cm^-1  (     10.9017 THz )
      4    452.3168 cm^-1  (     13.5601 THz )
      5    541.5436 cm^-1  (     16.2351 THz )
      6    545.5661 cm^-1  (     16.3557 THz )

 # Irred. k point  606 : (  0.1000,  0.3000, -0.4000)
   Mode, Frequency 
      1    196.5206 cm^-1  (      5.8915 THz )
      2    244.7617 cm^-1  (      7.3378 THz )
      3    373.7961 cm^-1  (     11.2061 THz )
      4    440.6089 cm^-1  (     13.2091 THz )
      5    541.7574 cm^-1  (     16.2415 THz )
      6    544.4717 cm^-1  (     16.3229 THz )

 # Irred. k point  607 : (  0.1000,  0.3000, -0.3667)
   Mode, Frequency 
      1    195.4387 cm^-1  (      5.8591 THz )
      2    248.6060 cm^-1  (      7.4530 THz )
      3    377.0432 cm^-1  (     11.3035 THz )
      4    435.3641 cm^-1  (     13.0519 THz )
      5    542.7456 cm^-1  (     16.2711 THz )
      6    543.9681 cm^-1  (     16.3078 THz )

 # Irred. k point  608 : (  0.1000,  0.3000, -0.3333)
   Mode, Frequency 
      1    192.5685 cm^-1  (      5.7731 THz )
      2    249.8997 cm^-1  (      7.4918 THz )
      3    370.6560 cm^-1  (     11.1120 THz )
      4    439.4913 cm^-1  (     13.1756 THz )
      5    543.9122 cm^-1  (     16.3061 THz )
      6    544.6293 cm^-1  (     16.3276 THz )

 # Irred. k point  609 : (  0.1000,  0.3000, -0.3000)
   Mode, Frequency 
      1    188.0916 cm^-1  (      5.6388 THz )
      2    248.3379 cm^-1  (      7.4450 THz )
      3    358.1302 cm^-1  (     10.7365 THz )
      4    449.7220 cm^-1  (     13.4823 THz )
      5    544.6529 cm^-1  (     16.3283 THz )
      6    546.9744 cm^-1  (     16.3979 THz )

 # Irred. k point  610 : (  0.1000,  0.3000, -0.2667)
   Mode, Frequency 
      1    182.2511 cm^-1  (      5.4637 THz )
      2    243.6322 cm^-1  (      7.3039 THz )
      3    343.5343 cm^-1  (     10.2989 THz )
      4    462.2534 cm^-1  (     13.8580 THz )
      5    545.9381 cm^-1  (     16.3668 THz )
      6    549.8949 cm^-1  (     16.4854 THz )

 # Irred. k point  611 : (  0.1000,  0.3000, -0.2333)
   Mode, Frequency 
      1    175.3356 cm^-1  (      5.2564 THz )
      2    235.5964 cm^-1  (      7.0630 THz )
      3    328.8814 cm^-1  (      9.8596 THz )
      4    475.2991 cm^-1  (     14.2491 THz )
      5    547.7860 cm^-1  (     16.4222 THz )
      6    553.1969 cm^-1  (     16.5844 THz )

 # Irred. k point  612 : (  0.1000,  0.3000, -0.2000)
   Mode, Frequency 
      1    167.6705 cm^-1  (      5.0266 THz )
      2    224.3036 cm^-1  (      6.7245 THz )
      3    315.0242 cm^-1  (      9.4442 THz )
      4    488.0423 cm^-1  (     14.6311 THz )
      5    550.1633 cm^-1  (     16.4935 THz )
      6    556.7159 cm^-1  (     16.6899 THz )

 # Irred. k point  613 : (  0.1000,  0.3333,  0.4333)
   Mode, Frequency 
      1    183.4498 cm^-1  (      5.4997 THz )
      2    199.8354 cm^-1  (      5.9909 THz )
      3    315.6418 cm^-1  (      9.4627 THz )
      4    506.0737 cm^-1  (     15.1717 THz )
      5    544.7474 cm^-1  (     16.3311 THz )
      6    549.8957 cm^-1  (     16.4855 THz )

 # Irred. k point  614 : (  0.1000,  0.3333,  0.4667)
   Mode, Frequency 
      1    190.4692 cm^-1  (      5.7101 THz )
      2    211.0925 cm^-1  (      6.3284 THz )
      3    328.9715 cm^-1  (      9.8623 THz )
      4    493.8194 cm^-1  (     14.8043 THz )
      5    542.0728 cm^-1  (     16.2509 THz )
      6    547.4078 cm^-1  (     16.4109 THz )

 # Irred. k point  615 : (  0.1000,  0.3333, -0.5000)
   Mode, Frequency 
      1    196.4011 cm^-1  (      5.8880 THz )
      2    222.2480 cm^-1  (      6.6628 THz )
      3    341.8760 cm^-1  (     10.2492 THz )
      4    480.4649 cm^-1  (     14.4040 THz )
      5    540.0137 cm^-1  (     16.1892 THz )
      6    545.2488 cm^-1  (     16.3461 THz )

 # Irred. k point  616 : (  0.1000,  0.3333, -0.4667)
   Mode, Frequency 
      1    200.7749 cm^-1  (      6.0191 THz )
      2    232.9271 cm^-1  (      6.9830 THz )
      3    354.1772 cm^-1  (     10.6180 THz )
      4    466.4504 cm^-1  (     13.9838 THz )
      5    538.6525 cm^-1  (     16.1484 THz )
      6    543.4847 cm^-1  (     16.2933 THz )

 # Irred. k point  617 : (  0.1000,  0.3333, -0.4333)
   Mode, Frequency 
      1    203.3379 cm^-1  (      6.0959 THz )
      2    242.6007 cm^-1  (      7.2730 THz )
      3    365.4626 cm^-1  (     10.9563 THz )
      4    452.5017 cm^-1  (     13.5657 THz )
      5    538.0535 cm^-1  (     16.1304 THz )
      6    542.1820 cm^-1  (     16.2542 THz )

 # Irred. k point  618 : (  0.1000,  0.3333, -0.4000)
   Mode, Frequency 
      1    204.0029 cm^-1  (      6.1159 THz )
      2    250.6718 cm^-1  (      7.5150 THz )
      3    374.5788 cm^-1  (     11.2296 THz )
      4    440.1244 cm^-1  (     13.1946 THz )
      5    538.2509 cm^-1  (     16.1364 THz )
      6    541.3930 cm^-1  (     16.2306 THz )

 # Irred. k point  619 : (  0.1000,  0.3333, -0.3667)
   Mode, Frequency 
      1    202.8019 cm^-1  (      6.0798 THz )
      2    256.5401 cm^-1  (      7.6909 THz )
      3    378.6691 cm^-1  (     11.3522 THz )
      4    432.5564 cm^-1  (     12.9677 THz )
      5    539.2399 cm^-1  (     16.1660 THz )
      6    541.1490 cm^-1  (     16.2232 THz )

 # Irred. k point  620 : (  0.1000,  0.3333, -0.3333)
   Mode, Frequency 
      1    199.8586 cm^-1  (      5.9916 THz )
      2    259.6277 cm^-1  (      7.7834 THz )
      3    374.5680 cm^-1  (     11.2293 THz )
      4    433.3732 cm^-1  (     12.9922 THz )
      5    540.9576 cm^-1  (     16.2175 THz )
      6    541.4739 cm^-1  (     16.2330 THz )

 # Irred. k point  621 : (  0.1000,  0.3333, -0.3000)
   Mode, Frequency 
      1    195.3685 cm^-1  (      5.8570 THz )
      2    259.3890 cm^-1  (      7.7763 THz )
      3    364.2814 cm^-1  (     10.9209 THz )
      4    441.0088 cm^-1  (     13.2211 THz )
      5    542.2746 cm^-1  (     16.2570 THz )
      6    543.3986 cm^-1  (     16.2907 THz )

 # Irred. k point  622 : (  0.1000,  0.3333, -0.2667)
   Mode, Frequency 
      1    189.5829 cm^-1  (      5.6836 THz )
      2    255.3635 cm^-1  (      7.6556 THz )
      3    351.9718 cm^-1  (     10.5518 THz )
      4    451.7198 cm^-1  (     13.5422 THz )
      5    543.6399 cm^-1  (     16.2979 THz )
      6    546.3274 cm^-1  (     16.3785 THz )

 # Irred. k point  623 : (  0.1000,  0.3333, -0.2333)
   Mode, Frequency 
      1    182.7959 cm^-1  (      5.4801 THz )
      2    247.3433 cm^-1  (      7.4152 THz )
      3    339.9132 cm^-1  (     10.1903 THz )
      4    463.4658 cm^-1  (     13.8944 THz )
      5    545.4861 cm^-1  (     16.3533 THz )
      6    549.6494 cm^-1  (     16.4781 THz )

 # Irred. k point  624 : (  0.1000,  0.3667,  0.4667)
   Mode, Frequency 
      1    197.6325 cm^-1  (      5.9249 THz )
      2    211.4132 cm^-1  (      6.3380 THz )
      3    338.9901 cm^-1  (     10.1627 THz )
      4    491.5578 cm^-1  (     14.7365 THz )
      5    538.5997 cm^-1  (     16.1468 THz )
      6    542.8851 cm^-1  (     16.2753 THz )

 # Irred. k point  625 : (  0.1000,  0.3667, -0.5000)
   Mode, Frequency 
      1    203.7686 cm^-1  (      6.1088 THz )
      2    221.5058 cm^-1  (      6.6406 THz )
      3    350.6918 cm^-1  (     10.5135 THz )
      4    478.9425 cm^-1  (     14.3583 THz )
      5    536.5799 cm^-1  (     16.0863 THz )
      6    540.9104 cm^-1  (     16.2161 THz )

 # Irred. k point  626 : (  0.1000,  0.3667, -0.4667)
   Mode, Frequency 
      1    208.1779 cm^-1  (      6.2410 THz )
      2    232.0805 cm^-1  (      6.9576 THz )
      3    361.5638 cm^-1  (     10.8394 THz )
      4    465.4692 cm^-1  (     13.9544 THz )
      5    535.2582 cm^-1  (     16.0466 THz )
      6    539.4339 cm^-1  (     16.1718 THz )

 # Irred. k point  627 : (  0.1000,  0.3667, -0.4333)
   Mode, Frequency 
      1    210.6279 cm^-1  (      6.3145 THz )
      2    242.5383 cm^-1  (      7.2711 THz )
      3    371.3244 cm^-1  (     11.1320 THz )
      4    451.7725 cm^-1  (     13.5438 THz )
      5    534.6890 cm^-1  (     16.0296 THz )
      6    538.4906 cm^-1  (     16.1435 THz )

 # Irred. k point  628 : (  0.1000,  0.3667, -0.4000)
   Mode, Frequency 
      1    211.1204 cm^-1  (      6.3292 THz )
      2    252.0593 cm^-1  (      7.5565 THz )
      3    379.2399 cm^-1  (     11.3693 THz )
      4    439.0481 cm^-1  (     13.1623 THz )
      5    534.9031 cm^-1  (     16.0360 THz )
      6    538.1014 cm^-1  (     16.1319 THz )

 # Irred. k point  629 : (  0.1000,  0.3667, -0.3667)
   Mode, Frequency 
      1    209.7506 cm^-1  (      6.2882 THz )
      2    259.7552 cm^-1  (      7.7873 THz )
      3    383.2895 cm^-1  (     11.4907 THz )
      4    429.8991 cm^-1  (     12.8881 THz )
      5    535.8996 cm^-1  (     16.0659 THz )
      6    538.2625 cm^-1  (     16.1367 THz )

 # Irred. k point  630 : (  0.1000,  0.3667, -0.3333)
   Mode, Frequency 
      1    206.6762 cm^-1  (      6.1960 THz )
      2    264.7108 cm^-1  (      7.9358 THz )
      3    380.4720 cm^-1  (     11.4063 THz )
      4    428.0237 cm^-1  (     12.8318 THz )
      5    537.6389 cm^-1  (     16.1180 THz )
      6    538.9448 cm^-1  (     16.1572 THz )

 # Irred. k point  631 : (  0.1000,  0.3667, -0.3000)
   Mode, Frequency 
      1    202.1100 cm^-1  (      6.0591 THz )
      2    266.0309 cm^-1  (      7.9754 THz )
      3    371.8711 cm^-1  (     11.1484 THz )
      4    433.1009 cm^-1  (     12.9840 THz )
      5    540.0268 cm^-1  (     16.1896 THz )
      6    540.1161 cm^-1  (     16.1923 THz )

 # Irred. k point  632 : (  0.1000,  0.3667, -0.2667)
   Mode, Frequency 
      1    196.3126 cm^-1  (      5.8853 THz )
      2    262.9945 cm^-1  (      7.8844 THz )
      3    361.5986 cm^-1  (     10.8405 THz )
      4    441.6864 cm^-1  (     13.2414 THz )
      5    541.6810 cm^-1  (     16.2392 THz )
      6    542.9883 cm^-1  (     16.2784 THz )

 # Irred. k point  633 : (  0.1000,  0.4000, -0.5000)
   Mode, Frequency 
      1    209.8141 cm^-1  (      6.2901 THz )
      2    220.5970 cm^-1  (      6.6133 THz )
      3    361.5260 cm^-1  (     10.8383 THz )
      4    476.0521 cm^-1  (     14.2717 THz )
      5    533.3001 cm^-1  (     15.9879 THz )
      6    536.5802 cm^-1  (     16.0863 THz )

 # Irred. k point  634 : (  0.1000,  0.4000, -0.4667)
   Mode, Frequency 
      1    214.7666 cm^-1  (      6.4385 THz )
      2    229.4104 cm^-1  (      6.8776 THz )
      3    371.6249 cm^-1  (     11.1410 THz )
      4    463.2420 cm^-1  (     13.8876 THz )
      5    532.0922 cm^-1  (     15.9517 THz )
      6    535.2996 cm^-1  (     16.0479 THz )

 # Irred. k point  635 : (  0.1000,  0.4000, -0.4333)
   Mode, Frequency 
      1    217.2443 cm^-1  (      6.5128 THz )
      2    239.3753 cm^-1  (      7.1763 THz )
      3    380.4767 cm^-1  (     11.4064 THz )
      4    449.9166 cm^-1  (     13.4882 THz )
      5    531.6190 cm^-1  (     15.9375 THz )
      6    534.6882 cm^-1  (     16.0295 THz )

 # Irred. k point  636 : (  0.1000,  0.4000, -0.4000)
   Mode, Frequency 
      1    217.5501 cm^-1  (      6.5220 THz )
      2    249.3594 cm^-1  (      7.4756 THz )
      3    387.5585 cm^-1  (     11.6187 THz )
      4    437.0754 cm^-1  (     13.1032 THz )
      5    531.8962 cm^-1  (     15.9458 THz )
      6    534.7352 cm^-1  (     16.0310 THz )

 # Irred. k point  637 : (  0.1000,  0.4000, -0.3667)
   Mode, Frequency 
      1    215.9585 cm^-1  (      6.4743 THz )
      2    258.2014 cm^-1  (      7.7407 THz )
      3    391.2938 cm^-1  (     11.7307 THz )
      4    426.9627 cm^-1  (     12.8000 THz )
      5    532.9252 cm^-1  (     15.9767 THz )
      6    535.3901 cm^-1  (     16.0506 THz )

 # Irred. k point  638 : (  0.1000,  0.4000, -0.3333)
   Mode, Frequency 
      1    212.6914 cm^-1  (      6.3763 THz )
      2    264.7172 cm^-1  (      7.9360 THz )
      3    388.6936 cm^-1  (     11.6527 THz )
      4    423.4598 cm^-1  (     12.6950 THz )
      5    534.6791 cm^-1  (     16.0293 THz )
      6    536.5682 cm^-1  (     16.0859 THz )

 # Irred. k point  639 : (  0.1000,  0.4000, -0.3000)
   Mode, Frequency 
      1    207.9852 cm^-1  (      6.2352 THz )
      2    267.6774 cm^-1  (      8.0248 THz )
      3    380.7290 cm^-1  (     11.4140 THz )
      4    426.6665 cm^-1  (     12.7911 THz )
      5    537.0896 cm^-1  (     16.1015 THz )
      6    538.1695 cm^-1  (     16.1339 THz )

 # Irred. k point  640 : (  0.1000,  0.4333, -0.4667)
   Mode, Frequency 
      1    219.5358 cm^-1  (      6.5815 THz )
      2    226.9631 cm^-1  (      6.8042 THz )
      3    383.1544 cm^-1  (     11.4867 THz )
      4    459.5430 cm^-1  (     13.7768 THz )
      5    529.2624 cm^-1  (     15.8669 THz )
      6    531.4633 cm^-1  (     15.9329 THz )

 # Irred. k point  641 : (  0.1000,  0.4333, -0.4333)
   Mode, Frequency 
      1    222.8273 cm^-1  (      6.6802 THz )
      2    234.5597 cm^-1  (      7.0319 THz )
      3    391.6906 cm^-1  (     11.7426 THz )
      4    446.7211 cm^-1  (     13.3924 THz )
      5    528.9906 cm^-1  (     15.8587 THz )
      6    531.0540 cm^-1  (     15.9206 THz )

 # Irred. k point  642 : (  0.1000,  0.4333, -0.4000)
   Mode, Frequency 
      1    222.9970 cm^-1  (      6.6853 THz )
      2    243.8565 cm^-1  (      7.3106 THz )
      3    398.4709 cm^-1  (     11.9459 THz )
      4    433.9440 cm^-1  (     13.0093 THz )
      5    529.3966 cm^-1  (     15.8709 THz )
      6    531.4946 cm^-1  (     15.9338 THz )

 # Irred. k point  643 : (  0.1000,  0.4333, -0.3667)
   Mode, Frequency 
      1    221.1246 cm^-1  (      6.6291 THz )
      2    252.9144 cm^-1  (      7.5822 THz )
      3    401.8634 cm^-1  (     12.0476 THz )
      4    423.5008 cm^-1  (     12.6962 THz )
      5    530.4819 cm^-1  (     15.9034 THz )
      6    532.6793 cm^-1  (     15.9693 THz )

 # Irred. k point  644 : (  0.1000,  0.4333, -0.3333)
   Mode, Frequency 
      1    217.6000 cm^-1  (      6.5235 THz )
      2    260.3395 cm^-1  (      7.8048 THz )
      3    397.6701 cm^-1  (     11.9219 THz )
      4    420.5307 cm^-1  (     12.6072 THz )
      5    532.2571 cm^-1  (     15.9567 THz )
      6    534.4303 cm^-1  (     16.0218 THz )

 # Irred. k point  645 : (  0.1000,  0.4667, -0.4333)
   Mode, Frequency 
      1    226.3663 cm^-1  (      6.7863 THz )
      2    230.1578 cm^-1  (      6.9000 THz )
      3    403.8042 cm^-1  (     12.1057 THz )
      4    442.0080 cm^-1  (     13.2511 THz )
      5    526.8697 cm^-1  (     15.7952 THz )
      6    527.9697 cm^-1  (     15.8281 THz )

 # Irred. k point  646 : (  0.1000,  0.4667, -0.4000)
   Mode, Frequency 
      1    227.2040 cm^-1  (      6.8114 THz )
      2    236.9894 cm^-1  (      7.1048 THz )
      3    410.7616 cm^-1  (     12.3143 THz )
      4    429.4419 cm^-1  (     12.8743 THz )
      5    527.5367 cm^-1  (     15.8152 THz )
      6    528.6280 cm^-1  (     15.8479 THz )

 # Irred. k point  647 : (  0.1000,  0.4667, -0.3667)
   Mode, Frequency 
      1    224.9739 cm^-1  (      6.7445 THz )
      2    245.3662 cm^-1  (      7.3559 THz )
      3    412.2172 cm^-1  (     12.3580 THz )
      4    420.8729 cm^-1  (     12.6175 THz )
      5    528.6832 cm^-1  (     15.8495 THz )
      6    530.3323 cm^-1  (     15.8990 THz )

 # Irred. k point  648 : (  0.1000, -0.5000, -0.4000)
   Mode, Frequency 
      1    229.9665 cm^-1  (      6.8942 THz )
      2    229.9665 cm^-1  (      6.8942 THz )
      3    423.4291 cm^-1  (     12.6941 THz )
      4    423.4291 cm^-1  (     12.6941 THz )
      5    526.4030 cm^-1  (     15.7812 THz )
      6    526.4030 cm^-1  (     15.7812 THz )

 # Irred. k point  649 : (  0.1333,  0.2667,  0.4000)
   Mode, Frequency 
      1    150.4217 cm^-1  (      4.5095 THz )
      2    183.3720 cm^-1  (      5.4974 THz )
      3    275.9001 cm^-1  (      8.2713 THz )
      4    522.7815 cm^-1  (     15.6726 THz )
      5    557.2089 cm^-1  (     16.7047 THz )
      6    564.6006 cm^-1  (     16.9263 THz )

 # Irred. k point  650 : (  0.1333,  0.2667,  0.4333)
   Mode, Frequency 
      1    158.8449 cm^-1  (      4.7621 THz )
      2    196.7375 cm^-1  (      5.8980 THz )
      3    292.1936 cm^-1  (      8.7597 THz )
      4    510.9760 cm^-1  (     15.3187 THz )
      5    553.9328 cm^-1  (     16.6065 THz )
      6    561.2996 cm^-1  (     16.8273 THz )

 # Irred. k point  651 : (  0.1333,  0.2667,  0.4667)
   Mode, Frequency 
      1    166.9245 cm^-1  (      5.0043 THz )
      2    208.3848 cm^-1  (      6.2472 THz )
      3    309.0438 cm^-1  (      9.2649 THz )
      4    497.9521 cm^-1  (     14.9282 THz )
      5    551.1168 cm^-1  (     16.5221 THz )
      6    558.0154 cm^-1  (     16.7289 THz )

 # Irred. k point  652 : (  0.1333,  0.2667, -0.5000)
   Mode, Frequency 
      1    174.2291 cm^-1  (      5.2233 THz )
      2    218.0154 cm^-1  (      6.5359 THz )
      3    326.2402 cm^-1  (      9.7804 THz )
      4    483.9932 cm^-1  (     14.5098 THz )
      5    548.8450 cm^-1  (     16.4540 THz )
      6    554.8852 cm^-1  (     16.6350 THz )

 # Irred. k point  653 : (  0.1333,  0.2667, -0.4667)
   Mode, Frequency 
      1    180.3751 cm^-1  (      5.4075 THz )
      2    225.4861 cm^-1  (      6.7599 THz )
      3    343.3389 cm^-1  (     10.2930 THz )
      4    469.5335 cm^-1  (     14.0763 THz )
      5    547.1940 cm^-1  (     16.4045 THz )
      6    552.0522 cm^-1  (     16.5501 THz )

 # Irred. k point  654 : (  0.1333,  0.2667, -0.4333)
   Mode, Frequency 
      1    185.0326 cm^-1  (      5.5471 THz )
      2    230.7721 cm^-1  (      6.9184 THz )
      3    359.4420 cm^-1  (     10.7758 THz )
      4    455.4041 cm^-1  (     13.6527 THz )
      5    546.2232 cm^-1  (     16.3754 THz )
      6    549.6565 cm^-1  (     16.4783 THz )

 # Irred. k point  655 : (  0.1333,  0.2667, -0.4000)
   Mode, Frequency 
      1    187.9412 cm^-1  (      5.6343 THz )
      2    233.9112 cm^-1  (      7.0125 THz )
      3    372.5082 cm^-1  (     11.1675 THz )
      4    443.5644 cm^-1  (     13.2977 THz )
      5    545.9536 cm^-1  (     16.3673 THz )
      6    547.8372 cm^-1  (     16.4237 THz )

 # Irred. k point  656 : (  0.1333,  0.2667, -0.3667)
   Mode, Frequency 
      1    188.9305 cm^-1  (      5.6640 THz )
      2    234.9508 cm^-1  (      7.0436 THz )
      3    378.0765 cm^-1  (     11.3344 THz )
      4    438.4126 cm^-1  (     13.1433 THz )
      5    546.1547 cm^-1  (     16.3733 THz )
      6    546.9279 cm^-1  (     16.3965 THz )

 # Irred. k point  657 : (  0.1333,  0.3000,  0.4333)
   Mode, Frequency 
      1    167.0680 cm^-1  (      5.0086 THz )
      2    197.8278 cm^-1  (      5.9307 THz )
      3    297.9702 cm^-1  (      8.9329 THz )
      4    509.9812 cm^-1  (     15.2889 THz )
      5    551.1984 cm^-1  (     16.5245 THz )
      6    558.0817 cm^-1  (     16.7309 THz )

 # Irred. k point  658 : (  0.1333,  0.3000,  0.4667)
   Mode, Frequency 
      1    174.8960 cm^-1  (      5.2433 THz )
      2    210.2665 cm^-1  (      6.3036 THz )
      3    312.6375 cm^-1  (      9.3726 THz )
      4    497.6668 cm^-1  (     14.9197 THz )
      5    548.3121 cm^-1  (     16.4380 THz )
      6    554.9791 cm^-1  (     16.6379 THz )

 # Irred. k point  659 : (  0.1333,  0.3000, -0.5000)
   Mode, Frequency 
      1    182.1105 cm^-1  (      5.4595 THz )
      2    221.1997 cm^-1  (      6.6314 THz )
      3    327.5437 cm^-1  (      9.8195 THz )
      4    484.3189 cm^-1  (     14.5195 THz )
      5    545.9680 cm^-1  (     16.3677 THz )
      6    552.0383 cm^-1  (     16.5497 THz )

 # Irred. k point  660 : (  0.1333,  0.3000, -0.4667)
   Mode, Frequency 
      1    188.2406 cm^-1  (      5.6433 THz )
      2    230.3224 cm^-1  (      6.9049 THz )
      3    342.4767 cm^-1  (     10.2672 THz )
      4    470.3319 cm^-1  (     14.1002 THz )
      5    544.2388 cm^-1  (     16.3159 THz )
      6    549.3839 cm^-1  (     16.4701 THz )

 # Irred. k point  661 : (  0.1333,  0.3000, -0.4333)
   Mode, Frequency 
      1    192.8908 cm^-1  (      5.7827 THz )
      2    237.4425 cm^-1  (      7.1183 THz )
      3    356.8739 cm^-1  (     10.6988 THz )
      4    456.3839 cm^-1  (     13.6820 THz )
      5    543.1848 cm^-1  (     16.2843 THz )
      6    547.1373 cm^-1  (     16.4028 THz )

 # Irred. k point  662 : (  0.1333,  0.3000, -0.4000)
   Mode, Frequency 
      1    195.7639 cm^-1  (      5.8689 THz )
      2    242.4547 cm^-1  (      7.2686 THz )
      3    369.3400 cm^-1  (     11.0725 THz )
      4    443.9249 cm^-1  (     13.3085 THz )
      5    542.8443 cm^-1  (     16.2741 THz )
      6    545.4077 cm^-1  (     16.3509 THz )

 # Irred. k point  663 : (  0.1333,  0.3000, -0.3667)
   Mode, Frequency 
      1    196.6844 cm^-1  (      5.8965 THz )
      2    245.2871 cm^-1  (      7.3535 THz )
      3    376.5786 cm^-1  (     11.2895 THz )
      4    436.2777 cm^-1  (     13.0793 THz )
      5    543.2008 cm^-1  (     16.2848 THz )
      6    544.3084 cm^-1  (     16.3180 THz )

 # Irred. k point  664 : (  0.1333,  0.3000, -0.3333)
   Mode, Frequency 
      1    195.6124 cm^-1  (      5.8643 THz )
      2    245.8516 cm^-1  (      7.3704 THz )
      3    374.3252 cm^-1  (     11.2220 THz )
      4    437.7429 cm^-1  (     13.1232 THz )
      5    543.6050 cm^-1  (     16.2969 THz )
      6    544.5244 cm^-1  (     16.3244 THz )

 # Irred. k point  665 : (  0.1333,  0.3000, -0.3000)
   Mode, Frequency 
      1    192.6389 cm^-1  (      5.7752 THz )
      2    244.0205 cm^-1  (      7.3156 THz )
      3    363.9219 cm^-1  (     10.9101 THz )
      4    447.0501 cm^-1  (     13.4022 THz )
      5    543.8374 cm^-1  (     16.3038 THz )
      6    546.2459 cm^-1  (     16.3760 THz )

 # Irred. k point  666 : (  0.1333,  0.3000, -0.2667)
   Mode, Frequency 
      1    187.9661 cm^-1  (      5.6351 THz )
      2    239.6434 cm^-1  (      7.1843 THz )
      3    349.9466 cm^-1  (     10.4911 THz )
      4    459.7289 cm^-1  (     13.7823 THz )
      5    544.6775 cm^-1  (     16.3290 THz )
      6    548.6032 cm^-1  (     16.4467 THz )

 # Irred. k point  667 : (  0.1333,  0.3000, -0.2333)
   Mode, Frequency 
      1    181.8802 cm^-1  (      5.4526 THz )
      2    232.6050 cm^-1  (      6.9733 THz )
      3    334.9841 cm^-1  (     10.0426 THz )
      4    473.3018 cm^-1  (     14.1892 THz )
      5    546.1494 cm^-1  (     16.3731 THz )
      6    551.4314 cm^-1  (     16.5315 THz )

 # Irred. k point  668 : (  0.1333,  0.3000, -0.2000)
   Mode, Frequency 
      1    174.7287 cm^-1  (      5.2382 THz )
      2    222.9165 cm^-1  (      6.6829 THz )
      3    320.1424 cm^-1  (      9.5976 THz )
      4    486.6960 cm^-1  (     14.5908 THz )
      5    548.2184 cm^-1  (     16.4352 THz )
      6    554.5877 cm^-1  (     16.6261 THz )

 # Irred. k point  669 : (  0.1333,  0.3000, -0.1667)
   Mode, Frequency 
      1    166.9055 cm^-1  (      5.0037 THz )
      2    210.8049 cm^-1  (      6.3198 THz )
      3    305.8554 cm^-1  (      9.1693 THz )
      4    499.3668 cm^-1  (     14.9706 THz )
      5    550.8340 cm^-1  (     16.5136 THz )
      6    557.9248 cm^-1  (     16.7262 THz )

 # Irred. k point  670 : (  0.1333,  0.3333,  0.4667)
   Mode, Frequency 
      1    183.0502 cm^-1  (      5.4877 THz )
      2    210.6516 cm^-1  (      6.3152 THz )
      3    319.6074 cm^-1  (      9.5816 THz )
      4    496.3407 cm^-1  (     14.8799 THz )
      5    545.2658 cm^-1  (     16.3467 THz )
      6    551.3599 cm^-1  (     16.5294 THz )

 # Irred. k point  671 : (  0.1333,  0.3333, -0.5000)
   Mode, Frequency 
      1    190.2465 cm^-1  (      5.7034 THz )
      2    221.9364 cm^-1  (      6.6535 THz )
      3    332.5924 cm^-1  (      9.9709 THz )
      4    483.6809 cm^-1  (     14.5004 THz )
      5    542.8940 cm^-1  (     16.2756 THz )
      6    548.6128 cm^-1  (     16.4470 THz )

 # Irred. k point  672 : (  0.1333,  0.3333, -0.4667)
   Mode, Frequency 
      1    196.4225 cm^-1  (      5.8886 THz )
      2    232.0818 cm^-1  (      6.9576 THz )
      3    345.4313 cm^-1  (     10.3558 THz )
      4    470.2394 cm^-1  (     14.0974 THz )
      5    541.1336 cm^-1  (     16.2228 THz )
      6    546.1816 cm^-1  (     16.3741 THz )

 # Irred. k point  673 : (  0.1333,  0.3333, -0.4333)
   Mode, Frequency 
      1    201.0874 cm^-1  (      6.0284 THz )
      2    240.7766 cm^-1  (      7.2183 THz )
      3    357.8335 cm^-1  (     10.7276 THz )
      4    456.5917 cm^-1  (     13.6883 THz )
      5    540.0406 cm^-1  (     16.1900 THz )
      6    544.1678 cm^-1  (     16.3137 THz )

 # Irred. k point  674 : (  0.1333,  0.3333, -0.4000)
   Mode, Frequency 
      1    203.9014 cm^-1  (      6.1128 THz )
      2    247.7119 cm^-1  (      7.4262 THz )
      3    368.9465 cm^-1  (     11.0607 THz )
      4    443.8488 cm^-1  (     13.3063 THz )
      5    539.6560 cm^-1  (     16.1785 THz )
      6    542.6578 cm^-1  (     16.2685 THz )

 # Irred. k point  675 : (  0.1333,  0.3333, -0.3667)
   Mode, Frequency 
      1    204.6963 cm^-1  (      6.1366 THz )
      2    252.5759 cm^-1  (      7.5720 THz )
      3    376.5132 cm^-1  (     11.2876 THz )
      4    434.4918 cm^-1  (     13.0257 THz )
      5    539.9965 cm^-1  (     16.1887 THz )
      6    541.7158 cm^-1  (     16.2402 THz )

 # Irred. k point  676 : (  0.1333,  0.3333, -0.3333)
   Mode, Frequency 
      1    203.4684 cm^-1  (      6.0998 THz )
      2    255.0476 cm^-1  (      7.6461 THz )
      3    376.6231 cm^-1  (     11.2909 THz )
      4    432.6358 cm^-1  (     12.9701 THz )
      5    540.9948 cm^-1  (     16.2186 THz )
      6    541.4333 cm^-1  (     16.2318 THz )

 # Irred. k point  677 : (  0.1333,  0.3333, -0.3000)
   Mode, Frequency 
      1    200.3517 cm^-1  (      6.0064 THz )
      2    254.7987 cm^-1  (      7.6387 THz )
      3    368.7284 cm^-1  (     11.0542 THz )
      4    439.0362 cm^-1  (     13.1620 THz )
      5    541.5651 cm^-1  (     16.2357 THz )
      6    542.8600 cm^-1  (     16.2745 THz )

 # Irred. k point  678 : (  0.1333,  0.3333, -0.2667)
   Mode, Frequency 
      1    195.5838 cm^-1  (      5.8635 THz )
      2    251.5236 cm^-1  (      7.5405 THz )
      3    356.9170 cm^-1  (     10.7001 THz )
      4    449.8130 cm^-1  (     13.4851 THz )
      5    542.4168 cm^-1  (     16.2612 THz )
      6    545.1955 cm^-1  (     16.3445 THz )

 # Irred. k point  679 : (  0.1333,  0.3333, -0.2333)
   Mode, Frequency 
      1    189.4759 cm^-1  (      5.6803 THz )
      2    245.0272 cm^-1  (      7.3457 THz )
      3    344.1944 cm^-1  (     10.3187 THz )
      4    462.1056 cm^-1  (     13.8536 THz )
      5    543.8268 cm^-1  (     16.3035 THz )
      6    548.0267 cm^-1  (     16.4294 THz )

 # Irred. k point  680 : (  0.1333,  0.3333, -0.2000)
   Mode, Frequency 
      1    182.3905 cm^-1  (      5.4679 THz )
      2    235.3604 cm^-1  (      7.0559 THz )
      3    331.8209 cm^-1  (      9.9477 THz )
      4    474.6163 cm^-1  (     14.2286 THz )
      5    545.7723 cm^-1  (     16.3618 THz )
      6    551.2082 cm^-1  (     16.5248 THz )

 # Irred. k point  681 : (  0.1333,  0.3667, -0.5000)
   Mode, Frequency 
      1    197.8540 cm^-1  (      5.9315 THz )
      2    221.3812 cm^-1  (      6.6368 THz )
      3    340.6677 cm^-1  (     10.2130 THz )
      4    481.9449 cm^-1  (     14.4483 THz )
      5    539.7312 cm^-1  (     16.1807 THz )
      6    544.8057 cm^-1  (     16.3329 THz )

 # Irred. k point  682 : (  0.1333,  0.3667, -0.4667)
   Mode, Frequency 
      1    204.3013 cm^-1  (      6.1248 THz )
      2    231.2909 cm^-1  (      6.9339 THz )
      3    351.9383 cm^-1  (     10.5508 THz )
      4    469.1299 cm^-1  (     14.0642 THz )
      5    538.0035 cm^-1  (     16.1289 THz )
      6    542.5914 cm^-1  (     16.2665 THz )

 # Irred. k point  683 : (  0.1333,  0.3667, -0.4333)
   Mode, Frequency 
      1    209.1261 cm^-1  (      6.2694 THz )
      2    240.6242 cm^-1  (      7.2137 THz )
      3    362.6172 cm^-1  (     10.8710 THz )
      4    455.8796 cm^-1  (     13.6669 THz )
      5    536.9340 cm^-1  (     16.0969 THz )
      6    540.8484 cm^-1  (     16.2142 THz )

 # Irred. k point  684 : (  0.1333,  0.3667, -0.4000)
   Mode, Frequency 
      1    211.9180 cm^-1  (      6.3531 THz )
      2    248.9751 cm^-1  (      7.4641 THz )
      3    372.2146 cm^-1  (     11.1587 THz )
      4    443.0767 cm^-1  (     13.2831 THz )
      5    536.5554 cm^-1  (     16.0855 THz )
      6    539.6431 cm^-1  (     16.1781 THz )

 # Irred. k point  685 : (  0.1333,  0.3667, -0.3667)
   Mode, Frequency 
      1    212.5486 cm^-1  (      6.3720 THz )
      2    255.7538 cm^-1  (      7.6673 THz )
      3    379.2780 cm^-1  (     11.3705 THz )
      4    432.6045 cm^-1  (     12.9692 THz )
      5    536.8874 cm^-1  (     16.0955 THz )
      6    539.0109 cm^-1  (     16.1591 THz )

 # Irred. k point  686 : (  0.1333,  0.3667, -0.3333)
   Mode, Frequency 
      1    211.0919 cm^-1  (      6.3284 THz )
      2    260.2854 cm^-1  (      7.8032 THz )
      3    380.6347 cm^-1  (     11.4111 THz )
      4    428.0913 cm^-1  (     12.8339 THz )
      5    537.9283 cm^-1  (     16.1267 THz )
      6    538.9547 cm^-1  (     16.1575 THz )

 # Irred. k point  687 : (  0.1333,  0.3667, -0.3000)
   Mode, Frequency 
      1    207.7488 cm^-1  (      6.2282 THz )
      2    261.9020 cm^-1  (      7.8516 THz )
      3    374.6635 cm^-1  (     11.2321 THz )
      4    431.6209 cm^-1  (     12.9397 THz )
      5    539.4180 cm^-1  (     16.1713 THz )
      6    539.6784 cm^-1  (     16.1792 THz )

 # Irred. k point  688 : (  0.1333,  0.3667, -0.2667)
   Mode, Frequency 
      1    202.8011 cm^-1  (      6.0798 THz )
      2    260.0364 cm^-1  (      7.7957 THz )
      3    364.7660 cm^-1  (     10.9354 THz )
      4    440.2052 cm^-1  (     13.1970 THz )
      5    540.4376 cm^-1  (     16.2019 THz )
      6    541.9940 cm^-1  (     16.2486 THz )

 # Irred. k point  689 : (  0.1333,  0.3667, -0.2333)
   Mode, Frequency 
      1    196.5850 cm^-1  (      5.8935 THz )
      2    254.3721 cm^-1  (      7.6259 THz )
      3    354.1802 cm^-1  (     10.6181 THz )
      4    450.8384 cm^-1  (     13.5158 THz )
      5    541.9131 cm^-1  (     16.2461 THz )
      6    544.8286 cm^-1  (     16.3335 THz )

 # Irred. k point  690 : (  0.1333,  0.4000, -0.4667)
   Mode, Frequency 
      1    210.9621 cm^-1  (      6.3245 THz )
      2    229.5540 cm^-1  (      6.8819 THz )
      3    361.0391 cm^-1  (     10.8237 THz )
      4    466.8518 cm^-1  (     13.9959 THz )
      5    534.9616 cm^-1  (     16.0377 THz )
      6    538.8529 cm^-1  (     16.1544 THz )

 # Irred. k point  691 : (  0.1333,  0.4000, -0.4333)
   Mode, Frequency 
      1    216.4184 cm^-1  (      6.4881 THz )
      2    237.9378 cm^-1  (      7.1332 THz )
      3    370.5909 cm^-1  (     11.1100 THz )
      4    454.0937 cm^-1  (     13.6134 THz )
      5    534.0024 cm^-1  (     16.0090 THz )
      6    537.3568 cm^-1  (     16.1096 THz )

 # Irred. k point  692 : (  0.1333,  0.4000, -0.4000)
   Mode, Frequency 
      1    219.3857 cm^-1  (      6.5770 THz )
      2    246.5591 cm^-1  (      7.3917 THz )
      3    379.0381 cm^-1  (     11.3633 THz )
      4    441.3921 cm^-1  (     13.2326 THz )
      5    533.7070 cm^-1  (     16.0001 THz )
      6    536.4812 cm^-1  (     16.0833 THz )

 # Irred. k point  693 : (  0.1333,  0.4000, -0.3667)
   Mode, Frequency 
      1    219.8466 cm^-1  (      6.5908 THz )
      2    254.5975 cm^-1  (      7.6326 THz )
      3    385.4341 cm^-1  (     11.5550 THz )
      4    430.2238 cm^-1  (     12.8978 THz )
      5    534.0803 cm^-1  (     16.0113 THz )
      6    536.2404 cm^-1  (     16.0761 THz )

 # Irred. k point  694 : (  0.1333,  0.4000, -0.3333)
   Mode, Frequency 
      1    218.0834 cm^-1  (      6.5380 THz )
      2    260.9548 cm^-1  (      7.8232 THz )
      3    387.2030 cm^-1  (     11.6081 THz )
      4    423.8171 cm^-1  (     12.7057 THz )
      5    535.1283 cm^-1  (     16.0427 THz )
      6    536.5947 cm^-1  (     16.0867 THz )

 # Irred. k point  695 : (  0.1333,  0.4000, -0.3000)
   Mode, Frequency 
      1    214.4241 cm^-1  (      6.4283 THz )
      2    264.5392 cm^-1  (      7.9307 THz )
      3    382.1961 cm^-1  (     11.4580 THz )
      4    425.0663 cm^-1  (     12.7432 THz )
      5    536.8393 cm^-1  (     16.0940 THz )
      6    537.4667 cm^-1  (     16.1128 THz )

 # Irred. k point  696 : (  0.1333,  0.4000, -0.2667)
   Mode, Frequency 
      1    209.2096 cm^-1  (      6.2719 THz )
      2    264.4138 cm^-1  (      7.9269 THz )
      3    373.5761 cm^-1  (     11.1995 THz )
      4    431.5267 cm^-1  (     12.9368 THz )
      5    538.7710 cm^-1  (     16.1519 THz )
      6    539.1618 cm^-1  (     16.1637 THz )

 # Irred. k point  697 : (  0.1333,  0.4333, -0.4333)
   Mode, Frequency 
      1    221.8493 cm^-1  (      6.6509 THz )
      2    234.7433 cm^-1  (      7.0374 THz )
      3    380.6432 cm^-1  (     11.4114 THz )
      4    451.0824 cm^-1  (     13.5231 THz )
      5    531.3476 cm^-1  (     15.9294 THz )
      6    533.9647 cm^-1  (     16.0079 THz )

 # Irred. k point  698 : (  0.1333,  0.4333, -0.4000)
   Mode, Frequency 
      1    225.8273 cm^-1  (      6.7701 THz )
      2    241.6900 cm^-1  (      7.2457 THz )
      3    388.4970 cm^-1  (     11.6468 THz )
      4    438.6149 cm^-1  (     13.1493 THz )
      5    531.2521 cm^-1  (     15.9265 THz )
      6    533.3603 cm^-1  (     15.9897 THz )

 # Irred. k point  699 : (  0.1333,  0.4333, -0.3667)
   Mode, Frequency 
      1    226.2283 cm^-1  (      6.7822 THz )
      2    249.8914 cm^-1  (      7.4916 THz )
      3    394.5131 cm^-1  (     11.8272 THz )
      4    427.0395 cm^-1  (     12.8023 THz )
      5    531.7446 cm^-1  (     15.9413 THz )
      6    533.5230 cm^-1  (     15.9946 THz )

 # Irred. k point  700 : (  0.1333,  0.4333, -0.3333)
   Mode, Frequency 
      1    224.0654 cm^-1  (      6.7173 THz )
      2    257.4473 cm^-1  (      7.7181 THz )
      3    396.1558 cm^-1  (     11.8765 THz )
      4    419.6098 cm^-1  (     12.5796 THz )
      5    532.8260 cm^-1  (     15.9737 THz )
      6    534.3722 cm^-1  (     16.0201 THz )

 # Irred. k point  701 : (  0.1333,  0.4333, -0.3000)
   Mode, Frequency 
      1    219.9896 cm^-1  (      6.5951 THz )
      2    262.7652 cm^-1  (      7.8775 THz )
      3    390.5802 cm^-1  (     11.7093 THz )
      4    420.0880 cm^-1  (     12.5939 THz )
      5    534.5307 cm^-1  (     16.0248 THz )
      6    535.7401 cm^-1  (     16.0611 THz )

 # Irred. k point  702 : (  0.1333,  0.4667, -0.4000)
   Mode, Frequency 
      1    230.0110 cm^-1  (      6.8956 THz )
      2    236.6199 cm^-1  (      7.0937 THz )
      3    399.4384 cm^-1  (     11.9749 THz )
      4    434.6198 cm^-1  (     13.0296 THz )
      5    529.2566 cm^-1  (     15.8667 THz )
      6    530.5670 cm^-1  (     15.9060 THz )

 # Irred. k point  703 : (  0.1333,  0.4667, -0.3667)
   Mode, Frequency 
      1    231.3746 cm^-1  (      6.9364 THz )
      2    242.9381 cm^-1  (      7.2831 THz )
      3    405.5102 cm^-1  (     12.1569 THz )
      4    422.8223 cm^-1  (     12.6759 THz )
      5    530.0112 cm^-1  (     15.8893 THz )
      6    531.0285 cm^-1  (     15.9198 THz )

 # Irred. k point  704 : (  0.1333,  0.4667, -0.3333)
   Mode, Frequency 
      1    228.6671 cm^-1  (      6.8553 THz )
      2    250.9269 cm^-1  (      7.5226 THz )
      3    405.3548 cm^-1  (     12.1522 THz )
      4    416.5654 cm^-1  (     12.4883 THz )
      5    531.1306 cm^-1  (     15.9229 THz )
      6    532.4299 cm^-1  (     15.9618 THz )

 # Irred. k point  705 : (  0.1333, -0.5000, -0.3667)
   Mode, Frequency 
      1    235.0237 cm^-1  (      7.0458 THz )
      2    235.0237 cm^-1  (      7.0458 THz )
      3    417.4209 cm^-1  (     12.5140 THz )
      4    417.4209 cm^-1  (     12.5140 THz )
      5    528.9618 cm^-1  (     15.8579 THz )
      6    528.9618 cm^-1  (     15.8579 THz )

 # Irred. k point  706 : (  0.1667,  0.3333, -0.5000)
   Mode, Frequency 
      1    182.6091 cm^-1  (      5.4745 THz )
      2    222.8091 cm^-1  (      6.6796 THz )
      3    325.0046 cm^-1  (      9.7434 THz )
      4    485.7221 cm^-1  (     14.5616 THz )
      5    545.6563 cm^-1  (     16.3584 THz )
      6    551.8023 cm^-1  (     16.5426 THz )

 # Irred. k point  707 : (  0.1667,  0.3333, -0.4667)
   Mode, Frequency 
      1    189.8352 cm^-1  (      5.6911 THz )
      2    233.5611 cm^-1  (      7.0020 THz )
      3    337.6698 cm^-1  (     10.1231 THz )
      4    472.9471 cm^-1  (     14.1786 THz )
      5    543.5338 cm^-1  (     16.2947 THz )
      6    548.8175 cm^-1  (     16.4531 THz )

 # Irred. k point  708 : (  0.1667,  0.3333, -0.4333)
   Mode, Frequency 
      1    196.0805 cm^-1  (      5.8783 THz )
      2    242.1205 cm^-1  (      7.2586 THz )
      3    350.4944 cm^-1  (     10.5076 THz )
      4    459.8095 cm^-1  (     13.7847 THz )
      5    541.9930 cm^-1  (     16.2485 THz )
      6    546.1573 cm^-1  (     16.3734 THz )

 # Irred. k point  709 : (  0.1667,  0.3333, -0.4000)
   Mode, Frequency 
      1    200.9069 cm^-1  (      6.0230 THz )
      2    248.2662 cm^-1  (      7.4428 THz )
      3    362.8584 cm^-1  (     10.8782 THz )
      4    447.1450 cm^-1  (     13.4051 THz )
      5    541.0711 cm^-1  (     16.2209 THz )
      6    543.9462 cm^-1  (     16.3071 THz )

 # Irred. k point  710 : (  0.1667,  0.3333, -0.3667)
   Mode, Frequency 
      1    203.9601 cm^-1  (      6.1146 THz )
      2    251.9374 cm^-1  (      7.5529 THz )
      3    373.0524 cm^-1  (     11.1838 THz )
      4    436.7583 cm^-1  (     13.0937 THz )
      5    540.7899 cm^-1  (     16.2125 THz )
      6    542.2916 cm^-1  (     16.2575 THz )

 # Irred. k point  711 : (  0.1667,  0.3333, -0.3333)
   Mode, Frequency 
      1    205.0055 cm^-1  (      6.1459 THz )
      2    253.1550 cm^-1  (      7.5894 THz )
      3    377.4025 cm^-1  (     11.3142 THz )
      4    432.3442 cm^-1  (     12.9614 THz )
      5    541.0109 cm^-1  (     16.2191 THz )
      6    541.4158 cm^-1  (     16.2312 THz )

 # Irred. k point  712 : (  0.1667,  0.3667, -0.4667)
   Mode, Frequency 
      1    197.7038 cm^-1  (      5.9270 THz )
      2    232.5204 cm^-1  (      6.9708 THz )
      3    343.6363 cm^-1  (     10.3020 THz )
      4    471.5894 cm^-1  (     14.1379 THz )
      5    540.7897 cm^-1  (     16.2125 THz )
      6    545.8046 cm^-1  (     16.3628 THz )

 # Irred. k point  713 : (  0.1667,  0.3667, -0.4333)
   Mode, Frequency 
      1    204.2789 cm^-1  (      6.1241 THz )
      2    241.6336 cm^-1  (      7.2440 THz )
      3    354.6038 cm^-1  (     10.6308 THz )
      4    458.9624 cm^-1  (     13.7593 THz )
      5    539.2544 cm^-1  (     16.1664 THz )
      6    543.3509 cm^-1  (     16.2892 THz )

 # Irred. k point  714 : (  0.1667,  0.3667, -0.4000)
   Mode, Frequency 
      1    209.3807 cm^-1  (      6.2771 THz )
      2    248.9943 cm^-1  (      7.4647 THz )
      3    365.2109 cm^-1  (     10.9487 THz )
      4    446.4688 cm^-1  (     13.3848 THz )
      5    538.3180 cm^-1  (     16.1384 THz )
      6    541.3635 cm^-1  (     16.2297 THz )

 # Irred. k point  715 : (  0.1667,  0.3667, -0.3667)
   Mode, Frequency 
      1    212.5447 cm^-1  (      6.3719 THz )
      2    254.3773 cm^-1  (      7.6260 THz )
      3    374.4507 cm^-1  (     11.2258 THz )
      4    435.4448 cm^-1  (     13.0543 THz )
      5    538.0049 cm^-1  (     16.1290 THz )
      6    539.9275 cm^-1  (     16.1866 THz )

 # Irred. k point  716 : (  0.1667,  0.3667, -0.3333)
   Mode, Frequency 
      1    213.5020 cm^-1  (      6.4006 THz )
      2    257.5675 cm^-1  (      7.7217 THz )
      3    379.6787 cm^-1  (     11.3825 THz )
      4    428.7928 cm^-1  (     12.8549 THz )
      5    538.3309 cm^-1  (     16.1388 THz )
      6    539.0943 cm^-1  (     16.1616 THz )

 # Irred. k point  717 : (  0.1667,  0.3667, -0.3000)
   Mode, Frequency 
      1    212.2096 cm^-1  (      6.3619 THz )
      2    258.3215 cm^-1  (      7.7443 THz )
      3    377.5356 cm^-1  (     11.3182 THz )
      4    430.0670 cm^-1  (     12.8931 THz )
      5    538.8313 cm^-1  (     16.1538 THz )
      6    539.3450 cm^-1  (     16.1692 THz )

 # Irred. k point  718 : (  0.1667,  0.3667, -0.2667)
   Mode, Frequency 
      1    208.8322 cm^-1  (      6.2606 THz )
      2    256.3818 cm^-1  (      7.6861 THz )
      3    369.3572 cm^-1  (     11.0731 THz )
      4    438.0682 cm^-1  (     13.1330 THz )
      5    539.2004 cm^-1  (     16.1648 THz )
      6    540.9486 cm^-1  (     16.2172 THz )

 # Irred. k point  719 : (  0.1667,  0.3667, -0.2333)
   Mode, Frequency 
      1    203.6889 cm^-1  (      6.1064 THz )
      2    251.5599 cm^-1  (      7.5416 THz )
      3    358.9029 cm^-1  (     10.7596 THz )
      4    449.0811 cm^-1  (     13.4631 THz )
      5    540.1211 cm^-1  (     16.1924 THz )
      6    543.1367 cm^-1  (     16.2828 THz )

 # Irred. k point  720 : (  0.1667,  0.3667, -0.2000)
   Mode, Frequency 
      1    197.1977 cm^-1  (      5.9118 THz )
      2    243.8596 cm^-1  (      7.3107 THz )
      3    348.1323 cm^-1  (     10.4367 THz )
      4    461.0262 cm^-1  (     13.8212 THz )
      5    541.5743 cm^-1  (     16.2360 THz )
      6    545.8026 cm^-1  (     16.3628 THz )

 # Irred. k point  721 : (  0.1667,  0.4000, -0.4333)
   Mode, Frequency 
      1    211.5950 cm^-1  (      6.3435 THz )
      2    239.4467 cm^-1  (      7.1784 THz )
      3    361.6444 cm^-1  (     10.8418 THz )
      4    457.0875 cm^-1  (     13.7031 THz )
      5    536.5651 cm^-1  (     16.0858 THz )
      6    540.3401 cm^-1  (     16.1990 THz )

 # Irred. k point  722 : (  0.1667,  0.4000, -0.4000)
   Mode, Frequency 
      1    217.3573 cm^-1  (      6.5162 THz )
      2    246.7128 cm^-1  (      7.3963 THz )
      3    370.8608 cm^-1  (     11.1181 THz )
      4    444.8818 cm^-1  (     13.3372 THz )
      5    535.7087 cm^-1  (     16.0601 THz )
      6    538.6032 cm^-1  (     16.1469 THz )

 # Irred. k point  723 : (  0.1667,  0.4000, -0.3667)
   Mode, Frequency 
      1    220.8340 cm^-1  (      6.6204 THz )
      2    253.0009 cm^-1  (      7.5848 THz )
      3    379.0323 cm^-1  (     11.3631 THz )
      4    433.5185 cm^-1  (     12.9966 THz )
      5    535.4394 cm^-1  (     16.0521 THz )
      6    537.4589 cm^-1  (     16.1126 THz )

 # Irred. k point  724 : (  0.1667,  0.4000, -0.3333)
   Mode, Frequency 
      1    221.6909 cm^-1  (      6.6461 THz )
      2    257.9252 cm^-1  (      7.7324 THz )
      3    384.3660 cm^-1  (     11.5230 THz )
      4    425.2551 cm^-1  (     12.7488 THz )
      5    535.7715 cm^-1  (     16.0620 THz )
      6    536.9334 cm^-1  (     16.0969 THz )

 # Irred. k point  725 : (  0.1667,  0.4000, -0.3000)
   Mode, Frequency 
      1    220.0179 cm^-1  (      6.5960 THz )
      2    260.8298 cm^-1  (      7.8195 THz )
      3    383.5403 cm^-1  (     11.4982 THz )
      4    423.8651 cm^-1  (     12.7072 THz )
      5    536.7253 cm^-1  (     16.0906 THz )
      6    536.9979 cm^-1  (     16.0988 THz )

 # Irred. k point  726 : (  0.1667,  0.4000, -0.2667)
   Mode, Frequency 
      1    216.1553 cm^-1  (      6.4802 THz )
      2    261.0128 cm^-1  (      7.8250 THz )
      3    376.7538 cm^-1  (     11.2948 THz )
      4    429.5385 cm^-1  (     12.8772 THz )
      5    537.5872 cm^-1  (     16.1165 THz )
      6    538.3084 cm^-1  (     16.1381 THz )

 # Irred. k point  727 : (  0.1667,  0.4000, -0.2333)
   Mode, Frequency 
      1    210.5497 cm^-1  (      6.3121 THz )
      2    257.9655 cm^-1  (      7.7336 THz )
      3    367.8352 cm^-1  (     11.0274 THz )
      4    438.6725 cm^-1  (     13.1511 THz )
      5    538.6437 cm^-1  (     16.1481 THz )
      6    540.4758 cm^-1  (     16.2031 THz )

 # Irred. k point  728 : (  0.1667,  0.4333, -0.4000)
   Mode, Frequency 
      1    223.6764 cm^-1  (      6.7057 THz )
      2    243.1626 cm^-1  (      7.2898 THz )
      3    378.9711 cm^-1  (     11.3613 THz )
      4    442.2805 cm^-1  (     13.2592 THz )
      5    533.3438 cm^-1  (     15.9892 THz )
      6    535.8438 cm^-1  (     16.0642 THz )

 # Irred. k point  729 : (  0.1667,  0.4333, -0.3667)
   Mode, Frequency 
      1    228.2141 cm^-1  (      6.8417 THz )
      2    248.6373 cm^-1  (      7.4540 THz )
      3    386.3994 cm^-1  (     11.5840 THz )
      4    430.7856 cm^-1  (     12.9146 THz )
      5    533.2377 cm^-1  (     15.9861 THz )
      6    534.9909 cm^-1  (     16.0386 THz )

 # Irred. k point  730 : (  0.1667,  0.4333, -0.3333)
   Mode, Frequency 
      1    229.1129 cm^-1  (      6.8686 THz )
      2    254.4623 cm^-1  (      7.6286 THz )
      3    391.6483 cm^-1  (     11.7413 THz )
      4    421.3813 cm^-1  (     12.6327 THz )
      5    533.6524 cm^-1  (     15.9985 THz )
      6    534.8347 cm^-1  (     16.0339 THz )

 # Irred. k point  731 : (  0.1667,  0.4333, -0.3000)
   Mode, Frequency 
      1    226.8904 cm^-1  (      6.8020 THz )
      2    259.3589 cm^-1  (      7.7754 THz )
      3    391.2568 cm^-1  (     11.7296 THz )
      4    418.1587 cm^-1  (     12.5361 THz )
      5    534.6123 cm^-1  (     16.0273 THz )
      6    535.3063 cm^-1  (     16.0481 THz )

 # Irred. k point  732 : (  0.1667,  0.4333, -0.2667)
   Mode, Frequency 
      1    222.3570 cm^-1  (      6.6661 THz )
      2    261.8762 cm^-1  (      7.8508 THz )
      3    384.7663 cm^-1  (     11.5350 THz )
      4    422.2319 cm^-1  (     12.6582 THz )
      5    536.1670 cm^-1  (     16.0739 THz )
      6    536.2651 cm^-1  (     16.0768 THz )

 # Irred. k point  733 : (  0.1667,  0.4667, -0.3667)
   Mode, Frequency 
      1    233.3440 cm^-1  (      6.9955 THz )
      2    243.3851 cm^-1  (      7.2965 THz )
      3    395.6168 cm^-1  (     11.8603 THz )
      4    427.1589 cm^-1  (     12.8059 THz )
      5    531.4752 cm^-1  (     15.9332 THz )
      6    532.7137 cm^-1  (     15.9704 THz )

 # Irred. k point  734 : (  0.1667,  0.4667, -0.3333)
   Mode, Frequency 
      1    235.3509 cm^-1  (      7.0556 THz )
      2    248.1113 cm^-1  (      7.4382 THz )
      3    401.0047 cm^-1  (     12.0218 THz )
      4    416.9025 cm^-1  (     12.4984 THz )
      5    532.1110 cm^-1  (     15.9523 THz )
      6    532.8880 cm^-1  (     15.9756 THz )

 # Irred. k point  735 : (  0.1667,  0.4667, -0.3000)
   Mode, Frequency 
      1    232.2941 cm^-1  (      6.9640 THz )
      2    254.6103 cm^-1  (      7.6330 THz )
      3    399.3838 cm^-1  (     11.9732 THz )
      4    413.7986 cm^-1  (     12.4054 THz )
      5    533.0879 cm^-1  (     15.9816 THz )
      6    533.8659 cm^-1  (     16.0049 THz )

 # Irred. k point  736 : (  0.1667, -0.5000, -0.3333)
   Mode, Frequency 
      1    240.0496 cm^-1  (      7.1965 THz )
      2    240.0496 cm^-1  (      7.1965 THz )
      3    411.6434 cm^-1  (     12.3408 THz )
      4    411.6434 cm^-1  (     12.3408 THz )
      5    531.2276 cm^-1  (     15.9258 THz )
      6    531.2276 cm^-1  (     15.9258 THz )

 # Irred. k point  737 : (  0.2000,  0.4000, -0.4000)
   Mode, Frequency 
      1    211.4525 cm^-1  (      6.3392 THz )
      2    249.2772 cm^-1  (      7.4731 THz )
      3    363.8330 cm^-1  (     10.9074 THz )
      4    447.4498 cm^-1  (     13.4142 THz )
      5    537.8606 cm^-1  (     16.1247 THz )
      6    540.8896 cm^-1  (     16.2155 THz )

 # Irred. k point  738 : (  0.2000,  0.4000, -0.3667)
   Mode, Frequency 
      1    217.2608 cm^-1  (      6.5133 THz )
      2    254.7517 cm^-1  (      7.6373 THz )
      3    372.8842 cm^-1  (     11.1788 THz )
      4    436.4109 cm^-1  (     13.0833 THz )
      5    536.9647 cm^-1  (     16.0978 THz )
      6    538.9225 cm^-1  (     16.1565 THz )

 # Irred. k point  739 : (  0.2000,  0.4000, -0.3333)
   Mode, Frequency 
      1    221.0677 cm^-1  (      6.6274 THz )
      2    257.9922 cm^-1  (      7.7344 THz )
      3    380.6363 cm^-1  (     11.4112 THz )
      4    427.3266 cm^-1  (     12.8109 THz )
      5    536.5868 cm^-1  (     16.0865 THz )
      6    537.5364 cm^-1  (     16.1149 THz )

 # Irred. k point  740 : (  0.2000,  0.4000, -0.3000)
   Mode, Frequency 
      1    222.3969 cm^-1  (      6.6673 THz )
      2    259.0576 cm^-1  (      7.7664 THz )
      3    384.0877 cm^-1  (     11.5147 THz )
      4    423.4088 cm^-1  (     12.6935 THz )
      5    536.7490 cm^-1  (     16.0913 THz )
      6    536.7783 cm^-1  (     16.0922 THz )

 # Irred. k point  741 : (  0.2000,  0.4333, -0.3667)
   Mode, Frequency 
      1    224.4882 cm^-1  (      6.7300 THz )
      2    251.2072 cm^-1  (      7.5310 THz )
      3    378.8585 cm^-1  (     11.3579 THz )
      4    433.9772 cm^-1  (     13.0103 THz )
      5    534.9630 cm^-1  (     16.0378 THz )
      6    536.8782 cm^-1  (     16.0952 THz )

 # Irred. k point  742 : (  0.2000,  0.4333, -0.3333)
   Mode, Frequency 
      1    229.3198 cm^-1  (      6.8748 THz )
      2    254.4784 cm^-1  (      7.6291 THz )
      3    386.0517 cm^-1  (     11.5735 THz )
      4    424.1813 cm^-1  (     12.7166 THz )
      5    534.6824 cm^-1  (     16.0294 THz )
      6    535.7689 cm^-1  (     16.0619 THz )

 # Irred. k point  743 : (  0.2000,  0.4333, -0.3000)
   Mode, Frequency 
      1    230.8211 cm^-1  (      6.9198 THz )
      2    256.9204 cm^-1  (      7.7023 THz )
      3    390.2057 cm^-1  (     11.6981 THz )
      4    418.1313 cm^-1  (     12.5353 THz )
      5    534.8837 cm^-1  (     16.0354 THz )
      6    535.3000 cm^-1  (     16.0479 THz )

 # Irred. k point  744 : (  0.2000,  0.4333, -0.2667)
   Mode, Frequency 
      1    228.8278 cm^-1  (      6.8601 THz )
      2    258.2899 cm^-1  (      7.7433 THz )
      3    387.7287 cm^-1  (     11.6238 THz )
      4    419.7349 cm^-1  (     12.5833 THz )
      5    535.4040 cm^-1  (     16.0510 THz )
      6    535.6331 cm^-1  (     16.0579 THz )

 # Irred. k point  745 : (  0.2000,  0.4333, -0.2333)
   Mode, Frequency 
      1    224.0127 cm^-1  (      6.7157 THz )
      2    257.7875 cm^-1  (      7.7283 THz )
      3    380.7637 cm^-1  (     11.4150 THz )
      4    427.0289 cm^-1  (     12.8020 THz )
      5    535.9847 cm^-1  (     16.0684 THz )
      6    536.9819 cm^-1  (     16.0983 THz )

 # Irred. k point  746 : (  0.2000,  0.4667, -0.3333)
   Mode, Frequency 
      1    235.6097 cm^-1  (      7.0634 THz )
      2    249.4587 cm^-1  (      7.4786 THz )
      3    393.2285 cm^-1  (     11.7887 THz )
      4    420.5700 cm^-1  (     12.6084 THz )
      5    533.2164 cm^-1  (     15.9854 THz )
      6    534.1331 cm^-1  (     16.0129 THz )

 # Irred. k point  747 : (  0.2000,  0.4667, -0.3000)
   Mode, Frequency 
      1    238.2307 cm^-1  (      7.1420 THz )
      2    251.6494 cm^-1  (      7.5443 THz )
      3    397.9957 cm^-1  (     11.9316 THz )
      4    412.7392 cm^-1  (     12.3736 THz )
      5    533.5676 cm^-1  (     15.9960 THz )
      6    533.9883 cm^-1  (     16.0086 THz )

 # Irred. k point  748 : (  0.2000,  0.4667, -0.2667)
   Mode, Frequency 
      1    235.0351 cm^-1  (      7.0462 THz )
      2    255.6624 cm^-1  (      7.6646 THz )
      3    395.0628 cm^-1  (     11.8437 THz )
      4    413.4131 cm^-1  (     12.3938 THz )
      5    534.3171 cm^-1  (     16.0184 THz )
      6    534.4938 cm^-1  (     16.0237 THz )

 # Irred. k point  749 : (  0.2000, -0.5000, -0.3000)
   Mode, Frequency 
      1    244.1306 cm^-1  (      7.3189 THz )
      2    244.1306 cm^-1  (      7.3189 THz )
      3    407.0635 cm^-1  (     12.2035 THz )
      4    407.0635 cm^-1  (     12.2035 THz )
      5    532.8944 cm^-1  (     15.9758 THz )
      6    532.8944 cm^-1  (     15.9758 THz )

 # Irred. k point  750 : (  0.2333,  0.4667, -0.3000)
   Mode, Frequency 
      1    236.2353 cm^-1  (      7.0822 THz )
      2    253.8257 cm^-1  (      7.6095 THz )
      3    392.9496 cm^-1  (     11.7803 THz )
      4    415.7543 cm^-1  (     12.4640 THz )
      5    534.2643 cm^-1  (     16.0168 THz )
      6    534.6814 cm^-1  (     16.0293 THz )

 # Irred. k point  751 : (  0.2333,  0.4667, -0.2667)
   Mode, Frequency 
      1    239.2860 cm^-1  (      7.1736 THz )
      2    252.9090 cm^-1  (      7.5820 THz )
      3    396.9453 cm^-1  (     11.9001 THz )
      4    411.2273 cm^-1  (     12.3283 THz )
      5    534.1922 cm^-1  (     16.0147 THz )
      6    534.2452 cm^-1  (     16.0163 THz )

 # Irred. k point  752 : (  0.2333, -0.5000, -0.2667)
   Mode, Frequency 
      1    246.4304 cm^-1  (      7.3878 THz )
      2    246.4304 cm^-1  (      7.3878 THz )
      3    404.5193 cm^-1  (     12.1272 THz )
      4    404.5193 cm^-1  (     12.1272 THz )
      5    533.7725 cm^-1  (     16.0021 THz )
      6    533.7725 cm^-1  (     16.0021 THz )



 -----------------------------------------------------------------

 The following files are created: 
  si222.dos         : Phonon DOS
  si222.thermo      : Thermodynamic quantities

 Job finished at Wed Apr 10 13:42:40 2024

