 +-----------------------------------------------------------------+
 +                         Program ANPHON                          +
 +                             Ver.  1.5.0                         +
 +-----------------------------------------------------------------+

 Job started at Wed Apr 17 11:34:59 2024

 The number of MPI processes: 1
 The number of OpenMP threads: 80


 Input variables:
 -----------------------------------------------------------------
 General:
  PREFIX = lj444
  MODE = PHONONS
  FCSXML = /home/emeitz/ALM_Test/lj444.xml

  NKD = 1; KD =   Ar
  MASS =      39.95
  NSYM = 0; TOLERANCE = 0.001; PRINTSYM = 0

  NONANALYTIC = 0

  TMIN = 0; TMAX = 1000; DT = 10
  EMIN = 0; EMAX = 1000; DELTA_E = 0.5

  ISMEAR = -1; EPSILON = 10

  CLASSICAL = 0
  BCONNECT = 0


 Kpoint:
  KPMODE (1st entry for &kpoint) = 2


 Analysis:
  PRINTVEL = 0
  PRINTVEC = 0
  PRINTXSF = 0

  PDOS = 0; TDOS = 0
  PRINTMSD = 0
  SPS = 0

  GRUNEISEN = 0
  NEWFCS = 0


 -----------------------------------------------------------------

                      MODE = phonons                         
                                                             
      Phonon calculation within harmonic approximation       
      Harmonic force constants will be used.                 

 -----------------------------------------------------------------

 Crystal structure
 =================

 Lattice Vectors:

 * Supercell (from /home/emeitz/ALM_Test/lj444.xml )

    3.966006e+01   0.000000e+00   0.000000e+00 : a1
    0.000000e+00   3.966006e+01   0.000000e+00 : a2
    0.000000e+00   0.000000e+00   3.966006e+01 : a3

    1.584260e-01   0.000000e+00   0.000000e+00 : b1
    0.000000e+00   1.584260e-01   0.000000e+00 : b2
    0.000000e+00   0.000000e+00   1.584260e-01 : b3

 * Primitive cell 

    0.000000e+00   4.957507e+00   4.957507e+00 : a1
    4.957507e+00   0.000000e+00   4.957507e+00 : a2
    4.957507e+00   4.957507e+00   0.000000e+00 : a3

   -6.337041e-01   6.337041e-01   6.337041e-01 : b1
    6.337041e-01  -6.337041e-01   6.337041e-01 : b2
    6.337041e-01   6.337041e-01  -6.337041e-01 : b3


  Volume of the primitive cell : 2.436801e+02 (a.u.)^3

  Number of atoms in the supercell     : 256
  Number of atoms in the primitive cell: 1

  Atomic positions in the primitive cell (fractional):
   1:   0.000000e+00   0.000000e+00   0.000000e+00  Ar

  Mass of atomic species (u):
  Ar:   39.950000


 Symmetry
 ========

  NSYM = 0 is given: Trying to find symmetry operations.

  Number of symmetry operations : 48
 k points
 ========

  KPMODE = 2: Uniform grid
  Gamma-centered uniform grid with the following mesh density: 
  nk1:  30
  nk2:  30
  nk3:  30

  Number of k points : 27000
  Number of irreducible k points : 752

  List of irreducible k points (reciprocal coordinate, weight) : 
      1:   0.00000e+00   0.00000e+00   0.00000e+00   0.000037
      2:   0.00000e+00   0.00000e+00   3.33333e-02   0.000296
      3:   0.00000e+00   0.00000e+00   6.66667e-02   0.000296
      4:   0.00000e+00   0.00000e+00   1.00000e-01   0.000296
      5:   0.00000e+00   0.00000e+00   1.33333e-01   0.000296
      6:   0.00000e+00   0.00000e+00   1.66667e-01   0.000296
      7:   0.00000e+00   0.00000e+00   2.00000e-01   0.000296
      8:   0.00000e+00   0.00000e+00   2.33333e-01   0.000296
      9:   0.00000e+00   0.00000e+00   2.66667e-01   0.000296
     10:   0.00000e+00   0.00000e+00   3.00000e-01   0.000296
     11:   0.00000e+00   0.00000e+00   3.33333e-01   0.000296
     12:   0.00000e+00   0.00000e+00   3.66667e-01   0.000296
     13:   0.00000e+00   0.00000e+00   4.00000e-01   0.000296
     14:   0.00000e+00   0.00000e+00   4.33333e-01   0.000296
     15:   0.00000e+00   0.00000e+00   4.66667e-01   0.000296
     16:   0.00000e+00   0.00000e+00  -5.00000e-01   0.000148
     17:   0.00000e+00   3.33333e-02   3.33333e-02   0.000222
     18:   0.00000e+00   3.33333e-02   6.66667e-02   0.000889
     19:   0.00000e+00   3.33333e-02   1.00000e-01   0.000889
     20:   0.00000e+00   3.33333e-02   1.33333e-01   0.000889
     21:   0.00000e+00   3.33333e-02   1.66667e-01   0.000889
     22:   0.00000e+00   3.33333e-02   2.00000e-01   0.000889
     23:   0.00000e+00   3.33333e-02   2.33333e-01   0.000889
     24:   0.00000e+00   3.33333e-02   2.66667e-01   0.000889
     25:   0.00000e+00   3.33333e-02   3.00000e-01   0.000889
     26:   0.00000e+00   3.33333e-02   3.33333e-01   0.000889
     27:   0.00000e+00   3.33333e-02   3.66667e-01   0.000889
     28:   0.00000e+00   3.33333e-02   4.00000e-01   0.000889
     29:   0.00000e+00   3.33333e-02   4.33333e-01   0.000889
     30:   0.00000e+00   3.33333e-02   4.66667e-01   0.000889
     31:   0.00000e+00   3.33333e-02  -5.00000e-01   0.000889
     32:   0.00000e+00   3.33333e-02  -4.66667e-01   0.000889
     33:   0.00000e+00   3.33333e-02  -4.33333e-01   0.000889
     34:   0.00000e+00   3.33333e-02  -4.00000e-01   0.000889
     35:   0.00000e+00   3.33333e-02  -3.66667e-01   0.000889
     36:   0.00000e+00   3.33333e-02  -3.33333e-01   0.000889
     37:   0.00000e+00   3.33333e-02  -3.00000e-01   0.000889
     38:   0.00000e+00   3.33333e-02  -2.66667e-01   0.000889
     39:   0.00000e+00   3.33333e-02  -2.33333e-01   0.000889
     40:   0.00000e+00   3.33333e-02  -2.00000e-01   0.000889
     41:   0.00000e+00   3.33333e-02  -1.66667e-01   0.000889
     42:   0.00000e+00   3.33333e-02  -1.33333e-01   0.000889
     43:   0.00000e+00   3.33333e-02  -1.00000e-01   0.000889
     44:   0.00000e+00   3.33333e-02  -6.66667e-02   0.000889
     45:   0.00000e+00   3.33333e-02  -3.33333e-02   0.000444
     46:   0.00000e+00   6.66667e-02   6.66667e-02   0.000222
     47:   0.00000e+00   6.66667e-02   1.00000e-01   0.000889
     48:   0.00000e+00   6.66667e-02   1.33333e-01   0.000889
     49:   0.00000e+00   6.66667e-02   1.66667e-01   0.000889
     50:   0.00000e+00   6.66667e-02   2.00000e-01   0.000889
     51:   0.00000e+00   6.66667e-02   2.33333e-01   0.000889
     52:   0.00000e+00   6.66667e-02   2.66667e-01   0.000889
     53:   0.00000e+00   6.66667e-02   3.00000e-01   0.000889
     54:   0.00000e+00   6.66667e-02   3.33333e-01   0.000889
     55:   0.00000e+00   6.66667e-02   3.66667e-01   0.000889
     56:   0.00000e+00   6.66667e-02   4.00000e-01   0.000889
     57:   0.00000e+00   6.66667e-02   4.33333e-01   0.000889
     58:   0.00000e+00   6.66667e-02   4.66667e-01   0.000889
     59:   0.00000e+00   6.66667e-02  -5.00000e-01   0.000889
     60:   0.00000e+00   6.66667e-02  -4.66667e-01   0.000889
     61:   0.00000e+00   6.66667e-02  -4.33333e-01   0.000889
     62:   0.00000e+00   6.66667e-02  -4.00000e-01   0.000889
     63:   0.00000e+00   6.66667e-02  -3.66667e-01   0.000889
     64:   0.00000e+00   6.66667e-02  -3.33333e-01   0.000889
     65:   0.00000e+00   6.66667e-02  -3.00000e-01   0.000889
     66:   0.00000e+00   6.66667e-02  -2.66667e-01   0.000889
     67:   0.00000e+00   6.66667e-02  -2.33333e-01   0.000889
     68:   0.00000e+00   6.66667e-02  -2.00000e-01   0.000889
     69:   0.00000e+00   6.66667e-02  -1.66667e-01   0.000889
     70:   0.00000e+00   6.66667e-02  -1.33333e-01   0.000889
     71:   0.00000e+00   6.66667e-02  -1.00000e-01   0.000889
     72:   0.00000e+00   6.66667e-02  -6.66667e-02   0.000444
     73:   0.00000e+00   1.00000e-01   1.00000e-01   0.000222
     74:   0.00000e+00   1.00000e-01   1.33333e-01   0.000889
     75:   0.00000e+00   1.00000e-01   1.66667e-01   0.000889
     76:   0.00000e+00   1.00000e-01   2.00000e-01   0.000889
     77:   0.00000e+00   1.00000e-01   2.33333e-01   0.000889
     78:   0.00000e+00   1.00000e-01   2.66667e-01   0.000889
     79:   0.00000e+00   1.00000e-01   3.00000e-01   0.000889
     80:   0.00000e+00   1.00000e-01   3.33333e-01   0.000889
     81:   0.00000e+00   1.00000e-01   3.66667e-01   0.000889
     82:   0.00000e+00   1.00000e-01   4.00000e-01   0.000889
     83:   0.00000e+00   1.00000e-01   4.33333e-01   0.000889
     84:   0.00000e+00   1.00000e-01   4.66667e-01   0.000889
     85:   0.00000e+00   1.00000e-01  -5.00000e-01   0.000889
     86:   0.00000e+00   1.00000e-01  -4.66667e-01   0.000889
     87:   0.00000e+00   1.00000e-01  -4.33333e-01   0.000889
     88:   0.00000e+00   1.00000e-01  -4.00000e-01   0.000889
     89:   0.00000e+00   1.00000e-01  -3.66667e-01   0.000889
     90:   0.00000e+00   1.00000e-01  -3.33333e-01   0.000889
     91:   0.00000e+00   1.00000e-01  -3.00000e-01   0.000889
     92:   0.00000e+00   1.00000e-01  -2.66667e-01   0.000889
     93:   0.00000e+00   1.00000e-01  -2.33333e-01   0.000889
     94:   0.00000e+00   1.00000e-01  -2.00000e-01   0.000889
     95:   0.00000e+00   1.00000e-01  -1.66667e-01   0.000889
     96:   0.00000e+00   1.00000e-01  -1.33333e-01   0.000889
     97:   0.00000e+00   1.00000e-01  -1.00000e-01   0.000444
     98:   0.00000e+00   1.33333e-01   1.33333e-01   0.000222
     99:   0.00000e+00   1.33333e-01   1.66667e-01   0.000889
    100:   0.00000e+00   1.33333e-01   2.00000e-01   0.000889
    101:   0.00000e+00   1.33333e-01   2.33333e-01   0.000889
    102:   0.00000e+00   1.33333e-01   2.66667e-01   0.000889
    103:   0.00000e+00   1.33333e-01   3.00000e-01   0.000889
    104:   0.00000e+00   1.33333e-01   3.33333e-01   0.000889
    105:   0.00000e+00   1.33333e-01   3.66667e-01   0.000889
    106:   0.00000e+00   1.33333e-01   4.00000e-01   0.000889
    107:   0.00000e+00   1.33333e-01   4.33333e-01   0.000889
    108:   0.00000e+00   1.33333e-01   4.66667e-01   0.000889
    109:   0.00000e+00   1.33333e-01  -5.00000e-01   0.000889
    110:   0.00000e+00   1.33333e-01  -4.66667e-01   0.000889
    111:   0.00000e+00   1.33333e-01  -4.33333e-01   0.000889
    112:   0.00000e+00   1.33333e-01  -4.00000e-01   0.000889
    113:   0.00000e+00   1.33333e-01  -3.66667e-01   0.000889
    114:   0.00000e+00   1.33333e-01  -3.33333e-01   0.000889
    115:   0.00000e+00   1.33333e-01  -3.00000e-01   0.000889
    116:   0.00000e+00   1.33333e-01  -2.66667e-01   0.000889
    117:   0.00000e+00   1.33333e-01  -2.33333e-01   0.000889
    118:   0.00000e+00   1.33333e-01  -2.00000e-01   0.000889
    119:   0.00000e+00   1.33333e-01  -1.66667e-01   0.000889
    120:   0.00000e+00   1.33333e-01  -1.33333e-01   0.000444
    121:   0.00000e+00   1.66667e-01   1.66667e-01   0.000222
    122:   0.00000e+00   1.66667e-01   2.00000e-01   0.000889
    123:   0.00000e+00   1.66667e-01   2.33333e-01   0.000889
    124:   0.00000e+00   1.66667e-01   2.66667e-01   0.000889
    125:   0.00000e+00   1.66667e-01   3.00000e-01   0.000889
    126:   0.00000e+00   1.66667e-01   3.33333e-01   0.000889
    127:   0.00000e+00   1.66667e-01   3.66667e-01   0.000889
    128:   0.00000e+00   1.66667e-01   4.00000e-01   0.000889
    129:   0.00000e+00   1.66667e-01   4.33333e-01   0.000889
    130:   0.00000e+00   1.66667e-01   4.66667e-01   0.000889
    131:   0.00000e+00   1.66667e-01  -5.00000e-01   0.000889
    132:   0.00000e+00   1.66667e-01  -4.66667e-01   0.000889
    133:   0.00000e+00   1.66667e-01  -4.33333e-01   0.000889
    134:   0.00000e+00   1.66667e-01  -4.00000e-01   0.000889
    135:   0.00000e+00   1.66667e-01  -3.66667e-01   0.000889
    136:   0.00000e+00   1.66667e-01  -3.33333e-01   0.000889
    137:   0.00000e+00   1.66667e-01  -3.00000e-01   0.000889
    138:   0.00000e+00   1.66667e-01  -2.66667e-01   0.000889
    139:   0.00000e+00   1.66667e-01  -2.33333e-01   0.000889
    140:   0.00000e+00   1.66667e-01  -2.00000e-01   0.000889
    141:   0.00000e+00   1.66667e-01  -1.66667e-01   0.000444
    142:   0.00000e+00   2.00000e-01   2.00000e-01   0.000222
    143:   0.00000e+00   2.00000e-01   2.33333e-01   0.000889
    144:   0.00000e+00   2.00000e-01   2.66667e-01   0.000889
    145:   0.00000e+00   2.00000e-01   3.00000e-01   0.000889
    146:   0.00000e+00   2.00000e-01   3.33333e-01   0.000889
    147:   0.00000e+00   2.00000e-01   3.66667e-01   0.000889
    148:   0.00000e+00   2.00000e-01   4.00000e-01   0.000889
    149:   0.00000e+00   2.00000e-01   4.33333e-01   0.000889
    150:   0.00000e+00   2.00000e-01   4.66667e-01   0.000889
    151:   0.00000e+00   2.00000e-01  -5.00000e-01   0.000889
    152:   0.00000e+00   2.00000e-01  -4.66667e-01   0.000889
    153:   0.00000e+00   2.00000e-01  -4.33333e-01   0.000889
    154:   0.00000e+00   2.00000e-01  -4.00000e-01   0.000889
    155:   0.00000e+00   2.00000e-01  -3.66667e-01   0.000889
    156:   0.00000e+00   2.00000e-01  -3.33333e-01   0.000889
    157:   0.00000e+00   2.00000e-01  -3.00000e-01   0.000889
    158:   0.00000e+00   2.00000e-01  -2.66667e-01   0.000889
    159:   0.00000e+00   2.00000e-01  -2.33333e-01   0.000889
    160:   0.00000e+00   2.00000e-01  -2.00000e-01   0.000444
    161:   0.00000e+00   2.33333e-01   2.33333e-01   0.000222
    162:   0.00000e+00   2.33333e-01   2.66667e-01   0.000889
    163:   0.00000e+00   2.33333e-01   3.00000e-01   0.000889
    164:   0.00000e+00   2.33333e-01   3.33333e-01   0.000889
    165:   0.00000e+00   2.33333e-01   3.66667e-01   0.000889
    166:   0.00000e+00   2.33333e-01   4.00000e-01   0.000889
    167:   0.00000e+00   2.33333e-01   4.33333e-01   0.000889
    168:   0.00000e+00   2.33333e-01   4.66667e-01   0.000889
    169:   0.00000e+00   2.33333e-01  -5.00000e-01   0.000889
    170:   0.00000e+00   2.33333e-01  -4.66667e-01   0.000889
    171:   0.00000e+00   2.33333e-01  -4.33333e-01   0.000889
    172:   0.00000e+00   2.33333e-01  -4.00000e-01   0.000889
    173:   0.00000e+00   2.33333e-01  -3.66667e-01   0.000889
    174:   0.00000e+00   2.33333e-01  -3.33333e-01   0.000889
    175:   0.00000e+00   2.33333e-01  -3.00000e-01   0.000889
    176:   0.00000e+00   2.33333e-01  -2.66667e-01   0.000889
    177:   0.00000e+00   2.33333e-01  -2.33333e-01   0.000444
    178:   0.00000e+00   2.66667e-01   2.66667e-01   0.000222
    179:   0.00000e+00   2.66667e-01   3.00000e-01   0.000889
    180:   0.00000e+00   2.66667e-01   3.33333e-01   0.000889
    181:   0.00000e+00   2.66667e-01   3.66667e-01   0.000889
    182:   0.00000e+00   2.66667e-01   4.00000e-01   0.000889
    183:   0.00000e+00   2.66667e-01   4.33333e-01   0.000889
    184:   0.00000e+00   2.66667e-01   4.66667e-01   0.000889
    185:   0.00000e+00   2.66667e-01  -5.00000e-01   0.000889
    186:   0.00000e+00   2.66667e-01  -4.66667e-01   0.000889
    187:   0.00000e+00   2.66667e-01  -4.33333e-01   0.000889
    188:   0.00000e+00   2.66667e-01  -4.00000e-01   0.000889
    189:   0.00000e+00   2.66667e-01  -3.66667e-01   0.000889
    190:   0.00000e+00   2.66667e-01  -3.33333e-01   0.000889
    191:   0.00000e+00   2.66667e-01  -3.00000e-01   0.000889
    192:   0.00000e+00   2.66667e-01  -2.66667e-01   0.000444
    193:   0.00000e+00   3.00000e-01   3.00000e-01   0.000222
    194:   0.00000e+00   3.00000e-01   3.33333e-01   0.000889
    195:   0.00000e+00   3.00000e-01   3.66667e-01   0.000889
    196:   0.00000e+00   3.00000e-01   4.00000e-01   0.000889
    197:   0.00000e+00   3.00000e-01   4.33333e-01   0.000889
    198:   0.00000e+00   3.00000e-01   4.66667e-01   0.000889
    199:   0.00000e+00   3.00000e-01  -5.00000e-01   0.000889
    200:   0.00000e+00   3.00000e-01  -4.66667e-01   0.000889
    201:   0.00000e+00   3.00000e-01  -4.33333e-01   0.000889
    202:   0.00000e+00   3.00000e-01  -4.00000e-01   0.000889
    203:   0.00000e+00   3.00000e-01  -3.66667e-01   0.000889
    204:   0.00000e+00   3.00000e-01  -3.33333e-01   0.000889
    205:   0.00000e+00   3.00000e-01  -3.00000e-01   0.000444
    206:   0.00000e+00   3.33333e-01   3.33333e-01   0.000222
    207:   0.00000e+00   3.33333e-01   3.66667e-01   0.000889
    208:   0.00000e+00   3.33333e-01   4.00000e-01   0.000889
    209:   0.00000e+00   3.33333e-01   4.33333e-01   0.000889
    210:   0.00000e+00   3.33333e-01   4.66667e-01   0.000889
    211:   0.00000e+00   3.33333e-01  -5.00000e-01   0.000889
    212:   0.00000e+00   3.33333e-01  -4.66667e-01   0.000889
    213:   0.00000e+00   3.33333e-01  -4.33333e-01   0.000889
    214:   0.00000e+00   3.33333e-01  -4.00000e-01   0.000889
    215:   0.00000e+00   3.33333e-01  -3.66667e-01   0.000889
    216:   0.00000e+00   3.33333e-01  -3.33333e-01   0.000444
    217:   0.00000e+00   3.66667e-01   3.66667e-01   0.000222
    218:   0.00000e+00   3.66667e-01   4.00000e-01   0.000889
    219:   0.00000e+00   3.66667e-01   4.33333e-01   0.000889
    220:   0.00000e+00   3.66667e-01   4.66667e-01   0.000889
    221:   0.00000e+00   3.66667e-01  -5.00000e-01   0.000889
    222:   0.00000e+00   3.66667e-01  -4.66667e-01   0.000889
    223:   0.00000e+00   3.66667e-01  -4.33333e-01   0.000889
    224:   0.00000e+00   3.66667e-01  -4.00000e-01   0.000889
    225:   0.00000e+00   3.66667e-01  -3.66667e-01   0.000444
    226:   0.00000e+00   4.00000e-01   4.00000e-01   0.000222
    227:   0.00000e+00   4.00000e-01   4.33333e-01   0.000889
    228:   0.00000e+00   4.00000e-01   4.66667e-01   0.000889
    229:   0.00000e+00   4.00000e-01  -5.00000e-01   0.000889
    230:   0.00000e+00   4.00000e-01  -4.66667e-01   0.000889
    231:   0.00000e+00   4.00000e-01  -4.33333e-01   0.000889
    232:   0.00000e+00   4.00000e-01  -4.00000e-01   0.000444
    233:   0.00000e+00   4.33333e-01   4.33333e-01   0.000222
    234:   0.00000e+00   4.33333e-01   4.66667e-01   0.000889
    235:   0.00000e+00   4.33333e-01  -5.00000e-01   0.000889
    236:   0.00000e+00   4.33333e-01  -4.66667e-01   0.000889
    237:   0.00000e+00   4.33333e-01  -4.33333e-01   0.000444
    238:   0.00000e+00   4.66667e-01   4.66667e-01   0.000222
    239:   0.00000e+00   4.66667e-01  -5.00000e-01   0.000889
    240:   0.00000e+00   4.66667e-01  -4.66667e-01   0.000444
    241:   0.00000e+00  -5.00000e-01  -5.00000e-01   0.000111
    242:   3.33333e-02   6.66667e-02   1.00000e-01   0.000889
    243:   3.33333e-02   6.66667e-02   1.33333e-01   0.001778
    244:   3.33333e-02   6.66667e-02   1.66667e-01   0.001778
    245:   3.33333e-02   6.66667e-02   2.00000e-01   0.001778
    246:   3.33333e-02   6.66667e-02   2.33333e-01   0.001778
    247:   3.33333e-02   6.66667e-02   2.66667e-01   0.001778
    248:   3.33333e-02   6.66667e-02   3.00000e-01   0.001778
    249:   3.33333e-02   6.66667e-02   3.33333e-01   0.001778
    250:   3.33333e-02   6.66667e-02   3.66667e-01   0.001778
    251:   3.33333e-02   6.66667e-02   4.00000e-01   0.001778
    252:   3.33333e-02   6.66667e-02   4.33333e-01   0.001778
    253:   3.33333e-02   6.66667e-02   4.66667e-01   0.001778
    254:   3.33333e-02   6.66667e-02  -5.00000e-01   0.001778
    255:   3.33333e-02   6.66667e-02  -4.66667e-01   0.000889
    256:   3.33333e-02   1.00000e-01   1.33333e-01   0.000889
    257:   3.33333e-02   1.00000e-01   1.66667e-01   0.001778
    258:   3.33333e-02   1.00000e-01   2.00000e-01   0.001778
    259:   3.33333e-02   1.00000e-01   2.33333e-01   0.001778
    260:   3.33333e-02   1.00000e-01   2.66667e-01   0.001778
    261:   3.33333e-02   1.00000e-01   3.00000e-01   0.001778
    262:   3.33333e-02   1.00000e-01   3.33333e-01   0.001778
    263:   3.33333e-02   1.00000e-01   3.66667e-01   0.001778
    264:   3.33333e-02   1.00000e-01   4.00000e-01   0.001778
    265:   3.33333e-02   1.00000e-01   4.33333e-01   0.001778
    266:   3.33333e-02   1.00000e-01   4.66667e-01   0.001778
    267:   3.33333e-02   1.00000e-01  -5.00000e-01   0.001778
    268:   3.33333e-02   1.00000e-01  -4.66667e-01   0.001778
    269:   3.33333e-02   1.00000e-01  -4.33333e-01   0.001778
    270:   3.33333e-02   1.00000e-01  -4.00000e-01   0.001778
    271:   3.33333e-02   1.00000e-01  -3.66667e-01   0.001778
    272:   3.33333e-02   1.00000e-01  -3.33333e-01   0.001778
    273:   3.33333e-02   1.00000e-01  -3.00000e-01   0.001778
    274:   3.33333e-02   1.00000e-01  -2.66667e-01   0.001778
    275:   3.33333e-02   1.00000e-01  -2.33333e-01   0.001778
    276:   3.33333e-02   1.00000e-01  -2.00000e-01   0.001778
    277:   3.33333e-02   1.00000e-01  -1.66667e-01   0.001778
    278:   3.33333e-02   1.00000e-01  -1.33333e-01   0.001778
    279:   3.33333e-02   1.00000e-01  -1.00000e-01   0.001778
    280:   3.33333e-02   1.00000e-01  -6.66667e-02   0.000889
    281:   3.33333e-02   1.33333e-01   1.66667e-01   0.000889
    282:   3.33333e-02   1.33333e-01   2.00000e-01   0.001778
    283:   3.33333e-02   1.33333e-01   2.33333e-01   0.001778
    284:   3.33333e-02   1.33333e-01   2.66667e-01   0.001778
    285:   3.33333e-02   1.33333e-01   3.00000e-01   0.001778
    286:   3.33333e-02   1.33333e-01   3.33333e-01   0.001778
    287:   3.33333e-02   1.33333e-01   3.66667e-01   0.001778
    288:   3.33333e-02   1.33333e-01   4.00000e-01   0.001778
    289:   3.33333e-02   1.33333e-01   4.33333e-01   0.001778
    290:   3.33333e-02   1.33333e-01   4.66667e-01   0.001778
    291:   3.33333e-02   1.33333e-01  -5.00000e-01   0.001778
    292:   3.33333e-02   1.33333e-01  -4.66667e-01   0.001778
    293:   3.33333e-02   1.33333e-01  -4.33333e-01   0.001778
    294:   3.33333e-02   1.33333e-01  -4.00000e-01   0.001778
    295:   3.33333e-02   1.33333e-01  -3.66667e-01   0.001778
    296:   3.33333e-02   1.33333e-01  -3.33333e-01   0.001778
    297:   3.33333e-02   1.33333e-01  -3.00000e-01   0.001778
    298:   3.33333e-02   1.33333e-01  -2.66667e-01   0.001778
    299:   3.33333e-02   1.33333e-01  -2.33333e-01   0.001778
    300:   3.33333e-02   1.33333e-01  -2.00000e-01   0.001778
    301:   3.33333e-02   1.33333e-01  -1.66667e-01   0.001778
    302:   3.33333e-02   1.33333e-01  -1.33333e-01   0.001778
    303:   3.33333e-02   1.33333e-01  -1.00000e-01   0.000889
    304:   3.33333e-02   1.66667e-01   2.00000e-01   0.000889
    305:   3.33333e-02   1.66667e-01   2.33333e-01   0.001778
    306:   3.33333e-02   1.66667e-01   2.66667e-01   0.001778
    307:   3.33333e-02   1.66667e-01   3.00000e-01   0.001778
    308:   3.33333e-02   1.66667e-01   3.33333e-01   0.001778
    309:   3.33333e-02   1.66667e-01   3.66667e-01   0.001778
    310:   3.33333e-02   1.66667e-01   4.00000e-01   0.001778
    311:   3.33333e-02   1.66667e-01   4.33333e-01   0.001778
    312:   3.33333e-02   1.66667e-01   4.66667e-01   0.001778
    313:   3.33333e-02   1.66667e-01  -5.00000e-01   0.001778
    314:   3.33333e-02   1.66667e-01  -4.66667e-01   0.001778
    315:   3.33333e-02   1.66667e-01  -4.33333e-01   0.001778
    316:   3.33333e-02   1.66667e-01  -4.00000e-01   0.001778
    317:   3.33333e-02   1.66667e-01  -3.66667e-01   0.001778
    318:   3.33333e-02   1.66667e-01  -3.33333e-01   0.001778
    319:   3.33333e-02   1.66667e-01  -3.00000e-01   0.001778
    320:   3.33333e-02   1.66667e-01  -2.66667e-01   0.001778
    321:   3.33333e-02   1.66667e-01  -2.33333e-01   0.001778
    322:   3.33333e-02   1.66667e-01  -2.00000e-01   0.001778
    323:   3.33333e-02   1.66667e-01  -1.66667e-01   0.001778
    324:   3.33333e-02   1.66667e-01  -1.33333e-01   0.000889
    325:   3.33333e-02   2.00000e-01   2.33333e-01   0.000889
    326:   3.33333e-02   2.00000e-01   2.66667e-01   0.001778
    327:   3.33333e-02   2.00000e-01   3.00000e-01   0.001778
    328:   3.33333e-02   2.00000e-01   3.33333e-01   0.001778
    329:   3.33333e-02   2.00000e-01   3.66667e-01   0.001778
    330:   3.33333e-02   2.00000e-01   4.00000e-01   0.001778
    331:   3.33333e-02   2.00000e-01   4.33333e-01   0.001778
    332:   3.33333e-02   2.00000e-01   4.66667e-01   0.001778
    333:   3.33333e-02   2.00000e-01  -5.00000e-01   0.001778
    334:   3.33333e-02   2.00000e-01  -4.66667e-01   0.001778
    335:   3.33333e-02   2.00000e-01  -4.33333e-01   0.001778
    336:   3.33333e-02   2.00000e-01  -4.00000e-01   0.001778
    337:   3.33333e-02   2.00000e-01  -3.66667e-01   0.001778
    338:   3.33333e-02   2.00000e-01  -3.33333e-01   0.001778
    339:   3.33333e-02   2.00000e-01  -3.00000e-01   0.001778
    340:   3.33333e-02   2.00000e-01  -2.66667e-01   0.001778
    341:   3.33333e-02   2.00000e-01  -2.33333e-01   0.001778
    342:   3.33333e-02   2.00000e-01  -2.00000e-01   0.001778
    343:   3.33333e-02   2.00000e-01  -1.66667e-01   0.000889
    344:   3.33333e-02   2.33333e-01   2.66667e-01   0.000889
    345:   3.33333e-02   2.33333e-01   3.00000e-01   0.001778
    346:   3.33333e-02   2.33333e-01   3.33333e-01   0.001778
    347:   3.33333e-02   2.33333e-01   3.66667e-01   0.001778
    348:   3.33333e-02   2.33333e-01   4.00000e-01   0.001778
    349:   3.33333e-02   2.33333e-01   4.33333e-01   0.001778
    350:   3.33333e-02   2.33333e-01   4.66667e-01   0.001778
    351:   3.33333e-02   2.33333e-01  -5.00000e-01   0.001778
    352:   3.33333e-02   2.33333e-01  -4.66667e-01   0.001778
    353:   3.33333e-02   2.33333e-01  -4.33333e-01   0.001778
    354:   3.33333e-02   2.33333e-01  -4.00000e-01   0.001778
    355:   3.33333e-02   2.33333e-01  -3.66667e-01   0.001778
    356:   3.33333e-02   2.33333e-01  -3.33333e-01   0.001778
    357:   3.33333e-02   2.33333e-01  -3.00000e-01   0.001778
    358:   3.33333e-02   2.33333e-01  -2.66667e-01   0.001778
    359:   3.33333e-02   2.33333e-01  -2.33333e-01   0.001778
    360:   3.33333e-02   2.33333e-01  -2.00000e-01   0.000889
    361:   3.33333e-02   2.66667e-01   3.00000e-01   0.000889
    362:   3.33333e-02   2.66667e-01   3.33333e-01   0.001778
    363:   3.33333e-02   2.66667e-01   3.66667e-01   0.001778
    364:   3.33333e-02   2.66667e-01   4.00000e-01   0.001778
    365:   3.33333e-02   2.66667e-01   4.33333e-01   0.001778
    366:   3.33333e-02   2.66667e-01   4.66667e-01   0.001778
    367:   3.33333e-02   2.66667e-01  -5.00000e-01   0.001778
    368:   3.33333e-02   2.66667e-01  -4.66667e-01   0.001778
    369:   3.33333e-02   2.66667e-01  -4.33333e-01   0.001778
    370:   3.33333e-02   2.66667e-01  -4.00000e-01   0.001778
    371:   3.33333e-02   2.66667e-01  -3.66667e-01   0.001778
    372:   3.33333e-02   2.66667e-01  -3.33333e-01   0.001778
    373:   3.33333e-02   2.66667e-01  -3.00000e-01   0.001778
    374:   3.33333e-02   2.66667e-01  -2.66667e-01   0.001778
    375:   3.33333e-02   2.66667e-01  -2.33333e-01   0.000889
    376:   3.33333e-02   3.00000e-01   3.33333e-01   0.000889
    377:   3.33333e-02   3.00000e-01   3.66667e-01   0.001778
    378:   3.33333e-02   3.00000e-01   4.00000e-01   0.001778
    379:   3.33333e-02   3.00000e-01   4.33333e-01   0.001778
    380:   3.33333e-02   3.00000e-01   4.66667e-01   0.001778
    381:   3.33333e-02   3.00000e-01  -5.00000e-01   0.001778
    382:   3.33333e-02   3.00000e-01  -4.66667e-01   0.001778
    383:   3.33333e-02   3.00000e-01  -4.33333e-01   0.001778
    384:   3.33333e-02   3.00000e-01  -4.00000e-01   0.001778
    385:   3.33333e-02   3.00000e-01  -3.66667e-01   0.001778
    386:   3.33333e-02   3.00000e-01  -3.33333e-01   0.001778
    387:   3.33333e-02   3.00000e-01  -3.00000e-01   0.001778
    388:   3.33333e-02   3.00000e-01  -2.66667e-01   0.000889
    389:   3.33333e-02   3.33333e-01   3.66667e-01   0.000889
    390:   3.33333e-02   3.33333e-01   4.00000e-01   0.001778
    391:   3.33333e-02   3.33333e-01   4.33333e-01   0.001778
    392:   3.33333e-02   3.33333e-01   4.66667e-01   0.001778
    393:   3.33333e-02   3.33333e-01  -5.00000e-01   0.001778
    394:   3.33333e-02   3.33333e-01  -4.66667e-01   0.001778
    395:   3.33333e-02   3.33333e-01  -4.33333e-01   0.001778
    396:   3.33333e-02   3.33333e-01  -4.00000e-01   0.001778
    397:   3.33333e-02   3.33333e-01  -3.66667e-01   0.001778
    398:   3.33333e-02   3.33333e-01  -3.33333e-01   0.001778
    399:   3.33333e-02   3.33333e-01  -3.00000e-01   0.000889
    400:   3.33333e-02   3.66667e-01   4.00000e-01   0.000889
    401:   3.33333e-02   3.66667e-01   4.33333e-01   0.001778
    402:   3.33333e-02   3.66667e-01   4.66667e-01   0.001778
    403:   3.33333e-02   3.66667e-01  -5.00000e-01   0.001778
    404:   3.33333e-02   3.66667e-01  -4.66667e-01   0.001778
    405:   3.33333e-02   3.66667e-01  -4.33333e-01   0.001778
    406:   3.33333e-02   3.66667e-01  -4.00000e-01   0.001778
    407:   3.33333e-02   3.66667e-01  -3.66667e-01   0.001778
    408:   3.33333e-02   3.66667e-01  -3.33333e-01   0.000889
    409:   3.33333e-02   4.00000e-01   4.33333e-01   0.000889
    410:   3.33333e-02   4.00000e-01   4.66667e-01   0.001778
    411:   3.33333e-02   4.00000e-01  -5.00000e-01   0.001778
    412:   3.33333e-02   4.00000e-01  -4.66667e-01   0.001778
    413:   3.33333e-02   4.00000e-01  -4.33333e-01   0.001778
    414:   3.33333e-02   4.00000e-01  -4.00000e-01   0.001778
    415:   3.33333e-02   4.00000e-01  -3.66667e-01   0.000889
    416:   3.33333e-02   4.33333e-01   4.66667e-01   0.000889
    417:   3.33333e-02   4.33333e-01  -5.00000e-01   0.001778
    418:   3.33333e-02   4.33333e-01  -4.66667e-01   0.001778
    419:   3.33333e-02   4.33333e-01  -4.33333e-01   0.001778
    420:   3.33333e-02   4.33333e-01  -4.00000e-01   0.000889
    421:   3.33333e-02   4.66667e-01  -5.00000e-01   0.000889
    422:   3.33333e-02   4.66667e-01  -4.66667e-01   0.001778
    423:   3.33333e-02   4.66667e-01  -4.33333e-01   0.000889
    424:   3.33333e-02  -5.00000e-01  -4.66667e-01   0.000444
    425:   6.66667e-02   1.33333e-01   2.00000e-01   0.000889
    426:   6.66667e-02   1.33333e-01   2.33333e-01   0.001778
    427:   6.66667e-02   1.33333e-01   2.66667e-01   0.001778
    428:   6.66667e-02   1.33333e-01   3.00000e-01   0.001778
    429:   6.66667e-02   1.33333e-01   3.33333e-01   0.001778
    430:   6.66667e-02   1.33333e-01   3.66667e-01   0.001778
    431:   6.66667e-02   1.33333e-01   4.00000e-01   0.001778
    432:   6.66667e-02   1.33333e-01   4.33333e-01   0.001778
    433:   6.66667e-02   1.33333e-01   4.66667e-01   0.001778
    434:   6.66667e-02   1.33333e-01  -5.00000e-01   0.001778
    435:   6.66667e-02   1.33333e-01  -4.66667e-01   0.001778
    436:   6.66667e-02   1.33333e-01  -4.33333e-01   0.000889
    437:   6.66667e-02   1.66667e-01   2.33333e-01   0.000889
    438:   6.66667e-02   1.66667e-01   2.66667e-01   0.001778
    439:   6.66667e-02   1.66667e-01   3.00000e-01   0.001778
    440:   6.66667e-02   1.66667e-01   3.33333e-01   0.001778
    441:   6.66667e-02   1.66667e-01   3.66667e-01   0.001778
    442:   6.66667e-02   1.66667e-01   4.00000e-01   0.001778
    443:   6.66667e-02   1.66667e-01   4.33333e-01   0.001778
    444:   6.66667e-02   1.66667e-01   4.66667e-01   0.001778
    445:   6.66667e-02   1.66667e-01  -5.00000e-01   0.001778
    446:   6.66667e-02   1.66667e-01  -4.66667e-01   0.001778
    447:   6.66667e-02   1.66667e-01  -4.33333e-01   0.001778
    448:   6.66667e-02   1.66667e-01  -4.00000e-01   0.001778
    449:   6.66667e-02   1.66667e-01  -3.66667e-01   0.001778
    450:   6.66667e-02   1.66667e-01  -3.33333e-01   0.001778
    451:   6.66667e-02   1.66667e-01  -3.00000e-01   0.001778
    452:   6.66667e-02   1.66667e-01  -2.66667e-01   0.001778
    453:   6.66667e-02   1.66667e-01  -2.33333e-01   0.001778
    454:   6.66667e-02   1.66667e-01  -2.00000e-01   0.001778
    455:   6.66667e-02   1.66667e-01  -1.66667e-01   0.001778
    456:   6.66667e-02   1.66667e-01  -1.33333e-01   0.001778
    457:   6.66667e-02   1.66667e-01  -1.00000e-01   0.000889
    458:   6.66667e-02   2.00000e-01   2.66667e-01   0.000889
    459:   6.66667e-02   2.00000e-01   3.00000e-01   0.001778
    460:   6.66667e-02   2.00000e-01   3.33333e-01   0.001778
    461:   6.66667e-02   2.00000e-01   3.66667e-01   0.001778
    462:   6.66667e-02   2.00000e-01   4.00000e-01   0.001778
    463:   6.66667e-02   2.00000e-01   4.33333e-01   0.001778
    464:   6.66667e-02   2.00000e-01   4.66667e-01   0.001778
    465:   6.66667e-02   2.00000e-01  -5.00000e-01   0.001778
    466:   6.66667e-02   2.00000e-01  -4.66667e-01   0.001778
    467:   6.66667e-02   2.00000e-01  -4.33333e-01   0.001778
    468:   6.66667e-02   2.00000e-01  -4.00000e-01   0.001778
    469:   6.66667e-02   2.00000e-01  -3.66667e-01   0.001778
    470:   6.66667e-02   2.00000e-01  -3.33333e-01   0.001778
    471:   6.66667e-02   2.00000e-01  -3.00000e-01   0.001778
    472:   6.66667e-02   2.00000e-01  -2.66667e-01   0.001778
    473:   6.66667e-02   2.00000e-01  -2.33333e-01   0.001778
    474:   6.66667e-02   2.00000e-01  -2.00000e-01   0.001778
    475:   6.66667e-02   2.00000e-01  -1.66667e-01   0.001778
    476:   6.66667e-02   2.00000e-01  -1.33333e-01   0.000889
    477:   6.66667e-02   2.33333e-01   3.00000e-01   0.000889
    478:   6.66667e-02   2.33333e-01   3.33333e-01   0.001778
    479:   6.66667e-02   2.33333e-01   3.66667e-01   0.001778
    480:   6.66667e-02   2.33333e-01   4.00000e-01   0.001778
    481:   6.66667e-02   2.33333e-01   4.33333e-01   0.001778
    482:   6.66667e-02   2.33333e-01   4.66667e-01   0.001778
    483:   6.66667e-02   2.33333e-01  -5.00000e-01   0.001778
    484:   6.66667e-02   2.33333e-01  -4.66667e-01   0.001778
    485:   6.66667e-02   2.33333e-01  -4.33333e-01   0.001778
    486:   6.66667e-02   2.33333e-01  -4.00000e-01   0.001778
    487:   6.66667e-02   2.33333e-01  -3.66667e-01   0.001778
    488:   6.66667e-02   2.33333e-01  -3.33333e-01   0.001778
    489:   6.66667e-02   2.33333e-01  -3.00000e-01   0.001778
    490:   6.66667e-02   2.33333e-01  -2.66667e-01   0.001778
    491:   6.66667e-02   2.33333e-01  -2.33333e-01   0.001778
    492:   6.66667e-02   2.33333e-01  -2.00000e-01   0.001778
    493:   6.66667e-02   2.33333e-01  -1.66667e-01   0.000889
    494:   6.66667e-02   2.66667e-01   3.33333e-01   0.000889
    495:   6.66667e-02   2.66667e-01   3.66667e-01   0.001778
    496:   6.66667e-02   2.66667e-01   4.00000e-01   0.001778
    497:   6.66667e-02   2.66667e-01   4.33333e-01   0.001778
    498:   6.66667e-02   2.66667e-01   4.66667e-01   0.001778
    499:   6.66667e-02   2.66667e-01  -5.00000e-01   0.001778
    500:   6.66667e-02   2.66667e-01  -4.66667e-01   0.001778
    501:   6.66667e-02   2.66667e-01  -4.33333e-01   0.001778
    502:   6.66667e-02   2.66667e-01  -4.00000e-01   0.001778
    503:   6.66667e-02   2.66667e-01  -3.66667e-01   0.001778
    504:   6.66667e-02   2.66667e-01  -3.33333e-01   0.001778
    505:   6.66667e-02   2.66667e-01  -3.00000e-01   0.001778
    506:   6.66667e-02   2.66667e-01  -2.66667e-01   0.001778
    507:   6.66667e-02   2.66667e-01  -2.33333e-01   0.001778
    508:   6.66667e-02   2.66667e-01  -2.00000e-01   0.000889
    509:   6.66667e-02   3.00000e-01   3.66667e-01   0.000889
    510:   6.66667e-02   3.00000e-01   4.00000e-01   0.001778
    511:   6.66667e-02   3.00000e-01   4.33333e-01   0.001778
    512:   6.66667e-02   3.00000e-01   4.66667e-01   0.001778
    513:   6.66667e-02   3.00000e-01  -5.00000e-01   0.001778
    514:   6.66667e-02   3.00000e-01  -4.66667e-01   0.001778
    515:   6.66667e-02   3.00000e-01  -4.33333e-01   0.001778
    516:   6.66667e-02   3.00000e-01  -4.00000e-01   0.001778
    517:   6.66667e-02   3.00000e-01  -3.66667e-01   0.001778
    518:   6.66667e-02   3.00000e-01  -3.33333e-01   0.001778
    519:   6.66667e-02   3.00000e-01  -3.00000e-01   0.001778
    520:   6.66667e-02   3.00000e-01  -2.66667e-01   0.001778
    521:   6.66667e-02   3.00000e-01  -2.33333e-01   0.000889
    522:   6.66667e-02   3.33333e-01   4.00000e-01   0.000889
    523:   6.66667e-02   3.33333e-01   4.33333e-01   0.001778
    524:   6.66667e-02   3.33333e-01   4.66667e-01   0.001778
    525:   6.66667e-02   3.33333e-01  -5.00000e-01   0.001778
    526:   6.66667e-02   3.33333e-01  -4.66667e-01   0.001778
    527:   6.66667e-02   3.33333e-01  -4.33333e-01   0.001778
    528:   6.66667e-02   3.33333e-01  -4.00000e-01   0.001778
    529:   6.66667e-02   3.33333e-01  -3.66667e-01   0.001778
    530:   6.66667e-02   3.33333e-01  -3.33333e-01   0.001778
    531:   6.66667e-02   3.33333e-01  -3.00000e-01   0.001778
    532:   6.66667e-02   3.33333e-01  -2.66667e-01   0.000889
    533:   6.66667e-02   3.66667e-01   4.33333e-01   0.000889
    534:   6.66667e-02   3.66667e-01   4.66667e-01   0.001778
    535:   6.66667e-02   3.66667e-01  -5.00000e-01   0.001778
    536:   6.66667e-02   3.66667e-01  -4.66667e-01   0.001778
    537:   6.66667e-02   3.66667e-01  -4.33333e-01   0.001778
    538:   6.66667e-02   3.66667e-01  -4.00000e-01   0.001778
    539:   6.66667e-02   3.66667e-01  -3.66667e-01   0.001778
    540:   6.66667e-02   3.66667e-01  -3.33333e-01   0.001778
    541:   6.66667e-02   3.66667e-01  -3.00000e-01   0.000889
    542:   6.66667e-02   4.00000e-01   4.66667e-01   0.000889
    543:   6.66667e-02   4.00000e-01  -5.00000e-01   0.001778
    544:   6.66667e-02   4.00000e-01  -4.66667e-01   0.001778
    545:   6.66667e-02   4.00000e-01  -4.33333e-01   0.001778
    546:   6.66667e-02   4.00000e-01  -4.00000e-01   0.001778
    547:   6.66667e-02   4.00000e-01  -3.66667e-01   0.001778
    548:   6.66667e-02   4.00000e-01  -3.33333e-01   0.000889
    549:   6.66667e-02   4.33333e-01  -5.00000e-01   0.000889
    550:   6.66667e-02   4.33333e-01  -4.66667e-01   0.001778
    551:   6.66667e-02   4.33333e-01  -4.33333e-01   0.001778
    552:   6.66667e-02   4.33333e-01  -4.00000e-01   0.001778
    553:   6.66667e-02   4.33333e-01  -3.66667e-01   0.000889
    554:   6.66667e-02   4.66667e-01  -4.66667e-01   0.000889
    555:   6.66667e-02   4.66667e-01  -4.33333e-01   0.001778
    556:   6.66667e-02   4.66667e-01  -4.00000e-01   0.000889
    557:   6.66667e-02  -5.00000e-01  -4.33333e-01   0.000444
    558:   1.00000e-01   2.00000e-01   3.00000e-01   0.000889
    559:   1.00000e-01   2.00000e-01   3.33333e-01   0.001778
    560:   1.00000e-01   2.00000e-01   3.66667e-01   0.001778
    561:   1.00000e-01   2.00000e-01   4.00000e-01   0.001778
    562:   1.00000e-01   2.00000e-01   4.33333e-01   0.001778
    563:   1.00000e-01   2.00000e-01   4.66667e-01   0.001778
    564:   1.00000e-01   2.00000e-01  -5.00000e-01   0.001778
    565:   1.00000e-01   2.00000e-01  -4.66667e-01   0.001778
    566:   1.00000e-01   2.00000e-01  -4.33333e-01   0.001778
    567:   1.00000e-01   2.00000e-01  -4.00000e-01   0.000889
    568:   1.00000e-01   2.33333e-01   3.33333e-01   0.000889
    569:   1.00000e-01   2.33333e-01   3.66667e-01   0.001778
    570:   1.00000e-01   2.33333e-01   4.00000e-01   0.001778
    571:   1.00000e-01   2.33333e-01   4.33333e-01   0.001778
    572:   1.00000e-01   2.33333e-01   4.66667e-01   0.001778
    573:   1.00000e-01   2.33333e-01  -5.00000e-01   0.001778
    574:   1.00000e-01   2.33333e-01  -4.66667e-01   0.001778
    575:   1.00000e-01   2.33333e-01  -4.33333e-01   0.001778
    576:   1.00000e-01   2.33333e-01  -4.00000e-01   0.001778
    577:   1.00000e-01   2.33333e-01  -3.66667e-01   0.001778
    578:   1.00000e-01   2.33333e-01  -3.33333e-01   0.001778
    579:   1.00000e-01   2.33333e-01  -3.00000e-01   0.001778
    580:   1.00000e-01   2.33333e-01  -2.66667e-01   0.001778
    581:   1.00000e-01   2.33333e-01  -2.33333e-01   0.001778
    582:   1.00000e-01   2.33333e-01  -2.00000e-01   0.001778
    583:   1.00000e-01   2.33333e-01  -1.66667e-01   0.001778
    584:   1.00000e-01   2.33333e-01  -1.33333e-01   0.000889
    585:   1.00000e-01   2.66667e-01   3.66667e-01   0.000889
    586:   1.00000e-01   2.66667e-01   4.00000e-01   0.001778
    587:   1.00000e-01   2.66667e-01   4.33333e-01   0.001778
    588:   1.00000e-01   2.66667e-01   4.66667e-01   0.001778
    589:   1.00000e-01   2.66667e-01  -5.00000e-01   0.001778
    590:   1.00000e-01   2.66667e-01  -4.66667e-01   0.001778
    591:   1.00000e-01   2.66667e-01  -4.33333e-01   0.001778
    592:   1.00000e-01   2.66667e-01  -4.00000e-01   0.001778
    593:   1.00000e-01   2.66667e-01  -3.66667e-01   0.001778
    594:   1.00000e-01   2.66667e-01  -3.33333e-01   0.001778
    595:   1.00000e-01   2.66667e-01  -3.00000e-01   0.001778
    596:   1.00000e-01   2.66667e-01  -2.66667e-01   0.001778
    597:   1.00000e-01   2.66667e-01  -2.33333e-01   0.001778
    598:   1.00000e-01   2.66667e-01  -2.00000e-01   0.001778
    599:   1.00000e-01   2.66667e-01  -1.66667e-01   0.000889
    600:   1.00000e-01   3.00000e-01   4.00000e-01   0.000889
    601:   1.00000e-01   3.00000e-01   4.33333e-01   0.001778
    602:   1.00000e-01   3.00000e-01   4.66667e-01   0.001778
    603:   1.00000e-01   3.00000e-01  -5.00000e-01   0.001778
    604:   1.00000e-01   3.00000e-01  -4.66667e-01   0.001778
    605:   1.00000e-01   3.00000e-01  -4.33333e-01   0.001778
    606:   1.00000e-01   3.00000e-01  -4.00000e-01   0.001778
    607:   1.00000e-01   3.00000e-01  -3.66667e-01   0.001778
    608:   1.00000e-01   3.00000e-01  -3.33333e-01   0.001778
    609:   1.00000e-01   3.00000e-01  -3.00000e-01   0.001778
    610:   1.00000e-01   3.00000e-01  -2.66667e-01   0.001778
    611:   1.00000e-01   3.00000e-01  -2.33333e-01   0.001778
    612:   1.00000e-01   3.00000e-01  -2.00000e-01   0.000889
    613:   1.00000e-01   3.33333e-01   4.33333e-01   0.000889
    614:   1.00000e-01   3.33333e-01   4.66667e-01   0.001778
    615:   1.00000e-01   3.33333e-01  -5.00000e-01   0.001778
    616:   1.00000e-01   3.33333e-01  -4.66667e-01   0.001778
    617:   1.00000e-01   3.33333e-01  -4.33333e-01   0.001778
    618:   1.00000e-01   3.33333e-01  -4.00000e-01   0.001778
    619:   1.00000e-01   3.33333e-01  -3.66667e-01   0.001778
    620:   1.00000e-01   3.33333e-01  -3.33333e-01   0.001778
    621:   1.00000e-01   3.33333e-01  -3.00000e-01   0.001778
    622:   1.00000e-01   3.33333e-01  -2.66667e-01   0.001778
    623:   1.00000e-01   3.33333e-01  -2.33333e-01   0.000889
    624:   1.00000e-01   3.66667e-01   4.66667e-01   0.000889
    625:   1.00000e-01   3.66667e-01  -5.00000e-01   0.001778
    626:   1.00000e-01   3.66667e-01  -4.66667e-01   0.001778
    627:   1.00000e-01   3.66667e-01  -4.33333e-01   0.001778
    628:   1.00000e-01   3.66667e-01  -4.00000e-01   0.001778
    629:   1.00000e-01   3.66667e-01  -3.66667e-01   0.001778
    630:   1.00000e-01   3.66667e-01  -3.33333e-01   0.001778
    631:   1.00000e-01   3.66667e-01  -3.00000e-01   0.001778
    632:   1.00000e-01   3.66667e-01  -2.66667e-01   0.000889
    633:   1.00000e-01   4.00000e-01  -5.00000e-01   0.000889
    634:   1.00000e-01   4.00000e-01  -4.66667e-01   0.001778
    635:   1.00000e-01   4.00000e-01  -4.33333e-01   0.001778
    636:   1.00000e-01   4.00000e-01  -4.00000e-01   0.001778
    637:   1.00000e-01   4.00000e-01  -3.66667e-01   0.001778
    638:   1.00000e-01   4.00000e-01  -3.33333e-01   0.001778
    639:   1.00000e-01   4.00000e-01  -3.00000e-01   0.000889
    640:   1.00000e-01   4.33333e-01  -4.66667e-01   0.000889
    641:   1.00000e-01   4.33333e-01  -4.33333e-01   0.001778
    642:   1.00000e-01   4.33333e-01  -4.00000e-01   0.001778
    643:   1.00000e-01   4.33333e-01  -3.66667e-01   0.001778
    644:   1.00000e-01   4.33333e-01  -3.33333e-01   0.000889
    645:   1.00000e-01   4.66667e-01  -4.33333e-01   0.000889
    646:   1.00000e-01   4.66667e-01  -4.00000e-01   0.001778
    647:   1.00000e-01   4.66667e-01  -3.66667e-01   0.000889
    648:   1.00000e-01  -5.00000e-01  -4.00000e-01   0.000444
    649:   1.33333e-01   2.66667e-01   4.00000e-01   0.000889
    650:   1.33333e-01   2.66667e-01   4.33333e-01   0.001778
    651:   1.33333e-01   2.66667e-01   4.66667e-01   0.001778
    652:   1.33333e-01   2.66667e-01  -5.00000e-01   0.001778
    653:   1.33333e-01   2.66667e-01  -4.66667e-01   0.001778
    654:   1.33333e-01   2.66667e-01  -4.33333e-01   0.001778
    655:   1.33333e-01   2.66667e-01  -4.00000e-01   0.001778
    656:   1.33333e-01   2.66667e-01  -3.66667e-01   0.000889
    657:   1.33333e-01   3.00000e-01   4.33333e-01   0.000889
    658:   1.33333e-01   3.00000e-01   4.66667e-01   0.001778
    659:   1.33333e-01   3.00000e-01  -5.00000e-01   0.001778
    660:   1.33333e-01   3.00000e-01  -4.66667e-01   0.001778
    661:   1.33333e-01   3.00000e-01  -4.33333e-01   0.001778
    662:   1.33333e-01   3.00000e-01  -4.00000e-01   0.001778
    663:   1.33333e-01   3.00000e-01  -3.66667e-01   0.001778
    664:   1.33333e-01   3.00000e-01  -3.33333e-01   0.001778
    665:   1.33333e-01   3.00000e-01  -3.00000e-01   0.001778
    666:   1.33333e-01   3.00000e-01  -2.66667e-01   0.001778
    667:   1.33333e-01   3.00000e-01  -2.33333e-01   0.001778
    668:   1.33333e-01   3.00000e-01  -2.00000e-01   0.001778
    669:   1.33333e-01   3.00000e-01  -1.66667e-01   0.000889
    670:   1.33333e-01   3.33333e-01   4.66667e-01   0.000889
    671:   1.33333e-01   3.33333e-01  -5.00000e-01   0.001778
    672:   1.33333e-01   3.33333e-01  -4.66667e-01   0.001778
    673:   1.33333e-01   3.33333e-01  -4.33333e-01   0.001778
    674:   1.33333e-01   3.33333e-01  -4.00000e-01   0.001778
    675:   1.33333e-01   3.33333e-01  -3.66667e-01   0.001778
    676:   1.33333e-01   3.33333e-01  -3.33333e-01   0.001778
    677:   1.33333e-01   3.33333e-01  -3.00000e-01   0.001778
    678:   1.33333e-01   3.33333e-01  -2.66667e-01   0.001778
    679:   1.33333e-01   3.33333e-01  -2.33333e-01   0.001778
    680:   1.33333e-01   3.33333e-01  -2.00000e-01   0.000889
    681:   1.33333e-01   3.66667e-01  -5.00000e-01   0.000889
    682:   1.33333e-01   3.66667e-01  -4.66667e-01   0.001778
    683:   1.33333e-01   3.66667e-01  -4.33333e-01   0.001778
    684:   1.33333e-01   3.66667e-01  -4.00000e-01   0.001778
    685:   1.33333e-01   3.66667e-01  -3.66667e-01   0.001778
    686:   1.33333e-01   3.66667e-01  -3.33333e-01   0.001778
    687:   1.33333e-01   3.66667e-01  -3.00000e-01   0.001778
    688:   1.33333e-01   3.66667e-01  -2.66667e-01   0.001778
    689:   1.33333e-01   3.66667e-01  -2.33333e-01   0.000889
    690:   1.33333e-01   4.00000e-01  -4.66667e-01   0.000889
    691:   1.33333e-01   4.00000e-01  -4.33333e-01   0.001778
    692:   1.33333e-01   4.00000e-01  -4.00000e-01   0.001778
    693:   1.33333e-01   4.00000e-01  -3.66667e-01   0.001778
    694:   1.33333e-01   4.00000e-01  -3.33333e-01   0.001778
    695:   1.33333e-01   4.00000e-01  -3.00000e-01   0.001778
    696:   1.33333e-01   4.00000e-01  -2.66667e-01   0.000889
    697:   1.33333e-01   4.33333e-01  -4.33333e-01   0.000889
    698:   1.33333e-01   4.33333e-01  -4.00000e-01   0.001778
    699:   1.33333e-01   4.33333e-01  -3.66667e-01   0.001778
    700:   1.33333e-01   4.33333e-01  -3.33333e-01   0.001778
    701:   1.33333e-01   4.33333e-01  -3.00000e-01   0.000889
    702:   1.33333e-01   4.66667e-01  -4.00000e-01   0.000889
    703:   1.33333e-01   4.66667e-01  -3.66667e-01   0.001778
    704:   1.33333e-01   4.66667e-01  -3.33333e-01   0.000889
    705:   1.33333e-01  -5.00000e-01  -3.66667e-01   0.000444
    706:   1.66667e-01   3.33333e-01  -5.00000e-01   0.000889
    707:   1.66667e-01   3.33333e-01  -4.66667e-01   0.001778
    708:   1.66667e-01   3.33333e-01  -4.33333e-01   0.001778
    709:   1.66667e-01   3.33333e-01  -4.00000e-01   0.001778
    710:   1.66667e-01   3.33333e-01  -3.66667e-01   0.001778
    711:   1.66667e-01   3.33333e-01  -3.33333e-01   0.000889
    712:   1.66667e-01   3.66667e-01  -4.66667e-01   0.000889
    713:   1.66667e-01   3.66667e-01  -4.33333e-01   0.001778
    714:   1.66667e-01   3.66667e-01  -4.00000e-01   0.001778
    715:   1.66667e-01   3.66667e-01  -3.66667e-01   0.001778
    716:   1.66667e-01   3.66667e-01  -3.33333e-01   0.001778
    717:   1.66667e-01   3.66667e-01  -3.00000e-01   0.001778
    718:   1.66667e-01   3.66667e-01  -2.66667e-01   0.001778
    719:   1.66667e-01   3.66667e-01  -2.33333e-01   0.001778
    720:   1.66667e-01   3.66667e-01  -2.00000e-01   0.000889
    721:   1.66667e-01   4.00000e-01  -4.33333e-01   0.000889
    722:   1.66667e-01   4.00000e-01  -4.00000e-01   0.001778
    723:   1.66667e-01   4.00000e-01  -3.66667e-01   0.001778
    724:   1.66667e-01   4.00000e-01  -3.33333e-01   0.001778
    725:   1.66667e-01   4.00000e-01  -3.00000e-01   0.001778
    726:   1.66667e-01   4.00000e-01  -2.66667e-01   0.001778
    727:   1.66667e-01   4.00000e-01  -2.33333e-01   0.000889
    728:   1.66667e-01   4.33333e-01  -4.00000e-01   0.000889
    729:   1.66667e-01   4.33333e-01  -3.66667e-01   0.001778
    730:   1.66667e-01   4.33333e-01  -3.33333e-01   0.001778
    731:   1.66667e-01   4.33333e-01  -3.00000e-01   0.001778
    732:   1.66667e-01   4.33333e-01  -2.66667e-01   0.000889
    733:   1.66667e-01   4.66667e-01  -3.66667e-01   0.000889
    734:   1.66667e-01   4.66667e-01  -3.33333e-01   0.001778
    735:   1.66667e-01   4.66667e-01  -3.00000e-01   0.000889
    736:   1.66667e-01  -5.00000e-01  -3.33333e-01   0.000444
    737:   2.00000e-01   4.00000e-01  -4.00000e-01   0.000889
    738:   2.00000e-01   4.00000e-01  -3.66667e-01   0.001778
    739:   2.00000e-01   4.00000e-01  -3.33333e-01   0.001778
    740:   2.00000e-01   4.00000e-01  -3.00000e-01   0.000889
    741:   2.00000e-01   4.33333e-01  -3.66667e-01   0.000889
    742:   2.00000e-01   4.33333e-01  -3.33333e-01   0.001778
    743:   2.00000e-01   4.33333e-01  -3.00000e-01   0.001778
    744:   2.00000e-01   4.33333e-01  -2.66667e-01   0.001778
    745:   2.00000e-01   4.33333e-01  -2.33333e-01   0.000889
    746:   2.00000e-01   4.66667e-01  -3.33333e-01   0.000889
    747:   2.00000e-01   4.66667e-01  -3.00000e-01   0.001778
    748:   2.00000e-01   4.66667e-01  -2.66667e-01   0.000889
    749:   2.00000e-01  -5.00000e-01  -3.00000e-01   0.000444
    750:   2.33333e-01   4.66667e-01  -3.00000e-01   0.000889
    751:   2.33333e-01   4.66667e-01  -2.66667e-01   0.000889
    752:   2.33333e-01  -5.00000e-01  -2.66667e-01   0.000444

 Force constant
 ==============

  Reading force constants from the XML file ... done !
  Number of non-zero IFCs for 2 order: 783

  Maximum deviation from the translational invariance: 
   Order 2 : 2.133676e-18


 Dynamical matrix
 ================

  NONANALYTIC = 0 : No non-analytic correction. 


 -----------------------------------------------------------------


 ISMEAR = -1: Tetrahedron method will be used.

 Now, move on to phonon calculations.

 Diagonalizing dynamical matrices for all k points ... done!

 -----------------------------------------------------------------

 Phonon frequencies below:

 # Irred. k point    1 : (  0.0000,  0.0000,  0.0000)
   Mode, Frequency 
      1      0.0000 cm^-1  (      0.0000 THz )
      2      0.0000 cm^-1  (      0.0000 THz )
      3      0.0000 cm^-1  (      0.0000 THz )

 # Irred. k point    2 : (  0.0000,  0.0000,  0.0333)
   Mode, Frequency 
      1      3.1124 cm^-1  (      0.0933 THz )
      2      4.4275 cm^-1  (      0.1327 THz )
      3      8.3240 cm^-1  (      0.2495 THz )

 # Irred. k point    3 : (  0.0000,  0.0000,  0.0667)
   Mode, Frequency 
      1      6.9739 cm^-1  (      0.2091 THz )
      2      8.2530 cm^-1  (      0.2474 THz )
      3     16.5439 cm^-1  (      0.4960 THz )

 # Irred. k point    4 : (  0.0000,  0.0000,  0.1000)
   Mode, Frequency 
      1     10.7212 cm^-1  (      0.3214 THz )
      2     11.9670 cm^-1  (      0.3588 THz )
      3     24.6161 cm^-1  (      0.7380 THz )

 # Irred. k point    5 : (  0.0000,  0.0000,  0.1333)
   Mode, Frequency 
      1     14.3395 cm^-1  (      0.4299 THz )
      2     15.5426 cm^-1  (      0.4660 THz )
      3     32.4577 cm^-1  (      0.9731 THz )

 # Irred. k point    6 : (  0.0000,  0.0000,  0.1667)
   Mode, Frequency 
      1     17.7934 cm^-1  (      0.5334 THz )
      2     18.9433 cm^-1  (      0.5679 THz )
      3     39.9883 cm^-1  (      1.1988 THz )

 # Irred. k point    7 : (  0.0000,  0.0000,  0.2000)
   Mode, Frequency 
      1     21.0462 cm^-1  (      0.6309 THz )
      2     22.1330 cm^-1  (      0.6635 THz )
      3     47.1272 cm^-1  (      1.4128 THz )

 # Irred. k point    8 : (  0.0000,  0.0000,  0.2333)
   Mode, Frequency 
      1     24.0628 cm^-1  (      0.7214 THz )
      2     25.0774 cm^-1  (      0.7518 THz )
      3     53.7934 cm^-1  (      1.6127 THz )

 # Irred. k point    9 : (  0.0000,  0.0000,  0.2667)
   Mode, Frequency 
      1     26.8109 cm^-1  (      0.8038 THz )
      2     27.7455 cm^-1  (      0.8318 THz )
      3     59.9072 cm^-1  (      1.7960 THz )

 # Irred. k point   10 : (  0.0000,  0.0000,  0.3000)
   Mode, Frequency 
      1     29.2607 cm^-1  (      0.8772 THz )
      2     30.1093 cm^-1  (      0.9027 THz )
      3     65.3912 cm^-1  (      1.9604 THz )

 # Irred. k point   11 : (  0.0000,  0.0000,  0.3333)
   Mode, Frequency 
      1     31.3857 cm^-1  (      0.9409 THz )
      2     32.1446 cm^-1  (      0.9637 THz )
      3     70.1726 cm^-1  (      2.1037 THz )

 # Irred. k point   12 : (  0.0000,  0.0000,  0.3667)
   Mode, Frequency 
      1     33.1625 cm^-1  (      0.9942 THz )
      2     33.8316 cm^-1  (      1.0142 THz )
      3     74.1848 cm^-1  (      2.2240 THz )

 # Irred. k point   13 : (  0.0000,  0.0000,  0.4000)
   Mode, Frequency 
      1     34.5708 cm^-1  (      1.0364 THz )
      2     35.1548 cm^-1  (      1.0539 THz )
      3     77.3699 cm^-1  (      2.3195 THz )

 # Irred. k point   14 : (  0.0000,  0.0000,  0.4333)
   Mode, Frequency 
      1     35.5928 cm^-1  (      1.0670 THz )
      2     36.1038 cm^-1  (      1.0824 THz )
      3     79.6804 cm^-1  (      2.3888 THz )

 # Irred. k point   15 : (  0.0000,  0.0000,  0.4667)
   Mode, Frequency 
      1     36.2137 cm^-1  (      1.0857 THz )
      2     36.6737 cm^-1  (      1.0994 THz )
      3     81.0812 cm^-1  (      2.4308 THz )

 # Irred. k point   16 : (  0.0000,  0.0000, -0.5000)
   Mode, Frequency 
      1     36.4221 cm^-1  (      1.0919 THz )
      2     36.8635 cm^-1  (      1.1051 THz )
      3     81.5506 cm^-1  (      2.4448 THz )

 # Irred. k point   17 : (  0.0000,  0.0333,  0.0333)
   Mode, Frequency 
      1      5.6716 cm^-1  (      0.1700 THz )
      2      5.7663 cm^-1  (      0.1729 THz )
      3      8.0793 cm^-1  (      0.2422 THz )

 # Irred. k point   18 : (  0.0000,  0.0333,  0.0667)
   Mode, Frequency 
      1      7.5726 cm^-1  (      0.2270 THz )
      2      9.1355 cm^-1  (      0.2739 THz )
      3     14.7085 cm^-1  (      0.4409 THz )

 # Irred. k point   19 : (  0.0000,  0.0333,  0.1000)
   Mode, Frequency 
      1     10.3178 cm^-1  (      0.3093 THz )
      2     12.5830 cm^-1  (      0.3772 THz )
      3     22.4629 cm^-1  (      0.6734 THz )

 # Irred. k point   20 : (  0.0000,  0.0333,  0.1333)
   Mode, Frequency 
      1     13.5151 cm^-1  (      0.4052 THz )
      2     16.0078 cm^-1  (      0.4799 THz )
      3     30.2013 cm^-1  (      0.9054 THz )

 # Irred. k point   21 : (  0.0000,  0.0333,  0.1667)
   Mode, Frequency 
      1     16.8114 cm^-1  (      0.5040 THz )
      2     19.3117 cm^-1  (      0.5789 THz )
      3     37.7248 cm^-1  (      1.1310 THz )

 # Irred. k point   22 : (  0.0000,  0.0333,  0.2000)
   Mode, Frequency 
      1     20.0457 cm^-1  (      0.6010 THz )
      2     22.4334 cm^-1  (      0.6725 THz )
      3     44.9183 cm^-1  (      1.3466 THz )

 # Irred. k point   23 : (  0.0000,  0.0333,  0.2333)
   Mode, Frequency 
      1     23.1285 cm^-1  (      0.6934 THz )
      2     25.3272 cm^-1  (      0.7593 THz )
      3     51.6869 cm^-1  (      1.5495 THz )

 # Irred. k point   24 : (  0.0000,  0.0333,  0.2667)
   Mode, Frequency 
      1     26.0000 cm^-1  (      0.7795 THz )
      2     27.9557 cm^-1  (      0.8381 THz )
      3     57.9435 cm^-1  (      1.7371 THz )

 # Irred. k point   25 : (  0.0000,  0.0333,  0.3000)
   Mode, Frequency 
      1     28.6144 cm^-1  (      0.8578 THz )
      2     30.2877 cm^-1  (      0.9080 THz )
      3     63.6063 cm^-1  (      1.9069 THz )

 # Irred. k point   26 : (  0.0000,  0.0333,  0.3333)
   Mode, Frequency 
      1     30.9345 cm^-1  (      0.9274 THz )
      2     32.2974 cm^-1  (      0.9683 THz )
      3     68.5987 cm^-1  (      2.0565 THz )

 # Irred. k point   27 : (  0.0000,  0.0333,  0.3667)
   Mode, Frequency 
      1     32.9278 cm^-1  (      0.9872 THz )
      2     33.9651 cm^-1  (      1.0182 THz )
      3     72.8507 cm^-1  (      2.1840 THz )

 # Irred. k point   28 : (  0.0000,  0.0333,  0.4000)
   Mode, Frequency 
      1     34.5621 cm^-1  (      1.0361 THz )
      2     35.2809 cm^-1  (      1.0577 THz )
      3     76.3008 cm^-1  (      2.2874 THz )

 # Irred. k point   29 : (  0.0000,  0.0333,  0.4333)
   Mode, Frequency 
      1     35.7873 cm^-1  (      1.0729 THz )
      2     36.2614 cm^-1  (      1.0871 THz )
      3     78.8974 cm^-1  (      2.3653 THz )

 # Irred. k point   30 : (  0.0000,  0.0333,  0.4667)
   Mode, Frequency 
      1     36.5030 cm^-1  (      1.0943 THz )
      2     36.9828 cm^-1  (      1.1087 THz )
      3     80.6009 cm^-1  (      2.4164 THz )

 # Irred. k point   31 : (  0.0000,  0.0333, -0.5000)
   Mode, Frequency 
      1     36.6995 cm^-1  (      1.1002 THz )
      2     37.4389 cm^-1  (      1.1224 THz )
      3     81.3848 cm^-1  (      2.4399 THz )

 # Irred. k point   32 : (  0.0000,  0.0333, -0.4667)
   Mode, Frequency 
      1     36.4581 cm^-1  (      1.0930 THz )
      2     37.5412 cm^-1  (      1.1255 THz )
      3     81.2370 cm^-1  (      2.4354 THz )

 # Irred. k point   33 : (  0.0000,  0.0333, -0.4333)
   Mode, Frequency 
      1     35.8116 cm^-1  (      1.0736 THz )
      2     37.2582 cm^-1  (      1.1170 THz )
      3     80.1599 cm^-1  (      2.4031 THz )

 # Irred. k point   34 : (  0.0000,  0.0333, -0.4000)
   Mode, Frequency 
      1     34.7750 cm^-1  (      1.0425 THz )
      2     36.5849 cm^-1  (      1.0968 THz )
      3     78.1705 cm^-1  (      2.3435 THz )

 # Irred. k point   35 : (  0.0000,  0.0333, -0.3667)
   Mode, Frequency 
      1     33.3620 cm^-1  (      1.0002 THz )
      2     35.5254 cm^-1  (      1.0650 THz )
      3     75.2997 cm^-1  (      2.2574 THz )

 # Irred. k point   36 : (  0.0000,  0.0333, -0.3333)
   Mode, Frequency 
      1     31.5893 cm^-1  (      0.9470 THz )
      2     34.0903 cm^-1  (      1.0220 THz )
      3     71.5913 cm^-1  (      2.1463 THz )

 # Irred. k point   37 : (  0.0000,  0.0333, -0.3000)
   Mode, Frequency 
      1     29.4769 cm^-1  (      0.8837 THz )
      2     32.2947 cm^-1  (      0.9682 THz )
      3     67.1007 cm^-1  (      2.0116 THz )

 # Irred. k point   38 : (  0.0000,  0.0333, -0.2667)
   Mode, Frequency 
      1     27.0489 cm^-1  (      0.8109 THz )
      2     30.1589 cm^-1  (      0.9041 THz )
      3     61.8926 cm^-1  (      1.8555 THz )

 # Irred. k point   39 : (  0.0000,  0.0333, -0.2333)
   Mode, Frequency 
      1     24.3336 cm^-1  (      0.7295 THz )
      2     27.7075 cm^-1  (      0.8307 THz )
      3     56.0400 cm^-1  (      1.6800 THz )

 # Irred. k point   40 : (  0.0000,  0.0333, -0.2000)
   Mode, Frequency 
      1     21.3644 cm^-1  (      0.6405 THz )
      2     24.9705 cm^-1  (      0.7486 THz )
      3     49.6227 cm^-1  (      1.4877 THz )

 # Irred. k point   41 : (  0.0000,  0.0333, -0.1667)
   Mode, Frequency 
      1     18.1809 cm^-1  (      0.5450 THz )
      2     21.9826 cm^-1  (      0.6590 THz )
      3     42.7267 cm^-1  (      1.2809 THz )

 # Irred. k point   42 : (  0.0000,  0.0333, -0.1333)
   Mode, Frequency 
      1     14.8326 cm^-1  (      0.4447 THz )
      2     18.7844 cm^-1  (      0.5631 THz )
      3     35.4471 cm^-1  (      1.0627 THz )

 # Irred. k point   43 : (  0.0000,  0.0333, -0.1000)
   Mode, Frequency 
      1     11.3892 cm^-1  (      0.3414 THz )
      2     15.4205 cm^-1  (      0.4623 THz )
      3     27.8999 cm^-1  (      0.8364 THz )

 # Irred. k point   44 : (  0.0000,  0.0333, -0.0667)
   Mode, Frequency 
      1      7.9795 cm^-1  (      0.2392 THz )
      2     11.9226 cm^-1  (      0.3574 THz )
      3     20.2719 cm^-1  (      0.6077 THz )

 # Irred. k point   45 : (  0.0000,  0.0333, -0.0333)
   Mode, Frequency 
      1      4.9701 cm^-1  (      0.1490 THz )
      2      8.1596 cm^-1  (      0.2446 THz )
      3     13.1085 cm^-1  (      0.3930 THz )

 # Irred. k point   46 : (  0.0000,  0.0667,  0.0667)
   Mode, Frequency 
      1     11.4370 cm^-1  (      0.3429 THz )
      2     11.4987 cm^-1  (      0.3447 THz )
      3     15.9729 cm^-1  (      0.4789 THz )

 # Irred. k point   47 : (  0.0000,  0.0667,  0.1000)
   Mode, Frequency 
      1     13.3628 cm^-1  (      0.4006 THz )
      2     14.5852 cm^-1  (      0.4373 THz )
      3     21.7749 cm^-1  (      0.6528 THz )

 # Irred. k point   48 : (  0.0000,  0.0667,  0.1333)
   Mode, Frequency 
      1     15.4179 cm^-1  (      0.4622 THz )
      2     17.7262 cm^-1  (      0.5314 THz )
      3     28.8851 cm^-1  (      0.8660 THz )

 # Irred. k point   49 : (  0.0000,  0.0667,  0.1667)
   Mode, Frequency 
      1     17.9437 cm^-1  (      0.5379 THz )
      2     20.8319 cm^-1  (      0.6245 THz )
      3     36.1088 cm^-1  (      1.0825 THz )

 # Irred. k point   50 : (  0.0000,  0.0667,  0.2000)
   Mode, Frequency 
      1     20.7282 cm^-1  (      0.6214 THz )
      2     23.8080 cm^-1  (      0.7137 THz )
      3     43.1518 cm^-1  (      1.2937 THz )

 # Irred. k point   51 : (  0.0000,  0.0667,  0.2333)
   Mode, Frequency 
      1     23.5848 cm^-1  (      0.7071 THz )
      2     26.5886 cm^-1  (      0.7971 THz )
      3     49.8629 cm^-1  (      1.4949 THz )

 # Irred. k point   52 : (  0.0000,  0.0667,  0.2667)
   Mode, Frequency 
      1     26.3834 cm^-1  (      0.7910 THz )
      2     29.1247 cm^-1  (      0.8731 THz )
      3     56.1308 cm^-1  (      1.6828 THz )

 # Irred. k point   53 : (  0.0000,  0.0667,  0.3000)
   Mode, Frequency 
      1     29.0322 cm^-1  (      0.8704 THz )
      2     31.3783 cm^-1  (      0.9407 THz )
      3     61.8611 cm^-1  (      1.8545 THz )

 # Irred. k point   54 : (  0.0000,  0.0667,  0.3333)
   Mode, Frequency 
      1     31.4632 cm^-1  (      0.9432 THz )
      2     33.3200 cm^-1  (      0.9989 THz )
      3     66.9696 cm^-1  (      2.0077 THz )

 # Irred. k point   55 : (  0.0000,  0.0667,  0.3667)
   Mode, Frequency 
      1     33.6202 cm^-1  (      1.0079 THz )
      2     34.9307 cm^-1  (      1.0472 THz )
      3     71.3811 cm^-1  (      2.1400 THz )

 # Irred. k point   56 : (  0.0000,  0.0667,  0.4000)
   Mode, Frequency 
      1     35.4386 cm^-1  (      1.0624 THz )
      2     36.2160 cm^-1  (      1.0857 THz )
      3     75.0294 cm^-1  (      2.2493 THz )

 # Irred. k point   57 : (  0.0000,  0.0667,  0.4333)
   Mode, Frequency 
      1     36.7389 cm^-1  (      1.1014 THz )
      2     37.3101 cm^-1  (      1.1185 THz )
      3     77.8586 cm^-1  (      2.3341 THz )

 # Irred. k point   58 : (  0.0000,  0.0667,  0.4667)
   Mode, Frequency 
      1     37.3428 cm^-1  (      1.1195 THz )
      2     38.3578 cm^-1  (      1.1499 THz )
      3     79.8248 cm^-1  (      2.3931 THz )

 # Irred. k point   59 : (  0.0000,  0.0667, -0.5000)
   Mode, Frequency 
      1     37.4574 cm^-1  (      1.1229 THz )
      2     39.1293 cm^-1  (      1.1731 THz )
      3     80.8972 cm^-1  (      2.4252 THz )

 # Irred. k point   60 : (  0.0000,  0.0667, -0.4667)
   Mode, Frequency 
      1     37.1602 cm^-1  (      1.1140 THz )
      2     39.5344 cm^-1  (      1.1852 THz )
      3     81.0588 cm^-1  (      2.4301 THz )

 # Irred. k point   61 : (  0.0000,  0.0667, -0.4333)
   Mode, Frequency 
      1     36.4691 cm^-1  (      1.0933 THz )
      2     39.5524 cm^-1  (      1.1858 THz )
      3     80.3077 cm^-1  (      2.4076 THz )

 # Irred. k point   62 : (  0.0000,  0.0667, -0.4000)
   Mode, Frequency 
      1     35.3963 cm^-1  (      1.0612 THz )
      2     39.1779 cm^-1  (      1.1745 THz )
      3     78.6566 cm^-1  (      2.3581 THz )

 # Irred. k point   63 : (  0.0000,  0.0667, -0.3667)
   Mode, Frequency 
      1     33.9561 cm^-1  (      1.0180 THz )
      2     38.4128 cm^-1  (      1.1516 THz )
      3     76.1326 cm^-1  (      2.2824 THz )

 # Irred. k point   64 : (  0.0000,  0.0667, -0.3333)
   Mode, Frequency 
      1     32.1670 cm^-1  (      0.9643 THz )
      2     37.2648 cm^-1  (      1.1172 THz )
      3     72.7770 cm^-1  (      2.1818 THz )

 # Irred. k point   65 : (  0.0000,  0.0667, -0.3000)
   Mode, Frequency 
      1     30.0522 cm^-1  (      0.9009 THz )
      2     35.7466 cm^-1  (      1.0717 THz )
      3     68.6436 cm^-1  (      2.0579 THz )

 # Irred. k point   66 : (  0.0000,  0.0667, -0.2667)
   Mode, Frequency 
      1     27.6402 cm^-1  (      0.8286 THz )
      2     33.8758 cm^-1  (      1.0156 THz )
      3     63.7984 cm^-1  (      1.9126 THz )

 # Irred. k point   67 : (  0.0000,  0.0667, -0.2333)
   Mode, Frequency 
      1     24.9660 cm^-1  (      0.7485 THz )
      2     31.6741 cm^-1  (      0.9496 THz )
      3     58.3188 cm^-1  (      1.7484 THz )

 # Irred. k point   68 : (  0.0000,  0.0667, -0.2000)
   Mode, Frequency 
      1     22.0737 cm^-1  (      0.6618 THz )
      2     29.1667 cm^-1  (      0.8744 THz )
      3     52.2951 cm^-1  (      1.5678 THz )

 # Irred. k point   69 : (  0.0000,  0.0667, -0.1667)
   Mode, Frequency 
      1     19.0206 cm^-1  (      0.5702 THz )
      2     26.3787 cm^-1  (      0.7908 THz )
      3     45.8353 cm^-1  (      1.3741 THz )

 # Irred. k point   70 : (  0.0000,  0.0667, -0.1333)
   Mode, Frequency 
      1     15.8881 cm^-1  (      0.4763 THz )
      2     23.3264 cm^-1  (      0.6993 THz )
      3     39.0807 cm^-1  (      1.1716 THz )

 # Irred. k point   71 : (  0.0000,  0.0667, -0.1000)
   Mode, Frequency 
      1     12.8069 cm^-1  (      0.3839 THz )
      2     19.9906 cm^-1  (      0.5993 THz )
      3     32.2481 cm^-1  (      0.9668 THz )

 # Irred. k point   72 : (  0.0000,  0.0667, -0.0667)
   Mode, Frequency 
      1     10.0212 cm^-1  (      0.3004 THz )
      2     16.2484 cm^-1  (      0.4871 THz )
      3     25.7435 cm^-1  (      0.7718 THz )

 # Irred. k point   73 : (  0.0000,  0.1000,  0.1000)
   Mode, Frequency 
      1     17.0063 cm^-1  (      0.5098 THz )
      2     17.1224 cm^-1  (      0.5133 THz )
      3     23.7932 cm^-1  (      0.7133 THz )

 # Irred. k point   74 : (  0.0000,  0.1000,  0.1333)
   Mode, Frequency 
      1     19.0937 cm^-1  (      0.5724 THz )
      2     19.9912 cm^-1  (      0.5993 THz )
      3     28.9967 cm^-1  (      0.8693 THz )

 # Irred. k point   75 : (  0.0000,  0.1000,  0.1667)
   Mode, Frequency 
      1     20.9759 cm^-1  (      0.6288 THz )
      2     22.8748 cm^-1  (      0.6858 THz )
      3     35.4283 cm^-1  (      1.0621 THz )

 # Irred. k point   76 : (  0.0000,  0.1000,  0.2000)
   Mode, Frequency 
      1     23.1585 cm^-1  (      0.6943 THz )
      2     25.6788 cm^-1  (      0.7698 THz )
      3     42.0478 cm^-1  (      1.2606 THz )

 # Irred. k point   77 : (  0.0000,  0.1000,  0.2333)
   Mode, Frequency 
      1     25.5905 cm^-1  (      0.7672 THz )
      2     28.3248 cm^-1  (      0.8492 THz )
      3     48.5086 cm^-1  (      1.4543 THz )

 # Irred. k point   78 : (  0.0000,  0.1000,  0.2667)
   Mode, Frequency 
      1     28.1377 cm^-1  (      0.8435 THz )
      2     30.7531 cm^-1  (      0.9220 THz )
      3     54.6341 cm^-1  (      1.6379 THz )

 # Irred. k point   79 : (  0.0000,  0.1000,  0.3000)
   Mode, Frequency 
      1     30.6758 cm^-1  (      0.9196 THz )
      2     32.9191 cm^-1  (      0.9869 THz )
      3     60.3020 cm^-1  (      1.8078 THz )

 # Irred. k point   80 : (  0.0000,  0.1000,  0.3333)
   Mode, Frequency 
      1     33.1011 cm^-1  (      0.9923 THz )
      2     34.7920 cm^-1  (      1.0430 THz )
      3     65.4138 cm^-1  (      1.9611 THz )

 # Irred. k point   81 : (  0.0000,  0.1000,  0.3667)
   Mode, Frequency 
      1     35.3138 cm^-1  (      1.0587 THz )
      2     36.3661 cm^-1  (      1.0902 THz )
      3     69.8859 cm^-1  (      2.0951 THz )

 # Irred. k point   82 : (  0.0000,  0.1000,  0.4000)
   Mode, Frequency 
      1     37.1013 cm^-1  (      1.1123 THz )
      2     37.7720 cm^-1  (      1.1324 THz )
      3     73.6464 cm^-1  (      2.2079 THz )

 # Irred. k point   83 : (  0.0000,  0.1000,  0.4333)
   Mode, Frequency 
      1     38.1119 cm^-1  (      1.1426 THz )
      2     39.2984 cm^-1  (      1.1781 THz )
      3     76.6351 cm^-1  (      2.2975 THz )

 # Irred. k point   84 : (  0.0000,  0.1000,  0.4667)
   Mode, Frequency 
      1     38.5799 cm^-1  (      1.1566 THz )
      2     40.6634 cm^-1  (      1.2191 THz )
      3     78.8038 cm^-1  (      2.3625 THz )

 # Irred. k point   85 : (  0.0000,  0.1000, -0.5000)
   Mode, Frequency 
      1     38.6329 cm^-1  (      1.1582 THz )
      2     41.7060 cm^-1  (      1.2503 THz )
      3     80.1178 cm^-1  (      2.4019 THz )

 # Irred. k point   86 : (  0.0000,  0.1000, -0.4667)
   Mode, Frequency 
      1     38.2917 cm^-1  (      1.1480 THz )
      2     42.3844 cm^-1  (      1.2707 THz )
      3     80.5564 cm^-1  (      2.4150 THz )

 # Irred. k point   87 : (  0.0000,  0.1000, -0.4333)
   Mode, Frequency 
      1     37.5664 cm^-1  (      1.1262 THz )
      2     42.6787 cm^-1  (      1.2795 THz )
      3     80.1139 cm^-1  (      2.4018 THz )

 # Irred. k point   88 : (  0.0000,  0.1000, -0.4000)
   Mode, Frequency 
      1     36.4689 cm^-1  (      1.0933 THz )
      2     42.5789 cm^-1  (      1.2765 THz )
      3     78.7995 cm^-1  (      2.3623 THz )

 # Irred. k point   89 : (  0.0000,  0.1000, -0.3667)
   Mode, Frequency 
      1     35.0155 cm^-1  (      1.0497 THz )
      2     42.0809 cm^-1  (      1.2616 THz )
      3     76.6381 cm^-1  (      2.2976 THz )

 # Irred. k point   90 : (  0.0000,  0.1000, -0.3333)
   Mode, Frequency 
      1     33.2276 cm^-1  (      0.9961 THz )
      2     41.1866 cm^-1  (      1.2347 THz )
      3     73.6695 cm^-1  (      2.2086 THz )

 # Irred. k point   91 : (  0.0000,  0.1000, -0.3000)
   Mode, Frequency 
      1     31.1325 cm^-1  (      0.9333 THz )
      2     39.9020 cm^-1  (      1.1962 THz )
      3     69.9489 cm^-1  (      2.0970 THz )

 # Irred. k point   92 : (  0.0000,  0.1000, -0.2667)
   Mode, Frequency 
      1     28.7649 cm^-1  (      0.8624 THz )
      2     38.2364 cm^-1  (      1.1463 THz )
      3     65.5466 cm^-1  (      1.9650 THz )

 # Irred. k point   93 : (  0.0000,  0.1000, -0.2333)
   Mode, Frequency 
      1     26.1688 cm^-1  (      0.7845 THz )
      2     36.2000 cm^-1  (      1.0852 THz )
      3     60.5509 cm^-1  (      1.8153 THz )

 # Irred. k point   94 : (  0.0000,  0.1000, -0.2000)
   Mode, Frequency 
      1     23.4012 cm^-1  (      0.7016 THz )
      2     33.7997 cm^-1  (      1.0133 THz )
      3     55.0722 cm^-1  (      1.6510 THz )

 # Irred. k point   95 : (  0.0000,  0.1000, -0.1667)
   Mode, Frequency 
      1     20.5390 cm^-1  (      0.6157 THz )
      2     31.0295 cm^-1  (      0.9302 THz )
      3     49.2555 cm^-1  (      1.4766 THz )

 # Irred. k point   96 : (  0.0000,  0.1000, -0.1333)
   Mode, Frequency 
      1     17.6928 cm^-1  (      0.5304 THz )
      2     27.8551 cm^-1  (      0.8351 THz )
      3     43.3041 cm^-1  (      1.2982 THz )

 # Irred. k point   97 : (  0.0000,  0.1000, -0.1000)
   Mode, Frequency 
      1     15.0317 cm^-1  (      0.4506 THz )
      2     24.1955 cm^-1  (      0.7254 THz )
      3     37.5153 cm^-1  (      1.1247 THz )

 # Irred. k point   98 : (  0.0000,  0.1333,  0.1333)
   Mode, Frequency 
      1     22.3757 cm^-1  (      0.6708 THz )
      2     22.5455 cm^-1  (      0.6759 THz )
      3     31.4572 cm^-1  (      0.9431 THz )

 # Irred. k point   99 : (  0.0000,  0.1333,  0.1667)
   Mode, Frequency 
      1     24.5646 cm^-1  (      0.7364 THz )
      2     25.2160 cm^-1  (      0.7560 THz )
      3     36.1788 cm^-1  (      1.0846 THz )

 # Irred. k point  100 : (  0.0000,  0.1333,  0.2000)
   Mode, Frequency 
      1     26.4648 cm^-1  (      0.7934 THz )
      2     27.8547 cm^-1  (      0.8351 THz )
      3     41.9245 cm^-1  (      1.2569 THz )

 # Irred. k point  101 : (  0.0000,  0.1333,  0.2333)
   Mode, Frequency 
      1     28.5265 cm^-1  (      0.8552 THz )
      2     30.3677 cm^-1  (      0.9104 THz )
      3     47.8706 cm^-1  (      1.4351 THz )

 # Irred. k point  102 : (  0.0000,  0.1333,  0.2667)
   Mode, Frequency 
      1     30.7788 cm^-1  (      0.9227 THz )
      2     32.6906 cm^-1  (      0.9800 THz )
      3     53.6637 cm^-1  (      1.6088 THz )

 # Irred. k point  103 : (  0.0000,  0.1333,  0.3000)
   Mode, Frequency 
      1     33.1322 cm^-1  (      0.9933 THz )
      2     34.7760 cm^-1  (      1.0426 THz )
      3     59.1146 cm^-1  (      1.7722 THz )

 # Irred. k point  104 : (  0.0000,  0.1333,  0.3333)
   Mode, Frequency 
      1     35.4628 cm^-1  (      1.0631 THz )
      2     36.6042 cm^-1  (      1.0974 THz )
      3     64.0958 cm^-1  (      1.9215 THz )

 # Irred. k point  105 : (  0.0000,  0.1333,  0.3667)
   Mode, Frequency 
      1     37.5435 cm^-1  (      1.1255 THz )
      2     38.2765 cm^-1  (      1.1475 THz )
      3     68.5093 cm^-1  (      2.0539 THz )

 # Irred. k point  106 : (  0.0000,  0.1333,  0.4000)
   Mode, Frequency 
      1     38.9235 cm^-1  (      1.1669 THz )
      2     40.1403 cm^-1  (      1.2034 THz )
      3     72.2751 cm^-1  (      2.1668 THz )

 # Irred. k point  107 : (  0.0000,  0.1333,  0.4333)
   Mode, Frequency 
      1     39.7364 cm^-1  (      1.1913 THz )
      2     41.9793 cm^-1  (      1.2585 THz )
      3     75.3280 cm^-1  (      2.2583 THz )

 # Irred. k point  108 : (  0.0000,  0.1333,  0.4667)
   Mode, Frequency 
      1     40.1369 cm^-1  (      1.2033 THz )
      2     43.5751 cm^-1  (      1.3063 THz )
      3     77.6162 cm^-1  (      2.3269 THz )

 # Irred. k point  109 : (  0.0000,  0.1333, -0.5000)
   Mode, Frequency 
      1     40.1473 cm^-1  (      1.2036 THz )
      2     44.8579 cm^-1  (      1.3448 THz )
      3     79.1018 cm^-1  (      2.3714 THz )

 # Irred. k point  110 : (  0.0000,  0.1333, -0.4667)
   Mode, Frequency 
      1     39.7747 cm^-1  (      1.1924 THz )
      2     45.7878 cm^-1  (      1.3727 THz )
      3     79.7617 cm^-1  (      2.3912 THz )

 # Irred. k point  111 : (  0.0000,  0.1333, -0.4333)
   Mode, Frequency 
      1     39.0276 cm^-1  (      1.1700 THz )
      2     46.3375 cm^-1  (      1.3892 THz )
      3     79.5876 cm^-1  (      2.3860 THz )

 # Irred. k point  112 : (  0.0000,  0.1333, -0.4000)
   Mode, Frequency 
      1     37.9186 cm^-1  (      1.1368 THz )
      2     46.4872 cm^-1  (      1.3937 THz )
      3     78.5876 cm^-1  (      2.3560 THz )

 # Irred. k point  113 : (  0.0000,  0.1333, -0.3667)
   Mode, Frequency 
      1     36.4663 cm^-1  (      1.0932 THz )
      2     46.2238 cm^-1  (      1.3858 THz )
      3     76.7858 cm^-1  (      2.3020 THz )

 # Irred. k point  114 : (  0.0000,  0.1333, -0.3333)
   Mode, Frequency 
      1     34.6952 cm^-1  (      1.0401 THz )
      2     45.5382 cm^-1  (      1.3652 THz )
      3     74.2241 cm^-1  (      2.2252 THz )

 # Irred. k point  115 : (  0.0000,  0.1333, -0.3000)
   Mode, Frequency 
      1     32.6375 cm^-1  (      0.9784 THz )
      2     44.4242 cm^-1  (      1.3318 THz )
      3     70.9622 cm^-1  (      2.1274 THz )

 # Irred. k point  116 : (  0.0000,  0.1333, -0.2667)
   Mode, Frequency 
      1     30.3340 cm^-1  (      0.9094 THz )
      2     42.8756 cm^-1  (      1.2854 THz )
      3     67.0809 cm^-1  (      2.0110 THz )

 # Irred. k point  117 : (  0.0000,  0.1333, -0.2333)
   Mode, Frequency 
      1     27.8372 cm^-1  (      0.8345 THz )
      2     40.8815 cm^-1  (      1.2256 THz )
      3     62.6857 cm^-1  (      1.8793 THz )

 # Irred. k point  118 : (  0.0000,  0.1333, -0.2000)
   Mode, Frequency 
      1     25.2153 cm^-1  (      0.7559 THz )
      2     38.4201 cm^-1  (      1.1518 THz )
      3     57.9145 cm^-1  (      1.7362 THz )

 # Irred. k point  119 : (  0.0000,  0.1333, -0.1667)
   Mode, Frequency 
      1     22.5598 cm^-1  (      0.6763 THz )
      2     35.4531 cm^-1  (      1.0629 THz )
      3     52.9469 cm^-1  (      1.5873 THz )

 # Irred. k point  120 : (  0.0000,  0.1333, -0.1333)
   Mode, Frequency 
      1     19.9967 cm^-1  (      0.5995 THz )
      2     31.9302 cm^-1  (      0.9572 THz )
      3     48.0076 cm^-1  (      1.4392 THz )

 # Irred. k point  121 : (  0.0000,  0.1667,  0.1667)
   Mode, Frequency 
      1     27.4905 cm^-1  (      0.8241 THz )
      2     27.7098 cm^-1  (      0.8307 THz )
      3     38.8869 cm^-1  (      1.1658 THz )

 # Irred. k point  122 : (  0.0000,  0.1667,  0.2000)
   Mode, Frequency 
      1     29.7031 cm^-1  (      0.8905 THz )
      2     30.1844 cm^-1  (      0.9049 THz )
      3     43.1829 cm^-1  (      1.2946 THz )

 # Irred. k point  123 : (  0.0000,  0.1667,  0.2333)
   Mode, Frequency 
      1     31.6694 cm^-1  (      0.9494 THz )
      2     32.5782 cm^-1  (      0.9767 THz )
      3     48.2510 cm^-1  (      1.4465 THz )

 # Irred. k point  124 : (  0.0000,  0.1667,  0.2667)
   Mode, Frequency 
      1     33.7189 cm^-1  (      1.0109 THz )
      2     34.8103 cm^-1  (      1.0436 THz )
      3     53.4723 cm^-1  (      1.6031 THz )

 # Irred. k point  125 : (  0.0000,  0.1667,  0.3000)
   Mode, Frequency 
      1     35.8861 cm^-1  (      1.0758 THz )
      2     36.8414 cm^-1  (      1.1045 THz )
      3     58.5240 cm^-1  (      1.7545 THz )

 # Irred. k point  126 : (  0.0000,  0.1667,  0.3333)
   Mode, Frequency 
      1     38.0150 cm^-1  (      1.1397 THz )
      2     38.7261 cm^-1  (      1.1610 THz )
      3     63.2204 cm^-1  (      1.8953 THz )

 # Irred. k point  127 : (  0.0000,  0.1667,  0.3667)
   Mode, Frequency 
      1     39.6816 cm^-1  (      1.1896 THz )
      2     40.7666 cm^-1  (      1.2222 THz )
      3     67.4367 cm^-1  (      2.0217 THz )

 # Irred. k point  128 : (  0.0000,  0.1667,  0.4000)
   Mode, Frequency 
      1     40.8216 cm^-1  (      1.2238 THz )
      2     42.9122 cm^-1  (      1.2865 THz )
      3     71.0802 cm^-1  (      2.1309 THz )

 # Irred. k point  129 : (  0.0000,  0.1667,  0.4333)
   Mode, Frequency 
      1     41.5610 cm^-1  (      1.2460 THz )
      2     44.9384 cm^-1  (      1.3472 THz )
      3     74.0790 cm^-1  (      2.2208 THz )

 # Irred. k point  130 : (  0.0000,  0.1667,  0.4667)
   Mode, Frequency 
      1     41.9207 cm^-1  (      1.2568 THz )
      2     46.7436 cm^-1  (      1.4013 THz )
      3     76.3782 cm^-1  (      2.2898 THz )

 # Irred. k point  131 : (  0.0000,  0.1667, -0.5000)
   Mode, Frequency 
      1     41.9031 cm^-1  (      1.2562 THz )
      2     48.2618 cm^-1  (      1.4469 THz )
      3     77.9383 cm^-1  (      2.3365 THz )

 # Irred. k point  132 : (  0.0000,  0.1667, -0.4667)
   Mode, Frequency 
      1     41.5118 cm^-1  (      1.2445 THz )
      2     49.4422 cm^-1  (      1.4822 THz )
      3     78.7355 cm^-1  (      2.3604 THz )

 # Irred. k point  133 : (  0.0000,  0.1667, -0.4333)
   Mode, Frequency 
      1     40.7548 cm^-1  (      1.2218 THz )
      2     50.2441 cm^-1  (      1.5063 THz )
      3     78.7620 cm^-1  (      2.3612 THz )

 # Irred. k point  134 : (  0.0000,  0.1667, -0.4000)
   Mode, Frequency 
      1     39.6462 cm^-1  (      1.1886 THz )
      2     50.6337 cm^-1  (      1.5180 THz )
      3     78.0276 cm^-1  (      2.3392 THz )

 # Irred. k point  135 : (  0.0000,  0.1667, -0.3667)
   Mode, Frequency 
      1     38.2066 cm^-1  (      1.1454 THz )
      2     50.5826 cm^-1  (      1.5164 THz )
      3     76.5604 cm^-1  (      2.2952 THz )

 # Irred. k point  136 : (  0.0000,  0.1667, -0.3333)
   Mode, Frequency 
      1     36.4637 cm^-1  (      1.0932 THz )
      2     50.0648 cm^-1  (      1.5009 THz )
      3     74.4092 cm^-1  (      2.2307 THz )

 # Irred. k point  137 : (  0.0000,  0.1667, -0.3000)
   Mode, Frequency 
      1     34.4537 cm^-1  (      1.0329 THz )
      2     49.0536 cm^-1  (      1.4706 THz )
      3     71.6455 cm^-1  (      2.1479 THz )

 # Irred. k point  138 : (  0.0000,  0.1667, -0.2667)
   Mode, Frequency 
      1     32.2229 cm^-1  (      0.9660 THz )
      2     47.5181 cm^-1  (      1.4246 THz )
      3     68.3675 cm^-1  (      2.0496 THz )

 # Irred. k point  139 : (  0.0000,  0.1667, -0.2333)
   Mode, Frequency 
      1     29.8305 cm^-1  (      0.8943 THz )
      2     45.4204 cm^-1  (      1.3617 THz )
      3     64.7024 cm^-1  (      1.9397 THz )

 # Irred. k point  140 : (  0.0000,  0.1667, -0.2000)
   Mode, Frequency 
      1     27.3525 cm^-1  (      0.8200 THz )
      2     42.7177 cm^-1  (      1.2806 THz )
      3     60.8059 cm^-1  (      1.8229 THz )

 # Irred. k point  141 : (  0.0000,  0.1667, -0.1667)
   Mode, Frequency 
      1     24.8880 cm^-1  (      0.7461 THz )
      2     39.3803 cm^-1  (      1.1806 THz )
      3     56.8487 cm^-1  (      1.7043 THz )

 # Irred. k point  142 : (  0.0000,  0.2000,  0.2000)
   Mode, Frequency 
      1     32.2959 cm^-1  (      0.9682 THz )
      2     32.5606 cm^-1  (      0.9761 THz )
      3     45.9971 cm^-1  (      1.3790 THz )

 # Irred. k point  143 : (  0.0000,  0.2000,  0.2333)
   Mode, Frequency 
      1     34.4566 cm^-1  (      1.0330 THz )
      2     34.8393 cm^-1  (      1.0445 THz )
      3     49.8881 cm^-1  (      1.4956 THz )

 # Irred. k point  144 : (  0.0000,  0.2000,  0.2667)
   Mode, Frequency 
      1     36.4565 cm^-1  (      1.0929 THz )
      2     37.0006 cm^-1  (      1.1092 THz )
      3     54.2941 cm^-1  (      1.6277 THz )

 # Irred. k point  145 : (  0.0000,  0.2000,  0.3000)
   Mode, Frequency 
      1     38.4625 cm^-1  (      1.1531 THz )
      2     39.0281 cm^-1  (      1.1700 THz )
      3     58.7594 cm^-1  (      1.7616 THz )

 # Irred. k point  146 : (  0.0000,  0.2000,  0.3333)
   Mode, Frequency 
      1     40.2959 cm^-1  (      1.2080 THz )
      2     41.0901 cm^-1  (      1.2319 THz )
      3     63.0133 cm^-1  (      1.8891 THz )

 # Irred. k point  147 : (  0.0000,  0.2000,  0.3667)
   Mode, Frequency 
      1     41.7334 cm^-1  (      1.2511 THz )
      2     43.3236 cm^-1  (      1.2988 THz )
      3     66.8881 cm^-1  (      2.0053 THz )

 # Irred. k point  148 : (  0.0000,  0.2000,  0.4000)
   Mode, Frequency 
      1     42.7962 cm^-1  (      1.2830 THz )
      2     45.5981 cm^-1  (      1.3670 THz )
      3     70.2708 cm^-1  (      2.1067 THz )

 # Irred. k point  149 : (  0.0000,  0.2000,  0.4333)
   Mode, Frequency 
      1     43.4971 cm^-1  (      1.3040 THz )
      2     47.7938 cm^-1  (      1.4328 THz )
      3     73.0804 cm^-1  (      2.1909 THz )

 # Irred. k point  150 : (  0.0000,  0.2000,  0.4667)
   Mode, Frequency 
      1     43.8326 cm^-1  (      1.3141 THz )
      2     49.8184 cm^-1  (      1.4935 THz )
      3     75.2587 cm^-1  (      2.2562 THz )

 # Irred. k point  151 : (  0.0000,  0.2000, -0.5000)
   Mode, Frequency 
      1     43.7999 cm^-1  (      1.3131 THz )
      2     51.5939 cm^-1  (      1.5467 THz )
      3     76.7665 cm^-1  (      2.3014 THz )

 # Irred. k point  152 : (  0.0000,  0.2000, -0.4667)
   Mode, Frequency 
      1     43.4013 cm^-1  (      1.3011 THz )
      2     53.0524 cm^-1  (      1.5905 THz )
      3     77.5827 cm^-1  (      2.3259 THz )

 # Irred. k point  153 : (  0.0000,  0.2000, -0.4333)
   Mode, Frequency 
      1     42.6453 cm^-1  (      1.2785 THz )
      2     54.1337 cm^-1  (      1.6229 THz )
      3     77.7048 cm^-1  (      2.3295 THz )

 # Irred. k point  154 : (  0.0000,  0.2000, -0.4000)
   Mode, Frequency 
      1     41.5470 cm^-1  (      1.2455 THz )
      2     54.7825 cm^-1  (      1.6423 THz )
      3     77.1511 cm^-1  (      2.3129 THz )

 # Irred. k point  155 : (  0.0000,  0.2000, -0.3667)
   Mode, Frequency 
      1     40.1286 cm^-1  (      1.2030 THz )
      2     54.9455 cm^-1  (      1.6472 THz )
      3     75.9624 cm^-1  (      2.2773 THz )

 # Irred. k point  156 : (  0.0000,  0.2000, -0.3333)
   Mode, Frequency 
      1     38.4206 cm^-1  (      1.1518 THz )
      2     54.5669 cm^-1  (      1.6359 THz )
      3     74.2061 cm^-1  (      2.2246 THz )

 # Irred. k point  157 : (  0.0000,  0.2000, -0.3000)
   Mode, Frequency 
      1     36.4625 cm^-1  (      1.0931 THz )
      2     53.5861 cm^-1  (      1.6065 THz )
      3     71.9782 cm^-1  (      2.1579 THz )

 # Irred. k point  158 : (  0.0000,  0.2000, -0.2667)
   Mode, Frequency 
      1     34.3047 cm^-1  (      1.0284 THz )
      2     51.9390 cm^-1  (      1.5571 THz )
      3     69.4014 cm^-1  (      2.0806 THz )

 # Irred. k point  159 : (  0.0000,  0.2000, -0.2333)
   Mode, Frequency 
      1     32.0108 cm^-1  (      0.9597 THz )
      2     49.5720 cm^-1  (      1.4861 THz )
      3     66.6122 cm^-1  (      1.9970 THz )

 # Irred. k point  160 : (  0.0000,  0.2000, -0.2000)
   Mode, Frequency 
      1     29.6613 cm^-1  (      0.8892 THz )
      2     46.4704 cm^-1  (      1.3931 THz )
      3     63.7340 cm^-1  (      1.9107 THz )

 # Irred. k point  161 : (  0.0000,  0.2333,  0.2333)
   Mode, Frequency 
      1     36.7410 cm^-1  (      1.1015 THz )
      2     37.0470 cm^-1  (      1.1106 THz )
      3     52.6951 cm^-1  (      1.5798 THz )

 # Irred. k point  162 : (  0.0000,  0.2333,  0.2667)
   Mode, Frequency 
      1     38.7814 cm^-1  (      1.1626 THz )
      2     39.1298 cm^-1  (      1.1731 THz )
      3     56.1804 cm^-1  (      1.6842 THz )

 # Irred. k point  163 : (  0.0000,  0.2333,  0.3000)
   Mode, Frequency 
      1     40.6871 cm^-1  (      1.2198 THz )
      2     41.1368 cm^-1  (      1.2332 THz )
      3     59.9412 cm^-1  (      1.7970 THz )

 # Irred. k point  164 : (  0.0000,  0.2333,  0.3333)
   Mode, Frequency 
      1     42.3802 cm^-1  (      1.2705 THz )
      2     43.2259 cm^-1  (      1.2959 THz )
      3     63.6409 cm^-1  (      1.9079 THz )

 # Irred. k point  165 : (  0.0000,  0.2333,  0.3667)
   Mode, Frequency 
      1     43.7460 cm^-1  (      1.3115 THz )
      2     45.4838 cm^-1  (      1.3636 THz )
      3     67.0638 cm^-1  (      2.0105 THz )

 # Irred. k point  166 : (  0.0000,  0.2333,  0.4000)
   Mode, Frequency 
      1     44.7737 cm^-1  (      1.3423 THz )
      2     47.8367 cm^-1  (      1.4341 THz )
      3     70.0700 cm^-1  (      2.1006 THz )

 # Irred. k point  167 : (  0.0000,  0.2333,  0.4333)
   Mode, Frequency 
      1     45.4544 cm^-1  (      1.3627 THz )
      2     50.1893 cm^-1  (      1.5046 THz )
      3     72.5653 cm^-1  (      2.1755 THz )

 # Irred. k point  168 : (  0.0000,  0.2333,  0.4667)
   Mode, Frequency 
      1     45.7788 cm^-1  (      1.3724 THz )
      2     52.4460 cm^-1  (      1.5723 THz )
      3     74.4870 cm^-1  (      2.2331 THz )

 # Irred. k point  169 : (  0.0000,  0.2333, -0.5000)
   Mode, Frequency 
      1     45.7424 cm^-1  (      1.3713 THz )
      2     54.5144 cm^-1  (      1.6343 THz )
      3     75.7967 cm^-1  (      2.2723 THz )

 # Irred. k point  170 : (  0.0000,  0.2333, -0.4667)
   Mode, Frequency 
      1     45.3469 cm^-1  (      1.3595 THz )
      2     56.3062 cm^-1  (      1.6880 THz )
      3     76.4795 cm^-1  (      2.2928 THz )

 # Irred. k point  171 : (  0.0000,  0.2333, -0.4333)
   Mode, Frequency 
      1     44.6010 cm^-1  (      1.3371 THz )
      2     57.7347 cm^-1  (      1.7308 THz )
      3     76.5447 cm^-1  (      2.2948 THz )

 # Irred. k point  172 : (  0.0000,  0.2333, -0.4000)
   Mode, Frequency 
      1     43.5205 cm^-1  (      1.3047 THz )
      2     58.7105 cm^-1  (      1.7601 THz )
      3     76.0312 cm^-1  (      2.2794 THz )

 # Irred. k point  173 : (  0.0000,  0.2333, -0.3667)
   Mode, Frequency 
      1     42.1294 cm^-1  (      1.2630 THz )
      2     59.1337 cm^-1  (      1.7728 THz )
      3     75.0137 cm^-1  (      2.2489 THz )

 # Irred. k point  174 : (  0.0000,  0.2333, -0.3333)
   Mode, Frequency 
      1     40.4597 cm^-1  (      1.2130 THz )
      2     58.8882 cm^-1  (      1.7654 THz )
      3     73.6082 cm^-1  (      2.2067 THz )

 # Irred. k point  175 : (  0.0000,  0.2333, -0.3000)
   Mode, Frequency 
      1     38.5534 cm^-1  (      1.1558 THz )
      2     57.8500 cm^-1  (      1.7343 THz )
      3     71.9634 cm^-1  (      2.1574 THz )

 # Irred. k point  176 : (  0.0000,  0.2333, -0.2667)
   Mode, Frequency 
      1     36.4636 cm^-1  (      1.0932 THz )
      2     55.9273 cm^-1  (      1.6767 THz )
      3     70.2208 cm^-1  (      2.1052 THz )

 # Irred. k point  177 : (  0.0000,  0.2333, -0.2333)
   Mode, Frequency 
      1     34.2567 cm^-1  (      1.0270 THz )
      2     53.1201 cm^-1  (      1.5925 THz )
      3     68.4556 cm^-1  (      2.0522 THz )

 # Irred. k point  178 : (  0.0000,  0.2667,  0.2667)
   Mode, Frequency 
      1     40.7792 cm^-1  (      1.2225 THz )
      2     41.1223 cm^-1  (      1.2328 THz )
      3     58.8845 cm^-1  (      1.7653 THz )

 # Irred. k point  179 : (  0.0000,  0.2667,  0.3000)
   Mode, Frequency 
      1     42.6446 cm^-1  (      1.2785 THz )
      2     43.0037 cm^-1  (      1.2892 THz )
      3     61.9516 cm^-1  (      1.8573 THz )

 # Irred. k point  180 : (  0.0000,  0.2667,  0.3333)
   Mode, Frequency 
      1     44.3154 cm^-1  (      1.3285 THz )
      2     44.9373 cm^-1  (      1.3472 THz )
      3     65.0832 cm^-1  (      1.9511 THz )

 # Irred. k point  181 : (  0.0000,  0.2667,  0.3667)
   Mode, Frequency 
      1     45.6622 cm^-1  (      1.3689 THz )
      2     47.0881 cm^-1  (      1.4117 THz )
      3     68.0265 cm^-1  (      2.0394 THz )

 # Irred. k point  182 : (  0.0000,  0.2667,  0.4000)
   Mode, Frequency 
      1     46.6763 cm^-1  (      1.3993 THz )
      2     49.4213 cm^-1  (      1.4816 THz )
      3     70.6136 cm^-1  (      2.1169 THz )

 # Irred. k point  183 : (  0.0000,  0.2667,  0.4333)
   Mode, Frequency 
      1     47.3507 cm^-1  (      1.4195 THz )
      2     51.8578 cm^-1  (      1.5547 THz )
      3     72.7331 cm^-1  (      2.1805 THz )

 # Irred. k point  184 : (  0.0000,  0.2667,  0.4667)
   Mode, Frequency 
      1     47.6754 cm^-1  (      1.4293 THz )
      2     54.3056 cm^-1  (      1.6280 THz )
      3     74.3121 cm^-1  (      2.2278 THz )

 # Irred. k point  185 : (  0.0000,  0.2667, -0.5000)
   Mode, Frequency 
      1     47.6452 cm^-1  (      1.4284 THz )
      2     56.6658 cm^-1  (      1.6988 THz )
      3     75.3080 cm^-1  (      2.2577 THz )

 # Irred. k point  186 : (  0.0000,  0.2667, -0.4667)
   Mode, Frequency 
      1     47.2615 cm^-1  (      1.4169 THz )
      2     58.8364 cm^-1  (      1.7639 THz )
      3     75.7064 cm^-1  (      2.2696 THz )

 # Irred. k point  187 : (  0.0000,  0.2667, -0.4333)
   Mode, Frequency 
      1     46.5332 cm^-1  (      1.3950 THz )
      2     60.7080 cm^-1  (      1.8200 THz )
      3     75.5260 cm^-1  (      2.2642 THz )

 # Irred. k point  188 : (  0.0000,  0.2667, -0.4000)
   Mode, Frequency 
      1     45.4767 cm^-1  (      1.3634 THz )
      2     62.1486 cm^-1  (      1.8632 THz )
      3     74.8341 cm^-1  (      2.2435 THz )

 # Irred. k point  189 : (  0.0000,  0.2667, -0.3667)
   Mode, Frequency 
      1     44.1165 cm^-1  (      1.3226 THz )
      2     62.9722 cm^-1  (      1.8879 THz )
      3     73.7786 cm^-1  (      2.2118 THz )

 # Irred. k point  190 : (  0.0000,  0.2667, -0.3333)
   Mode, Frequency 
      1     42.4862 cm^-1  (      1.2737 THz )
      2     62.9052 cm^-1  (      1.8858 THz )
      3     72.6208 cm^-1  (      2.1771 THz )

 # Irred. k point  191 : (  0.0000,  0.2667, -0.3000)
   Mode, Frequency 
      1     40.6293 cm^-1  (      1.2180 THz )
      2     61.6697 cm^-1  (      1.8488 THz )
      3     71.6522 cm^-1  (      2.1481 THz )

 # Irred. k point  192 : (  0.0000,  0.2667, -0.2667)
   Mode, Frequency 
      1     38.6004 cm^-1  (      1.1572 THz )
      2     59.2448 cm^-1  (      1.7761 THz )
      3     70.9334 cm^-1  (      2.1265 THz )

 # Irred. k point  193 : (  0.0000,  0.3000,  0.3000)
   Mode, Frequency 
      1     44.3685 cm^-1  (      1.3301 THz )
      2     44.7445 cm^-1  (      1.3414 THz )
      3     64.4697 cm^-1  (      1.9328 THz )

 # Irred. k point  194 : (  0.0000,  0.3000,  0.3333)
   Mode, Frequency 
      1     46.0199 cm^-1  (      1.3796 THz )
      2     46.4107 cm^-1  (      1.3914 THz )
      3     67.1004 cm^-1  (      2.0116 THz )

 # Irred. k point  195 : (  0.0000,  0.3000,  0.3667)
   Mode, Frequency 
      1     47.4097 cm^-1  (      1.4213 THz )
      2     48.2564 cm^-1  (      1.4467 THz )
      3     69.6182 cm^-1  (      2.0871 THz )

 # Irred. k point  196 : (  0.0000,  0.3000,  0.4000)
   Mode, Frequency 
      1     48.4334 cm^-1  (      1.4520 THz )
      2     50.3951 cm^-1  (      1.5108 THz )
      3     71.8304 cm^-1  (      2.1534 THz )

 # Irred. k point  197 : (  0.0000,  0.3000,  0.4333)
   Mode, Frequency 
      1     49.1145 cm^-1  (      1.4724 THz )
      2     52.7511 cm^-1  (      1.5814 THz )
      3     73.6066 cm^-1  (      2.2067 THz )

 # Irred. k point  198 : (  0.0000,  0.3000,  0.4667)
   Mode, Frequency 
      1     49.4496 cm^-1  (      1.4825 THz )
      2     55.2428 cm^-1  (      1.6561 THz )
      3     74.8598 cm^-1  (      2.2442 THz )

 # Irred. k point  199 : (  0.0000,  0.3000, -0.5000)
   Mode, Frequency 
      1     49.4342 cm^-1  (      1.4820 THz )
      2     57.7783 cm^-1  (      1.7321 THz )
      3     75.5348 cm^-1  (      2.2645 THz )

 # Irred. k point  200 : (  0.0000,  0.3000, -0.4667)
   Mode, Frequency 
      1     49.0698 cm^-1  (      1.4711 THz )
      2     60.2600 cm^-1  (      1.8065 THz )
      3     75.6028 cm^-1  (      2.2665 THz )

 # Irred. k point  201 : (  0.0000,  0.3000, -0.4333)
   Mode, Frequency 
      1     48.3652 cm^-1  (      1.4500 THz )
      2     62.5854 cm^-1  (      1.8763 THz )
      3     75.0634 cm^-1  (      2.2503 THz )

 # Irred. k point  202 : (  0.0000,  0.3000, -0.4000)
   Mode, Frequency 
      1     47.3370 cm^-1  (      1.4191 THz )
      2     64.6314 cm^-1  (      1.9376 THz )
      3     73.9624 cm^-1  (      2.2173 THz )

 # Irred. k point  203 : (  0.0000,  0.3000, -0.3667)
   Mode, Frequency 
      1     46.0103 cm^-1  (      1.3794 THz )
      2     66.1713 cm^-1  (      1.9838 THz )
      3     72.4748 cm^-1  (      2.1727 THz )

 # Irred. k point  204 : (  0.0000,  0.3000, -0.3333)
   Mode, Frequency 
      1     44.4193 cm^-1  (      1.3317 THz )
      2     66.5191 cm^-1  (      1.9942 THz )
      3     71.2620 cm^-1  (      2.1364 THz )

 # Irred. k point  205 : (  0.0000,  0.3000, -0.3000)
   Mode, Frequency 
      1     42.6081 cm^-1  (      1.2774 THz )
      2     64.7576 cm^-1  (      1.9414 THz )
      3     71.2432 cm^-1  (      2.1358 THz )

 # Irred. k point  206 : (  0.0000,  0.3333,  0.3333)
   Mode, Frequency 
      1     47.4719 cm^-1  (      1.4232 THz )
      2     47.8761 cm^-1  (      1.4353 THz )
      3     69.3607 cm^-1  (      2.0794 THz )

 # Irred. k point  207 : (  0.0000,  0.3333,  0.3667)
   Mode, Frequency 
      1     48.8819 cm^-1  (      1.4654 THz )
      2     49.3092 cm^-1  (      1.4783 THz )
      3     71.5360 cm^-1  (      2.1446 THz )

 # Irred. k point  208 : (  0.0000,  0.3333,  0.4000)
   Mode, Frequency 
      1     49.9777 cm^-1  (      1.4983 THz )
      2     51.0228 cm^-1  (      1.5296 THz )
      3     73.4563 cm^-1  (      2.2022 THz )

 # Irred. k point  209 : (  0.0000,  0.3333,  0.4333)
   Mode, Frequency 
      1     50.6842 cm^-1  (      1.5195 THz )
      2     53.0848 cm^-1  (      1.5914 THz )
      3     74.9750 cm^-1  (      2.2477 THz )

 # Irred. k point  210 : (  0.0000,  0.3333,  0.4667)
   Mode, Frequency 
      1     51.0397 cm^-1  (      1.5301 THz )
      2     55.3997 cm^-1  (      1.6608 THz )
      3     75.9935 cm^-1  (      2.2782 THz )

 # Irred. k point  211 : (  0.0000,  0.3333, -0.5000)
   Mode, Frequency 
      1     51.0468 cm^-1  (      1.5303 THz )
      2     57.8826 cm^-1  (      1.7353 THz )
      3     76.4471 cm^-1  (      2.2918 THz )

 # Irred. k point  212 : (  0.0000,  0.3333, -0.4667)
   Mode, Frequency 
      1     50.7079 cm^-1  (      1.5202 THz )
      2     60.4419 cm^-1  (      1.8120 THz )
      3     76.2964 cm^-1  (      2.2873 THz )

 # Irred. k point  213 : (  0.0000,  0.3333, -0.4333)
   Mode, Frequency 
      1     50.0319 cm^-1  (      1.4999 THz )
      2     62.9851 cm^-1  (      1.8882 THz )
      3     75.5219 cm^-1  (      2.2641 THz )

 # Irred. k point  214 : (  0.0000,  0.3333, -0.4000)
   Mode, Frequency 
      1     49.0354 cm^-1  (      1.4700 THz )
      2     65.4252 cm^-1  (      1.9614 THz )
      3     74.1221 cm^-1  (      2.2221 THz )

 # Irred. k point  215 : (  0.0000,  0.3333, -0.3667)
   Mode, Frequency 
      1     47.7436 cm^-1  (      1.4313 THz )
      2     67.6840 cm^-1  (      2.0291 THz )
      3     72.1112 cm^-1  (      2.1618 THz )

 # Irred. k point  216 : (  0.0000,  0.3333, -0.3333)
   Mode, Frequency 
      1     46.1909 cm^-1  (      1.3848 THz )
      2     69.4841 cm^-1  (      2.0831 THz )
      3     69.7293 cm^-1  (      2.0904 THz )

 # Irred. k point  217 : (  0.0000,  0.3667,  0.3667)
   Mode, Frequency 
      1     50.0571 cm^-1  (      1.5007 THz )
      2     50.4847 cm^-1  (      1.5135 THz )
      3     73.4769 cm^-1  (      2.2028 THz )

 # Irred. k point  218 : (  0.0000,  0.3667,  0.4000)
   Mode, Frequency 
      1     51.2055 cm^-1  (      1.5351 THz )
      2     51.6663 cm^-1  (      1.5489 THz )
      3     75.1804 cm^-1  (      2.2539 THz )

 # Irred. k point  219 : (  0.0000,  0.3667,  0.4333)
   Mode, Frequency 
      1     52.0016 cm^-1  (      1.5590 THz )
      2     53.2022 cm^-1  (      1.5950 THz )
      3     76.5220 cm^-1  (      2.2941 THz )

 # Irred. k point  220 : (  0.0000,  0.3667,  0.4667)
   Mode, Frequency 
      1     52.3937 cm^-1  (      1.5707 THz )
      2     55.1240 cm^-1  (      1.6526 THz )
      3     77.3954 cm^-1  (      2.3203 THz )

 # Irred. k point  221 : (  0.0000,  0.3667, -0.5000)
   Mode, Frequency 
      1     52.4311 cm^-1  (      1.5718 THz )
      2     57.3187 cm^-1  (      1.7184 THz )
      3     77.7342 cm^-1  (      2.3304 THz )

 # Irred. k point  222 : (  0.0000,  0.3667, -0.4667)
   Mode, Frequency 
      1     52.1231 cm^-1  (      1.5626 THz )
      2     59.6895 cm^-1  (      1.7894 THz )
      3     77.5032 cm^-1  (      2.3235 THz )

 # Irred. k point  223 : (  0.0000,  0.3667, -0.4333)
   Mode, Frequency 
      1     51.4795 cm^-1  (      1.5433 THz )
      2     62.1263 cm^-1  (      1.8625 THz )
      3     76.6968 cm^-1  (      2.2993 THz )

 # Irred. k point  224 : (  0.0000,  0.3667, -0.4000)
   Mode, Frequency 
      1     50.5172 cm^-1  (      1.5145 THz )
      2     64.4944 cm^-1  (      1.9335 THz )
      3     75.3530 cm^-1  (      2.2590 THz )

 # Irred. k point  225 : (  0.0000,  0.3667, -0.3667)
   Mode, Frequency 
      1     49.2611 cm^-1  (      1.4768 THz )
      2     66.5624 cm^-1  (      1.9955 THz )
      3     73.6285 cm^-1  (      2.2073 THz )

 # Irred. k point  226 : (  0.0000,  0.4000,  0.4000)
   Mode, Frequency 
      1     52.0970 cm^-1  (      1.5618 THz )
      2     52.5430 cm^-1  (      1.5752 THz )
      3     76.7501 cm^-1  (      2.3009 THz )

 # Irred. k point  227 : (  0.0000,  0.4000,  0.4333)
   Mode, Frequency 
      1     52.9688 cm^-1  (      1.5880 THz )
      2     53.4562 cm^-1  (      1.6026 THz )
      3     77.9702 cm^-1  (      2.3375 THz )

 # Irred. k point  228 : (  0.0000,  0.4000,  0.4667)
   Mode, Frequency 
      1     53.4622 cm^-1  (      1.6028 THz )
      2     54.7725 cm^-1  (      1.6420 THz )
      3     78.7562 cm^-1  (      2.3611 THz )

 # Irred. k point  229 : (  0.0000,  0.4000, -0.5000)
   Mode, Frequency 
      1     53.5440 cm^-1  (      1.6052 THz )
      2     56.4911 cm^-1  (      1.6936 THz )
      3     79.0416 cm^-1  (      2.3696 THz )

 # Irred. k point  230 : (  0.0000,  0.4000, -0.4667)
   Mode, Frequency 
      1     53.2727 cm^-1  (      1.5971 THz )
      2     58.4761 cm^-1  (      1.7531 THz )
      3     78.7988 cm^-1  (      2.3623 THz )

 # Irred. k point  231 : (  0.0000,  0.4000, -0.4333)
   Mode, Frequency 
      1     52.6650 cm^-1  (      1.5789 THz )
      2     60.5993 cm^-1  (      1.8167 THz )
      3     78.0405 cm^-1  (      2.3396 THz )

 # Irred. k point  232 : (  0.0000,  0.4000, -0.4000)
   Mode, Frequency 
      1     51.7386 cm^-1  (      1.5511 THz )
      2     62.6867 cm^-1  (      1.8793 THz )
      3     76.8403 cm^-1  (      2.3036 THz )

 # Irred. k point  233 : (  0.0000,  0.4333,  0.4333)
   Mode, Frequency 
      1     53.5699 cm^-1  (      1.6060 THz )
      2     54.0293 cm^-1  (      1.6198 THz )
      3     79.1266 cm^-1  (      2.3722 THz )

 # Irred. k point  234 : (  0.0000,  0.4333,  0.4667)
   Mode, Frequency 
      1     54.1540 cm^-1  (      1.6235 THz )
      2     54.6599 cm^-1  (      1.6387 THz )
      3     79.8579 cm^-1  (      2.3941 THz )

 # Irred. k point  235 : (  0.0000,  0.4333, -0.5000)
   Mode, Frequency 
      1     54.3446 cm^-1  (      1.6292 THz )
      2     55.7185 cm^-1  (      1.6704 THz )
      3     80.1168 cm^-1  (      2.4018 THz )

 # Irred. k point  236 : (  0.0000,  0.4333, -0.4667)
   Mode, Frequency 
      1     54.1224 cm^-1  (      1.6225 THz )
      2     57.1731 cm^-1  (      1.7140 THz )
      3     79.8798 cm^-1  (      2.3947 THz )

 # Irred. k point  237 : (  0.0000,  0.4333, -0.4333)
   Mode, Frequency 
      1     53.5547 cm^-1  (      1.6055 THz )
      2     58.8543 cm^-1  (      1.7644 THz )
      3     79.1686 cm^-1  (      2.3734 THz )

 # Irred. k point  238 : (  0.0000,  0.4667,  0.4667)
   Mode, Frequency 
      1     54.4601 cm^-1  (      1.6327 THz )
      2     54.9275 cm^-1  (      1.6467 THz )
      3     80.5678 cm^-1  (      2.4154 THz )

 # Irred. k point  239 : (  0.0000,  0.4667, -0.5000)
   Mode, Frequency 
      1     54.7488 cm^-1  (      1.6413 THz )
      2     55.2644 cm^-1  (      1.6568 THz )
      3     80.8116 cm^-1  (      2.4227 THz )

 # Irred. k point  240 : (  0.0000,  0.4667, -0.4667)
   Mode, Frequency 
      1     54.6394 cm^-1  (      1.6380 THz )
      2     56.0314 cm^-1  (      1.6798 THz )
      3     80.5787 cm^-1  (      2.4157 THz )

 # Irred. k point  241 : (  0.0000, -0.5000, -0.5000)
   Mode, Frequency 
      1     54.7579 cm^-1  (      1.6416 THz )
      2     55.2279 cm^-1  (      1.6557 THz )
      3     81.0508 cm^-1  (      2.4298 THz )

 # Irred. k point  242 : (  0.0333,  0.0667,  0.1000)
   Mode, Frequency 
      1      9.5205 cm^-1  (      0.2854 THz )
      2     12.8825 cm^-1  (      0.3862 THz )
      3     19.6839 cm^-1  (      0.5901 THz )

 # Irred. k point  243 : (  0.0333,  0.0667,  0.1333)
   Mode, Frequency 
      1     11.8918 cm^-1  (      0.3565 THz )
      2     16.5054 cm^-1  (      0.4948 THz )
      3     26.4015 cm^-1  (      0.7915 THz )

 # Irred. k point  244 : (  0.0333,  0.0667,  0.1667)
   Mode, Frequency 
      1     14.7756 cm^-1  (      0.4430 THz )
      2     19.8155 cm^-1  (      0.5941 THz )
      3     33.5829 cm^-1  (      1.0068 THz )

 # Irred. k point  245 : (  0.0333,  0.0667,  0.2000)
   Mode, Frequency 
      1     17.8491 cm^-1  (      0.5351 THz )
      2     22.9385 cm^-1  (      0.6877 THz )
      3     40.7137 cm^-1  (      1.2206 THz )

 # Irred. k point  246 : (  0.0333,  0.0667,  0.2333)
   Mode, Frequency 
      1     20.9250 cm^-1  (      0.6273 THz )
      2     25.8627 cm^-1  (      0.7753 THz )
      3     47.5760 cm^-1  (      1.4263 THz )

 # Irred. k point  247 : (  0.0333,  0.0667,  0.2667)
   Mode, Frequency 
      1     23.8909 cm^-1  (      0.7162 THz )
      2     28.5529 cm^-1  (      0.8560 THz )
      3     54.0358 cm^-1  (      1.6200 THz )

 # Irred. k point  248 : (  0.0333,  0.0667,  0.3000)
   Mode, Frequency 
      1     26.6711 cm^-1  (      0.7996 THz )
      2     30.9739 cm^-1  (      0.9286 THz )
      3     59.9889 cm^-1  (      1.7984 THz )

 # Irred. k point  249 : (  0.0333,  0.0667,  0.3333)
   Mode, Frequency 
      1     29.2096 cm^-1  (      0.8757 THz )
      2     33.0955 cm^-1  (      0.9922 THz )
      3     65.3458 cm^-1  (      1.9590 THz )

 # Irred. k point  250 : (  0.0333,  0.0667,  0.3667)
   Mode, Frequency 
      1     31.4613 cm^-1  (      0.9432 THz )
      2     34.8937 cm^-1  (      1.0461 THz )
      3     70.0267 cm^-1  (      2.0993 THz )

 # Irred. k point  251 : (  0.0333,  0.0667,  0.4000)
   Mode, Frequency 
      1     33.3875 cm^-1  (      1.0009 THz )
      2     36.3518 cm^-1  (      1.0898 THz )
      3     73.9615 cm^-1  (      2.2173 THz )

 # Irred. k point  252 : (  0.0333,  0.0667,  0.4333)
   Mode, Frequency 
      1     34.9522 cm^-1  (      1.0478 THz )
      2     37.4621 cm^-1  (      1.1231 THz )
      3     77.0902 cm^-1  (      2.3111 THz )

 # Irred. k point  253 : (  0.0333,  0.0667,  0.4667)
   Mode, Frequency 
      1     36.1175 cm^-1  (      1.0828 THz )
      2     38.2291 cm^-1  (      1.1461 THz )
      3     79.3642 cm^-1  (      2.3793 THz )

 # Irred. k point  254 : (  0.0333,  0.0667, -0.5000)
   Mode, Frequency 
      1     36.8393 cm^-1  (      1.1044 THz )
      2     38.6735 cm^-1  (      1.1594 THz )
      3     80.7476 cm^-1  (      2.4208 THz )

 # Irred. k point  255 : (  0.0333,  0.0667, -0.4667)
   Mode, Frequency 
      1     37.0733 cm^-1  (      1.1114 THz )
      2     38.8257 cm^-1  (      1.1640 THz )
      3     81.2184 cm^-1  (      2.4349 THz )

 # Irred. k point  256 : (  0.0333,  0.1000,  0.1333)
   Mode, Frequency 
      1     15.3070 cm^-1  (      0.4589 THz )
      2     18.0178 cm^-1  (      0.5402 THz )
      3     26.6187 cm^-1  (      0.7980 THz )

 # Irred. k point  257 : (  0.0333,  0.1000,  0.1667)
   Mode, Frequency 
      1     17.2497 cm^-1  (      0.5171 THz )
      2     21.4063 cm^-1  (      0.6417 THz )
      3     32.8492 cm^-1  (      0.9848 THz )

 # Irred. k point  258 : (  0.0333,  0.1000,  0.2000)
   Mode, Frequency 
      1     19.6122 cm^-1  (      0.5880 THz )
      2     24.4944 cm^-1  (      0.7343 THz )
      3     39.4962 cm^-1  (      1.1841 THz )

 # Irred. k point  259 : (  0.0333,  0.1000,  0.2333)
   Mode, Frequency 
      1     22.2253 cm^-1  (      0.6663 THz )
      2     27.3623 cm^-1  (      0.8203 THz )
      3     46.0963 cm^-1  (      1.3819 THz )

 # Irred. k point  260 : (  0.0333,  0.1000,  0.2667)
   Mode, Frequency 
      1     24.9226 cm^-1  (      0.7472 THz )
      2     30.0033 cm^-1  (      0.8995 THz )
      3     52.4222 cm^-1  (      1.5716 THz )

 # Irred. k point  261 : (  0.0333,  0.1000,  0.3000)
   Mode, Frequency 
      1     27.5739 cm^-1  (      0.8266 THz )
      2     32.3904 cm^-1  (      0.9710 THz )
      3     58.3299 cm^-1  (      1.7487 THz )

 # Irred. k point  262 : (  0.0333,  0.1000,  0.3333)
   Mode, Frequency 
      1     30.0795 cm^-1  (      0.9018 THz )
      2     34.4980 cm^-1  (      1.0342 THz )
      3     63.7101 cm^-1  (      1.9100 THz )

 # Irred. k point  263 : (  0.0333,  0.1000,  0.3667)
   Mode, Frequency 
      1     32.3586 cm^-1  (      0.9701 THz )
      2     36.3081 cm^-1  (      1.0885 THz )
      3     68.4722 cm^-1  (      2.0527 THz )

 # Irred. k point  264 : (  0.0333,  0.1000,  0.4000)
   Mode, Frequency 
      1     34.3400 cm^-1  (      1.0295 THz )
      2     37.8150 cm^-1  (      1.1337 THz )
      3     72.5386 cm^-1  (      2.1747 THz )

 # Irred. k point  265 : (  0.0333,  0.1000,  0.4333)
   Mode, Frequency 
      1     35.9528 cm^-1  (      1.0778 THz )
      2     39.0291 cm^-1  (      1.1701 THz )
      3     75.8438 cm^-1  (      2.2737 THz )

 # Irred. k point  266 : (  0.0333,  0.1000,  0.4667)
   Mode, Frequency 
      1     37.1243 cm^-1  (      1.1130 THz )
      2     39.9776 cm^-1  (      1.1985 THz )
      3     78.3344 cm^-1  (      2.3484 THz )

 # Irred. k point  267 : (  0.0333,  0.1000, -0.5000)
   Mode, Frequency 
      1     37.7951 cm^-1  (      1.1331 THz )
      2     40.6868 cm^-1  (      1.2198 THz )
      3     79.9697 cm^-1  (      2.3974 THz )

 # Irred. k point  268 : (  0.0333,  0.1000, -0.4667)
   Mode, Frequency 
      1     37.9488 cm^-1  (      1.1377 THz )
      2     41.1520 cm^-1  (      1.2337 THz )
      3     80.7234 cm^-1  (      2.4200 THz )

 # Irred. k point  269 : (  0.0333,  0.1000, -0.4333)
   Mode, Frequency 
      1     37.6128 cm^-1  (      1.1276 THz )
      2     41.3352 cm^-1  (      1.2392 THz )
      3     80.5833 cm^-1  (      2.4158 THz )

 # Irred. k point  270 : (  0.0333,  0.1000, -0.4000)
   Mode, Frequency 
      1     36.8293 cm^-1  (      1.1041 THz )
      2     41.1946 cm^-1  (      1.2350 THz )
      3     79.5526 cm^-1  (      2.3849 THz )

 # Irred. k point  271 : (  0.0333,  0.1000, -0.3667)
   Mode, Frequency 
      1     35.6372 cm^-1  (      1.0684 THz )
      2     40.7024 cm^-1  (      1.2202 THz )
      3     77.6494 cm^-1  (      2.3279 THz )

 # Irred. k point  272 : (  0.0333,  0.1000, -0.3333)
   Mode, Frequency 
      1     34.0709 cm^-1  (      1.0214 THz )
      2     39.8457 cm^-1  (      1.1945 THz )
      3     74.9063 cm^-1  (      2.2456 THz )

 # Irred. k point  273 : (  0.0333,  0.1000, -0.3000)
   Mode, Frequency 
      1     32.1641 cm^-1  (      0.9643 THz )
      2     38.6231 cm^-1  (      1.1579 THz )
      3     71.3703 cm^-1  (      2.1396 THz )

 # Irred. k point  274 : (  0.0333,  0.1000, -0.2667)
   Mode, Frequency 
      1     29.9537 cm^-1  (      0.8980 THz )
      2     37.0415 cm^-1  (      1.1105 THz )
      3     67.1019 cm^-1  (      2.0117 THz )

 # Irred. k point  275 : (  0.0333,  0.1000, -0.2333)
   Mode, Frequency 
      1     27.4829 cm^-1  (      0.8239 THz )
      2     35.1137 cm^-1  (      1.0527 THz )
      3     62.1753 cm^-1  (      1.8640 THz )

 # Irred. k point  276 : (  0.0333,  0.1000, -0.2000)
   Mode, Frequency 
      1     24.8045 cm^-1  (      0.7436 THz )
      2     32.8562 cm^-1  (      0.9850 THz )
      3     56.6801 cm^-1  (      1.6992 THz )

 # Irred. k point  277 : (  0.0333,  0.1000, -0.1667)
   Mode, Frequency 
      1     21.9868 cm^-1  (      0.6591 THz )
      2     30.2848 cm^-1  (      0.9079 THz )
      3     50.7259 cm^-1  (      1.5207 THz )

 # Irred. k point  278 : (  0.0333,  0.1000, -0.1333)
   Mode, Frequency 
      1     19.1233 cm^-1  (      0.5733 THz )
      2     27.4057 cm^-1  (      0.8216 THz )
      3     44.4568 cm^-1  (      1.3328 THz )

 # Irred. k point  279 : (  0.0333,  0.1000, -0.1000)
   Mode, Frequency 
      1     16.3496 cm^-1  (      0.4901 THz )
      2     24.1949 cm^-1  (      0.7253 THz )
      3     38.0838 cm^-1  (      1.1417 THz )

 # Irred. k point  280 : (  0.0333,  0.1000, -0.0667)
   Mode, Frequency 
      1     13.8693 cm^-1  (      0.4158 THz )
      2     20.5617 cm^-1  (      0.6164 THz )
      3     31.9536 cm^-1  (      0.9579 THz )

 # Irred. k point  281 : (  0.0333,  0.1333,  0.1667)
   Mode, Frequency 
      1     21.0492 cm^-1  (      0.6310 THz )
      2     23.1647 cm^-1  (      0.6945 THz )
      3     33.5965 cm^-1  (      1.0072 THz )

 # Irred. k point  282 : (  0.0333,  0.1333,  0.2000)
   Mode, Frequency 
      1     22.8284 cm^-1  (      0.6844 THz )
      2     26.3247 cm^-1  (      0.7892 THz )
      3     39.2947 cm^-1  (      1.1780 THz )

 # Irred. k point  283 : (  0.0333,  0.1333,  0.2333)
   Mode, Frequency 
      1     24.9053 cm^-1  (      0.7466 THz )
      2     29.1844 cm^-1  (      0.8749 THz )
      3     45.3427 cm^-1  (      1.3593 THz )

 # Irred. k point  284 : (  0.0333,  0.1333,  0.2667)
   Mode, Frequency 
      1     27.2012 cm^-1  (      0.8155 THz )
      2     31.7984 cm^-1  (      0.9533 THz )
      3     51.3287 cm^-1  (      1.5388 THz )

 # Irred. k point  285 : (  0.0333,  0.1333,  0.3000)
   Mode, Frequency 
      1     29.5878 cm^-1  (      0.8870 THz )
      2     34.1670 cm^-1  (      1.0243 THz )
      3     57.0280 cm^-1  (      1.7097 THz )

 # Irred. k point  286 : (  0.0333,  0.1333,  0.3333)
   Mode, Frequency 
      1     31.9371 cm^-1  (      0.9574 THz )
      2     36.2793 cm^-1  (      1.0876 THz )
      3     62.2943 cm^-1  (      1.8675 THz )

 # Irred. k point  287 : (  0.0333,  0.1333,  0.3667)
   Mode, Frequency 
      1     34.1301 cm^-1  (      1.0232 THz )
      2     38.1319 cm^-1  (      1.1432 THz )
      3     67.0180 cm^-1  (      2.0091 THz )

 # Irred. k point  288 : (  0.0333,  0.1333,  0.4000)
   Mode, Frequency 
      1     36.0524 cm^-1  (      1.0808 THz )
      2     39.7391 cm^-1  (      1.1913 THz )
      3     71.1110 cm^-1  (      2.1319 THz )

 # Irred. k point  289 : (  0.0333,  0.1333,  0.4333)
   Mode, Frequency 
      1     37.5912 cm^-1  (      1.1270 THz )
      2     41.1333 cm^-1  (      1.2331 THz )
      3     74.5009 cm^-1  (      2.2335 THz )

 # Irred. k point  290 : (  0.0333,  0.1333,  0.4667)
   Mode, Frequency 
      1     38.6554 cm^-1  (      1.1589 THz )
      2     42.3440 cm^-1  (      1.2694 THz )
      3     77.1291 cm^-1  (      2.3123 THz )

 # Irred. k point  291 : (  0.0333,  0.1333, -0.5000)
   Mode, Frequency 
      1     39.2080 cm^-1  (      1.1754 THz )
      2     43.3618 cm^-1  (      1.3000 THz )
      3     78.9510 cm^-1  (      2.3669 THz )

 # Irred. k point  292 : (  0.0333,  0.1333, -0.4667)
   Mode, Frequency 
      1     39.2661 cm^-1  (      1.1772 THz )
      2     44.1373 cm^-1  (      1.3232 THz )
      3     79.9362 cm^-1  (      2.3964 THz )

 # Irred. k point  293 : (  0.0333,  0.1333, -0.4333)
   Mode, Frequency 
      1     38.8675 cm^-1  (      1.1652 THz )
      2     44.6141 cm^-1  (      1.3375 THz )
      3     80.0692 cm^-1  (      2.4004 THz )

 # Irred. k point  294 : (  0.0333,  0.1333, -0.4000)
   Mode, Frequency 
      1     38.0484 cm^-1  (      1.1407 THz )
      2     44.7489 cm^-1  (      1.3415 THz )
      3     79.3501 cm^-1  (      2.3789 THz )

 # Irred. k point  295 : (  0.0333,  0.1333, -0.3667)
   Mode, Frequency 
      1     36.8415 cm^-1  (      1.1045 THz )
      2     44.5141 cm^-1  (      1.3345 THz )
      3     77.7944 cm^-1  (      2.3322 THz )

 # Irred. k point  296 : (  0.0333,  0.1333, -0.3333)
   Mode, Frequency 
      1     35.2787 cm^-1  (      1.0576 THz )
      2     43.8944 cm^-1  (      1.3159 THz )
      3     75.4338 cm^-1  (      2.2614 THz )

 # Irred. k point  297 : (  0.0333,  0.1333, -0.3000)
   Mode, Frequency 
      1     33.3945 cm^-1  (      1.0011 THz )
      2     42.8826 cm^-1  (      1.2856 THz )
      3     72.3163 cm^-1  (      2.1680 THz )

 # Irred. k point  298 : (  0.0333,  0.1333, -0.2667)
   Mode, Frequency 
      1     31.2293 cm^-1  (      0.9362 THz )
      2     41.4772 cm^-1  (      1.2435 THz )
      3     68.5068 cm^-1  (      2.0538 THz )

 # Irred. k point  299 : (  0.0333,  0.1333, -0.2333)
   Mode, Frequency 
      1     28.8317 cm^-1  (      0.8644 THz )
      2     39.6782 cm^-1  (      1.1895 THz )
      3     64.0891 cm^-1  (      1.9213 THz )

 # Irred. k point  300 : (  0.0333,  0.1333, -0.2000)
   Mode, Frequency 
      1     26.2633 cm^-1  (      0.7874 THz )
      2     37.4831 cm^-1  (      1.1237 THz )
      3     59.1709 cm^-1  (      1.7739 THz )

 # Irred. k point  301 : (  0.0333,  0.1333, -0.1667)
   Mode, Frequency 
      1     23.6036 cm^-1  (      0.7076 THz )
      2     34.8783 cm^-1  (      1.0456 THz )
      3     53.8928 cm^-1  (      1.6157 THz )

 # Irred. k point  302 : (  0.0333,  0.1333, -0.1333)
   Mode, Frequency 
      1     20.9600 cm^-1  (      0.6284 THz )
      2     31.8293 cm^-1  (      0.9542 THz )
      3     48.4444 cm^-1  (      1.4523 THz )

 # Irred. k point  303 : (  0.0333,  0.1333, -0.1000)
   Mode, Frequency 
      1     18.4801 cm^-1  (      0.5540 THz )
      2     28.2758 cm^-1  (      0.8477 THz )
      3     43.0816 cm^-1  (      1.2916 THz )

 # Irred. k point  304 : (  0.0333,  0.1667,  0.2000)
   Mode, Frequency 
      1     26.5233 cm^-1  (      0.7951 THz )
      2     28.1483 cm^-1  (      0.8439 THz )
      3     40.4821 cm^-1  (      1.2136 THz )

 # Irred. k point  305 : (  0.0333,  0.1667,  0.2333)
   Mode, Frequency 
      1     28.2462 cm^-1  (      0.8468 THz )
      2     31.0862 cm^-1  (      0.9319 THz )
      3     45.6147 cm^-1  (      1.3675 THz )

 # Irred. k point  306 : (  0.0333,  0.1667,  0.2667)
   Mode, Frequency 
      1     30.1747 cm^-1  (      0.9046 THz )
      2     33.7275 cm^-1  (      1.0111 THz )
      3     51.0072 cm^-1  (      1.5292 THz )

 # Irred. k point  307 : (  0.0333,  0.1667,  0.3000)
   Mode, Frequency 
      1     32.2609 cm^-1  (      0.9672 THz )
      2     36.1156 cm^-1  (      1.0827 THz )
      3     56.3049 cm^-1  (      1.6880 THz )

 # Irred. k point  308 : (  0.0333,  0.1667,  0.3333)
   Mode, Frequency 
      1     34.3892 cm^-1  (      1.0310 THz )
      2     38.2686 cm^-1  (      1.1473 THz )
      3     61.2967 cm^-1  (      1.8376 THz )

 # Irred. k point  309 : (  0.0333,  0.1667,  0.3667)
   Mode, Frequency 
      1     36.4172 cm^-1  (      1.0918 THz )
      2     40.2092 cm^-1  (      1.2054 THz )
      3     65.8413 cm^-1  (      1.9739 THz )

 # Irred. k point  310 : (  0.0333,  0.1667,  0.4000)
   Mode, Frequency 
      1     38.1925 cm^-1  (      1.1450 THz )
      2     41.9768 cm^-1  (      1.2584 THz )
      3     69.8343 cm^-1  (      2.0936 THz )

 # Irred. k point  311 : (  0.0333,  0.1667,  0.4333)
   Mode, Frequency 
      1     39.5778 cm^-1  (      1.1865 THz )
      2     43.6122 cm^-1  (      1.3075 THz )
      3     73.1942 cm^-1  (      2.1943 THz )

 # Irred. k point  312 : (  0.0333,  0.1667,  0.4667)
   Mode, Frequency 
      1     40.4931 cm^-1  (      1.2140 THz )
      2     45.1161 cm^-1  (      1.3525 THz )
      3     75.8571 cm^-1  (      2.2741 THz )

 # Irred. k point  313 : (  0.0333,  0.1667, -0.5000)
   Mode, Frequency 
      1     40.9278 cm^-1  (      1.2270 THz )
      2     46.4378 cm^-1  (      1.3922 THz )
      3     77.7749 cm^-1  (      2.3316 THz )

 # Irred. k point  314 : (  0.0333,  0.1667, -0.4667)
   Mode, Frequency 
      1     40.9061 cm^-1  (      1.2263 THz )
      2     47.5072 cm^-1  (      1.4242 THz )
      3     78.9147 cm^-1  (      2.3658 THz )

 # Irred. k point  315 : (  0.0333,  0.1667, -0.4333)
   Mode, Frequency 
      1     40.4585 cm^-1  (      1.2129 THz )
      2     48.2630 cm^-1  (      1.4469 THz )
      3     79.2592 cm^-1  (      2.3761 THz )

 # Irred. k point  316 : (  0.0333,  0.1667, -0.4000)
   Mode, Frequency 
      1     39.6136 cm^-1  (      1.1876 THz )
      2     48.6593 cm^-1  (      1.4588 THz )
      3     78.8074 cm^-1  (      2.3626 THz )

 # Irred. k point  317 : (  0.0333,  0.1667, -0.3667)
   Mode, Frequency 
      1     38.3996 cm^-1  (      1.1512 THz )
      2     48.6627 cm^-1  (      1.4589 THz )
      3     77.5752 cm^-1  (      2.3256 THz )

 # Irred. k point  318 : (  0.0333,  0.1667, -0.3333)
   Mode, Frequency 
      1     36.8477 cm^-1  (      1.1047 THz )
      2     48.2488 cm^-1  (      1.4465 THz )
      3     75.5966 cm^-1  (      2.2663 THz )

 # Irred. k point  319 : (  0.0333,  0.1667, -0.3000)
   Mode, Frequency 
      1     34.9941 cm^-1  (      1.0491 THz )
      2     47.3984 cm^-1  (      1.4210 THz )
      3     72.9246 cm^-1  (      2.1862 THz )

 # Irred. k point  320 : (  0.0333,  0.1667, -0.2667)
   Mode, Frequency 
      1     32.8825 cm^-1  (      0.9858 THz )
      2     46.0936 cm^-1  (      1.3819 THz )
      3     69.6342 cm^-1  (      2.0876 THz )

 # Irred. k point  321 : (  0.0333,  0.1667, -0.2333)
   Mode, Frequency 
      1     30.5671 cm^-1  (      0.9164 THz )
      2     44.3134 cm^-1  (      1.3285 THz )
      3     65.8256 cm^-1  (      1.9734 THz )

 # Irred. k point  322 : (  0.0333,  0.1667, -0.2000)
   Mode, Frequency 
      1     28.1164 cm^-1  (      0.8429 THz )
      2     42.0288 cm^-1  (      1.2600 THz )
      3     61.6291 cm^-1  (      1.8476 THz )

 # Irred. k point  323 : (  0.0333,  0.1667, -0.1667)
   Mode, Frequency 
      1     25.6180 cm^-1  (      0.7680 THz )
      2     39.2014 cm^-1  (      1.1752 THz )
      3     57.2094 cm^-1  (      1.7151 THz )

 # Irred. k point  324 : (  0.0333,  0.1667, -0.1333)
   Mode, Frequency 
      1     23.1864 cm^-1  (      0.6951 THz )
      2     35.7939 cm^-1  (      1.0731 THz )
      3     52.7603 cm^-1  (      1.5817 THz )

 # Irred. k point  325 : (  0.0333,  0.2000,  0.2333)
   Mode, Frequency 
      1     31.6408 cm^-1  (      0.9486 THz )
      2     32.8700 cm^-1  (      0.9854 THz )
      3     47.1566 cm^-1  (      1.4137 THz )

 # Irred. k point  326 : (  0.0333,  0.2000,  0.2667)
   Mode, Frequency 
      1     33.3323 cm^-1  (      0.9993 THz )
      2     35.5883 cm^-1  (      1.0669 THz )
      3     51.7033 cm^-1  (      1.5500 THz )

 # Irred. k point  327 : (  0.0333,  0.2000,  0.3000)
   Mode, Frequency 
      1     35.1598 cm^-1  (      1.0541 THz )
      2     38.0358 cm^-1  (      1.1403 THz )
      3     56.3968 cm^-1  (      1.6907 THz )

 # Irred. k point  328 : (  0.0333,  0.2000,  0.3333)
   Mode, Frequency 
      1     37.0599 cm^-1  (      1.1110 THz )
      2     40.2644 cm^-1  (      1.2071 THz )
      3     60.9435 cm^-1  (      1.8270 THz )

 # Irred. k point  329 : (  0.0333,  0.2000,  0.3667)
   Mode, Frequency 
      1     38.8923 cm^-1  (      1.1660 THz )
      2     42.3297 cm^-1  (      1.2690 THz )
      3     65.1564 cm^-1  (      1.9533 THz )

 # Irred. k point  330 : (  0.0333,  0.2000,  0.4000)
   Mode, Frequency 
      1     40.4873 cm^-1  (      1.2138 THz )
      2     44.2939 cm^-1  (      1.3279 THz )
      3     68.9073 cm^-1  (      2.0658 THz )

 # Irred. k point  331 : (  0.0333,  0.2000,  0.4333)
   Mode, Frequency 
      1     41.7076 cm^-1  (      1.2504 THz )
      2     46.1891 cm^-1  (      1.3847 THz )
      3     72.1029 cm^-1  (      2.1616 THz )

 # Irred. k point  332 : (  0.0333,  0.2000,  0.4667)
   Mode, Frequency 
      1     42.4912 cm^-1  (      1.2739 THz )
      2     47.9837 cm^-1  (      1.4385 THz )
      3     74.6736 cm^-1  (      2.2387 THz )

 # Irred. k point  333 : (  0.0333,  0.2000, -0.5000)
   Mode, Frequency 
      1     42.8345 cm^-1  (      1.2841 THz )
      2     49.6035 cm^-1  (      1.4871 THz )
      3     76.5688 cm^-1  (      2.2955 THz )

 # Irred. k point  334 : (  0.0333,  0.2000, -0.4667)
   Mode, Frequency 
      1     42.7550 cm^-1  (      1.2818 THz )
      2     50.9692 cm^-1  (      1.5280 THz )
      3     77.7554 cm^-1  (      2.3310 THz )

 # Irred. k point  335 : (  0.0333,  0.2000, -0.4333)
   Mode, Frequency 
      1     42.2742 cm^-1  (      1.2673 THz )
      2     52.0123 cm^-1  (      1.5593 THz )
      3     78.2175 cm^-1  (      2.3449 THz )

 # Irred. k point  336 : (  0.0333,  0.2000, -0.4000)
   Mode, Frequency 
      1     41.4148 cm^-1  (      1.2416 THz )
      2     52.6767 cm^-1  (      1.5792 THz )
      3     77.9572 cm^-1  (      2.3371 THz )

 # Irred. k point  337 : (  0.0333,  0.2000, -0.3667)
   Mode, Frequency 
      1     40.2027 cm^-1  (      1.2052 THz )
      2     52.9155 cm^-1  (      1.5864 THz )
      3     76.9959 cm^-1  (      2.3083 THz )

 # Irred. k point  338 : (  0.0333,  0.2000, -0.3333)
   Mode, Frequency 
      1     38.6691 cm^-1  (      1.1593 THz )
      2     52.6863 cm^-1  (      1.5795 THz )
      3     75.3766 cm^-1  (      2.2597 THz )

 # Irred. k point  339 : (  0.0333,  0.2000, -0.3000)
   Mode, Frequency 
      1     36.8516 cm^-1  (      1.1048 THz )
      2     51.9478 cm^-1  (      1.5574 THz )
      3     73.1659 cm^-1  (      2.1935 THz )

 # Irred. k point  340 : (  0.0333,  0.2000, -0.2667)
   Mode, Frequency 
      1     34.7973 cm^-1  (      1.0432 THz )
      2     50.6557 cm^-1  (      1.5186 THz )
      3     70.4573 cm^-1  (      2.1123 THz )

 # Irred. k point  341 : (  0.0333,  0.2000, -0.2333)
   Mode, Frequency 
      1     32.5644 cm^-1  (      0.9763 THz )
      2     48.7621 cm^-1  (      1.4619 THz )
      3     67.3711 cm^-1  (      2.0197 THz )

 # Irred. k point  342 : (  0.0333,  0.2000, -0.2000)
   Mode, Frequency 
      1     30.2261 cm^-1  (      0.9062 THz )
      2     46.2223 cm^-1  (      1.3857 THz )
      3     64.0489 cm^-1  (      1.9201 THz )

 # Irred. k point  343 : (  0.0333,  0.2000, -0.1667)
   Mode, Frequency 
      1     27.8745 cm^-1  (      0.8357 THz )
      2     43.0156 cm^-1  (      1.2896 THz )
      3     60.6345 cm^-1  (      1.8178 THz )

 # Irred. k point  344 : (  0.0333,  0.2333,  0.2667)
   Mode, Frequency 
      1     36.3464 cm^-1  (      1.0896 THz )
      2     37.2597 cm^-1  (      1.1170 THz )
      3     53.5043 cm^-1  (      1.6040 THz )

 # Irred. k point  345 : (  0.0333,  0.2333,  0.3000)
   Mode, Frequency 
      1     37.9870 cm^-1  (      1.1388 THz )
      2     39.7603 cm^-1  (      1.1920 THz )
      3     57.4554 cm^-1  (      1.7225 THz )

 # Irred. k point  346 : (  0.0333,  0.2333,  0.3333)
   Mode, Frequency 
      1     39.6888 cm^-1  (      1.1898 THz )
      2     42.0589 cm^-1  (      1.2609 THz )
      3     61.4237 cm^-1  (      1.8414 THz )

 # Irred. k point  347 : (  0.0333,  0.2333,  0.3667)
   Mode, Frequency 
      1     41.3383 cm^-1  (      1.2393 THz )
      2     44.2401 cm^-1  (      1.3263 THz )
      3     65.1749 cm^-1  (      1.9539 THz )

 # Irred. k point  348 : (  0.0333,  0.2333,  0.4000)
   Mode, Frequency 
      1     42.7702 cm^-1  (      1.2822 THz )
      2     46.3857 cm^-1  (      1.3906 THz )
      3     68.5527 cm^-1  (      2.0552 THz )

 # Irred. k point  349 : (  0.0333,  0.2333,  0.4333)
   Mode, Frequency 
      1     43.8564 cm^-1  (      1.3148 THz )
      2     48.5206 cm^-1  (      1.4546 THz )
      3     71.4494 cm^-1  (      2.1420 THz )

 # Irred. k point  350 : (  0.0333,  0.2333,  0.4667)
   Mode, Frequency 
      1     44.5434 cm^-1  (      1.3354 THz )
      2     50.5954 cm^-1  (      1.5168 THz )
      3     73.7893 cm^-1  (      2.2121 THz )

 # Irred. k point  351 : (  0.0333,  0.2333, -0.5000)
   Mode, Frequency 
      1     44.8239 cm^-1  (      1.3438 THz )
      2     52.5239 cm^-1  (      1.5746 THz )
      3     75.5208 cm^-1  (      2.2641 THz )

 # Irred. k point  352 : (  0.0333,  0.2333, -0.4667)
   Mode, Frequency 
      1     44.7070 cm^-1  (      1.3403 THz )
      2     54.2161 cm^-1  (      1.6254 THz )
      3     76.6140 cm^-1  (      2.2968 THz )

 # Irred. k point  353 : (  0.0333,  0.2333, -0.4333)
   Mode, Frequency 
      1     44.2074 cm^-1  (      1.3253 THz )
      2     55.5889 cm^-1  (      1.6665 THz )
      3     77.0593 cm^-1  (      2.3102 THz )

 # Irred. k point  354 : (  0.0333,  0.2333, -0.4000)
   Mode, Frequency 
      1     43.3443 cm^-1  (      1.2994 THz )
      2     56.5656 cm^-1  (      1.6958 THz )
      3     76.8699 cm^-1  (      2.3045 THz )

 # Irred. k point  355 : (  0.0333,  0.2333, -0.3667)
   Mode, Frequency 
      1     42.1421 cm^-1  (      1.2634 THz )
      2     57.0718 cm^-1  (      1.7110 THz )
      3     76.0842 cm^-1  (      2.2809 THz )

 # Irred. k point  356 : (  0.0333,  0.2333, -0.3333)
   Mode, Frequency 
      1     40.6321 cm^-1  (      1.2181 THz )
      2     57.0301 cm^-1  (      1.7097 THz )
      3     74.7698 cm^-1  (      2.2415 THz )

 # Irred. k point  357 : (  0.0333,  0.2333, -0.3000)
   Mode, Frequency 
      1     38.8534 cm^-1  (      1.1648 THz )
      2     56.3572 cm^-1  (      1.6895 THz )
      3     73.0255 cm^-1  (      2.1893 THz )

 # Irred. k point  358 : (  0.0333,  0.2333, -0.2667)
   Mode, Frequency 
      1     36.8552 cm^-1  (      1.1049 THz )
      2     54.9690 cm^-1  (      1.6479 THz )
      3     70.9758 cm^-1  (      2.1278 THz )

 # Irred. k point  359 : (  0.0333,  0.2333, -0.2333)
   Mode, Frequency 
      1     34.6987 cm^-1  (      1.0402 THz )
      2     52.8026 cm^-1  (      1.5830 THz )
      3     68.7483 cm^-1  (      2.0610 THz )

 # Irred. k point  360 : (  0.0333,  0.2333, -0.2000)
   Mode, Frequency 
      1     32.4598 cm^-1  (      0.9731 THz )
      2     49.8525 cm^-1  (      1.4945 THz )
      3     66.4391 cm^-1  (      1.9918 THz )

 # Irred. k point  361 : (  0.0333,  0.2667,  0.3000)
   Mode, Frequency 
      1     40.5971 cm^-1  (      1.2171 THz )
      2     41.2613 cm^-1  (      1.2370 THz )
      3     59.4121 cm^-1  (      1.7811 THz )

 # Irred. k point  362 : (  0.0333,  0.2667,  0.3333)
   Mode, Frequency 
      1     42.1417 cm^-1  (      1.2634 THz )
      2     43.5486 cm^-1  (      1.3056 THz )
      3     62.7653 cm^-1  (      1.8817 THz )

 # Irred. k point  363 : (  0.0333,  0.2667,  0.3667)
   Mode, Frequency 
      1     43.6421 cm^-1  (      1.3084 THz )
      2     45.7590 cm^-1  (      1.3718 THz )
      3     66.0012 cm^-1  (      1.9787 THz )

 # Irred. k point  364 : (  0.0333,  0.2667,  0.4000)
   Mode, Frequency 
      1     44.9489 cm^-1  (      1.3475 THz )
      2     47.9972 cm^-1  (      1.4389 THz )
      3     68.9363 cm^-1  (      2.0667 THz )

 # Irred. k point  365 : (  0.0333,  0.2667,  0.4333)
   Mode, Frequency 
      1     45.9403 cm^-1  (      1.3773 THz )
      2     50.2979 cm^-1  (      1.5079 THz )
      3     71.4463 cm^-1  (      2.1419 THz )

 # Irred. k point  366 : (  0.0333,  0.2667,  0.4667)
   Mode, Frequency 
      1     46.5631 cm^-1  (      1.3959 THz )
      2     52.6113 cm^-1  (      1.5772 THz )
      3     73.4470 cm^-1  (      2.2019 THz )

 # Irred. k point  367 : (  0.0333,  0.2667, -0.5000)
   Mode, Frequency 
      1     46.8046 cm^-1  (      1.4032 THz )
      2     54.8466 cm^-1  (      1.6443 THz )
      3     74.8848 cm^-1  (      2.2450 THz )

 # Irred. k point  368 : (  0.0333,  0.2667, -0.4667)
   Mode, Frequency 
      1     46.6672 cm^-1  (      1.3990 THz )
      2     56.9031 cm^-1  (      1.7059 THz )
      3     75.7322 cm^-1  (      2.2704 THz )

 # Irred. k point  369 : (  0.0333,  0.2667, -0.4333)
   Mode, Frequency 
      1     46.1613 cm^-1  (      1.3839 THz )
      2     58.6783 cm^-1  (      1.7591 THz )
      3     75.9894 cm^-1  (      2.2781 THz )

 # Irred. k point  370 : (  0.0333,  0.2667, -0.4000)
   Mode, Frequency 
      1     45.3036 cm^-1  (      1.3582 THz )
      2     60.0641 cm^-1  (      1.8007 THz )
      3     75.6898 cm^-1  (      2.2691 THz )

 # Irred. k point  371 : (  0.0333,  0.2667, -0.3667)
   Mode, Frequency 
      1     44.1176 cm^-1  (      1.3226 THz )
      2     60.9353 cm^-1  (      1.8268 THz )
      3     74.9109 cm^-1  (      2.2458 THz )

 # Irred. k point  372 : (  0.0333,  0.2667, -0.3333)
   Mode, Frequency 
      1     42.6346 cm^-1  (      1.2782 THz )
      2     61.1358 cm^-1  (      1.8328 THz )
      3     73.7878 cm^-1  (      2.2121 THz )

 # Irred. k point  373 : (  0.0333,  0.2667, -0.3000)
   Mode, Frequency 
      1     40.8948 cm^-1  (      1.2260 THz )
      2     60.4839 cm^-1  (      1.8133 THz )
      3     72.5067 cm^-1  (      2.1737 THz )

 # Irred. k point  374 : (  0.0333,  0.2667, -0.2667)
   Mode, Frequency 
      1     38.9488 cm^-1  (      1.1677 THz )
      2     58.8414 cm^-1  (      1.7640 THz )
      3     71.2364 cm^-1  (      2.1356 THz )

 # Irred. k point  375 : (  0.0333,  0.2667, -0.2333)
   Mode, Frequency 
      1     36.8595 cm^-1  (      1.1050 THz )
      2     56.2171 cm^-1  (      1.6853 THz )
      3     70.0243 cm^-1  (      2.0993 THz )

 # Irred. k point  376 : (  0.0333,  0.3000,  0.3333)
   Mode, Frequency 
      1     44.3554 cm^-1  (      1.3297 THz )
      2     44.8284 cm^-1  (      1.3439 THz )
      3     64.7718 cm^-1  (      1.9418 THz )

 # Irred. k point  377 : (  0.0333,  0.3000,  0.3667)
   Mode, Frequency 
      1     45.7464 cm^-1  (      1.3714 THz )
      2     46.9100 cm^-1  (      1.4063 THz )
      3     67.5300 cm^-1  (      2.0245 THz )

 # Irred. k point  378 : (  0.0333,  0.3000,  0.4000)
   Mode, Frequency 
      1     46.9640 cm^-1  (      1.4079 THz )
      2     49.0762 cm^-1  (      1.4713 THz )
      3     70.0441 cm^-1  (      2.0999 THz )

 # Irred. k point  379 : (  0.0333,  0.3000,  0.4333)
   Mode, Frequency 
      1     47.8928 cm^-1  (      1.4358 THz )
      2     51.3881 cm^-1  (      1.5406 THz )
      3     72.1707 cm^-1  (      2.1636 THz )

 # Irred. k point  380 : (  0.0333,  0.3000,  0.4667)
   Mode, Frequency 
      1     48.4765 cm^-1  (      1.4533 THz )
      2     53.8141 cm^-1  (      1.6133 THz )
      3     73.8129 cm^-1  (      2.2129 THz )

 # Irred. k point  381 : (  0.0333,  0.3000, -0.5000)
   Mode, Frequency 
      1     48.6973 cm^-1  (      1.4599 THz )
      2     56.2718 cm^-1  (      1.6870 THz )
      3     74.9074 cm^-1  (      2.2457 THz )

 # Irred. k point  382 : (  0.0333,  0.3000, -0.4667)
   Mode, Frequency 
      1     48.5531 cm^-1  (      1.4556 THz )
      2     58.6617 cm^-1  (      1.7586 THz )
      3     75.4198 cm^-1  (      2.2610 THz )

 # Irred. k point  383 : (  0.0333,  0.3000, -0.4333)
   Mode, Frequency 
      1     48.0510 cm^-1  (      1.4405 THz )
      2     60.8766 cm^-1  (      1.8250 THz )
      3     75.3453 cm^-1  (      2.2588 THz )

 # Irred. k point  384 : (  0.0333,  0.3000, -0.4000)
   Mode, Frequency 
      1     47.2061 cm^-1  (      1.4152 THz )
      2     62.7929 cm^-1  (      1.8825 THz )
      3     74.7212 cm^-1  (      2.2401 THz )

 # Irred. k point  385 : (  0.0333,  0.3000, -0.3667)
   Mode, Frequency 
      1     46.0410 cm^-1  (      1.3803 THz )
      2     64.2337 cm^-1  (      1.9257 THz )
      3     73.6648 cm^-1  (      2.2084 THz )

 # Irred. k point  386 : (  0.0333,  0.3000, -0.3333)
   Mode, Frequency 
      1     44.5870 cm^-1  (      1.3367 THz )
      2     64.8710 cm^-1  (      1.9448 THz )
      3     72.4706 cm^-1  (      2.1726 THz )

 # Irred. k point  387 : (  0.0333,  0.3000, -0.3000)
   Mode, Frequency 
      1     42.8847 cm^-1  (      1.2857 THz )
      2     64.1881 cm^-1  (      1.9243 THz )
      3     71.6489 cm^-1  (      2.1480 THz )

 # Irred. k point  388 : (  0.0333,  0.3000, -0.2667)
   Mode, Frequency 
      1     40.9857 cm^-1  (      1.2287 THz )
      2     62.0208 cm^-1  (      1.8593 THz )
      3     71.3837 cm^-1  (      2.1400 THz )

 # Irred. k point  389 : (  0.0333,  0.3333,  0.3667)
   Mode, Frequency 
      1     47.5873 cm^-1  (      1.4266 THz )
      2     47.9228 cm^-1  (      1.4367 THz )
      3     69.4842 cm^-1  (      2.0831 THz )

 # Irred. k point  390 : (  0.0333,  0.3333,  0.4000)
   Mode, Frequency 
      1     48.7678 cm^-1  (      1.4620 THz )
      2     49.8033 cm^-1  (      1.4931 THz )
      3     71.6550 cm^-1  (      2.1482 THz )

 # Irred. k point  391 : (  0.0333,  0.3333,  0.4333)
   Mode, Frequency 
      1     49.6584 cm^-1  (      1.4887 THz )
      2     51.9189 cm^-1  (      1.5565 THz )
      3     73.4732 cm^-1  (      2.2027 THz )

 # Irred. k point  392 : (  0.0333,  0.3333,  0.4667)
   Mode, Frequency 
      1     50.2213 cm^-1  (      1.5056 THz )
      2     54.2490 cm^-1  (      1.6263 THz )
      3     74.8277 cm^-1  (      2.2433 THz )

 # Irred. k point  393 : (  0.0333,  0.3333, -0.5000)
   Mode, Frequency 
      1     50.4352 cm^-1  (      1.5120 THz )
      2     56.7300 cm^-1  (      1.7007 THz )
      3     75.6437 cm^-1  (      2.2677 THz )

 # Irred. k point  394 : (  0.0333,  0.3333, -0.4667)
   Mode, Frequency 
      1     50.2948 cm^-1  (      1.5078 THz )
      2     59.2748 cm^-1  (      1.7770 THz )
      3     75.8737 cm^-1  (      2.2746 THz )

 # Irred. k point  395 : (  0.0333,  0.3333, -0.4333)
   Mode, Frequency 
      1     49.8046 cm^-1  (      1.4931 THz )
      2     61.7894 cm^-1  (      1.8524 THz )
      3     75.4926 cm^-1  (      2.2632 THz )

 # Irred. k point  396 : (  0.0333,  0.3333, -0.4000)
   Mode, Frequency 
      1     48.9781 cm^-1  (      1.4683 THz )
      2     64.1791 cm^-1  (      1.9240 THz )
      3     74.4987 cm^-1  (      2.2334 THz )

 # Irred. k point  397 : (  0.0333,  0.3333, -0.3667)
   Mode, Frequency 
      1     47.8374 cm^-1  (      1.4341 THz )
      2     66.3357 cm^-1  (      1.9887 THz )
      3     72.9286 cm^-1  (      2.1863 THz )

 # Irred. k point  398 : (  0.0333,  0.3333, -0.3333)
   Mode, Frequency 
      1     46.4132 cm^-1  (      1.3914 THz )
      2     67.9783 cm^-1  (      2.0379 THz )
      3     71.0178 cm^-1  (      2.1291 THz )

 # Irred. k point  399 : (  0.0333,  0.3333, -0.3000)
   Mode, Frequency 
      1     44.7464 cm^-1  (      1.3415 THz )
      2     67.1747 cm^-1  (      2.0138 THz )
      3     70.6801 cm^-1  (      2.1189 THz )

 # Irred. k point  400 : (  0.0333,  0.3667,  0.4000)
   Mode, Frequency 
      1     50.2615 cm^-1  (      1.5068 THz )
      2     50.5133 cm^-1  (      1.5144 THz )
      3     73.4621 cm^-1  (      2.2023 THz )

 # Irred. k point  401 : (  0.0333,  0.3667,  0.4333)
   Mode, Frequency 
      1     51.1897 cm^-1  (      1.5346 THz )
      2     52.1843 cm^-1  (      1.5644 THz )
      3     75.0577 cm^-1  (      2.2502 THz )

 # Irred. k point  402 : (  0.0333,  0.3667,  0.4667)
   Mode, Frequency 
      1     51.7460 cm^-1  (      1.5513 THz )
      2     54.2003 cm^-1  (      1.6249 THz )
      3     76.2189 cm^-1  (      2.2850 THz )

 # Irred. k point  403 : (  0.0333,  0.3667, -0.5000)
   Mode, Frequency 
      1     51.9633 cm^-1  (      1.5578 THz )
      2     56.4662 cm^-1  (      1.6928 THz )
      3     76.8645 cm^-1  (      2.3043 THz )

 # Irred. k point  404 : (  0.0333,  0.3667, -0.4667)
   Mode, Frequency 
      1     51.8346 cm^-1  (      1.5540 THz )
      2     58.9049 cm^-1  (      1.7659 THz )
      3     76.9435 cm^-1  (      2.3067 THz )

 # Irred. k point  405 : (  0.0333,  0.3667, -0.4333)
   Mode, Frequency 
      1     51.3624 cm^-1  (      1.5398 THz )
      2     61.4231 cm^-1  (      1.8414 THz )
      3     76.4295 cm^-1  (      2.2913 THz )

 # Irred. k point  406 : (  0.0333,  0.3667, -0.4000)
   Mode, Frequency 
      1     50.5587 cm^-1  (      1.5157 THz )
      2     63.9203 cm^-1  (      1.9163 THz )
      3     75.3194 cm^-1  (      2.2580 THz )

 # Irred. k point  407 : (  0.0333,  0.3667, -0.3667)
   Mode, Frequency 
      1     49.4445 cm^-1  (      1.4823 THz )
      2     66.2821 cm^-1  (      1.9871 THz )
      3     73.6460 cm^-1  (      2.2079 THz )

 # Irred. k point  408 : (  0.0333,  0.3667, -0.3333)
   Mode, Frequency 
      1     48.0502 cm^-1  (      1.4405 THz )
      2     68.2509 cm^-1  (      2.0461 THz )
      3     71.6095 cm^-1  (      2.1468 THz )

 # Irred. k point  409 : (  0.0333,  0.4000,  0.4333)
   Mode, Frequency 
      1     52.3534 cm^-1  (      1.5695 THz )
      2     52.5723 cm^-1  (      1.5761 THz )
      3     76.6327 cm^-1  (      2.2974 THz )

 # Irred. k point  410 : (  0.0333,  0.4000,  0.4667)
   Mode, Frequency 
      1     53.0083 cm^-1  (      1.5892 THz )
      2     54.0094 cm^-1  (      1.6192 THz )
      3     77.6710 cm^-1  (      2.3285 THz )

 # Irred. k point  411 : (  0.0333,  0.4000, -0.5000)
   Mode, Frequency 
      1     53.2375 cm^-1  (      1.5960 THz )
      2     55.8611 cm^-1  (      1.6747 THz )
      3     78.2252 cm^-1  (      2.3451 THz )

 # Irred. k point  412 : (  0.0333,  0.4000, -0.4667)
   Mode, Frequency 
      1     53.1261 cm^-1  (      1.5927 THz )
      2     57.9714 cm^-1  (      1.7379 THz )
      3     78.2480 cm^-1  (      2.3458 THz )

 # Irred. k point  413 : (  0.0333,  0.4000, -0.4333)
   Mode, Frequency 
      1     52.6762 cm^-1  (      1.5792 THz )
      2     60.2415 cm^-1  (      1.8060 THz )
      3     77.7253 cm^-1  (      2.3301 THz )

 # Irred. k point  414 : (  0.0333,  0.4000, -0.4000)
   Mode, Frequency 
      1     51.8981 cm^-1  (      1.5559 THz )
      2     62.5399 cm^-1  (      1.8749 THz )
      3     76.6844 cm^-1  (      2.2989 THz )

 # Irred. k point  415 : (  0.0333,  0.4000, -0.3667)
   Mode, Frequency 
      1     50.8118 cm^-1  (      1.5233 THz )
      2     64.6699 cm^-1  (      1.9388 THz )
      3     75.2334 cm^-1  (      2.2554 THz )

 # Irred. k point  416 : (  0.0333,  0.4333,  0.4667)
   Mode, Frequency 
      1     53.8508 cm^-1  (      1.6144 THz )
      2     54.0702 cm^-1  (      1.6210 THz )
      3     78.9392 cm^-1  (      2.3665 THz )

 # Irred. k point  417 : (  0.0333,  0.4333, -0.5000)
   Mode, Frequency 
      1     54.2224 cm^-1  (      1.6255 THz )
      2     55.2434 cm^-1  (      1.6562 THz )
      3     79.4441 cm^-1  (      2.3817 THz )

 # Irred. k point  418 : (  0.0333,  0.4333, -0.4667)
   Mode, Frequency 
      1     54.1338 cm^-1  (      1.6229 THz )
      2     56.8663 cm^-1  (      1.7048 THz )
      3     79.4508 cm^-1  (      2.3819 THz )

 # Irred. k point  419 : (  0.0333,  0.4333, -0.4333)
   Mode, Frequency 
      1     53.7089 cm^-1  (      1.6102 THz )
      2     58.7261 cm^-1  (      1.7606 THz )
      3     78.9551 cm^-1  (      2.3670 THz )

 # Irred. k point  420 : (  0.0333,  0.4333, -0.4000)
   Mode, Frequency 
      1     52.9580 cm^-1  (      1.5876 THz )
      2     60.6805 cm^-1  (      1.8192 THz )
      3     78.0019 cm^-1  (      2.3384 THz )

 # Irred. k point  421 : (  0.0333,  0.4667, -0.5000)
   Mode, Frequency 
      1     54.7499 cm^-1  (      1.6414 THz )
      2     54.9802 cm^-1  (      1.6483 THz )
      3     80.3408 cm^-1  (      2.4086 THz )

 # Irred. k point  422 : (  0.0333,  0.4667, -0.4667)
   Mode, Frequency 
      1     54.8300 cm^-1  (      1.6438 THz )
      2     55.8637 cm^-1  (      1.6748 THz )
      3     80.3432 cm^-1  (      2.4086 THz )

 # Irred. k point  423 : (  0.0333,  0.4667, -0.4333)
   Mode, Frequency 
      1     54.4331 cm^-1  (      1.6319 THz )
      2     57.1978 cm^-1  (      1.7147 THz )
      3     79.8709 cm^-1  (      2.3945 THz )

 # Irred. k point  424 : (  0.0333, -0.5000, -0.4667)
   Mode, Frequency 
      1     55.0481 cm^-1  (      1.6503 THz )
      2     55.2861 cm^-1  (      1.6574 THz )
      3     80.8136 cm^-1  (      2.4227 THz )

 # Irred. k point  425 : (  0.0667,  0.1333,  0.2000)
   Mode, Frequency 
      1     19.0084 cm^-1  (      0.5699 THz )
      2     25.2912 cm^-1  (      0.7582 THz )
      3     37.9053 cm^-1  (      1.1364 THz )

 # Irred. k point  426 : (  0.0667,  0.1333,  0.2333)
   Mode, Frequency 
      1     21.1611 cm^-1  (      0.6344 THz )
      2     28.7593 cm^-1  (      0.8622 THz )
      3     43.5577 cm^-1  (      1.3058 THz )

 # Irred. k point  427 : (  0.0667,  0.1333,  0.2667)
   Mode, Frequency 
      1     23.5894 cm^-1  (      0.7072 THz )
      2     31.7835 cm^-1  (      0.9528 THz )
      3     49.3979 cm^-1  (      1.4809 THz )

 # Irred. k point  428 : (  0.0667,  0.1333,  0.3000)
   Mode, Frequency 
      1     26.1326 cm^-1  (      0.7834 THz )
      2     34.4397 cm^-1  (      1.0325 THz )
      3     55.1142 cm^-1  (      1.6523 THz )

 # Irred. k point  429 : (  0.0667,  0.1333,  0.3333)
   Mode, Frequency 
      1     28.6577 cm^-1  (      0.8591 THz )
      2     36.7590 cm^-1  (      1.1020 THz )
      3     60.5016 cm^-1  (      1.8138 THz )

 # Irred. k point  430 : (  0.0667,  0.1333,  0.3667)
   Mode, Frequency 
      1     31.0605 cm^-1  (      0.9312 THz )
      2     38.7470 cm^-1  (      1.1616 THz )
      3     65.4160 cm^-1  (      1.9611 THz )

 # Irred. k point  431 : (  0.0667,  0.1333,  0.4000)
   Mode, Frequency 
      1     33.2570 cm^-1  (      0.9970 THz )
      2     40.4018 cm^-1  (      1.2112 THz )
      3     69.7486 cm^-1  (      2.0910 THz )

 # Irred. k point  432 : (  0.0667,  0.1333,  0.4333)
   Mode, Frequency 
      1     35.1770 cm^-1  (      1.0546 THz )
      2     41.7227 cm^-1  (      1.2508 THz )
      3     73.4128 cm^-1  (      2.2009 THz )

 # Irred. k point  433 : (  0.0667,  0.1333,  0.4667)
   Mode, Frequency 
      1     36.7581 cm^-1  (      1.1020 THz )
      2     42.7159 cm^-1  (      1.2806 THz )
      3     76.3396 cm^-1  (      2.2886 THz )

 # Irred. k point  434 : (  0.0667,  0.1333, -0.5000)
   Mode, Frequency 
      1     37.9420 cm^-1  (      1.1375 THz )
      2     43.3972 cm^-1  (      1.3010 THz )
      3     78.4752 cm^-1  (      2.3526 THz )

 # Irred. k point  435 : (  0.0667,  0.1333, -0.4667)
   Mode, Frequency 
      1     38.6753 cm^-1  (      1.1595 THz )
      2     43.7900 cm^-1  (      1.3128 THz )
      3     79.7809 cm^-1  (      2.3918 THz )

 # Irred. k point  436 : (  0.0667,  0.1333, -0.4333)
   Mode, Frequency 
      1     38.9172 cm^-1  (      1.1667 THz )
      2     43.9176 cm^-1  (      1.3166 THz )
      3     80.2335 cm^-1  (      2.4053 THz )

 # Irred. k point  437 : (  0.0667,  0.1667,  0.2333)
   Mode, Frequency 
      1     24.4472 cm^-1  (      0.7329 THz )
      2     29.9474 cm^-1  (      0.8978 THz )
      3     44.0163 cm^-1  (      1.3196 THz )

 # Irred. k point  438 : (  0.0667,  0.1667,  0.2667)
   Mode, Frequency 
      1     26.3587 cm^-1  (      0.7902 THz )
      2     33.2026 cm^-1  (      0.9954 THz )
      3     49.1549 cm^-1  (      1.4736 THz )

 # Irred. k point  439 : (  0.0667,  0.1667,  0.3000)
   Mode, Frequency 
      1     28.5016 cm^-1  (      0.8545 THz )
      2     36.0317 cm^-1  (      1.0802 THz )
      3     54.3915 cm^-1  (      1.6306 THz )

 # Irred. k point  440 : (  0.0667,  0.1667,  0.3333)
   Mode, Frequency 
      1     30.7464 cm^-1  (      0.9218 THz )
      2     38.4883 cm^-1  (      1.1539 THz )
      3     59.4622 cm^-1  (      1.7826 THz )

 # Irred. k point  441 : (  0.0667,  0.1667,  0.3667)
   Mode, Frequency 
      1     32.9665 cm^-1  (      0.9883 THz )
      2     40.6046 cm^-1  (      1.2173 THz )
      3     64.1810 cm^-1  (      1.9241 THz )

 # Irred. k point  442 : (  0.0667,  0.1667,  0.4000)
   Mode, Frequency 
      1     35.0483 cm^-1  (      1.0507 THz )
      2     42.3992 cm^-1  (      1.2711 THz )
      3     68.4132 cm^-1  (      2.0510 THz )

 # Irred. k point  443 : (  0.0667,  0.1667,  0.4333)
   Mode, Frequency 
      1     36.8905 cm^-1  (      1.1060 THz )
      2     43.8886 cm^-1  (      1.3157 THz )
      3     72.0568 cm^-1  (      2.1602 THz )

 # Irred. k point  444 : (  0.0667,  0.1667,  0.4667)
   Mode, Frequency 
      1     38.4027 cm^-1  (      1.1513 THz )
      2     45.0928 cm^-1  (      1.3518 THz )
      3     75.0326 cm^-1  (      2.2494 THz )

 # Irred. k point  445 : (  0.0667,  0.1667, -0.5000)
   Mode, Frequency 
      1     39.5064 cm^-1  (      1.1844 THz )
      2     46.0343 cm^-1  (      1.3801 THz )
      3     77.2801 cm^-1  (      2.3168 THz )

 # Irred. k point  446 : (  0.0667,  0.1667, -0.4667)
   Mode, Frequency 
      1     40.1443 cm^-1  (      1.2035 THz )
      2     46.7292 cm^-1  (      1.4009 THz )
      3     78.7554 cm^-1  (      2.3610 THz )

 # Irred. k point  447 : (  0.0667,  0.1667, -0.4333)
   Mode, Frequency 
      1     40.2895 cm^-1  (      1.2078 THz )
      2     47.1767 cm^-1  (      1.4143 THz )
      3     79.4310 cm^-1  (      2.3813 THz )

 # Irred. k point  448 : (  0.0667,  0.1667, -0.4000)
   Mode, Frequency 
      1     39.9483 cm^-1  (      1.1976 THz )
      2     47.3565 cm^-1  (      1.4197 THz )
      3     79.2954 cm^-1  (      2.3772 THz )

 # Irred. k point  449 : (  0.0667,  0.1667, -0.3667)
   Mode, Frequency 
      1     39.1513 cm^-1  (      1.1737 THz )
      2     47.2363 cm^-1  (      1.4161 THz )
      3     78.3536 cm^-1  (      2.3490 THz )

 # Irred. k point  450 : (  0.0667,  0.1667, -0.3333)
   Mode, Frequency 
      1     37.9419 cm^-1  (      1.1375 THz )
      2     46.7838 cm^-1  (      1.4025 THz )
      3     76.6271 cm^-1  (      2.2972 THz )

 # Irred. k point  451 : (  0.0667,  0.1667, -0.3000)
   Mode, Frequency 
      1     36.3700 cm^-1  (      1.0903 THz )
      2     45.9725 cm^-1  (      1.3782 THz )
      3     74.1548 cm^-1  (      2.2231 THz )

 # Irred. k point  452 : (  0.0667,  0.1667, -0.2667)
   Mode, Frequency 
      1     34.4902 cm^-1  (      1.0340 THz )
      2     44.7830 cm^-1  (      1.3426 THz )
      3     70.9933 cm^-1  (      2.1283 THz )

 # Irred. k point  453 : (  0.0667,  0.1667, -0.2333)
   Mode, Frequency 
      1     32.3642 cm^-1  (      0.9703 THz )
      2     43.2005 cm^-1  (      1.2951 THz )
      3     67.2192 cm^-1  (      2.0152 THz )

 # Irred. k point  454 : (  0.0667,  0.1667, -0.2000)
   Mode, Frequency 
      1     30.0641 cm^-1  (      0.9013 THz )
      2     41.2103 cm^-1  (      1.2355 THz )
      3     62.9330 cm^-1  (      1.8867 THz )

 # Irred. k point  455 : (  0.0667,  0.1667, -0.1667)
   Mode, Frequency 
      1     27.6773 cm^-1  (      0.8297 THz )
      2     38.7913 cm^-1  (      1.1629 THz )
      3     58.2656 cm^-1  (      1.7468 THz )

 # Irred. k point  456 : (  0.0667,  0.1667, -0.1333)
   Mode, Frequency 
      1     25.3112 cm^-1  (      0.7588 THz )
      2     35.9106 cm^-1  (      1.0766 THz )
      3     53.3883 cm^-1  (      1.6005 THz )

 # Irred. k point  457 : (  0.0667,  0.1667, -0.1000)
   Mode, Frequency 
      1     23.0966 cm^-1  (      0.6924 THz )
      2     32.5258 cm^-1  (      0.9751 THz )
      3     48.5190 cm^-1  (      1.4546 THz )

 # Irred. k point  458 : (  0.0667,  0.2000,  0.2667)
   Mode, Frequency 
      1     29.7646 cm^-1  (      0.8923 THz )
      2     34.4474 cm^-1  (      1.0327 THz )
      3     49.9350 cm^-1  (      1.4970 THz )

 # Irred. k point  459 : (  0.0667,  0.2000,  0.3000)
   Mode, Frequency 
      1     31.5122 cm^-1  (      0.9447 THz )
      2     37.4813 cm^-1  (      1.1237 THz )
      3     54.5056 cm^-1  (      1.6340 THz )

 # Irred. k point  460 : (  0.0667,  0.2000,  0.3333)
   Mode, Frequency 
      1     33.4372 cm^-1  (      1.0024 THz )
      2     40.1236 cm^-1  (      1.2029 THz )
      3     59.0782 cm^-1  (      1.7711 THz )

 # Irred. k point  461 : (  0.0667,  0.2000,  0.3667)
   Mode, Frequency 
      1     35.4191 cm^-1  (      1.0618 THz )
      2     42.4176 cm^-1  (      1.2716 THz )
      3     63.4344 cm^-1  (      1.9017 THz )

 # Irred. k point  462 : (  0.0667,  0.2000,  0.4000)
   Mode, Frequency 
      1     37.3269 cm^-1  (      1.1190 THz )
      2     44.4026 cm^-1  (      1.3312 THz )
      3     67.4136 cm^-1  (      2.0210 THz )

 # Irred. k point  463 : (  0.0667,  0.2000,  0.4333)
   Mode, Frequency 
      1     39.0335 cm^-1  (      1.1702 THz )
      2     46.1139 cm^-1  (      1.3825 THz )
      3     70.8966 cm^-1  (      2.1254 THz )

 # Irred. k point  464 : (  0.0667,  0.2000,  0.4667)
   Mode, Frequency 
      1     40.4241 cm^-1  (      1.2119 THz )
      2     47.5833 cm^-1  (      1.4265 THz )
      3     73.7937 cm^-1  (      2.2123 THz )

 # Irred. k point  465 : (  0.0667,  0.2000, -0.5000)
   Mode, Frequency 
      1     41.4087 cm^-1  (      1.2414 THz )
      2     48.8311 cm^-1  (      1.4639 THz )
      3     76.0377 cm^-1  (      2.2796 THz )

 # Irred. k point  466 : (  0.0667,  0.2000, -0.4667)
   Mode, Frequency 
      1     41.9335 cm^-1  (      1.2571 THz )
      2     49.8560 cm^-1  (      1.4946 THz )
      3     77.5808 cm^-1  (      2.3258 THz )

 # Irred. k point  467 : (  0.0667,  0.2000, -0.4333)
   Mode, Frequency 
      1     41.9839 cm^-1  (      1.2586 THz )
      2     50.6320 cm^-1  (      1.5179 THz )
      3     78.3931 cm^-1  (      2.3502 THz )

 # Irred. k point  468 : (  0.0667,  0.2000, -0.4000)
   Mode, Frequency 
      1     41.5753 cm^-1  (      1.2464 THz )
      2     51.1171 cm^-1  (      1.5325 THz )
      3     78.4621 cm^-1  (      2.3522 THz )

 # Irred. k point  469 : (  0.0667,  0.2000, -0.3667)
   Mode, Frequency 
      1     40.7404 cm^-1  (      1.2214 THz )
      2     51.2652 cm^-1  (      1.5369 THz )
      3     77.7931 cm^-1  (      2.3322 THz )

 # Irred. k point  470 : (  0.0667,  0.2000, -0.3333)
   Mode, Frequency 
      1     39.5203 cm^-1  (      1.1848 THz )
      2     51.0340 cm^-1  (      1.5300 THz )
      3     76.4104 cm^-1  (      2.2907 THz )

 # Irred. k point  471 : (  0.0667,  0.2000, -0.3000)
   Mode, Frequency 
      1     37.9624 cm^-1  (      1.1381 THz )
      2     50.3863 cm^-1  (      1.5105 THz )
      3     74.3580 cm^-1  (      2.2292 THz )

 # Irred. k point  472 : (  0.0667,  0.2000, -0.2667)
   Mode, Frequency 
      1     36.1203 cm^-1  (      1.0829 THz )
      2     49.2884 cm^-1  (      1.4776 THz )
      3     71.7021 cm^-1  (      2.1496 THz )

 # Irred. k point  473 : (  0.0667,  0.2000, -0.2333)
   Mode, Frequency 
      1     34.0564 cm^-1  (      1.0210 THz )
      2     47.7067 cm^-1  (      1.4302 THz )
      3     68.5334 cm^-1  (      2.0546 THz )

 # Irred. k point  474 : (  0.0667,  0.2000, -0.2000)
   Mode, Frequency 
      1     31.8450 cm^-1  (      0.9547 THz )
      2     45.6047 cm^-1  (      1.3672 THz )
      3     64.9698 cm^-1  (      1.9477 THz )

 # Irred. k point  475 : (  0.0667,  0.2000, -0.1667)
   Mode, Frequency 
      1     29.5761 cm^-1  (      0.8867 THz )
      2     42.9447 cm^-1  (      1.2875 THz )
      3     61.1561 cm^-1  (      1.8334 THz )

 # Irred. k point  476 : (  0.0667,  0.2000, -0.1333)
   Mode, Frequency 
      1     27.3586 cm^-1  (      0.8202 THz )
      2     39.7011 cm^-1  (      1.1902 THz )
      3     57.2540 cm^-1  (      1.7164 THz )

 # Irred. k point  477 : (  0.0667,  0.2333,  0.3000)
   Mode, Frequency 
      1     34.7682 cm^-1  (      1.0423 THz )
      2     38.6808 cm^-1  (      1.1596 THz )
      3     55.5704 cm^-1  (      1.6660 THz )

 # Irred. k point  478 : (  0.0667,  0.2333,  0.3333)
   Mode, Frequency 
      1     36.3871 cm^-1  (      1.0909 THz )
      2     41.4923 cm^-1  (      1.2439 THz )
      3     59.5292 cm^-1  (      1.7846 THz )

 # Irred. k point  479 : (  0.0667,  0.2333,  0.3667)
   Mode, Frequency 
      1     38.1180 cm^-1  (      1.1427 THz )
      2     43.9745 cm^-1  (      1.3183 THz )
      3     63.3876 cm^-1  (      1.9003 THz )

 # Irred. k point  480 : (  0.0667,  0.2333,  0.4000)
   Mode, Frequency 
      1     39.8293 cm^-1  (      1.1941 THz )
      2     46.1746 cm^-1  (      1.3843 THz )
      3     66.9709 cm^-1  (      2.0077 THz )

 # Irred. k point  481 : (  0.0667,  0.2333,  0.4333)
   Mode, Frequency 
      1     41.3768 cm^-1  (      1.2404 THz )
      2     48.1421 cm^-1  (      1.4433 THz )
      3     70.1482 cm^-1  (      2.1030 THz )

 # Irred. k point  482 : (  0.0667,  0.2333,  0.4667)
   Mode, Frequency 
      1     42.6286 cm^-1  (      1.2780 THz )
      2     49.9155 cm^-1  (      1.4964 THz )
      3     72.8222 cm^-1  (      2.1832 THz )

 # Irred. k point  483 : (  0.0667,  0.2333, -0.5000)
   Mode, Frequency 
      1     43.4883 cm^-1  (      1.3037 THz )
      2     51.5070 cm^-1  (      1.5441 THz )
      3     74.9219 cm^-1  (      2.2461 THz )

 # Irred. k point  484 : (  0.0667,  0.2333, -0.4667)
   Mode, Frequency 
      1     43.9067 cm^-1  (      1.3163 THz )
      2     52.8938 cm^-1  (      1.5857 THz )
      3     76.3989 cm^-1  (      2.2904 THz )

 # Irred. k point  485 : (  0.0667,  0.2333, -0.4333)
   Mode, Frequency 
      1     43.8758 cm^-1  (      1.3154 THz )
      2     54.0260 cm^-1  (      1.6197 THz )
      3     77.2247 cm^-1  (      2.3151 THz )

 # Irred. k point  486 : (  0.0667,  0.2333, -0.4000)
   Mode, Frequency 
      1     43.4131 cm^-1  (      1.3015 THz )
      2     54.8413 cm^-1  (      1.6441 THz )
      3     77.3912 cm^-1  (      2.3201 THz )

 # Irred. k point  487 : (  0.0667,  0.2333, -0.3667)
   Mode, Frequency 
      1     42.5493 cm^-1  (      1.2756 THz )
      2     55.2757 cm^-1  (      1.6571 THz )
      3     76.9108 cm^-1  (      2.3057 THz )

 # Irred. k point  488 : (  0.0667,  0.2333, -0.3333)
   Mode, Frequency 
      1     41.3234 cm^-1  (      1.2388 THz )
      2     55.2675 cm^-1  (      1.6569 THz )
      3     75.8187 cm^-1  (      2.2730 THz )

 # Irred. k point  489 : (  0.0667,  0.2333, -0.3000)
   Mode, Frequency 
      1     39.7806 cm^-1  (      1.1926 THz )
      2     54.7566 cm^-1  (      1.6416 THz )
      3     74.1745 cm^-1  (      2.2237 THz )

 # Irred. k point  490 : (  0.0667,  0.2333, -0.2667)
   Mode, Frequency 
      1     37.9743 cm^-1  (      1.1384 THz )
      2     53.6829 cm^-1  (      1.6094 THz )
      3     72.0639 cm^-1  (      2.1604 THz )

 # Irred. k point  491 : (  0.0667,  0.2333, -0.2333)
   Mode, Frequency 
      1     35.9677 cm^-1  (      1.0783 THz )
      2     51.9883 cm^-1  (      1.5586 THz )
      3     69.5955 cm^-1  (      2.0864 THz )

 # Irred. k point  492 : (  0.0667,  0.2333, -0.2000)
   Mode, Frequency 
      1     33.8366 cm^-1  (      1.0144 THz )
      2     49.6272 cm^-1  (      1.4878 THz )
      3     66.8904 cm^-1  (      2.0053 THz )

 # Irred. k point  493 : (  0.0667,  0.2333, -0.1667)
   Mode, Frequency 
      1     31.6724 cm^-1  (      0.9495 THz )
      2     46.5892 cm^-1  (      1.3967 THz )
      3     64.0613 cm^-1  (      1.9205 THz )

 # Irred. k point  494 : (  0.0667,  0.2667,  0.3333)
   Mode, Frequency 
      1     39.3438 cm^-1  (      1.1795 THz )
      2     42.5687 cm^-1  (      1.2762 THz )
      3     60.8303 cm^-1  (      1.8236 THz )

 # Irred. k point  495 : (  0.0667,  0.2667,  0.3667)
   Mode, Frequency 
      1     40.8359 cm^-1  (      1.2242 THz )
      2     45.1609 cm^-1  (      1.3539 THz )
      3     64.1473 cm^-1  (      1.9231 THz )

 # Irred. k point  496 : (  0.0667,  0.2667,  0.4000)
   Mode, Frequency 
      1     42.3536 cm^-1  (      1.2697 THz )
      2     47.5247 cm^-1  (      1.4248 THz )
      3     67.2582 cm^-1  (      2.0164 THz )

 # Irred. k point  497 : (  0.0667,  0.2667,  0.4333)
   Mode, Frequency 
      1     43.7452 cm^-1  (      1.3114 THz )
      2     49.7204 cm^-1  (      1.4906 THz )
      3     70.0271 cm^-1  (      2.0994 THz )

 # Irred. k point  498 : (  0.0667,  0.2667,  0.4667)
   Mode, Frequency 
      1     44.8660 cm^-1  (      1.3450 THz )
      2     51.7918 cm^-1  (      1.5527 THz )
      3     72.3541 cm^-1  (      2.1691 THz )

 # Irred. k point  499 : (  0.0667,  0.2667, -0.5000)
   Mode, Frequency 
      1     45.6150 cm^-1  (      1.3675 THz )
      2     53.7414 cm^-1  (      1.6111 THz )
      3     74.1685 cm^-1  (      2.2235 THz )

 # Irred. k point  500 : (  0.0667,  0.2667, -0.4667)
   Mode, Frequency 
      1     45.9453 cm^-1  (      1.3774 THz )
      2     55.5251 cm^-1  (      1.6646 THz )
      3     75.4253 cm^-1  (      2.2612 THz )

 # Irred. k point  501 : (  0.0667,  0.2667, -0.4333)
   Mode, Frequency 
      1     45.8506 cm^-1  (      1.3746 THz )
      2     57.0682 cm^-1  (      1.7109 THz )
      3     76.1040 cm^-1  (      2.2815 THz )

 # Irred. k point  502 : (  0.0667,  0.2667, -0.4000)
   Mode, Frequency 
      1     45.3476 cm^-1  (      1.3595 THz )
      2     58.2813 cm^-1  (      1.7472 THz )
      3     76.2095 cm^-1  (      2.2847 THz )

 # Irred. k point  503 : (  0.0667,  0.2667, -0.3667)
   Mode, Frequency 
      1     44.4644 cm^-1  (      1.3330 THz )
      2     59.0685 cm^-1  (      1.7708 THz )
      3     75.7761 cm^-1  (      2.2717 THz )

 # Irred. k point  504 : (  0.0667,  0.2667, -0.3333)
   Mode, Frequency 
      1     43.2376 cm^-1  (      1.2962 THz )
      2     59.3261 cm^-1  (      1.7786 THz )
      3     74.8714 cm^-1  (      2.2446 THz )

 # Irred. k point  505 : (  0.0667,  0.2667, -0.3000)
   Mode, Frequency 
      1     41.7112 cm^-1  (      1.2505 THz )
      2     58.9419 cm^-1  (      1.7670 THz )
      3     73.5980 cm^-1  (      2.2064 THz )

 # Irred. k point  506 : (  0.0667,  0.2667, -0.2667)
   Mode, Frequency 
      1     39.9382 cm^-1  (      1.1973 THz )
      2     57.8073 cm^-1  (      1.7330 THz )
      3     72.0815 cm^-1  (      2.1610 THz )

 # Irred. k point  507 : (  0.0667,  0.2667, -0.2333)
   Mode, Frequency 
      1     37.9822 cm^-1  (      1.1387 THz )
      2     55.8514 cm^-1  (      1.6744 THz )
      3     70.4353 cm^-1  (      2.1116 THz )

 # Irred. k point  508 : (  0.0667,  0.2667, -0.2000)
   Mode, Frequency 
      1     35.9200 cm^-1  (      1.0769 THz )
      2     53.0834 cm^-1  (      1.5914 THz )
      3     68.7189 cm^-1  (      2.0601 THz )

 # Irred. k point  509 : (  0.0667,  0.3000,  0.3667)
   Mode, Frequency 
      1     43.4156 cm^-1  (      1.3016 THz )
      2     46.0499 cm^-1  (      1.3805 THz )
      3     65.6211 cm^-1  (      1.9673 THz )

 # Irred. k point  510 : (  0.0667,  0.3000,  0.4000)
   Mode, Frequency 
      1     44.7571 cm^-1  (      1.3418 THz )
      2     48.4291 cm^-1  (      1.4519 THz )
      3     68.2829 cm^-1  (      2.0471 THz )

 # Irred. k point  511 : (  0.0667,  0.3000,  0.4333)
   Mode, Frequency 
      1     46.0118 cm^-1  (      1.3794 THz )
      2     50.7213 cm^-1  (      1.5206 THz )
      3     70.6354 cm^-1  (      2.1176 THz )

 # Irred. k point  512 : (  0.0667,  0.3000,  0.4667)
   Mode, Frequency 
      1     47.0239 cm^-1  (      1.4097 THz )
      2     52.9877 cm^-1  (      1.5885 THz )
      3     72.5738 cm^-1  (      2.1757 THz )

 # Irred. k point  513 : (  0.0667,  0.3000, -0.5000)
   Mode, Frequency 
      1     47.6853 cm^-1  (      1.4296 THz )
      2     55.2327 cm^-1  (      1.6558 THz )
      3     74.0252 cm^-1  (      2.2192 THz )

 # Irred. k point  514 : (  0.0667,  0.3000, -0.4667)
   Mode, Frequency 
      1     47.9488 cm^-1  (      1.4375 THz )
      2     57.4007 cm^-1  (      1.7208 THz )
      3     74.9451 cm^-1  (      2.2468 THz )

 # Irred. k point  515 : (  0.0667,  0.3000, -0.4333)
   Mode, Frequency 
      1     47.8080 cm^-1  (      1.4332 THz )
      2     59.3987 cm^-1  (      1.7807 THz )
      3     75.3176 cm^-1  (      2.2580 THz )

 # Irred. k point  516 : (  0.0667,  0.3000, -0.4000)
   Mode, Frequency 
      1     47.2776 cm^-1  (      1.4173 THz )
      2     61.1111 cm^-1  (      1.8321 THz )
      3     75.1618 cm^-1  (      2.2533 THz )

 # Irred. k point  517 : (  0.0667,  0.3000, -0.3667)
   Mode, Frequency 
      1     46.3835 cm^-1  (      1.3905 THz )
      2     62.3948 cm^-1  (      1.8705 THz )
      3     74.5481 cm^-1  (      2.2349 THz )

 # Irred. k point  518 : (  0.0667,  0.3000, -0.3333)
   Mode, Frequency 
      1     45.1602 cm^-1  (      1.3539 THz )
      2     63.0541 cm^-1  (      1.8903 THz )
      3     73.6253 cm^-1  (      2.2072 THz )

 # Irred. k point  519 : (  0.0667,  0.3000, -0.3000)
   Mode, Frequency 
      1     43.6506 cm^-1  (      1.3086 THz )
      2     62.8286 cm^-1  (      1.8836 THz )
      3     72.6346 cm^-1  (      2.1775 THz )

 # Irred. k point  520 : (  0.0667,  0.3000, -0.2667)
   Mode, Frequency 
      1     41.9073 cm^-1  (      1.2563 THz )
      2     61.4986 cm^-1  (      1.8437 THz )
      3     71.8025 cm^-1  (      2.1526 THz )

 # Irred. k point  521 : (  0.0667,  0.3000, -0.2333)
   Mode, Frequency 
      1     39.9941 cm^-1  (      1.1990 THz )
      2     59.0856 cm^-1  (      1.7713 THz )
      3     71.1410 cm^-1  (      2.1328 THz )

 # Irred. k point  522 : (  0.0667,  0.3333,  0.4000)
   Mode, Frequency 
      1     46.9305 cm^-1  (      1.4069 THz )
      2     49.0754 cm^-1  (      1.4712 THz )
      3     69.8513 cm^-1  (      2.0941 THz )

 # Irred. k point  523 : (  0.0667,  0.3333,  0.4333)
   Mode, Frequency 
      1     48.0808 cm^-1  (      1.4414 THz )
      2     51.2491 cm^-1  (      1.5364 THz )
      3     71.8619 cm^-1  (      2.1544 THz )

 # Irred. k point  524 : (  0.0667,  0.3333,  0.4667)
   Mode, Frequency 
      1     49.0151 cm^-1  (      1.4694 THz )
      2     53.5003 cm^-1  (      1.6039 THz )
      3     73.4711 cm^-1  (      2.2026 THz )

 # Irred. k point  525 : (  0.0667,  0.3333, -0.5000)
   Mode, Frequency 
      1     49.6157 cm^-1  (      1.4874 THz )
      2     55.8551 cm^-1  (      1.6745 THz )
      3     74.5975 cm^-1  (      2.2364 THz )

 # Irred. k point  526 : (  0.0667,  0.3333, -0.4667)
   Mode, Frequency 
      1     49.8336 cm^-1  (      1.4940 THz )
      2     58.2637 cm^-1  (      1.7467 THz )
      3     75.1871 cm^-1  (      2.2541 THz )

 # Irred. k point  527 : (  0.0667,  0.3333, -0.4333)
   Mode, Frequency 
      1     49.6627 cm^-1  (      1.4888 THz )
      2     60.6355 cm^-1  (      1.8178 THz )
      3     75.2115 cm^-1  (      2.2548 THz )

 # Irred. k point  528 : (  0.0667,  0.3333, -0.4000)
   Mode, Frequency 
      1     49.1162 cm^-1  (      1.4725 THz )
      2     62.8616 cm^-1  (      1.8845 THz )
      3     74.6723 cm^-1  (      2.2386 THz )

 # Irred. k point  529 : (  0.0667,  0.3333, -0.3667)
   Mode, Frequency 
      1     48.2183 cm^-1  (      1.4455 THz )
      2     64.8036 cm^-1  (      1.9428 THz )
      3     73.6234 cm^-1  (      2.2072 THz )

 # Irred. k point  530 : (  0.0667,  0.3333, -0.3333)
   Mode, Frequency 
      1     47.0020 cm^-1  (      1.4091 THz )
      2     66.1979 cm^-1  (      1.9846 THz )
      3     72.2708 cm^-1  (      2.1666 THz )

 # Irred. k point  531 : (  0.0667,  0.3333, -0.3000)
   Mode, Frequency 
      1     45.5089 cm^-1  (      1.3643 THz )
      2     66.3232 cm^-1  (      1.9883 THz )
      3     71.3050 cm^-1  (      2.1377 THz )

 # Irred. k point  532 : (  0.0667,  0.3333, -0.2667)
   Mode, Frequency 
      1     43.7910 cm^-1  (      1.3128 THz )
      2     64.5017 cm^-1  (      1.9337 THz )
      3     71.4003 cm^-1  (      2.1405 THz )

 # Irred. k point  533 : (  0.0667,  0.3667,  0.4333)
   Mode, Frequency 
      1     49.8500 cm^-1  (      1.4945 THz )
      2     51.6054 cm^-1  (      1.5471 THz )
      3     73.4367 cm^-1  (      2.2016 THz )

 # Irred. k point  534 : (  0.0667,  0.3667,  0.4667)
   Mode, Frequency 
      1     50.7620 cm^-1  (      1.5218 THz )
      2     53.5772 cm^-1  (      1.6062 THz )
      3     74.8163 cm^-1  (      2.2429 THz )

 # Irred. k point  535 : (  0.0667,  0.3667, -0.5000)
   Mode, Frequency 
      1     51.3363 cm^-1  (      1.5390 THz )
      2     55.7805 cm^-1  (      1.6723 THz )
      3     75.7244 cm^-1  (      2.2702 THz )

 # Irred. k point  536 : (  0.0667,  0.3667, -0.4667)
   Mode, Frequency 
      1     51.5305 cm^-1  (      1.5448 THz )
      2     58.1706 cm^-1  (      1.7439 THz )
      3     76.0998 cm^-1  (      2.2814 THz )

 # Irred. k point  537 : (  0.0667,  0.3667, -0.4333)
   Mode, Frequency 
      1     51.3438 cm^-1  (      1.5392 THz )
      2     60.6581 cm^-1  (      1.8185 THz )
      3     75.9039 cm^-1  (      2.2755 THz )

 # Irred. k point  538 : (  0.0667,  0.3667, -0.4000)
   Mode, Frequency 
      1     50.7908 cm^-1  (      1.5227 THz )
      2     63.1454 cm^-1  (      1.8931 THz )
      3     75.1166 cm^-1  (      2.2519 THz )

 # Irred. k point  539 : (  0.0667,  0.3667, -0.3667)
   Mode, Frequency 
      1     49.8949 cm^-1  (      1.4958 THz )
      2     65.5405 cm^-1  (      1.9649 THz )
      3     73.7348 cm^-1  (      2.2105 THz )

 # Irred. k point  540 : (  0.0667,  0.3667, -0.3333)
   Mode, Frequency 
      1     48.6876 cm^-1  (      1.4596 THz )
      2     67.7615 cm^-1  (      2.0314 THz )
      3     71.7715 cm^-1  (      2.1517 THz )

 # Irred. k point  541 : (  0.0667,  0.3667, -0.3000)
   Mode, Frequency 
      1     47.2098 cm^-1  (      1.4153 THz )
      2     69.2225 cm^-1  (      2.0752 THz )
      3     69.7703 cm^-1  (      2.0917 THz )

 # Irred. k point  542 : (  0.0667,  0.4000,  0.4667)
   Mode, Frequency 
      1     52.1461 cm^-1  (      1.5633 THz )
      2     53.6078 cm^-1  (      1.6071 THz )
      3     76.3048 cm^-1  (      2.2876 THz )

 # Irred. k point  543 : (  0.0667,  0.4000, -0.5000)
   Mode, Frequency 
      1     52.7772 cm^-1  (      1.5822 THz )
      2     55.3714 cm^-1  (      1.6600 THz )
      3     77.0885 cm^-1  (      2.3111 THz )

 # Irred. k point  544 : (  0.0667,  0.4000, -0.4667)
   Mode, Frequency 
      1     52.9799 cm^-1  (      1.5883 THz )
      2     57.4763 cm^-1  (      1.7231 THz )
      3     77.3630 cm^-1  (      2.3193 THz )

 # Irred. k point  545 : (  0.0667,  0.4000, -0.4333)
   Mode, Frequency 
      1     52.7927 cm^-1  (      1.5827 THz )
      2     59.7941 cm^-1  (      1.7926 THz )
      3     77.0944 cm^-1  (      2.3112 THz )

 # Irred. k point  546 : (  0.0667,  0.4000, -0.4000)
   Mode, Frequency 
      1     52.2417 cm^-1  (      1.5662 THz )
      2     62.1996 cm^-1  (      1.8647 THz )
      3     76.2763 cm^-1  (      2.2867 THz )

 # Irred. k point  547 : (  0.0667,  0.4000, -0.3667)
   Mode, Frequency 
      1     51.3521 cm^-1  (      1.5395 THz )
      2     64.5543 cm^-1  (      1.9353 THz )
      3     74.9421 cm^-1  (      2.2467 THz )

 # Irred. k point  548 : (  0.0667,  0.4000, -0.3333)
   Mode, Frequency 
      1     50.1550 cm^-1  (      1.5036 THz )
      2     66.6314 cm^-1  (      1.9976 THz )
      3     73.2387 cm^-1  (      2.1956 THz )

 # Irred. k point  549 : (  0.0667,  0.4333, -0.5000)
   Mode, Frequency 
      1     53.7983 cm^-1  (      1.6128 THz )
      2     55.0570 cm^-1  (      1.6506 THz )
      3     78.3978 cm^-1  (      2.3503 THz )

 # Irred. k point  550 : (  0.0667,  0.4333, -0.4667)
   Mode, Frequency 
      1     54.1190 cm^-1  (      1.6224 THz )
      2     56.5922 cm^-1  (      1.6966 THz )
      3     78.6333 cm^-1  (      2.3574 THz )

 # Irred. k point  551 : (  0.0667,  0.4333, -0.4333)
   Mode, Frequency 
      1     53.9594 cm^-1  (      1.6177 THz )
      2     58.5183 cm^-1  (      1.7543 THz )
      3     78.3632 cm^-1  (      2.3493 THz )

 # Irred. k point  552 : (  0.0667,  0.4333, -0.4000)
   Mode, Frequency 
      1     53.4202 cm^-1  (      1.6015 THz )
      2     60.6236 cm^-1  (      1.8175 THz )
      3     77.5987 cm^-1  (      2.3264 THz )

 # Irred. k point  553 : (  0.0667,  0.4333, -0.3667)
   Mode, Frequency 
      1     52.5406 cm^-1  (      1.5751 THz )
      2     62.7179 cm^-1  (      1.8802 THz )
      3     76.4090 cm^-1  (      2.2907 THz )

 # Irred. k point  554 : (  0.0667,  0.4667, -0.4667)
   Mode, Frequency 
      1     54.7934 cm^-1  (      1.6427 THz )
      2     55.9346 cm^-1  (      1.6769 THz )
      3     79.6737 cm^-1  (      2.3886 THz )

 # Irred. k point  555 : (  0.0667,  0.4667, -0.4333)
   Mode, Frequency 
      1     54.7882 cm^-1  (      1.6425 THz )
      2     57.2086 cm^-1  (      1.7151 THz )
      3     79.4200 cm^-1  (      2.3810 THz )

 # Irred. k point  556 : (  0.0667,  0.4667, -0.4000)
   Mode, Frequency 
      1     54.2847 cm^-1  (      1.6274 THz )
      2     58.8634 cm^-1  (      1.7647 THz )
      3     78.7105 cm^-1  (      2.3597 THz )

 # Irred. k point  557 : (  0.0667, -0.5000, -0.4333)
   Mode, Frequency 
      1     55.1236 cm^-1  (      1.6526 THz )
      2     56.2287 cm^-1  (      1.6857 THz )
      3     80.1074 cm^-1  (      2.4016 THz )

 # Irred. k point  558 : (  0.1000,  0.2000,  0.3000)
   Mode, Frequency 
      1     28.1043 cm^-1  (      0.8425 THz )
      2     36.8543 cm^-1  (      1.1049 THz )
      3     53.3237 cm^-1  (      1.5986 THz )

 # Irred. k point  559 : (  0.1000,  0.2000,  0.3333)
   Mode, Frequency 
      1     30.0985 cm^-1  (      0.9023 THz )
      2     40.0634 cm^-1  (      1.2011 THz )
      3     57.6258 cm^-1  (      1.7276 THz )

 # Irred. k point  560 : (  0.1000,  0.2000,  0.3667)
   Mode, Frequency 
      1     32.2171 cm^-1  (      0.9658 THz )
      2     42.7647 cm^-1  (      1.2821 THz )
      3     61.8841 cm^-1  (      1.8552 THz )

 # Irred. k point  561 : (  0.1000,  0.2000,  0.4000)
   Mode, Frequency 
      1     34.3357 cm^-1  (      1.0294 THz )
      2     44.9968 cm^-1  (      1.3490 THz )
      3     65.9097 cm^-1  (      1.9759 THz )

 # Irred. k point  562 : (  0.1000,  0.2000,  0.4333)
   Mode, Frequency 
      1     36.3425 cm^-1  (      1.0895 THz )
      2     46.7998 cm^-1  (      1.4030 THz )
      3     69.5478 cm^-1  (      2.0850 THz )

 # Irred. k point  563 : (  0.1000,  0.2000,  0.4667)
   Mode, Frequency 
      1     38.1399 cm^-1  (      1.1434 THz )
      2     48.2082 cm^-1  (      1.4452 THz )
      3     72.6782 cm^-1  (      2.1788 THz )

 # Irred. k point  564 : (  0.1000,  0.2000, -0.5000)
   Mode, Frequency 
      1     39.6424 cm^-1  (      1.1884 THz )
      2     49.2533 cm^-1  (      1.4766 THz )
      3     75.2094 cm^-1  (      2.2547 THz )

 # Irred. k point  565 : (  0.1000,  0.2000, -0.4667)
   Mode, Frequency 
      1     40.7761 cm^-1  (      1.2224 THz )
      2     49.9655 cm^-1  (      1.4979 THz )
      3     77.0738 cm^-1  (      2.3106 THz )

 # Irred. k point  566 : (  0.1000,  0.2000, -0.4333)
   Mode, Frequency 
      1     41.4807 cm^-1  (      1.2436 THz )
      2     50.3740 cm^-1  (      1.5102 THz )
      3     78.2248 cm^-1  (      2.3451 THz )

 # Irred. k point  567 : (  0.1000,  0.2000, -0.4000)
   Mode, Frequency 
      1     41.7154 cm^-1  (      1.2506 THz )
      2     50.5005 cm^-1  (      1.5140 THz )
      3     78.6347 cm^-1  (      2.3574 THz )

 # Irred. k point  568 : (  0.1000,  0.2333,  0.3333)
   Mode, Frequency 
      1     33.1004 cm^-1  (      0.9923 THz )
      2     40.8757 cm^-1  (      1.2254 THz )
      3     58.2031 cm^-1  (      1.7449 THz )

 # Irred. k point  569 : (  0.1000,  0.2333,  0.3667)
   Mode, Frequency 
      1     34.8922 cm^-1  (      1.0460 THz )
      2     43.8749 cm^-1  (      1.3153 THz )
      3     61.9031 cm^-1  (      1.8558 THz )

 # Irred. k point  570 : (  0.1000,  0.2333,  0.4000)
   Mode, Frequency 
      1     36.7665 cm^-1  (      1.1022 THz )
      2     46.4135 cm^-1  (      1.3914 THz )
      3     65.4735 cm^-1  (      1.9628 THz )

 # Irred. k point  571 : (  0.1000,  0.2333,  0.4333)
   Mode, Frequency 
      1     38.5966 cm^-1  (      1.1571 THz )
      2     48.5229 cm^-1  (      1.4547 THz )
      3     68.7653 cm^-1  (      2.0615 THz )

 # Irred. k point  572 : (  0.1000,  0.2333,  0.4667)
   Mode, Frequency 
      1     40.2621 cm^-1  (      1.2070 THz )
      2     50.2438 cm^-1  (      1.5063 THz )
      3     71.6537 cm^-1  (      2.1481 THz )

 # Irred. k point  573 : (  0.1000,  0.2333, -0.5000)
   Mode, Frequency 
      1     41.6552 cm^-1  (      1.2488 THz )
      2     51.6161 cm^-1  (      1.5474 THz )
      3     74.0406 cm^-1  (      2.2197 THz )

 # Irred. k point  574 : (  0.1000,  0.2333, -0.4667)
   Mode, Frequency 
      1     42.6853 cm^-1  (      1.2797 THz )
      2     52.6740 cm^-1  (      1.5791 THz )
      3     75.8522 cm^-1  (      2.2740 THz )

 # Irred. k point  575 : (  0.1000,  0.2333, -0.4333)
   Mode, Frequency 
      1     43.2865 cm^-1  (      1.2977 THz )
      2     53.4393 cm^-1  (      1.6021 THz )
      3     77.0378 cm^-1  (      2.3095 THz )

 # Irred. k point  576 : (  0.1000,  0.2333, -0.4000)
   Mode, Frequency 
      1     43.4236 cm^-1  (      1.3018 THz )
      2     53.9157 cm^-1  (      1.6164 THz )
      3     77.5673 cm^-1  (      2.3254 THz )

 # Irred. k point  577 : (  0.1000,  0.2333, -0.3667)
   Mode, Frequency 
      1     43.0941 cm^-1  (      1.2919 THz )
      2     54.0870 cm^-1  (      1.6215 THz )
      3     77.4310 cm^-1  (      2.3213 THz )

 # Irred. k point  578 : (  0.1000,  0.2333, -0.3333)
   Mode, Frequency 
      1     42.3238 cm^-1  (      1.2688 THz )
      2     53.9209 cm^-1  (      1.6165 THz )
      3     76.6392 cm^-1  (      2.2976 THz )

 # Irred. k point  579 : (  0.1000,  0.2333, -0.3000)
   Mode, Frequency 
      1     41.1588 cm^-1  (      1.2339 THz )
      2     53.3767 cm^-1  (      1.6002 THz )
      3     75.2229 cm^-1  (      2.2551 THz )

 # Irred. k point  580 : (  0.1000,  0.2333, -0.2667)
   Mode, Frequency 
      1     39.6600 cm^-1  (      1.1890 THz )
      2     52.4101 cm^-1  (      1.5712 THz )
      3     73.2354 cm^-1  (      2.1955 THz )

 # Irred. k point  581 : (  0.1000,  0.2333, -0.2333)
   Mode, Frequency 
      1     37.8996 cm^-1  (      1.1362 THz )
      2     50.9767 cm^-1  (      1.5282 THz )
      3     70.7525 cm^-1  (      2.1211 THz )

 # Irred. k point  582 : (  0.1000,  0.2333, -0.2000)
   Mode, Frequency 
      1     35.9611 cm^-1  (      1.0781 THz )
      2     49.0334 cm^-1  (      1.4700 THz )
      3     67.8733 cm^-1  (      2.0348 THz )

 # Irred. k point  583 : (  0.1000,  0.2333, -0.1667)
   Mode, Frequency 
      1     33.9407 cm^-1  (      1.0175 THz )
      2     46.5437 cm^-1  (      1.3953 THz )
      3     64.7163 cm^-1  (      1.9401 THz )

 # Irred. k point  584 : (  0.1000,  0.2333, -0.1333)
   Mode, Frequency 
      1     31.9479 cm^-1  (      0.9578 THz )
      2     43.4909 cm^-1  (      1.3038 THz )
      3     61.4089 cm^-1  (      1.8410 THz )

 # Irred. k point  585 : (  0.1000,  0.2667,  0.3667)
   Mode, Frequency 
      1     37.8425 cm^-1  (      1.1345 THz )
      2     44.6071 cm^-1  (      1.3373 THz )
      3     62.7108 cm^-1  (      1.8800 THz )

 # Irred. k point  586 : (  0.1000,  0.2667,  0.4000)
   Mode, Frequency 
      1     39.4519 cm^-1  (      1.1827 THz )
      2     47.3926 cm^-1  (      1.4208 THz )
      3     65.7695 cm^-1  (      1.9717 THz )

 # Irred. k point  587 : (  0.1000,  0.2667,  0.4333)
   Mode, Frequency 
      1     41.0816 cm^-1  (      1.2316 THz )
      2     49.7994 cm^-1  (      1.4929 THz )
      3     68.6089 cm^-1  (      2.0568 THz )

 # Irred. k point  588 : (  0.1000,  0.2667,  0.4667)
   Mode, Frequency 
      1     42.5939 cm^-1  (      1.2769 THz )
      2     51.8594 cm^-1  (      1.5547 THz )
      3     71.1179 cm^-1  (      2.1321 THz )

 # Irred. k point  589 : (  0.1000,  0.2667, -0.5000)
   Mode, Frequency 
      1     43.8602 cm^-1  (      1.3149 THz )
      2     53.6095 cm^-1  (      1.6072 THz )
      3     73.2061 cm^-1  (      2.1947 THz )

 # Irred. k point  590 : (  0.1000,  0.2667, -0.4667)
   Mode, Frequency 
      1     44.7759 cm^-1  (      1.3423 THz )
      2     55.0762 cm^-1  (      1.6511 THz )
      3     74.8047 cm^-1  (      2.2426 THz )

 # Irred. k point  591 : (  0.1000,  0.2667, -0.4333)
   Mode, Frequency 
      1     45.2714 cm^-1  (      1.3572 THz )
      2     56.2636 cm^-1  (      1.6867 THz )
      3     75.8677 cm^-1  (      2.2745 THz )

 # Irred. k point  592 : (  0.1000,  0.2667, -0.4000)
   Mode, Frequency 
      1     45.3165 cm^-1  (      1.3586 THz )
      2     57.1485 cm^-1  (      1.7133 THz )
      3     76.3716 cm^-1  (      2.2896 THz )

 # Irred. k point  593 : (  0.1000,  0.2667, -0.3667)
   Mode, Frequency 
      1     44.9158 cm^-1  (      1.3465 THz )
      2     57.6842 cm^-1  (      1.7293 THz )
      3     76.3160 cm^-1  (      2.2879 THz )

 # Irred. k point  594 : (  0.1000,  0.2667, -0.3333)
   Mode, Frequency 
      1     44.0994 cm^-1  (      1.3221 THz )
      2     57.8084 cm^-1  (      1.7331 THz )
      3     75.7246 cm^-1  (      2.2702 THz )

 # Irred. k point  595 : (  0.1000,  0.2667, -0.3000)
   Mode, Frequency 
      1     42.9142 cm^-1  (      1.2865 THz )
      2     57.4508 cm^-1  (      1.7223 THz )
      3     74.6463 cm^-1  (      2.2378 THz )

 # Irred. k point  596 : (  0.1000,  0.2667, -0.2667)
   Mode, Frequency 
      1     41.4200 cm^-1  (      1.2417 THz )
      2     56.5396 cm^-1  (      1.6950 THz )
      3     73.1533 cm^-1  (      2.1931 THz )

 # Irred. k point  597 : (  0.1000,  0.2667, -0.2333)
   Mode, Frequency 
      1     39.6873 cm^-1  (      1.1898 THz )
      2     55.0104 cm^-1  (      1.6492 THz )
      3     71.3345 cm^-1  (      2.1386 THz )

 # Irred. k point  598 : (  0.1000,  0.2667, -0.2000)
   Mode, Frequency 
      1     37.7986 cm^-1  (      1.1332 THz )
      2     52.8217 cm^-1  (      1.5836 THz )
      3     69.2817 cm^-1  (      2.0770 THz )

 # Irred. k point  599 : (  0.1000,  0.2667, -0.1667)
   Mode, Frequency 
      1     35.8494 cm^-1  (      1.0747 THz )
      2     49.9742 cm^-1  (      1.4982 THz )
      3     67.0703 cm^-1  (      2.0107 THz )

 # Irred. k point  600 : (  0.1000,  0.3000,  0.4000)
   Mode, Frequency 
      1     42.1734 cm^-1  (      1.2643 THz )
      2     47.9719 cm^-1  (      1.4382 THz )
      3     66.7809 cm^-1  (      2.0020 THz )

 # Irred. k point  601 : (  0.1000,  0.3000,  0.4333)
   Mode, Frequency 
      1     43.5997 cm^-1  (      1.3071 THz )
      2     50.5467 cm^-1  (      1.5154 THz )
      3     69.1743 cm^-1  (      2.0738 THz )

 # Irred. k point  602 : (  0.1000,  0.3000,  0.4667)
   Mode, Frequency 
      1     44.9580 cm^-1  (      1.3478 THz )
      2     52.8654 cm^-1  (      1.5849 THz )
      3     71.2574 cm^-1  (      2.1362 THz )

 # Irred. k point  603 : (  0.1000,  0.3000, -0.5000)
   Mode, Frequency 
      1     46.1009 cm^-1  (      1.3821 THz )
      2     54.9636 cm^-1  (      1.6478 THz )
      3     72.9514 cm^-1  (      2.1870 THz )

 # Irred. k point  604 : (  0.1000,  0.3000, -0.4667)
   Mode, Frequency 
      1     46.9091 cm^-1  (      1.4063 THz )
      2     56.8574 cm^-1  (      1.7045 THz )
      3     74.1996 cm^-1  (      2.2244 THz )

 # Irred. k point  605 : (  0.1000,  0.3000, -0.4333)
   Mode, Frequency 
      1     47.3091 cm^-1  (      1.4183 THz )
      2     58.5269 cm^-1  (      1.7546 THz )
      3     74.9690 cm^-1  (      2.2475 THz )

 # Irred. k point  606 : (  0.1000,  0.3000, -0.4000)
   Mode, Frequency 
      1     47.2743 cm^-1  (      1.4172 THz )
      2     59.9122 cm^-1  (      1.7961 THz )
      3     75.2547 cm^-1  (      2.2561 THz )

 # Irred. k point  607 : (  0.1000,  0.3000, -0.3667)
   Mode, Frequency 
      1     46.8133 cm^-1  (      1.4034 THz )
      2     60.9197 cm^-1  (      1.8263 THz )
      3     75.0848 cm^-1  (      2.2510 THz )

 # Irred. k point  608 : (  0.1000,  0.3000, -0.3333)
   Mode, Frequency 
      1     45.9580 cm^-1  (      1.3778 THz )
      2     61.4278 cm^-1  (      1.8416 THz )
      3     74.5275 cm^-1  (      2.2343 THz )

 # Irred. k point  609 : (  0.1000,  0.3000, -0.3000)
   Mode, Frequency 
      1     44.7549 cm^-1  (      1.3417 THz )
      2     61.2948 cm^-1  (      1.8376 THz )
      3     73.6916 cm^-1  (      2.2092 THz )

 # Irred. k point  610 : (  0.1000,  0.3000, -0.2667)
   Mode, Frequency 
      1     43.2624 cm^-1  (      1.2970 THz )
      2     60.3858 cm^-1  (      1.8103 THz )
      3     72.7027 cm^-1  (      2.1796 THz )

 # Irred. k point  611 : (  0.1000,  0.3000, -0.2333)
   Mode, Frequency 
      1     41.5500 cm^-1  (      1.2456 THz )
      2     58.6295 cm^-1  (      1.7577 THz )
      3     71.6488 cm^-1  (      2.1480 THz )

 # Irred. k point  612 : (  0.1000,  0.3000, -0.2000)
   Mode, Frequency 
      1     39.6992 cm^-1  (      1.1902 THz )
      2     56.0600 cm^-1  (      1.6806 THz )
      3     70.5380 cm^-1  (      2.1147 THz )

 # Irred. k point  613 : (  0.1000,  0.3333,  0.4333)
   Mode, Frequency 
      1     45.9828 cm^-1  (      1.3785 THz )
      2     50.9108 cm^-1  (      1.5263 THz )
      3     70.3506 cm^-1  (      2.1091 THz )

 # Irred. k point  614 : (  0.1000,  0.3333,  0.4667)
   Mode, Frequency 
      1     47.2050 cm^-1  (      1.4152 THz )
      2     53.2814 cm^-1  (      1.5973 THz )
      3     72.0748 cm^-1  (      2.1607 THz )

 # Irred. k point  615 : (  0.1000,  0.3333, -0.5000)
   Mode, Frequency 
      1     48.2449 cm^-1  (      1.4463 THz )
      2     55.5561 cm^-1  (      1.6655 THz )
      3     73.4024 cm^-1  (      2.2005 THz )

 # Irred. k point  616 : (  0.1000,  0.3333, -0.4667)
   Mode, Frequency 
      1     48.9661 cm^-1  (      1.4680 THz )
      2     57.7618 cm^-1  (      1.7317 THz )
      3     74.2771 cm^-1  (      2.2268 THz )

 # Irred. k point  617 : (  0.1000,  0.3333, -0.4333)
   Mode, Frequency 
      1     49.2894 cm^-1  (      1.4777 THz )
      2     59.8726 cm^-1  (      1.7949 THz )
      3     74.6667 cm^-1  (      2.2385 THz )

 # Irred. k point  618 : (  0.1000,  0.3333, -0.4000)
   Mode, Frequency 
      1     49.1903 cm^-1  (      1.4747 THz )
      2     61.8089 cm^-1  (      1.8530 THz )
      3     74.5703 cm^-1  (      2.2356 THz )

 # Irred. k point  619 : (  0.1000,  0.3333, -0.3667)
   Mode, Frequency 
      1     48.6806 cm^-1  (      1.4594 THz )
      2     63.4401 cm^-1  (      1.9019 THz )
      3     74.0362 cm^-1  (      2.2196 THz )

 # Irred. k point  620 : (  0.1000,  0.3333, -0.3333)
   Mode, Frequency 
      1     47.7931 cm^-1  (      1.4328 THz )
      2     64.5561 cm^-1  (      1.9353 THz )
      3     73.2069 cm^-1  (      2.1947 THz )

 # Irred. k point  621 : (  0.1000,  0.3333, -0.3000)
   Mode, Frequency 
      1     46.5740 cm^-1  (      1.3963 THz )
      2     64.8076 cm^-1  (      1.9429 THz )
      3     72.3865 cm^-1  (      2.1701 THz )

 # Irred. k point  622 : (  0.1000,  0.3333, -0.2667)
   Mode, Frequency 
      1     45.0803 cm^-1  (      1.3515 THz )
      2     63.8248 cm^-1  (      1.9134 THz )
      3     71.9253 cm^-1  (      2.1563 THz )

 # Irred. k point  623 : (  0.1000,  0.3333, -0.2333)
   Mode, Frequency 
      1     43.3804 cm^-1  (      1.3005 THz )
      2     61.6410 cm^-1  (      1.8480 THz )
      3     71.7970 cm^-1  (      2.1524 THz )

 # Irred. k point  624 : (  0.1000,  0.3667,  0.4667)
   Mode, Frequency 
      1     49.1902 cm^-1  (      1.4747 THz )
      2     53.3767 cm^-1  (      1.6002 THz )
      3     73.3619 cm^-1  (      2.1993 THz )

 # Irred. k point  625 : (  0.1000,  0.3667, -0.5000)
   Mode, Frequency 
      1     50.1719 cm^-1  (      1.5041 THz )
      2     55.5490 cm^-1  (      1.6653 THz )
      3     74.4364 cm^-1  (      2.2315 THz )

 # Irred. k point  626 : (  0.1000,  0.3667, -0.4667)
   Mode, Frequency 
      1     50.8434 cm^-1  (      1.5242 THz )
      2     57.8011 cm^-1  (      1.7328 THz )
      3     75.0439 cm^-1  (      2.2498 THz )

 # Irred. k point  627 : (  0.1000,  0.3667, -0.4333)
   Mode, Frequency 
      1     51.1169 cm^-1  (      1.5324 THz )
      2     60.1222 cm^-1  (      1.8024 THz )
      3     75.1409 cm^-1  (      2.2527 THz )

 # Irred. k point  628 : (  0.1000,  0.3667, -0.4000)
   Mode, Frequency 
      1     50.9720 cm^-1  (      1.5281 THz )
      2     62.4413 cm^-1  (      1.8719 THz )
      3     74.7044 cm^-1  (      2.2396 THz )

 # Irred. k point  629 : (  0.1000,  0.3667, -0.3667)
   Mode, Frequency 
      1     50.4256 cm^-1  (      1.5117 THz )
      2     64.6564 cm^-1  (      1.9384 THz )
      3     73.7371 cm^-1  (      2.2106 THz )

 # Irred. k point  630 : (  0.1000,  0.3667, -0.3333)
   Mode, Frequency 
      1     49.5124 cm^-1  (      1.4843 THz )
      2     66.6219 cm^-1  (      1.9973 THz )
      3     72.3016 cm^-1  (      2.1675 THz )

 # Irred. k point  631 : (  0.1000,  0.3667, -0.3000)
   Mode, Frequency 
      1     48.2784 cm^-1  (      1.4474 THz )
      2     67.8502 cm^-1  (      2.0341 THz )
      3     70.8275 cm^-1  (      2.1234 THz )

 # Irred. k point  632 : (  0.1000,  0.3667, -0.2667)
   Mode, Frequency 
      1     46.7800 cm^-1  (      1.4024 THz )
      2     66.6185 cm^-1  (      1.9972 THz )
      3     71.0068 cm^-1  (      2.1287 THz )

 # Irred. k point  633 : (  0.1000,  0.4000, -0.5000)
   Mode, Frequency 
      1     51.7371 cm^-1  (      1.5510 THz )
      2     55.3325 cm^-1  (      1.6588 THz )
      3     75.7638 cm^-1  (      2.2713 THz )

 # Irred. k point  634 : (  0.1000,  0.4000, -0.4667)
   Mode, Frequency 
      1     52.4346 cm^-1  (      1.5719 THz )
      2     57.3048 cm^-1  (      1.7180 THz )
      3     76.2331 cm^-1  (      2.2854 THz )

 # Irred. k point  635 : (  0.1000,  0.4000, -0.4333)
   Mode, Frequency 
      1     52.7048 cm^-1  (      1.5800 THz )
      2     59.5086 cm^-1  (      1.7840 THz )
      3     76.1965 cm^-1  (      2.2843 THz )

 # Irred. k point  636 : (  0.1000,  0.4000, -0.4000)
   Mode, Frequency 
      1     52.5395 cm^-1  (      1.5751 THz )
      2     61.8601 cm^-1  (      1.8545 THz )
      3     75.6281 cm^-1  (      2.2673 THz )

 # Irred. k point  637 : (  0.1000,  0.4000, -0.3667)
   Mode, Frequency 
      1     51.9699 cm^-1  (      1.5580 THz )
      2     64.2440 cm^-1  (      1.9260 THz )
      3     74.5207 cm^-1  (      2.2341 THz )

 # Irred. k point  638 : (  0.1000,  0.4000, -0.3333)
   Mode, Frequency 
      1     51.0371 cm^-1  (      1.5301 THz )
      2     66.5395 cm^-1  (      1.9948 THz )
      3     72.8944 cm^-1  (      2.1853 THz )

 # Irred. k point  639 : (  0.1000,  0.4000, -0.3000)
   Mode, Frequency 
      1     49.7889 cm^-1  (      1.4926 THz )
      2     68.5093 cm^-1  (      2.0539 THz )
      3     70.9141 cm^-1  (      2.1260 THz )

 # Irred. k point  640 : (  0.1000,  0.4333, -0.4667)
   Mode, Frequency 
      1     53.5820 cm^-1  (      1.6063 THz )
      2     56.7500 cm^-1  (      1.7013 THz )
      3     77.5144 cm^-1  (      2.3238 THz )

 # Irred. k point  641 : (  0.1000,  0.4333, -0.4333)
   Mode, Frequency 
      1     53.9547 cm^-1  (      1.6175 THz )
      2     58.5057 cm^-1  (      1.7540 THz )
      3     77.4464 cm^-1  (      2.3218 THz )

 # Irred. k point  642 : (  0.1000,  0.4333, -0.4000)
   Mode, Frequency 
      1     53.8178 cm^-1  (      1.6134 THz )
      2     60.5795 cm^-1  (      1.8161 THz )
      3     76.8837 cm^-1  (      2.3049 THz )

 # Irred. k point  643 : (  0.1000,  0.4333, -0.3667)
   Mode, Frequency 
      1     53.2454 cm^-1  (      1.5963 THz )
      2     62.7820 cm^-1  (      1.8822 THz )
      3     75.8477 cm^-1  (      2.2739 THz )

 # Irred. k point  644 : (  0.1000,  0.4333, -0.3333)
   Mode, Frequency 
      1     52.3006 cm^-1  (      1.5679 THz )
      2     64.8885 cm^-1  (      1.9453 THz )
      3     74.4322 cm^-1  (      2.2314 THz )

 # Irred. k point  645 : (  0.1000,  0.4667, -0.4333)
   Mode, Frequency 
      1     54.6974 cm^-1  (      1.6398 THz )
      2     57.6087 cm^-1  (      1.7271 THz )
      3     78.5826 cm^-1  (      2.3558 THz )

 # Irred. k point  646 : (  0.1000,  0.4667, -0.4000)
   Mode, Frequency 
      1     54.7157 cm^-1  (      1.6403 THz )
      2     59.1142 cm^-1  (      1.7722 THz )
      3     78.0647 cm^-1  (      2.3403 THz )

 # Irred. k point  647 : (  0.1000,  0.4667, -0.3667)
   Mode, Frequency 
      1     54.1868 cm^-1  (      1.6245 THz )
      2     60.9374 cm^-1  (      1.8269 THz )
      3     77.1263 cm^-1  (      2.3122 THz )

 # Irred. k point  648 : (  0.1000, -0.5000, -0.4000)
   Mode, Frequency 
      1     55.0679 cm^-1  (      1.6509 THz )
      2     57.8961 cm^-1  (      1.7357 THz )
      3     78.9492 cm^-1  (      2.3668 THz )

 # Irred. k point  649 : (  0.1333,  0.2667,  0.4000)
   Mode, Frequency 
      1     36.5703 cm^-1  (      1.0963 THz )
      2     47.1942 cm^-1  (      1.4148 THz )
      3     64.7064 cm^-1  (      1.9398 THz )

 # Irred. k point  650 : (  0.1333,  0.2667,  0.4333)
   Mode, Frequency 
      1     38.3613 cm^-1  (      1.1500 THz )
      2     50.0643 cm^-1  (      1.5009 THz )
      3     67.3839 cm^-1  (      2.0201 THz )

 # Irred. k point  651 : (  0.1333,  0.2667,  0.4667)
   Mode, Frequency 
      1     40.1354 cm^-1  (      1.2032 THz )
      2     52.4020 cm^-1  (      1.5710 THz )
      3     69.8742 cm^-1  (      2.0948 THz )

 # Irred. k point  652 : (  0.1333,  0.2667, -0.5000)
   Mode, Frequency 
      1     41.7750 cm^-1  (      1.2524 THz )
      2     54.2227 cm^-1  (      1.6256 THz )
      3     72.0820 cm^-1  (      2.1610 THz )

 # Irred. k point  653 : (  0.1333,  0.2667, -0.4667)
   Mode, Frequency 
      1     43.1753 cm^-1  (      1.2944 THz )
      2     55.5640 cm^-1  (      1.6658 THz )
      3     73.9159 cm^-1  (      2.2159 THz )

 # Irred. k point  654 : (  0.1333,  0.2667, -0.4333)
   Mode, Frequency 
      1     44.2463 cm^-1  (      1.3265 THz )
      2     56.4712 cm^-1  (      1.6930 THz )
      3     75.2986 cm^-1  (      2.2574 THz )

 # Irred. k point  655 : (  0.1333,  0.2667, -0.4000)
   Mode, Frequency 
      1     44.9174 cm^-1  (      1.3466 THz )
      2     56.9866 cm^-1  (      1.7084 THz )
      3     76.1723 cm^-1  (      2.2836 THz )

 # Irred. k point  656 : (  0.1333,  0.2667, -0.3667)
   Mode, Frequency 
      1     45.1429 cm^-1  (      1.3534 THz )
      2     57.1401 cm^-1  (      1.7130 THz )
      3     76.5015 cm^-1  (      2.2935 THz )

 # Irred. k point  657 : (  0.1333,  0.3000,  0.4333)
   Mode, Frequency 
      1     40.9684 cm^-1  (      1.2282 THz )
      2     50.4270 cm^-1  (      1.5118 THz )
      3     68.0165 cm^-1  (      2.0391 THz )

 # Irred. k point  658 : (  0.1333,  0.3000,  0.4667)
   Mode, Frequency 
      1     42.5455 cm^-1  (      1.2755 THz )
      2     53.0939 cm^-1  (      1.5917 THz )
      3     70.0370 cm^-1  (      2.0997 THz )

 # Irred. k point  659 : (  0.1333,  0.3000, -0.5000)
   Mode, Frequency 
      1     44.0412 cm^-1  (      1.3203 THz )
      2     55.3254 cm^-1  (      1.6586 THz )
      3     71.7973 cm^-1  (      2.1524 THz )

 # Irred. k point  660 : (  0.1333,  0.3000, -0.4667)
   Mode, Frequency 
      1     45.3284 cm^-1  (      1.3589 THz )
      2     57.1319 cm^-1  (      1.7128 THz )
      3     73.2402 cm^-1  (      2.1957 THz )

 # Irred. k point  661 : (  0.1333,  0.3000, -0.4333)
   Mode, Frequency 
      1     46.2990 cm^-1  (      1.3880 THz )
      2     58.5326 cm^-1  (      1.7548 THz )
      3     74.3170 cm^-1  (      2.2280 THz )

 # Irred. k point  662 : (  0.1333,  0.3000, -0.4000)
   Mode, Frequency 
      1     46.8727 cm^-1  (      1.4052 THz )
      2     59.5402 cm^-1  (      1.7850 THz )
      3     74.9931 cm^-1  (      2.2482 THz )

 # Irred. k point  663 : (  0.1333,  0.3000, -0.3667)
   Mode, Frequency 
      1     47.0042 cm^-1  (      1.4092 THz )
      2     60.1491 cm^-1  (      1.8032 THz )
      3     75.2531 cm^-1  (      2.2560 THz )

 # Irred. k point  664 : (  0.1333,  0.3000, -0.3333)
   Mode, Frequency 
      1     46.6858 cm^-1  (      1.3996 THz )
      2     60.3296 cm^-1  (      1.8086 THz )
      3     75.1038 cm^-1  (      2.2516 THz )

 # Irred. k point  665 : (  0.1333,  0.3000, -0.3000)
   Mode, Frequency 
      1     45.9433 cm^-1  (      1.3773 THz )
      2     60.0310 cm^-1  (      1.7997 THz )
      3     74.5742 cm^-1  (      2.2357 THz )

 # Irred. k point  666 : (  0.1333,  0.3000, -0.2667)
   Mode, Frequency 
      1     44.8296 cm^-1  (      1.3440 THz )
      2     59.1935 cm^-1  (      1.7746 THz )
      3     73.7110 cm^-1  (      2.2098 THz )

 # Irred. k point  667 : (  0.1333,  0.3000, -0.2333)
   Mode, Frequency 
      1     43.4181 cm^-1  (      1.3016 THz )
      2     57.7652 cm^-1  (      1.7318 THz )
      3     72.5684 cm^-1  (      2.1755 THz )

 # Irred. k point  668 : (  0.1333,  0.3000, -0.2000)
   Mode, Frequency 
      1     41.7984 cm^-1  (      1.2531 THz )
      2     55.7205 cm^-1  (      1.6705 THz )
      3     71.1944 cm^-1  (      2.1344 THz )

 # Irred. k point  669 : (  0.1333,  0.3000, -0.1667)
   Mode, Frequency 
      1     40.0739 cm^-1  (      1.2014 THz )
      2     53.0730 cm^-1  (      1.5911 THz )
      3     69.6218 cm^-1  (      2.0872 THz )

 # Irred. k point  670 : (  0.1333,  0.3333,  0.4667)
   Mode, Frequency 
      1     44.9675 cm^-1  (      1.3481 THz )
      2     53.2661 cm^-1  (      1.5969 THz )
      3     70.8516 cm^-1  (      2.1241 THz )

 # Irred. k point  671 : (  0.1333,  0.3333, -0.5000)
   Mode, Frequency 
      1     46.3200 cm^-1  (      1.3886 THz )
      2     55.7348 cm^-1  (      1.6709 THz )
      3     72.2081 cm^-1  (      2.1647 THz )

 # Irred. k point  672 : (  0.1333,  0.3333, -0.4667)
   Mode, Frequency 
      1     47.4991 cm^-1  (      1.4240 THz )
      2     57.9121 cm^-1  (      1.7362 THz )
      3     73.2269 cm^-1  (      2.1953 THz )

 # Irred. k point  673 : (  0.1333,  0.3333, -0.4333)
   Mode, Frequency 
      1     48.3759 cm^-1  (      1.4503 THz )
      2     59.8040 cm^-1  (      1.7929 THz )
      3     73.8807 cm^-1  (      2.2149 THz )

 # Irred. k point  674 : (  0.1333,  0.3333, -0.4000)
   Mode, Frequency 
      1     48.8592 cm^-1  (      1.4648 THz )
      2     61.3901 cm^-1  (      1.8404 THz )
      3     74.1648 cm^-1  (      2.2234 THz )

 # Irred. k point  675 : (  0.1333,  0.3333, -0.3667)
   Mode, Frequency 
      1     48.9043 cm^-1  (      1.4661 THz )
      2     62.6054 cm^-1  (      1.8769 THz )
      3     74.1084 cm^-1  (      2.2217 THz )

 # Irred. k point  676 : (  0.1333,  0.3333, -0.3333)
   Mode, Frequency 
      1     48.5097 cm^-1  (      1.4543 THz )
      2     63.3303 cm^-1  (      1.8986 THz )
      3     73.7873 cm^-1  (      2.2121 THz )

 # Irred. k point  677 : (  0.1333,  0.3333, -0.3000)
   Mode, Frequency 
      1     47.7077 cm^-1  (      1.4302 THz )
      2     63.4000 cm^-1  (      1.9007 THz )
      3     73.3253 cm^-1  (      2.1982 THz )

 # Irred. k point  678 : (  0.1333,  0.3333, -0.2667)
   Mode, Frequency 
      1     46.5547 cm^-1  (      1.3957 THz )
      2     62.6617 cm^-1  (      1.8785 THz )
      3     72.8467 cm^-1  (      2.1839 THz )

 # Irred. k point  679 : (  0.1333,  0.3333, -0.2333)
   Mode, Frequency 
      1     45.1248 cm^-1  (      1.3528 THz )
      2     61.0682 cm^-1  (      1.8308 THz )
      3     72.3887 cm^-1  (      2.1702 THz )

 # Irred. k point  680 : (  0.1333,  0.3333, -0.2000)
   Mode, Frequency 
      1     43.5069 cm^-1  (      1.3043 THz )
      2     58.7010 cm^-1  (      1.7598 THz )
      3     71.8835 cm^-1  (      2.1550 THz )

 # Irred. k point  681 : (  0.1333,  0.3667, -0.5000)
   Mode, Frequency 
      1     48.4276 cm^-1  (      1.4518 THz )
      2     55.6578 cm^-1  (      1.6686 THz )
      3     73.1865 cm^-1  (      2.1941 THz )

 # Irred. k point  682 : (  0.1333,  0.3667, -0.4667)
   Mode, Frequency 
      1     49.5277 cm^-1  (      1.4848 THz )
      2     57.9360 cm^-1  (      1.7369 THz )
      3     73.8972 cm^-1  (      2.2154 THz )

 # Irred. k point  683 : (  0.1333,  0.3667, -0.4333)
   Mode, Frequency 
      1     50.3379 cm^-1  (      1.5091 THz )
      2     60.1059 cm^-1  (      1.8019 THz )
      3     74.1951 cm^-1  (      2.2243 THz )

 # Irred. k point  684 : (  0.1333,  0.3667, -0.4000)
   Mode, Frequency 
      1     50.7525 cm^-1  (      1.5215 THz )
      2     62.1616 cm^-1  (      1.8636 THz )
      3     74.0653 cm^-1  (      2.2204 THz )

 # Irred. k point  685 : (  0.1333,  0.3667, -0.3667)
   Mode, Frequency 
      1     50.7265 cm^-1  (      1.5207 THz )
      2     64.0343 cm^-1  (      1.9197 THz )
      3     73.5276 cm^-1  (      2.2043 THz )

 # Irred. k point  686 : (  0.1333,  0.3667, -0.3333)
   Mode, Frequency 
      1     50.2656 cm^-1  (      1.5069 THz )
      2     65.5584 cm^-1  (      1.9654 THz )
      3     72.6833 cm^-1  (      2.1790 THz )

 # Irred. k point  687 : (  0.1333,  0.3667, -0.3000)
   Mode, Frequency 
      1     49.4083 cm^-1  (      1.4812 THz )
      2     66.3464 cm^-1  (      1.9890 THz )
      3     71.8593 cm^-1  (      2.1543 THz )

 # Irred. k point  688 : (  0.1333,  0.3667, -0.2667)
   Mode, Frequency 
      1     48.2142 cm^-1  (      1.4454 THz )
      2     65.7641 cm^-1  (      1.9716 THz )
      3     71.6451 cm^-1  (      2.1479 THz )

 # Irred. k point  689 : (  0.1333,  0.3667, -0.2333)
   Mode, Frequency 
      1     46.7581 cm^-1  (      1.4018 THz )
      2     63.8165 cm^-1  (      1.9132 THz )
      3     72.0136 cm^-1  (      2.1589 THz )

 # Irred. k point  690 : (  0.1333,  0.4000, -0.4667)
   Mode, Frequency 
      1     51.2375 cm^-1  (      1.5361 THz )
      2     57.5602 cm^-1  (      1.7256 THz )
      3     75.0073 cm^-1  (      2.2487 THz )

 # Irred. k point  691 : (  0.1333,  0.4000, -0.4333)
   Mode, Frequency 
      1     52.0419 cm^-1  (      1.5602 THz )
      2     59.6508 cm^-1  (      1.7883 THz )
      3     75.1223 cm^-1  (      2.2521 THz )

 # Irred. k point  692 : (  0.1333,  0.4000, -0.4000)
   Mode, Frequency 
      1     52.4325 cm^-1  (      1.5719 THz )
      2     61.8209 cm^-1  (      1.8533 THz )
      3     74.7712 cm^-1  (      2.2416 THz )

 # Irred. k point  693 : (  0.1333,  0.4000, -0.3667)
   Mode, Frequency 
      1     52.3632 cm^-1  (      1.5698 THz )
      2     64.0297 cm^-1  (      1.9196 THz )
      3     73.9373 cm^-1  (      2.2166 THz )

 # Irred. k point  694 : (  0.1333,  0.4000, -0.3333)
   Mode, Frequency 
      1     51.8508 cm^-1  (      1.5544 THz )
      2     66.1903 cm^-1  (      1.9843 THz )
      3     72.6199 cm^-1  (      2.1771 THz )

 # Irred. k point  695 : (  0.1333,  0.4000, -0.3000)
   Mode, Frequency 
      1     50.9439 cm^-1  (      1.5273 THz )
      2     68.1741 cm^-1  (      2.0438 THz )
      3     70.8639 cm^-1  (      2.1244 THz )

 # Irred. k point  696 : (  0.1333,  0.4000, -0.2667)
   Mode, Frequency 
      1     49.7069 cm^-1  (      1.4902 THz )
      2     68.3162 cm^-1  (      2.0481 THz )
      3     70.2715 cm^-1  (      2.1067 THz )

 # Irred. k point  697 : (  0.1333,  0.4333, -0.4333)
   Mode, Frequency 
      1     53.3091 cm^-1  (      1.5982 THz )
      2     58.9413 cm^-1  (      1.7670 THz )
      3     76.3096 cm^-1  (      2.2877 THz )

 # Irred. k point  698 : (  0.1333,  0.4333, -0.4000)
   Mode, Frequency 
      1     53.7671 cm^-1  (      1.6119 THz )
      2     60.8319 cm^-1  (      1.8237 THz )
      3     75.9157 cm^-1  (      2.2759 THz )

 # Irred. k point  699 : (  0.1333,  0.4333, -0.3667)
   Mode, Frequency 
      1     53.7086 cm^-1  (      1.6101 THz )
      2     62.9315 cm^-1  (      1.8866 THz )
      3     75.0582 cm^-1  (      2.2502 THz )

 # Irred. k point  700 : (  0.1333,  0.4333, -0.3333)
   Mode, Frequency 
      1     53.1712 cm^-1  (      1.5940 THz )
      2     65.1029 cm^-1  (      1.9517 THz )
      3     73.7577 cm^-1  (      2.2112 THz )

 # Irred. k point  701 : (  0.1333,  0.4333, -0.3000)
   Mode, Frequency 
      1     52.2245 cm^-1  (      1.5657 THz )
      2     67.1159 cm^-1  (      2.0121 THz )
      3     72.1277 cm^-1  (      2.1623 THz )

 # Irred. k point  702 : (  0.1333,  0.4667, -0.4000)
   Mode, Frequency 
      1     54.5767 cm^-1  (      1.6362 THz )
      2     59.7789 cm^-1  (      1.7921 THz )
      3     77.0953 cm^-1  (      2.3113 THz )

 # Irred. k point  703 : (  0.1333,  0.4667, -0.3667)
   Mode, Frequency 
      1     54.6414 cm^-1  (      1.6381 THz )
      2     61.4337 cm^-1  (      1.8417 THz )
      3     76.3125 cm^-1  (      2.2878 THz )

 # Irred. k point  704 : (  0.1333,  0.4667, -0.3333)
   Mode, Frequency 
      1     54.1343 cm^-1  (      1.6229 THz )
      2     63.3094 cm^-1  (      1.8980 THz )
      3     75.1603 cm^-1  (      2.2532 THz )

 # Irred. k point  705 : (  0.1333, -0.5000, -0.3667)
   Mode, Frequency 
      1     54.9997 cm^-1  (      1.6488 THz )
      2     60.0591 cm^-1  (      1.8005 THz )
      3     77.3681 cm^-1  (      2.3194 THz )

 # Irred. k point  706 : (  0.1667,  0.3333, -0.5000)
   Mode, Frequency 
      1     44.0927 cm^-1  (      1.3219 THz )
      2     55.9772 cm^-1  (      1.6782 THz )
      3     71.2394 cm^-1  (      2.1357 THz )

 # Irred. k point  707 : (  0.1667,  0.3333, -0.4667)
   Mode, Frequency 
      1     45.5923 cm^-1  (      1.3668 THz )
      2     58.4451 cm^-1  (      1.7521 THz )
      3     72.1915 cm^-1  (      2.1642 THz )

 # Irred. k point  708 : (  0.1667,  0.3333, -0.4333)
   Mode, Frequency 
      1     46.9129 cm^-1  (      1.4064 THz )
      2     60.3912 cm^-1  (      1.8105 THz )
      3     72.9291 cm^-1  (      2.1864 THz )

 # Irred. k point  709 : (  0.1667,  0.3333, -0.4000)
   Mode, Frequency 
      1     47.9440 cm^-1  (      1.4373 THz )
      2     61.7816 cm^-1  (      1.8522 THz )
      3     73.4680 cm^-1  (      2.2025 THz )

 # Irred. k point  710 : (  0.1667,  0.3333, -0.3667)
   Mode, Frequency 
      1     48.5986 cm^-1  (      1.4570 THz )
      2     62.5994 cm^-1  (      1.8767 THz )
      3     73.8206 cm^-1  (      2.2131 THz )

 # Irred. k point  711 : (  0.1667,  0.3333, -0.3333)
   Mode, Frequency 
      1     48.8209 cm^-1  (      1.4636 THz )
      2     62.8422 cm^-1  (      1.8840 THz )
      3     73.9902 cm^-1  (      2.2182 THz )

 # Irred. k point  712 : (  0.1667,  0.3667, -0.4667)
   Mode, Frequency 
      1     47.6934 cm^-1  (      1.4298 THz )
      2     58.2922 cm^-1  (      1.7476 THz )
      3     72.8594 cm^-1  (      2.1843 THz )

 # Irred. k point  713 : (  0.1667,  0.3667, -0.4333)
   Mode, Frequency 
      1     48.9321 cm^-1  (      1.4669 THz )
      2     60.5771 cm^-1  (      1.8161 THz )
      3     73.1847 cm^-1  (      2.1940 THz )

 # Irred. k point  714 : (  0.1667,  0.3667, -0.4000)
   Mode, Frequency 
      1     49.8942 cm^-1  (      1.4958 THz )
      2     62.5115 cm^-1  (      1.8740 THz )
      3     73.2272 cm^-1  (      2.1953 THz )

 # Irred. k point  715 : (  0.1667,  0.3667, -0.3667)
   Mode, Frequency 
      1     50.4749 cm^-1  (      1.5132 THz )
      2     64.0381 cm^-1  (      1.9198 THz )
      3     73.0434 cm^-1  (      2.1898 THz )

 # Irred. k point  716 : (  0.1667,  0.3667, -0.3333)
   Mode, Frequency 
      1     50.6132 cm^-1  (      1.5173 THz )
      2     65.0285 cm^-1  (      1.9495 THz )
      3     72.7534 cm^-1  (      2.1811 THz )

 # Irred. k point  717 : (  0.1667,  0.3667, -0.3000)
   Mode, Frequency 
      1     50.2964 cm^-1  (      1.5078 THz )
      2     65.2744 cm^-1  (      1.9569 THz )
      3     72.5456 cm^-1  (      2.1749 THz )

 # Irred. k point  718 : (  0.1667,  0.3667, -0.2667)
   Mode, Frequency 
      1     49.5560 cm^-1  (      1.4857 THz )
      2     64.6184 cm^-1  (      1.9372 THz )
      3     72.5508 cm^-1  (      2.1750 THz )

 # Irred. k point  719 : (  0.1667,  0.3667, -0.2333)
   Mode, Frequency 
      1     48.4588 cm^-1  (      1.4528 THz )
      2     63.1170 cm^-1  (      1.8922 THz )
      3     72.6876 cm^-1  (      2.1791 THz )

 # Irred. k point  720 : (  0.1667,  0.3667, -0.2000)
   Mode, Frequency 
      1     47.0982 cm^-1  (      1.4120 THz )
      2     60.9425 cm^-1  (      1.8270 THz )
      3     72.7698 cm^-1  (      2.1816 THz )

 # Irred. k point  721 : (  0.1667,  0.4000, -0.4333)
   Mode, Frequency 
      1     50.7181 cm^-1  (      1.5205 THz )
      2     60.1388 cm^-1  (      1.8029 THz )
      3     74.0352 cm^-1  (      2.2195 THz )

 # Irred. k point  722 : (  0.1667,  0.4000, -0.4000)
   Mode, Frequency 
      1     51.6524 cm^-1  (      1.5485 THz )
      2     62.2518 cm^-1  (      1.8663 THz )
      3     73.7849 cm^-1  (      2.2120 THz )

 # Irred. k point  723 : (  0.1667,  0.4000, -0.3667)
   Mode, Frequency 
      1     52.1911 cm^-1  (      1.5647 THz )
      2     64.2358 cm^-1  (      1.9257 THz )
      3     73.1737 cm^-1  (      2.1937 THz )

 # Irred. k point  724 : (  0.1667,  0.4000, -0.3333)
   Mode, Frequency 
      1     52.2652 cm^-1  (      1.5669 THz )
      2     66.0293 cm^-1  (      1.9795 THz )
      3     72.2498 cm^-1  (      2.1660 THz )

 # Irred. k point  725 : (  0.1667,  0.4000, -0.3000)
   Mode, Frequency 
      1     51.8696 cm^-1  (      1.5550 THz )
      2     67.3582 cm^-1  (      2.0193 THz )
      3     71.2458 cm^-1  (      2.1359 THz )

 # Irred. k point  726 : (  0.1667,  0.4000, -0.2667)
   Mode, Frequency 
      1     51.0486 cm^-1  (      1.5304 THz )
      2     67.2803 cm^-1  (      2.0170 THz )
      3     71.0513 cm^-1  (      2.1301 THz )

 # Irred. k point  727 : (  0.1667,  0.4000, -0.2333)
   Mode, Frequency 
      1     49.8789 cm^-1  (      1.4953 THz )
      2     65.5600 cm^-1  (      1.9654 THz )
      3     71.8544 cm^-1  (      2.1541 THz )

 # Irred. k point  728 : (  0.1667,  0.4333, -0.4000)
   Mode, Frequency 
      1     53.0150 cm^-1  (      1.5893 THz )
      2     61.4821 cm^-1  (      1.8432 THz )
      3     74.8128 cm^-1  (      2.2428 THz )

 # Irred. k point  729 : (  0.1667,  0.4333, -0.3667)
   Mode, Frequency 
      1     53.5822 cm^-1  (      1.6064 THz )
      2     63.4193 cm^-1  (      1.9013 THz )
      3     74.0884 cm^-1  (      2.2211 THz )

 # Irred. k point  730 : (  0.1667,  0.4333, -0.3333)
   Mode, Frequency 
      1     53.6383 cm^-1  (      1.6080 THz )
      2     65.4287 cm^-1  (      1.9615 THz )
      3     72.9615 cm^-1  (      2.1873 THz )

 # Irred. k point  731 : (  0.1667,  0.4333, -0.3000)
   Mode, Frequency 
      1     53.1874 cm^-1  (      1.5945 THz )
      2     67.4454 cm^-1  (      2.0220 THz )
      3     71.4345 cm^-1  (      2.1416 THz )

 # Irred. k point  732 : (  0.1667,  0.4333, -0.2667)
   Mode, Frequency 
      1     52.2930 cm^-1  (      1.5677 THz )
      2     69.2972 cm^-1  (      2.0775 THz )
      3     69.5941 cm^-1  (      2.0864 THz )

 # Irred. k point  733 : (  0.1667,  0.4667, -0.3667)
   Mode, Frequency 
      1     54.4529 cm^-1  (      1.6325 THz )
      2     62.2977 cm^-1  (      1.8676 THz )
      3     75.2521 cm^-1  (      2.2560 THz )

 # Irred. k point  734 : (  0.1667,  0.4667, -0.3333)
   Mode, Frequency 
      1     54.5828 cm^-1  (      1.6364 THz )
      2     64.0213 cm^-1  (      1.9193 THz )
      3     74.2121 cm^-1  (      2.2248 THz )

 # Irred. k point  735 : (  0.1667,  0.4667, -0.3000)
   Mode, Frequency 
      1     54.1285 cm^-1  (      1.6227 THz )
      2     65.8565 cm^-1  (      1.9743 THz )
      3     72.8687 cm^-1  (      2.1845 THz )

 # Irred. k point  736 : (  0.1667, -0.5000, -0.3333)
   Mode, Frequency 
      1     54.9378 cm^-1  (      1.6470 THz )
      2     62.5706 cm^-1  (      1.8758 THz )
      3     75.4059 cm^-1  (      2.2606 THz )

 # Irred. k point  737 : (  0.2000,  0.4000, -0.4000)
   Mode, Frequency 
      1     50.2542 cm^-1  (      1.5066 THz )
      2     62.9168 cm^-1  (      1.8862 THz )
      3     72.8525 cm^-1  (      2.1841 THz )

 # Irred. k point  738 : (  0.2000,  0.4000, -0.3667)
   Mode, Frequency 
      1     51.3198 cm^-1  (      1.5385 THz )
      2     64.9370 cm^-1  (      1.9468 THz )
      3     72.2760 cm^-1  (      2.1668 THz )

 # Irred. k point  739 : (  0.2000,  0.4000, -0.3333)
   Mode, Frequency 
      1     52.0103 cm^-1  (      1.5592 THz )
      2     66.4223 cm^-1  (      1.9913 THz )
      3     71.6585 cm^-1  (      2.1483 THz )

 # Irred. k point  740 : (  0.2000,  0.4000, -0.3000)
   Mode, Frequency 
      1     52.2479 cm^-1  (      1.5664 THz )
      2     66.9600 cm^-1  (      2.0074 THz )
      3     71.4333 cm^-1  (      2.1415 THz )

 # Irred. k point  741 : (  0.2000,  0.4333, -0.3667)
   Mode, Frequency 
      1     52.7357 cm^-1  (      1.5810 THz )
      2     64.2235 cm^-1  (      1.9254 THz )
      3     73.0632 cm^-1  (      2.1904 THz )

 # Irred. k point  742 : (  0.2000,  0.4333, -0.3333)
   Mode, Frequency 
      1     53.4237 cm^-1  (      1.6016 THz )
      2     66.1058 cm^-1  (      1.9818 THz )
      3     72.0399 cm^-1  (      2.1597 THz )

 # Irred. k point  743 : (  0.2000,  0.4333, -0.3000)
   Mode, Frequency 
      1     53.6140 cm^-1  (      1.6073 THz )
      2     67.7832 cm^-1  (      2.0321 THz )
      3     70.8267 cm^-1  (      2.1233 THz )

 # Irred. k point  744 : (  0.2000,  0.4333, -0.2667)
   Mode, Frequency 
      1     53.2835 cm^-1  (      1.5974 THz )
      2     68.3669 cm^-1  (      2.0496 THz )
      3     70.3023 cm^-1  (      2.1076 THz )

 # Irred. k point  745 : (  0.2000,  0.4333, -0.2333)
   Mode, Frequency 
      1     52.4812 cm^-1  (      1.5733 THz )
      2     66.8329 cm^-1  (      2.0036 THz )
      3     71.4469 cm^-1  (      2.1419 THz )

 # Irred. k point  746 : (  0.2000,  0.4667, -0.3333)
   Mode, Frequency 
      1     54.3442 cm^-1  (      1.6292 THz )
      2     65.0179 cm^-1  (      1.9492 THz )
      3     73.1065 cm^-1  (      2.1917 THz )

 # Irred. k point  747 : (  0.2000,  0.4667, -0.3000)
   Mode, Frequency 
      1     54.5531 cm^-1  (      1.6355 THz )
      2     66.7336 cm^-1  (      2.0006 THz )
      3     71.8295 cm^-1  (      2.1534 THz )

 # Irred. k point  748 : (  0.2000,  0.4667, -0.2667)
   Mode, Frequency 
      1     54.1719 cm^-1  (      1.6240 THz )
      2     68.4556 cm^-1  (      2.0522 THz )
      3     70.3245 cm^-1  (      2.1083 THz )

 # Irred. k point  749 : (  0.2000, -0.5000, -0.3000)
   Mode, Frequency 
      1     54.8971 cm^-1  (      1.6458 THz )
      2     65.2837 cm^-1  (      1.9572 THz )
      3     73.1187 cm^-1  (      2.1920 THz )

 # Irred. k point  750 : (  0.2333,  0.4667, -0.3000)
   Mode, Frequency 
      1     54.2654 cm^-1  (      1.6268 THz )
      2     67.8003 cm^-1  (      2.0326 THz )
      3     70.7273 cm^-1  (      2.1204 THz )

 # Irred. k point  751 : (  0.2333,  0.4667, -0.2667)
   Mode, Frequency 
      1     54.5606 cm^-1  (      1.6357 THz )
      2     69.0828 cm^-1  (      2.0710 THz )
      3     69.6027 cm^-1  (      2.0866 THz )

 # Irred. k point  752 : (  0.2333, -0.5000, -0.2667)
   Mode, Frequency 
      1     54.8881 cm^-1  (      1.6455 THz )
      2     68.0601 cm^-1  (      2.0404 THz )
      3     70.5784 cm^-1  (      2.1159 THz )



 -----------------------------------------------------------------

 The following files are created: 
  lj444.dos         : Phonon DOS
  lj444.thermo      : Thermodynamic quantities

 Job finished at Wed Apr 17 11:35:01 2024

